conversation_id_str,created_at,favorite_count,full_text,id_str,image_url,in_reply_to_screen_name,lang,location,quote_count,reply_count,retweet_count,tweet_url,user_id_str,username
1885353514903408921,Fri Jan 31 15:44:40 +0000 2025,0,PLN sebagai BUMN terus mendukung penuh program Makan Bergizi Gratis (MBG) dari Pemerintah ini dengan memastikan pasokan listrik andal di 238 titik Satuan Pelayanan Pemenuhan Gizi (SPPG) di 31 provinsi. #AstaCitaPemerintah #MakanBergiziGratis #AnakGenerasiEmas #PLNDukungMBG https://t.co/fQi5UM24ZO,1885353514903408921,https://pbs.twimg.com/media/GiofBh-bYAEW4Il.jpg,,in,,0,0,0,https://x.com/undefined/status/1885353514903408921,1640706090630529024,
1885314898940559660,Fri Jan 31 13:11:14 +0000 2025,1,Solusi permodalan UMKM maju bersama MBG! #IndonesiaEmas #PresidenPrabowo #MakanBergiziGratis #bergizigratis #cegahstunting https://t.co/tR1qoeQQGT,1885314898940559660,https://pbs.twimg.com/ext_tw_video_thumb/1885314667842854917/pu/img/TUORoTs_4sB7dYk9.jpg,,in,,0,0,0,https://x.com/undefined/status/1885314898940559660,1752875492750106624,
1885313462332776469,Fri Jan 31 13:05:31 +0000 2025,0,Solusi permodalan UMKM maju bersama MBG! #MakanBergiziGratis https://t.co/W0NhMFu1kL,1885313462332776469,https://pbs.twimg.com/ext_tw_video_thumb/1885313377276469248/pu/img/g7GQ_U4FOD2DNL5B.jpg,,in,,0,0,0,https://x.com/undefined/status/1885313462332776469,1718927709001461760,
1885307260307726755,Fri Jan 31 12:40:52 +0000 2025,1,Solusi permodalan UMKM maju bersama MBG! #IndonesiaEmas #PresidenPrabowo #MakanBergiziGratis #bergizigratis #cegahstunting #FireAid #ViratKohli #LaCasaDeLosFamososCol https://t.co/dTylB4q3oT,1885307260307726755,https://pbs.twimg.com/media/Gin0ybYbYAEkxOs.jpg,,in,,0,0,0,https://x.com/undefined/status/1885307260307726755,1752875492750106624,
1885307226564534690,Fri Jan 31 12:40:44 +0000 2025,1,Solusi permodalan UMKM maju bersama MBG! #IndonesiaEmas #PresidenPrabowo #MakanBergiziGratis #bergizigratis #cegahstunting #planecrash #FireAid #แก๊งโอริโอ้ https://t.co/pd2jzcYuZY,1885307226564534690,https://pbs.twimg.com/media/Gin0quVbYAQnhNv.jpg,,in,,0,0,0,https://x.com/undefined/status/1885307226564534690,1752875492750106624,
1885295383238369764,Fri Jan 31 11:53:41 +0000 2025,0,Mensos Tegaskan Program MBG Dongkrak Perekonomian Lokal https://t.co/nVDwKb2kN6 #MakanBergiziGratis #SaifullahYusuf #GusIpul #kemensosRI,1885295383238369764,,,in,,0,0,0,https://x.com/undefined/status/1885295383238369764,1183693365449084928,
1885289763227525267,Fri Jan 31 11:31:21 +0000 2025,0,MERDEKAAAA #MakanBergiziGratis,1885289763227525267,,,in,,0,1,0,https://x.com/undefined/status/1885289763227525267,1883919270645751811,
1885284176070664208,Fri Jan 31 11:09:09 +0000 2025,0,Epi mengatakan standar gizi dalam menu MBG sudah dipantau oleh Deputi Pemantauan Pengawasan berdasarkan standar dari Kementerian Kesehatan untuk setiap jenjang usia penerima MBG. #makanbergizigratis #mbg #gizi https://t.co/NB0x03PNUq,1885284176070664208,,,in,,0,0,0,https://x.com/undefined/status/1885284176070664208,18071520,
1885280048795836560,Fri Jan 31 10:52:45 +0000 2025,0,Banyak Mitra Mundur Lantaran Telat Bayar Filep Minta BGN Evaluasi Program MBG https://t.co/4HHNo0V4h5 #mbg,1885280048795836560,,,in,,0,0,0,https://x.com/undefined/status/1885280048795836560,1782209858835726336,
1885260359826891199,Fri Jan 31 09:34:30 +0000 2025,0,Program makan bergizi gratis sumbang pertumbuhan ekonomi nasional #PenuhiGiziIndonesia #MakanBergiziGratis https://t.co/Y5IqQMVIzU,1885260359826891199,https://pbs.twimg.com/media/GinKTk_bYAAjT6-.jpg,,in,,0,0,0,https://x.com/undefined/status/1885260359826891199,1854456665241976832,
1885257127239049266,Fri Jan 31 09:21:40 +0000 2025,0,Kepala Badan Gizi Nasional Dadan Hindayana menyebut serangga bisa jadi opsi untuk protein di program Makan Bergizi Gratis (MBG). Berikut kata MUI terkait pandangan Islam dalam mengonsumsi serangga. #MakanBergiziGratis #MUI #Serangga https://t.co/MEm5jCQZdP,1885257127239049266,https://pbs.twimg.com/ext_tw_video_thumb/1885256196816556032/pu/img/aNemVdvU8s62La41.jpg,,in,,0,0,0,https://x.com/undefined/status/1885257127239049266,1611693874933792768,
1885253329456152948,Fri Jan 31 09:07:27 +0000 2025,1,Kunjungan ini turut didampingi oleh Tenaga Ahli Utama Deputi V KSP Joko Irianto serta jajaran pemerintah daerah dan pemangku kepentingan terkait. #MBG #MakanBergiziGratis #KSP,1885253552081432717,,KSPgoid,in,,0,0,0,https://x.com/undefined/status/1885253552081432717,772689620576395264,
1885253051248005529,Fri Jan 31 09:05:28 +0000 2025,0,Makan bergizi adalah fondasi utama dalam membangun generasi sehat cerdas dan produktif. Program makan bergizi gratis bukan hanya tentang menyediakan makanan tetapi juga tentang memberikan kesempatan bagi semua orang #IndonesiaSehat #DukungMBG #MakanBergiziGratis #SukseskanMBG https://t.co/E7ZwtxkMIu,1885253051248005529,https://pbs.twimg.com/media/GinDpowbYAIaHU_.jpg,,in,,0,0,0,https://x.com/undefined/status/1885253051248005529,1706468133786341376,
1885240712570298606,Fri Jan 31 08:16:26 +0000 2025,3,Makan gizi gratis hari ini wilayah Jakarta Utara #AwasiMBG #MakanBergiziGratis @barengwarga https://t.co/SIK5JPt7Sa,1885240712570298606,https://pbs.twimg.com/media/Gim4blRbYAAyJH0.jpg,,in,,0,0,2,https://x.com/undefined/status/1885240712570298606,813716421075038208,
1885236374296785365,Fri Jan 31 07:59:12 +0000 2025,0,Rp 171 Triliun untuk #MakanBergiziGratis: #SriMulyani Ajak Bank Dukung Program #Prabowo https://t.co/YfwmyUzhUZ,1885236374296785365,,,in,,0,0,0,https://x.com/undefined/status/1885236374296785365,1371736773563273220,
1885235230388482531,Fri Jan 31 07:54:39 +0000 2025,0,#MakanBergiziGratis Cek ... https://t.co/IvoG8M360r,1885235230388482531,,,und,,0,0,0,https://x.com/undefined/status/1885235230388482531,803621928,
1885231918096277680,Fri Jan 31 07:41:29 +0000 2025,0,Pemerintah berkomitmen untuk terus mencetak SDM unggul Bangsa Indonesia melalui Program Makan Bergizi Gratis tidak hanya sekadar memberikan makanan bergizi. #MakanBergiziGratis #PenggerakEkonomi #IndonesiaEmas2045 https://t.co/BdnpTUWScc,1885231918096277680,https://pbs.twimg.com/media/GimwcDQa0AAD7RR.jpg,,in,,0,0,0,https://x.com/undefined/status/1885231918096277680,1691014514731581441,
1885230995190014261,Fri Jan 31 07:37:49 +0000 2025,1,Dukung UMKM MBG berjalan tanpa beban! #MakanBergiziGratis https://t.co/RHNlyYWdiL,1885230995190014261,https://pbs.twimg.com/media/GimvmGbagAAuncz.jpg,,in,,0,0,0,https://x.com/undefined/status/1885230995190014261,1718927709001461760,
1885219328649527320,Fri Jan 31 06:51:28 +0000 2025,1,Ketua Komite III DPD RI Dr. Filep Wamafma respon terkait mitra Program Makan Bergizi Gratis yang mundur karena keterlambatan pembayaran oleh Pemerintah. Filep minta BGN segera evaluasi sistem pembayaran agar program ini dapat berjalan dengan lancar. #dpdri #komiteIII #MBG #BGN https://t.co/DMUJRWTU7C,1885219328649527320,https://pbs.twimg.com/media/Gimk_FtbgAAPsJS.jpg,,in,,0,7,1,https://x.com/undefined/status/1885219328649527320,977870468,
1885218274646122602,Fri Jan 31 06:47:16 +0000 2025,0,Pemerintah berkomitmen untuk terus mencetak SDM unggul Bangsa Indonesia melalui Program Makan Bergizi Gratis tidak hanya sekadar memberikan makanan bergizi tetapi juga bertujuan untuk membangun generasi muda produktif #MakanBergiziGratis #PenggerakEkonomi #IndonesiaEmas2045 https://t.co/LWQPMOFJE3,1885218274646122602,https://pbs.twimg.com/media/GimkBqobYAA45v6.jpg,,in,,0,1,0,https://x.com/undefined/status/1885218274646122602,1603264295051022336,
1885215417595289721,Fri Jan 31 06:35:55 +0000 2025,0,Pemerintah berkomitmen untuk terus mencetak SDM unggul Bangsa Indonesia melalui Program Makan Bergizi Gratis tidak hanya sekadar memberikan makanan bergizi tetapi juga bertujuan untuk membangun generasi muda produktif #MakanBergiziGratis #PenggerakEkonomi #IndonesiaEmas2045 https://t.co/sPMunGsJmq,1885215417595289721,https://pbs.twimg.com/ext_tw_video_thumb/1885215389854113792/pu/img/ULtnxDCjnqxK86we.jpg,,in,,0,1,0,https://x.com/undefined/status/1885215417595289721,1603264295051022336,
1885215245884678331,Fri Jan 31 06:35:14 +0000 2025,0,Pemerintah berkomitmen untuk terus mencetak SDM unggul Bangsa Indonesia melalui Program Makan Bergizi Gratis tidak hanya sekadar memberikan makanan bergizi tetapi juga bertujuan untuk membangun generasi muda produktif #MakanBergiziGratis #PenggerakEkonomi #IndonesiaEmas2045 https://t.co/LM1XRhwZCE,1885215245884678331,https://pbs.twimg.com/ext_tw_video_thumb/1885215218080649216/pu/img/QGD2LYEsd0CRl1Sh.jpg,,in,,0,0,0,https://x.com/undefined/status/1885215245884678331,1603264295051022336,
1885215004322127971,Fri Jan 31 06:34:20 +0000 2025,0,Pemerintah berkomitmen untuk terus mencetak SDM unggul Bangsa Indonesia melalui Program Makan Bergizi Gratis tidak hanya sekadar memberikan makanan bergizi tetapi juga bertujuan untuk membangun generasi muda produktif #MakanBergiziGratis #PenggerakEkonomi #IndonesiaEmas2045 https://t.co/wBj7n3lyvI,1885215017223807387,https://pbs.twimg.com/media/GimhD9cbAAArs5D.jpg,MAKsahang,in,,0,1,0,https://x.com/undefined/status/1885215017223807387,1603264295051022336,
1885215004322127971,Fri Jan 31 06:34:17 +0000 2025,0,Pemerintah berkomitmen untuk terus mencetak SDM unggul Bangsa Indonesia melalui Program Makan Bergizi Gratis tidak hanya sekadar memberikan makanan bergizi tetapi juga bertujuan untuk membangun generasi muda produktif #MakanBergiziGratis #PenggerakEkonomi #IndonesiaEmas2045 https://t.co/WyxsPT86Eu,1885215004322127971,https://pbs.twimg.com/ext_tw_video_thumb/1885214984696979456/pu/img/kksVZ_L94QYNZZlx.jpg,,in,,0,1,0,https://x.com/undefined/status/1885215004322127971,1603264295051022336,
1885213163656012013,Fri Jan 31 06:26:58 +0000 2025,2,Anggarkan Rp306 69 T Program MBG Disebut akan Buka Banyak Lapangan Pekerjaan Program makan bergizi gratis (MBG) diyakini mampu mendorong perputaran ekonomi di Tanah Air. Salah satunya dengan menciptakan banyak lapangan pekerjaan baru.#MBG #makanbergizigratis #srimulyani https://t.co/9MC5WDW5M6,1885213163656012013,https://pbs.twimg.com/ext_tw_video_thumb/1885210480232587269/pu/img/TTZyltpVqb8-XcWj.jpg,,in,,0,0,2,https://x.com/undefined/status/1885213163656012013,68930552,
1895561829239382444,Fri Feb 28 19:48:52 +0000 2025,0,Sukseskan Makan Bergizi Gratis #makanbergizigratis #mbg #papua https://t.co/YJhnYwvANO,1895561829239382444,https://pbs.twimg.com/ext_tw_video_thumb/1895561765083365381/pu/img/6HGst_WjEuZkr7qd.jpg,,in,,0,0,0,https://x.com/undefined/status/1895561829239382444,1866324824601321472,
1895561617490002089,Fri Feb 28 19:48:02 +0000 2025,0,Program Makan Bergizi Gratis #makanbergizigratis #mbg #papua https://t.co/o23mkDN5Xj,1895561617490002089,https://pbs.twimg.com/media/Gk5jPRQWEAANG0C.jpg,,in,,0,0,0,https://x.com/undefined/status/1895561617490002089,1866324824601321472,
1895519800274927751,Fri Feb 28 17:01:52 +0000 2025,0,Pemerintah saat ini sedang bersih2. Tetap percaya proses percayakan sepenuhnya pada Pak Presiden Prabowo dan Mas Wapres Gibran. #KerjaNyata #MBG #LaporMasWapres #TimeWillTell,1895519800274927751,,,in,,0,0,0,https://x.com/undefined/status/1895519800274927751,822538494,
1895500087108960357,Fri Feb 28 15:43:32 +0000 2025,21,Program Makan Bergizi Gratis merupakan program prioritas Pemerintah Indonesia yang sejalan dengan program SGDs. Jadi kita semua harus dukung dan pastikan seluruh anak Indonesia mendapatkan manfaat ini! #makangratis #makanbergiziuntukmasadepan #mbg #prabowo https://t.co/Yj2fsYJAHc,1895500087108960357,https://pbs.twimg.com/media/Gk4rSLJXYAAUevf.jpg,,in,,0,1,0,https://x.com/undefined/status/1895500087108960357,1629861539963633664,
1895500059065958841,Fri Feb 28 15:43:25 +0000 2025,26,Program Makan Bergizi Gratis merupakan program prioritas Pemerintah Indonesia yang sejalan dengan program SGDs. Jadi kita semua harus dukung dan pastikan seluruh anak Indonesia mendapatkan manfaat ini! #makangratis #makanbergiziuntukmasadepan #mbg #prabowo https://t.co/Dus3qTkOld,1895500059065958841,https://pbs.twimg.com/media/Gk4rQj6XAAAGmlC.jpg,,in,,0,1,0,https://x.com/undefined/status/1895500059065958841,1629861539963633664,
1895497828543156241,Fri Feb 28 15:34:33 +0000 2025,2,Kepala Badan Gizi Nasional (BGN) Dadan Hindayana memastikan bahwa program Makan Bergizi Gratis (MBG) akan tetap berjalan selama bulan Ramadan. Di mana akan ada makanan yang dibawa pulang ke rumah. #mbg #makanbergizigratis #lip6alv https://t.co/5TxLgFAV5R,1895497828543156241,https://pbs.twimg.com/media/Gk4pNNYWoAAamiz.jpg,,in,,0,2,0,https://x.com/undefined/status/1895497828543156241,47596019,
1895492084020465976,Fri Feb 28 15:11:44 +0000 2025,0,Polri bersama Badan Gizi Nasional (BGN) dan Yayasan Kemala Bhayangkari (YKB) mengadakan uji coba masak dan distribusi Makan Bergizi Gratis di SPPG Pejaten (Jaksel) dan Cipinang (Jaktim). #MakanBergiziGratis #SPPGPejaten #SPPGCipinang #PolriPeduli #BGN #KemalaBhayangkari https://t.co/Vjo75bQEjT,1895492084020465976,https://pbs.twimg.com/ext_tw_video_thumb/1895492006895648768/pu/img/x5Ne9AqwY7GcMpCs.jpg,,in,,0,0,0,https://x.com/undefined/status/1895492084020465976,745261413183041536,
1895467975345643556,Fri Feb 28 13:35:56 +0000 2025,0,Selama Ramadhan MBG di Kebumen Tetap Ada Makanan Bisa Dibawa Pulang #pemkabkebumen #mbg https://t.co/ODb1TI1two,1895467975345643556,,,in,,0,0,0,https://x.com/undefined/status/1895467975345643556,894811194917232640,
1895461845710012903,Fri Feb 28 13:11:34 +0000 2025,0,KELIRU: Dua Foto Pelajar SD di Papua Meninggal Karena Keracunan Makanan Bergizi Gratis #keracunan #MBG #Papua #cekfakta #cekfaktatempo https://t.co/dcT7ykhZt4,1895461845710012903,,,in,,0,0,0,https://x.com/undefined/status/1895461845710012903,1071987848054661120,
1895409492160029046,Fri Feb 28 09:43:32 +0000 2025,0,Asbunnya temanku #mbg https://t.co/dJTZaQhSgn,1895409492160029046,https://pbs.twimg.com/media/Gk3Y4WoaEAAhBiT.jpg,,in,,0,2,0,https://x.com/undefined/status/1895409492160029046,447133005,
1895389248909648051,Fri Feb 28 08:23:06 +0000 2025,0,Dukung program makan bergizi gratis untuk generasi yang lebih sehat dan cerdas! Karena setiap anak berhak tumbuh dengan nutrisi yang cukup. Mari bersama wujudkan masa depan yang lebih baik! #MakanBergiziGratis #SehatCerdasBersama https://t.co/yZewP8N2Et,1895389248909648051,https://pbs.twimg.com/media/Gk3GePpbQAATHaj.jpg,,in,,0,0,0,https://x.com/undefined/status/1895389248909648051,1706468133786341376,
1895382747532972518,Fri Feb 28 07:57:24 +0000 2025,0,Baca selengkapnya di https://t.co/dNxynVbREh #SMANJatinangor #MakanBergiziGratis #MakananBasi,1895382784098869281,,Jatinangorku,in,,0,0,0,https://x.com/undefined/status/1895382784098869281,226686640,
1895370852981456901,Fri Feb 28 07:10:00 +0000 2025,0,Program MBG Serap Susu Hasil Koperasi #Mbg #jumat #prabowo #jatim #programprioritas #koperasi #lpdb #susu #beritanasional https://t.co/5IyvDfJiJ2,1895370852981456901,,,in,,0,0,0,https://x.com/undefined/status/1895370852981456901,1769451991124832257,
1895370230135955926,Fri Feb 28 07:07:31 +0000 2025,6,Makan Bergizi Gratis Tetap Berjalan di Bulan Ramadan @kompascom #MakanBergiziGratis #RamadanBerkah #GenerasiSehatKuat #DukungGiziUntukAnak #AnakSehatAnakCerdas #MasaDepanCerah #BerbagiKebaikan https://t.co/zXnvQOs4l8,1895370230135955926,https://pbs.twimg.com/amplify_video_thumb/1895370064855212033/img/Hnve4BHFgOfqB4r0.jpg,,in,,0,5,0,https://x.com/undefined/status/1895370230135955926,1826147358318743552,
1895370059490730491,Fri Feb 28 07:06:51 +0000 2025,0,Anak Anak Papua Menikmati Program Makan Bergizi Gratis #makanbergizi #makanbergizigratis https://t.co/DXUEBu6e75,1895370059490730491,https://pbs.twimg.com/ext_tw_video_thumb/1895369983200280576/pu/img/kFxkM3EKZgt8_SN9.jpg,,in,,0,0,0,https://x.com/undefined/status/1895370059490730491,1669547248487899137,
1895365722861379989,Fri Feb 28 06:49:37 +0000 2025,6,Antusias Murid Saat Pengecekan Program Makan Bergizi Gratis oleh Wakil Presiden Kebahagiaan terlihat di wajah para murid sa! @kompascom #MakanBergiziGratis #AnakSehatAnakCerdas #DukungGiziUntukAnak #MasaDepanCerah #PendidikanUntukSemua #BerbagiKebaikan https://t.co/fUaikmuHfe,1895365722861379989,https://pbs.twimg.com/amplify_video_thumb/1895365413011140608/img/nV6BcQi6MUARTzoM.jpg,,in,,0,5,0,https://x.com/undefined/status/1895365722861379989,1826147358318743552,
1895362766036467973,Fri Feb 28 06:37:52 +0000 2025,0,MBG tetap jalan selama Ramadhan makanannya untuk buka puasa #Makanbergizigratis https://t.co/TCgLGQefsR,1895362766036467973,https://pbs.twimg.com/media/Gk2uYddXUAAJq4x.jpg,,in,,0,0,0,https://x.com/undefined/status/1895362766036467973,1564543173132980225,
1895360229795340558,Fri Feb 28 06:27:47 +0000 2025,0,Pemerintah berkomitmen untuk terus mencetak SDM unggul Bangsa Indonesia melalui Program Makan Bergizi Gratis untuk membangun generasi muda yang sehat dan produktif #MakanBergiziGratis #PenggerakEkonomi #IndonesiaEmas2045 #TingkatkanGiziIndonesia https://t.co/JOPEkIwZs9,1895360229795340558,https://pbs.twimg.com/media/Gk2sFHcb0AAkf90.jpg,,in,,0,0,0,https://x.com/undefined/status/1895360229795340558,1725402791131459584,
1895359918296965309,Fri Feb 28 06:26:33 +0000 2025,6,Antusias Murid Saat Pengecekan Program Makan Bergizi Gratis oleh Wakil Presiden @kompas #MakanBergiziGratis #AnakSehatAnakCerdas #DukungGiziUntukAnak #MasaDepanCerah #PendidikanUntukSemua #BerbagiKebaikan https://t.co/hXQZj8JVJD,1895359918296965309,https://pbs.twimg.com/amplify_video_thumb/1895359072209391616/img/htMB9elQHEmK8WQX.jpg,,in,,0,5,0,https://x.com/undefined/status/1895359918296965309,1825382097038856192,
1895353990759739521,Fri Feb 28 06:03:00 +0000 2025,0,Makan bergizi gratis penting untuk tumbuh kembang anak. Selama bulan Ramadhan program ini tetap berjalan. #Prabowo #Gibran #MakanBergiziGratis https://t.co/WKO84MjFgn,1895353990759739521,https://pbs.twimg.com/media/Gk2mZpvXkAAf_Fv.jpg,,in,,0,0,0,https://x.com/undefined/status/1895353990759739521,1861650435058368512,
1895353951933153426,Fri Feb 28 06:02:50 +0000 2025,0,Makan bergizi gratis penting untuk tumbuh kembang anak. Selama bulan Ramadhan program ini tetap berjalan. #Prabowo #Gibran #MakanBergiziGratis https://t.co/RZtU3pGl6N,1895353951933153426,https://pbs.twimg.com/media/Gk2mWf_aoAAenx2.jpg,,in,,0,0,0,https://x.com/undefined/status/1895353951933153426,1861650435058368512,
1895353923659276688,Fri Feb 28 06:02:44 +0000 2025,0,Makan bergizi gratis penting untuk tumbuh kembang anak. Selama bulan Ramadhan program ini tetap berjalan. #Prabowo #Gibran #MakanBergiziGratis https://t.co/HVPPEOHK7F,1895353923659276688,https://pbs.twimg.com/media/Gk2mTDgWEAA-8BE.jpg,,in,,0,0,0,https://x.com/undefined/status/1895353923659276688,1861650435058368512,
1895353867426267501,Fri Feb 28 06:02:30 +0000 2025,0,Makan bergizi gratis penting untuk tumbuh kembang anak. Selama bulan Ramadhan program ini tetap berjalan. #Prabowo #Gibran #MakanBergiziGratis https://t.co/Ze3AP1tZXm,1895353867426267501,https://pbs.twimg.com/media/Gk2mRaaWYAEkHJX.jpg,,in,,0,0,0,https://x.com/undefined/status/1895353867426267501,1861650435058368512,
1895353825382514770,Fri Feb 28 06:02:24 +0000 2025,1,MBG membantu meningkatkan kualitas hidup masyarakat! #MBGIndonesia #MakanBergiziGratis https://t.co/3mf0pDJSk9,1895353842163949999,https://pbs.twimg.com/media/Gk2l-56aoAEazfj.jpg,dLinda16,in,,0,0,1,https://x.com/undefined/status/1895353842163949999,1021970643070476288,
1895349685491290280,Fri Feb 28 05:45:53 +0000 2025,1,Momen menggemaskan! Seorang siswa SD menulis surat cinta untuk Pak Prabowo sebagai ungkapan terima kasih atas program makan bergizi gratis. Bukti bahwa perhatian dan kepedulian bisa menyentuh hati anak-anak Indonesia. #MakanBergiziGratis #AnakIndonesiaSehat https://t.co/FkZ6SYTHvK,1895349685491290280,https://pbs.twimg.com/ext_tw_video_thumb/1895349550195306496/pu/img/r5HVIRFL8inbrbgp.jpg,,in,,0,0,0,https://x.com/undefined/status/1895349685491290280,1707219824823484416,
1895343327853322626,Fri Feb 28 05:20:37 +0000 2025,0,Program Makan Bergizi Gratis untuk mempercepat penurunan kasus stunting di Papua. #MakanBergiziGratis #MBGDorongEkonomi #MBGPapua #PapuaViral #ElonMusk #GrandeFratello #DukungSwasembadaPangan,1895343327853322626,,,in,,0,0,0,https://x.com/undefined/status/1895343327853322626,1564552057754828800,
1895338490176372964,Fri Feb 28 05:01:24 +0000 2025,0,BGN pastikan program MBG tetap berjalan selama Ramadan dengan mekanisme berbeda. Kepala BGN Dadan mengatakan pihaknya masih mematangkan konsep distribusi makanan bagi siswa yang berpuasa maupun tidak. Selengkapnya klik https://t.co/7eduCudGFh #mbg #ramadan #menu #puasa https://t.co/6YHWxAtS98,1895338490176372964,https://pbs.twimg.com/media/Gk2YK6vXsAAKUd-.jpg,,in,,0,0,0,https://x.com/undefined/status/1895338490176372964,1055797120853135360,
1895071232602825125,Fri Feb 28 03:58:23 +0000 2025,0,@recehtapisayng Program MBG Fondasi Generasi Papua Berkualitas #MBG #MakanBergiziGratis #PapuaBarat https://t.co/lghsXVrY89,1895322630099739035,https://pbs.twimg.com/media/Gk2J1ByaoAQd7G8.jpg,recehtapisayng,in,,0,0,0,https://x.com/undefined/status/1895322630099739035,1413436646423293955,
1895305199646056918,Fri Feb 28 02:49:07 +0000 2025,0,Makanan bergizi merupakan investasi untukmasa depan cemerlang! Program MBG hadir untuk memastikan setiap anak mendapatkan asupan nutrisi yang cukup demi generasi Indonesia yang lebih sehat dan kuat! #PenuhiGiziIndonesia #MakanBergiziGratis https://t.co/pZ0Mhci7aT,1895305199646056918,https://pbs.twimg.com/media/Gk15vkYWMAA5yyl.jpg,,in,,0,2,0,https://x.com/undefined/status/1895305199646056918,1808073768344117248,
1895304839682498630,Fri Feb 28 02:47:41 +0000 2025,0,Dengan Program Makan Bergizi Gratis (MBG) kita pastikan setiap anak Indonesia mendapatkan nutrisi terbaik. Dukung terus agar tidak ada lagi anak yang kelaparan! #PenuhiGiziIndonesia #MakanBergiziGratis https://t.co/qLyJVy7Iae,1895304839682498630,https://pbs.twimg.com/media/Gk15qm7aoAkWnwI.jpg,,in,,0,3,0,https://x.com/undefined/status/1895304839682498630,1808073768344117248,
1906852709552263395,Mon Mar 31 23:35:29 +0000 2025,1,Presiden Prabowo berharap anak Indonesia semakin kuat melalui adanya program MBG #ProgramMBG #MakanBergiziGratis #DukungMBG #IndonesiaEmas2045 https://t.co/QBh87YBDWj,1906852882688950397,https://pbs.twimg.com/media/GnaAlyzbEAAOpaH.jpg,HYulianda27992,in,,0,0,0,https://x.com/undefined/status/1906852882688950397,1704064771530899456,
1906852709552263395,Mon Mar 31 23:34:48 +0000 2025,1,Program MBG Meningkatkan Kemampuan Akademis Generasi Muda Indonesia #ProgramMBG #MakanBergiziGratis #DukungMBG #IndonesiaEmas2045 https://t.co/rtbJCSVuFM,1906852709552263395,https://pbs.twimg.com/media/GnaARjSaMAAGuzS.jpg,,in,,0,1,0,https://x.com/undefined/status/1906852709552263395,1704064771530899456,
1906803956602351666,Mon Mar 31 20:21:04 +0000 2025,0,#MBG https://t.co/MaqR7DUYab Bullsih @hahwhwh @2Jaj @HHsbsnasn,1906803956602351666,,,in,,0,0,0,https://x.com/undefined/status/1906803956602351666,1815021980367892480,
1906722542083051709,Mon Mar 31 14:57:33 +0000 2025,1,Program Makan Bergizi Gratis (MBG) yang diinisiasi oleh Presiden Prabowo merupakan langkah positif dalam mengatasi masalah kekurangan gizi anak-anak di Indonesia khususnya di bagian Timur #MBG #PAPUA #PRESIDEN #INDONESIA #PRABOWO Gerak Selamat Lebaran https://t.co/y8rw7OCXGh,1906722542083051709,https://pbs.twimg.com/media/GnYKCTeaAAA4kwg.jpg,,in,,0,0,0,https://x.com/undefined/status/1906722542083051709,1603727778050113536,
1906722505009824225,Mon Mar 31 14:57:25 +0000 2025,1,Program Makan Bergizi Gratis (MBG) yang diinisiasi oleh Presiden Prabowo merupakan langkah positif dalam mengatasi masalah kekurangan gizi anak-anak di Indonesia khususnya di bagian Timur #MBG #PAPUA #PRESIDEN #INDONESIA #PRABOWO Gerak Selamat Lebaran https://t.co/JpSfg8Eztw,1906722505009824225,https://pbs.twimg.com/media/GnYJ-lbbgAEj1rJ.jpg,,in,,0,0,0,https://x.com/undefined/status/1906722505009824225,1603727778050113536,
1906722413737582818,Mon Mar 31 14:57:03 +0000 2025,1,PROGRAM MAKAN BERGIZI GRATIS BENTUK NYATA PEMERINTAH SELAMATKAN GENERASI EMAS KHUSUSNYA DI TANAH PAPUA JADI MARI TONG DUKUNG SAMA-SAMA JANGAN MAU TERPROVOKASI #PRABOWO #PAPUA #MBG Gerak Selamat Lebaran https://t.co/zpOMwlEoBr,1906722413737582818,https://pbs.twimg.com/ext_tw_video_thumb/1906722356732768256/pu/img/k3AkqUI1oU7A0aPF.jpg,,in,,0,0,0,https://x.com/undefined/status/1906722413737582818,1603727778050113536,
1906722281163743246,Mon Mar 31 14:56:31 +0000 2025,1,PROGRAM MAKAN BERGIZI GRATIS BENTUK NYATA PEMERINTAH SELAMATKAN GENERASI EMAS KHUSUSNYA DI TANAH PAPUA JADI MARI TONG DUKUNG SAMA-SAMA JANGAN MAU TERPROVOKASI #PRABOWO #PAPUA #MBG Gerak Selamat Lebaran https://t.co/RcQM6nTTgM,1906722281163743246,https://pbs.twimg.com/media/GnYJxIbbsAAjJbZ.jpg,,in,,0,0,0,https://x.com/undefined/status/1906722281163743246,1603727778050113536,
1906718751078379807,Mon Mar 31 14:42:30 +0000 2025,2,Dukung Pemerintah optimasi tata kelola anggaran makan bergizi gratis untuk sejahterakan masyarakat #MBG https://t.co/fUAe5jdMOZ,1906718751078379807,https://pbs.twimg.com/media/GnYGmU4a4AAxGKN.jpg,,in,,0,1,0,https://x.com/undefined/status/1906718751078379807,1564500742769356800,
1906666916661621075,Mon Mar 31 11:16:31 +0000 2025,0,Lebaran ieu rada ngabret euy punten tos 2 porsi yamin baso #thankgod #mbg #eidmubarak #eidnggakena,1906666916661621075,,,in,,0,0,0,https://x.com/undefined/status/1906666916661621075,70360455,
1917711803263639899,Wed Apr 30 22:47:15 +0000 2025,0,@berbagiwawasanp Program MBG merupakan solusi jangka panjang untuk mendukung pendidikan dan kualitas hidup anak-anak Indonesia. #PenuhiGiziIndonesia #MakanBergiziGratis,1917712380219514937,,berbagiwawasanp,in,,0,0,0,https://x.com/undefined/status/1917712380219514937,1727701094846070784,
1928952742581620749,Sat May 31 23:12:26 +0000 2025,0,Tokoh Pemuda Raja Ampat Dukung Program Makan Bergizi Gratis. - #MakanBergiziGratis #PapuaBaratDaya #KotaSorong #Sorong #SorongSelatan #maybrat #Tambrauw #RajaAmpat https://t.co/9I95OoK1J1,1928952742581620749,https://pbs.twimg.com/media/GsUERVPaMAElDtt.jpg,,in,,0,0,0,https://x.com/undefined/status/1928952742581620749,1358751432128663554,
1928950737267986696,Sat May 31 23:07:19 +0000 2025,0,@berbagiwawasanp Keterlibatan dunia internasional menunjukkan kredibilitas dan potensi Program MBG di tingkat global. #PenuhiGiziIndonesia #MakanBergiziGratis,1928951455580663965,,berbagiwawasanp,in,,0,0,0,https://x.com/undefined/status/1928951455580663965,1727701094846070784,
1928950892230770845,Sat May 31 23:07:00 +0000 2025,0,@berbagiwawasanp MBG adalah langkah konkret dalam mempercepat pencapaian tujuan pembangunan berkelanjutan. #PenuhiGiziIndonesia #MakanBergiziGratis,1928951375037153662,,berbagiwawasanp,in,,0,0,0,https://x.com/undefined/status/1928951375037153662,1727701094846070784,
1928950690765738363,Sat May 31 23:06:54 +0000 2025,0,@berbagiwawasanp MBG adalah langkah konkret dalam mempercepat pencapaian tujuan pembangunan berkelanjutan. #PenuhiGiziIndonesia #MakanBergiziGratis,1928951348130713750,,berbagiwawasanp,in,,0,0,0,https://x.com/undefined/status/1928951348130713750,1727701094846070784,
1928950849356668991,Sat May 31 23:06:47 +0000 2025,0,@berbagiwawasanp MBG adalah langkah konkret dalam mempercepat pencapaian tujuan pembangunan berkelanjutan. #PenuhiGiziIndonesia #MakanBergiziGratis,1928951321429700695,,berbagiwawasanp,in,,0,0,0,https://x.com/undefined/status/1928951321429700695,1727701094846070784,
1928950649481232517,Sat May 31 23:06:41 +0000 2025,0,@berbagiwawasanp MBG adalah langkah konkret dalam mempercepat pencapaian tujuan pembangunan berkelanjutan. #PenuhiGiziIndonesia #MakanBergiziGratis,1928951294892356045,,berbagiwawasanp,in,,0,0,0,https://x.com/undefined/status/1928951294892356045,1727701094846070784,
1928950892230770845,Sat May 31 23:05:05 +0000 2025,0,Pemerintah menunjukkan komitmen tinggi dalam membangun sumber daya manusia melalui MBG. #PenuhiGiziIndonesia #MakanBergiziGratis,1928950892230770845,,,in,,0,1,0,https://x.com/undefined/status/1928950892230770845,1701958085193961472,
1928950849356668991,Sat May 31 23:04:55 +0000 2025,0,Pemerintah menunjukkan komitmen tinggi dalam membangun sumber daya manusia melalui MBG. #PenuhiGiziIndonesia #MakanBergiziGratis,1928950849356668991,,,in,,0,1,0,https://x.com/undefined/status/1928950849356668991,1701958085193961472,
1928950737267986696,Sat May 31 23:04:28 +0000 2025,0,Program MBG merupakan kebijakan strategis yang harus terus diperkuat guna membentuk generasi unggul. #PenuhiGiziIndonesia #MakanBergiziGratis,1928950737267986696,,,in,,0,1,0,https://x.com/undefined/status/1928950737267986696,1701958085193961472,
1928950690765738363,Sat May 31 23:04:17 +0000 2025,0,Program MBG merupakan kebijakan strategis yang harus terus diperkuat guna membentuk generasi unggul. #PenuhiGiziIndonesia #MakanBergiziGratis,1928950690765738363,,,in,,0,1,0,https://x.com/undefined/status/1928950690765738363,1701958085193961472,
1928950649481232517,Sat May 31 23:04:07 +0000 2025,0,Program MBG merupakan kebijakan strategis yang harus terus diperkuat guna membentuk generasi unggul. #PenuhiGiziIndonesia #MakanBergiziGratis,1928950649481232517,,,in,,0,1,0,https://x.com/undefined/status/1928950649481232517,1701958085193961472,
1928948250574295385,Sat May 31 23:02:14 +0000 2025,0,@updatecakrawala Investasi gizi = investasi generasi unggul! #PenuhiGiziIndonesia #MakanBergiziGratis,1928950173549334949,,updatecakrawala,in,,0,0,0,https://x.com/undefined/status/1928950173549334949,1843912990514683904,
1928947950509490651,Sat May 31 23:02:06 +0000 2025,0,@updatecakrawala Terobosan besar untuk kemajuan masyarakat! #PenuhiGiziIndonesia #MakanBergiziGratis,1928950140959703220,,updatecakrawala,in,,0,0,0,https://x.com/undefined/status/1928950140959703220,1843912990514683904,
1928947660095897915,Sat May 31 23:01:57 +0000 2025,0,@updatecakrawala Harus terus didukung! Anak-anak layak mendapatkan gizi terbaik! #PenuhiGiziIndonesia #MakanBergiziGratis,1928950104867627016,,updatecakrawala,in,,0,0,0,https://x.com/undefined/status/1928950104867627016,1843912990514683904,
1928947415970726363,Sat May 31 23:01:48 +0000 2025,0,@updatecakrawala Menuju 2045 dimulai dari piring makan anak-anak hari ini! #PenuhiGiziIndonesia #MakanBergiziGratis,1928950067353825678,,updatecakrawala,in,,0,0,0,https://x.com/undefined/status/1928950067353825678,1843912990514683904,
1928947105973858587,Sat May 31 23:01:36 +0000 2025,0,@updatecakrawala Bangga jadi bagian dari generasi yang peduli gizi anak bangsa! #PenuhiGiziIndonesia #MakanBergiziGratis,1928950013683437574,,updatecakrawala,in,,0,0,0,https://x.com/undefined/status/1928950013683437574,1843912990514683904,
1928949566360952927,Sat May 31 22:59:49 +0000 2025,0,Tokoh Pemuda Raja Ampat Dukung Program Makan Bergizi Gratis. - #MakanBergiziGratis #PapuaBaratDaya #KotaSorong #Sorong #SorongSelatan #maybrat #Tambrauw #RajaAmpat https://t.co/PrkORnfblE,1928949566360952927,https://pbs.twimg.com/media/GsUBZEMaoAAI9oL.jpg,,in,,0,0,0,https://x.com/undefined/status/1928949566360952927,906666763361718272,
1928944928471544228,Sat May 31 22:41:23 +0000 2025,0,#MBG #MultiBankGroup #MBGRewards https://t.co/j8wOCYzKuC @Watashi_Bull @timeworx_io,1928944928471544228,,,qme,,0,0,0,https://x.com/undefined/status/1928944928471544228,1263187681,
1928944928039612455,Sat May 31 22:41:23 +0000 2025,0,#MBG #MultiBankGroup #MBGRewards https://t.co/yqi4RvPcd7 @Watashi_Bull @timeworx_io,1928944928039612455,,,qme,,0,0,0,https://x.com/undefined/status/1928944928039612455,430943485,
1928944927955620286,Sat May 31 22:41:23 +0000 2025,0,#MBG #MultiBankGroup #MBGRewards https://t.co/M6D0HdJc7T @Watashi_Bull @timeworx_io,1928944927955620286,,,qme,,0,0,0,https://x.com/undefined/status/1928944927955620286,1149646196,
1939829009195647225,Mon Jun 30 23:30:50 +0000 2025,0,Program MBG menjadi langkah strategis untuk pemenuhan gizi dan mencegah stunting menyongsong generasi unggul. #MakanBergiziGratis #ManfaatMBG #CegahStunting #DukungMBG #IndonesiaEmas2045 https://t.co/kUkHc1BFhE,1939829009195647225,https://pbs.twimg.com/media/GuuoMnEXEAA0Vsq.jpg,,in,,0,1,0,https://x.com/undefined/status/1939829009195647225,1603264295051022336,
1939824202078736764,Mon Jun 30 23:11:56 +0000 2025,1,Program MBG menjadi langkah strategis untuk pemenuhan gizi dan mencegah stunting menyongsong generasi unggul. #MakanBergiziGratis #ManfaatMBG #CegahStunting #DukungMBG #IndonesiaEmas2045 https://t.co/VB8yzdj6y7,1939824252074832024,https://pbs.twimg.com/media/Guuj4IWboAYSxza.jpg,HYulianda27992,in,,0,0,0,https://x.com/undefined/status/1939824252074832024,1704064771530899456,
1939824202078736764,Mon Jun 30 23:11:44 +0000 2025,1,Program MBG Wujudkan Generasi Unggul. #MakanBergiziGratis #ManfaatMBG #CegahStunting #DukungMBG #IndonesiaEmas2045 https://t.co/Q36KaOyeiV,1939824202078736764,https://pbs.twimg.com/media/Guuj1PjbkAAaF6z.jpg,,in,,0,1,0,https://x.com/undefined/status/1939824202078736764,1704064771530899456,
1939680707980480560,Mon Jun 30 23:01:44 +0000 2025,0,@arifbalikpapan1 Ketika Bansos dihentikan banyak rakyat kelaparan bansos pun dikorupsi #MBG yang baru berjalan baru kemarin sudah di korupsi dan #MBG dilakukan Random / acak @prabowo tidak tau karena #ABS,1939821686813319295,,wibisonoys,in,,0,0,0,https://x.com/undefined/status/1939821686813319295,1604088193196109826,
1951009636712149245,Thu Jul 31 21:12:18 +0000 2025,0,@xphilip10 @multibank_io The $MBG token is heating up! Now trading at2 with a solid +9.37% 24h gain. Backed by @multibank_io and powered by a massive $440M buyback &amp; burn program momentum is building fast. Load your bags before liftoff! #MBG,1951028168640569767,,IevelXIX,en,,0,0,0,https://x.com/undefined/status/1951028168640569767,1244583679185354753,
1951011593766010908,Thu Jul 31 20:06:26 +0000 2025,12,Good night fam Rest up the grind continues tomorrow. Building the future one block at a time with $MBG. Dream big stay sharp. #GN #MBG #CryptoFam @multibank_io @KaitoAI https://t.co/G2d63zzZLM,1951011593766010908,https://pbs.twimg.com/media/GxNisQfWkAEUE8w.jpg,,en,,0,11,1,https://x.com/undefined/status/1951011593766010908,1244583679185354753,
1950958713730163024,Thu Jul 31 16:36:19 +0000 2025,1, Exciting news! The $MBG Utility Token of MultiBank Group is now live on LBank! Dive into the future of finance and explore its benefits. Join us on this innovative journey! Check it out here: https://t.co/RAW8f4AKwl #MBG #MultiBankGroup #Crypto https://t.co/lmQxggFFlE,1950958713730163024,,,en,,0,0,0,https://x.com/undefined/status/1950958713730163024,1516169226804936707,
1950928548853674392,Thu Jul 31 16:11:10 +0000 2025,1,@biggestbirdorg @KaitoAI @multibank_io I love what #MBG is building. Bringing changes to the world of finance.,1950952386404421701,,biggestbirdorg,en,,0,0,0,https://x.com/undefined/status/1950952386404421701,1854891558539042816,
1950924163553571064,Thu Jul 31 14:43:36 +0000 2025,0,@RWAwatchlist_ If you're not holding $MBG you're missing the RWA play backed by real infrastructure. $29B AUM 17+ licenses $35B+ daily volume and a $3B real estate tokenization deal already live. This isn t just another RWA token it s the standard. #MBG #RWAs #Tokenization,1950930350621786621,,RWAwatchlist_,en,,0,0,0,https://x.com/undefined/status/1950930350621786621,1431876126113091584,
1950851897016893604,Thu Jul 31 14:40:07 +0000 2025,0,@kerlve @multibank_io Spot on. $MBG isn t fighting for relevance it launched with it. Post-TGE strength isn t a fluke it s the result of real-world scale built-in liquidity and 20+ years of TradFi muscle. Fundamentals &gt; hype every time. #MBG #RWAs #DeFiMeetsTradFi,1950929474490335673,,kerlve,en,,0,0,0,https://x.com/undefined/status/1950929474490335673,1431876126113091584,
1950874824307306782,Thu Jul 31 14:33:13 +0000 2025,0,@Celes_tine__ @multibank_io Exactly most tokens get rocked after an airdrop but $MBG held like it had a floor made of concrete. That s what happens when you ve got real backing real burn mechanics and real utility from day one. You can feel the difference. #MBG #BuiltDifferent,1950927735200883036,,Celes_tine__,en,,0,0,0,https://x.com/undefined/status/1950927735200883036,1431876126113091584,
1950912480005279906,Thu Jul 31 14:30:23 +0000 2025,0,@chiamaka_asogwa @multibank_io This is the difference between holding a hype coin and holding infrastructure. $MBG isn t just another DeFi play it s a regulated revenue-generating machine backed by one of TradFi s biggest players. Real utility. Real backing. Real future. #MBG #RWAs #BuiltDifferent,1950927022538330570,,chiamaka_asogwa,en,,0,0,0,https://x.com/undefined/status/1950927022538330570,1431876126113091584,
1950845006035763638,Thu Jul 31 14:28:53 +0000 2025,1,@juicyrayzz @multibank_io @KaitoAI This isn t noise it s signal. $MBG is showing what happens when real TradFi weight meets on-chain utility. Price action backed by purpose not hype. From fee utility to RWA exposure this isn t just a breakout it's a blueprint. #MBG #RWAs #CryptoUtility,1950926646506086696,,juicyrayzz,en,,0,1,0,https://x.com/undefined/status/1950926646506086696,1431876126113091584,
1950890090907029677,Thu Jul 31 14:04:54 +0000 2025,0,@CryptoLios Volume-backed moves are the ones that matter and $MBG is moving with purpose. Structure s clean trend s intact and the fundamentals are only getting stronger. New highs don t scare us they confirm us. #MBG #RWA,1950920609061298369,,CryptoLios,en,,0,0,0,https://x.com/undefined/status/1950920609061298369,1431876126113091584,
1950919531767193910,Thu Jul 31 14:01:53 +0000 2025,1,@multibank_io This is what real backing looks like. $MBG isn t just riding the RWA wave it s fueling it with 20+ years of TradFi firepower. Global reach live infrastructure and serious capital flow. Not a trend. A foundation. #MBG #RWAs,1950919850236485739,,multibank_io,en,,0,0,0,https://x.com/undefined/status/1950919850236485739,1431876126113091584,
1950879802732224727,Thu Jul 31 14:01:10 +0000 2025,0,@ZeusCrypto_ Same here RWAs are where real wealth meets real tech. And with tokens like $MBG bringing regulation yield and TradFi reach on-chain this isn t just opportunity it s a shift. #RWAs #MBG,1950919670879711677,,ZeusRWA,en,,0,0,0,https://x.com/undefined/status/1950919670879711677,1431876126113091584,
1950915495210746076,Thu Jul 31 14:00:40 +0000 2025,0,@Overdose_AI Easy pick: $MBG Backed by a $29B TradFi giant 17+ global licenses real revenue live staking and a $3B real estate tokenization deal already signed. Not just low cap undervalued infrastructure. Holding this one all 2025 and beyond. #MBG #RWAs,1950919543460917439,,Overdose_AI,en,,0,0,0,https://x.com/undefined/status/1950919543460917439,1431876126113091584,
1950847496546025685,Thu Jul 31 13:58:35 +0000 2025,0,@MuriscoOfficial @multibank_io This isn t a roadmap dream it s execution in motion. $MBG is bringing TradFi muscle to blockchain rails: ️ $35B+ daily volume ️ $3B tokenized real estate deal ️ 2M+ clients + 17 licenses With @multibank_io at the helm this is how you bridge worlds for real. #MBG #RWAs,1950919019978236201,,MuriscoOfficial,en,,0,0,0,https://x.com/undefined/status/1950919019978236201,1431876126113091584,
1950883824549740713,Thu Jul 31 13:57:50 +0000 2025,0,@Dylan_HODL Then you re looking for $MBG. Backed by a $29B TradFi giant 17+ licenses live staking RWA infrastructure and real utility from day one. Not just impossible to ignore impossible to replicate. #MBG #RWAs #BuiltDifferent,1950918833394614383,,Dylan_HODL,en,,0,0,0,https://x.com/undefined/status/1950918833394614383,1431876126113091584,
1950821948638015675,Thu Jul 31 13:53:07 +0000 2025,0,@multibank_io @Zak_MBG @hackernoon Massive move. When the CEO of a $29B TradFi giant speaks on $MBG RWA deals and the crypto bridge it s not just talk it s signal. This is where legacy meets innovation. Let s build. #MBG #RWAs #TradFiMeetsDeFi,1950917646171656250,,multibank_io,en,,0,0,0,https://x.com/undefined/status/1950917646171656250,1431876126113091584,
1950859280942551440,Thu Jul 31 13:51:58 +0000 2025,0,@multibank_io Most tokens start with a whitepaper $MBG started with 20 years of financial dominance. From Irvine to a global powerhouse MultiBank s track record isn t hype it s history. That legacy now lives on-chain. #MBG #BuiltOnTrust,1950917353547690186,,multibank_io,en,,0,0,0,https://x.com/undefined/status/1950917353547690186,1431876126113091584,
1950889273013739795,Thu Jul 31 13:41:44 +0000 2025,0,@multibank_io Real utility real value real warnings. $MBG isn t playing around this is the real deal backed by real-world finance. Always use official links. The revolution s on but stay sharp out there. ️ #MBG #CryptoWithBackbone,1950914781520757145,,multibank_io,en,,0,0,0,https://x.com/undefined/status/1950914781520757145,1431876126113091584,
1962221180083110278,Sun Aug 31 18:29:20 +0000 2025,2,Perluas Peran UMKM dalam Program MBG Diharapkan Mampu Tingkatkan Ekonomi Lokal #MBG https://t.co/DXPks0lEPC,1962221180083110278,https://pbs.twimg.com/amplify_video_thumb/1962221108780052480/img/puUtptXLWlEBcayS.jpg,,in,,0,145,12,https://x.com/undefined/status/1962221180083110278,2377352785,
1962221127595622742,Sun Aug 31 18:29:07 +0000 2025,0,Program MBG Perkuat UMKM dan Ekonomi Maros #MBG https://t.co/BbqOMpkutM,1962221127595622742,https://pbs.twimg.com/media/Gzs1tgCboAAXYpG.jpg,,in,,0,135,9,https://x.com/undefined/status/1962221127595622742,2377352785,
1962191050883375605,Sun Aug 31 16:29:36 +0000 2025,0,Real #MBG ga pake nipu rakyat BTW L I hope every buzzer pemerintah that paid with duit rakyat rot in hell,1962191050883375605,,,en,,0,0,0,https://x.com/undefined/status/1962191050883375605,1010027975989817344,
1962127644415197489,Sun Aug 31 12:17:39 +0000 2025,1,The real revolution isn t TradFi vs DeFi it s when both converge to build a financial system that works for everyone. $MBG @multibank_io is making that future real #MBG #DeFi,1962127644415197489,,,en,,0,0,0,https://x.com/undefined/status/1962127644415197489,870428073640022016,
1962092022258663597,Sun Aug 31 09:57:56 +0000 2025,0,Nah menurutmu dampak paling besar apa yang bisa dirasakan masyarakat kalau program makan gratis benar-benar dijalankan di Indonesia? Drop pendapatmu di kolom komentar! #Kemendagri #gasssnow #MakanBergiziGratis,1962092482889757068,,alineadotid,in,,0,0,0,https://x.com/undefined/status/1962092482889757068,354168059,
1962092022258663597,Sun Aug 31 09:57:33 +0000 2025,0,Kalau program ini diterapkan di Indonesia bisa jadi langkah strategis untuk mencegah stunting meningkatkan daya saing global dan menyiapkan generasi emas 2045. #Kemendagri #gasssnow #MakanBergiziGratis,1962092386835927267,,alineadotid,in,,0,0,0,https://x.com/undefined/status/1962092386835927267,354168059,
1962092022258663597,Sun Aug 31 09:57:07 +0000 2025,0,Sekolah bukan cuma tempat belajar tapi juga ruang untuk memastikan anak-anak dapat asupan gizi seimbang setiap hari. #Kemendagri #gasssnow #MakanBergiziGratis,1962092276517335108,,alineadotid,in,,0,0,0,https://x.com/undefined/status/1962092276517335108,354168059,
1962092022258663597,Sun Aug 31 09:56:45 +0000 2025,0,Program ini bukan sekadar bikin perut kenyang tapi terbukti efektif meningkatkan kecerdasan &amp; kesehatan anak secara global. #Kemendagri #gasssnow #MakanBergiziGratis,1962092184276222179,,alineadotid,in,,0,0,0,https://x.com/undefined/status/1962092184276222179,354168059,
1962092022258663597,Sun Aug 31 09:56:06 +0000 2025,22,Ternyata negara maju seperti Jepang dan negara berkembang dengan ekonomi besar seperti Brasil sudah lama menerapkan program makan gratis di sekolah. #Kemendagri #gasssnow #MakanBergiziGratis https://t.co/2rG90dFioH,1962092022258663597,https://pbs.twimg.com/media/GzrAS4sagAAhRcU.jpg,,in,,0,4,24,https://x.com/undefined/status/1962092022258663597,354168059,
1961989361203093853,Sun Aug 31 03:08:10 +0000 2025,0,Pemerintah memastikan anggaran Program Makan Bergizi Gratis (MBG) tetap aman dan terjaga penggunaannya. Pengawasan ketat dan perencanaan yang transparan menjadi dasar dalam menjaga efektivitas program bagi masyarakat. #DukungProgramMBG #DukungMBG #MakanBergiziGratis https://t.co/sD7toXECMA,1961989361203093853,https://pbs.twimg.com/media/Gzpi7STaIAAp3vW.jpg,,in,,0,0,0,https://x.com/undefined/status/1961989361203093853,1564440581606035456,
1961989328055456193,Sun Aug 31 03:08:02 +0000 2025,0,Pemerintah memastikan anggaran Program Makan Bergizi Gratis (MBG) tetap aman dan terjaga penggunaannya. Pengawasan ketat dan perencanaan yang transparan menjadi dasar dalam menjaga efektivitas program bagi masyarakat. #DukungProgramMBG #DukungMBG #MakanBergiziGratis https://t.co/gp6SDWLlJE,1961989328055456193,https://pbs.twimg.com/media/Gzpi5TKbkAAVFOd.jpg,,in,,0,0,0,https://x.com/undefined/status/1961989328055456193,1564440581606035456,
1961972018804576390,Sun Aug 31 01:59:15 +0000 2025,0,Dengan MBG tak ada anak yang tertinggal ️ #PeduliGizi #MBG https://t.co/0gjQr3ktAs,1961972018804576390,https://pbs.twimg.com/media/GzpTJwTakAAXdjT.jpg,,in,,1,0,0,https://x.com/undefined/status/1961972018804576390,1573146367283056641,
1961971953092427887,Sun Aug 31 01:58:59 +0000 2025,0,Gizi baik mimpi tinggi #MBG #AnakSehat https://t.co/F53dedLE9U,1961971953092427887,https://pbs.twimg.com/media/GzpTF7sbsAAS9lJ.jpg,,in,,1,0,0,https://x.com/undefined/status/1961971953092427887,1573146367283056641,
1961971837216362882,Sun Aug 31 01:58:32 +0000 2025,0,Mari dukung MBG untuk Indonesia sehat dan kuat! 🇮🇩 #MakanBergiziGratis https://t.co/uVPRFfdXLq,1961971837216362882,https://pbs.twimg.com/media/GzpS_M2aEAAxuuK.jpg,,in,,0,0,0,https://x.com/undefined/status/1961971837216362882,1573146367283056641,
1961969508551463271,Sun Aug 31 01:49:17 +0000 2025,0,Lebih dari sekadar memasak ini tentang membangun masa depan. Bergabunglah dengan program MBG dan jadilah bagian dari perubahan positif yang membawa pertumbuhan ekonomi daerah. #MBG #KulinerBerkualitas #MajuBersama #EkonomiKreatif https://t.co/dtu9INMo3w,1961969508551463271,https://pbs.twimg.com/media/GzpQ3udaoAEhIpb.jpg,,in,,0,0,0,https://x.com/undefined/status/1961969508551463271,1863415316816277504,
1961969468625781154,Sun Aug 31 01:49:07 +0000 2025,0,Menciptakan koki-koki andal membangkitkan ekonomi daerah. Program MBG adalah jembatan bagi para calon pengusaha kuliner untuk meraih sukses dan berkontribusi nyata bagi komunitas. #MBG #SuksesMuda #GerakanEkonomi #InovasiKuliner https://t.co/BNJsc4F7uU,1961969468625781154,https://pbs.twimg.com/media/GzpQ1W5bEAEx_YZ.jpg,,in,,0,0,0,https://x.com/undefined/status/1961969468625781154,1863415316816277504,
1961963368262336533,Sun Aug 31 01:24:53 +0000 2025,0,Program Makan Bergizi Gratis Menjamin Setiap Anak Mendapatkan Asupan yang Sehat dan Seimbang. #MBG #MakanBergiziGratis #AnakSehatBangsaKuat #GiziUntukSemua https://t.co/1a5eBz3B4y,1961963368262336533,https://pbs.twimg.com/media/GzpLSCiboAA2qVF.jpg,,in,,0,0,0,https://x.com/undefined/status/1961963368262336533,1686026054681370625,
1961958358065545274,Sun Aug 31 01:04:58 +0000 2025,0,MBG hadir sebagai solusi gizi anak sekaligus penggerak ekonomi daerah. Dari desa hingga kota manfaatnya dirasakan nyata oleh masyarakat. #MBG #MBGKalteng #Kalteng https://t.co/00PdeID50T,1961958358065545274,https://pbs.twimg.com/media/GzpGurIaEAE2idk.jpg,,in,,0,0,0,https://x.com/undefined/status/1961958358065545274,1568463142723940354,
1961957973359771904,Sun Aug 31 01:03:26 +0000 2025,0,MBG hadir sebagai solusi gizi anak sekaligus penggerak ekonomi daerah. Dari desa hingga kota manfaatnya dirasakan nyata oleh masyarakat. #MBG #MBGKalteng #Kalteng https://t.co/QMMznMIio8,1961957973359771904,https://pbs.twimg.com/media/GzpGYSBaQAAY35t.jpg,,in,,0,0,0,https://x.com/undefined/status/1961957973359771904,1857011214699692032,
1961956335110799779,Sun Aug 31 00:57:52 +0000 2025,0,Program Makan Bergizi Gratis hadir untuk penuhi kebutuhan gizi anak sejak dini meningkatkan kesehatan dan daya saing generasi muda. Langkah nyata menuju Indonesia Emas 2045! #MakanBergiziGratis #GenerasiSehat #IndonesiaEmas https://t.co/JHlkTfWKHb,1961956572361568460,https://pbs.twimg.com/media/GzpE_jAbAAAn6xl.jpg,iamindrimut,in,,0,0,0,https://x.com/undefined/status/1961956572361568460,1714457389787938816,
1961956335110799779,Sun Aug 31 00:57:52 +0000 2025,0,Program Makan Bergizi Gratis hadir untuk penuhi kebutuhan gizi anak sejak dini meningkatkan kesehatan dan daya saing generasi muda. Langkah nyata menuju Indonesia Emas 2045! #MakanBergiziGratis #GenerasiSehat #IndonesiaEmas https://t.co/XYdWYa0YTY,1961956568653783279,https://pbs.twimg.com/media/GzpE-irbgAAnYd5.jpg,iamindrimut,in,,0,1,0,https://x.com/undefined/status/1961956568653783279,1714457389787938816,
1961956335110799779,Sun Aug 31 00:57:51 +0000 2025,0,Program Makan Bergizi Gratis hadir untuk penuhi kebutuhan gizi anak sejak dini meningkatkan kesehatan dan daya saing generasi muda. Langkah nyata menuju Indonesia Emas 2045! #MakanBergiziGratis #GenerasiSehat #IndonesiaEmas https://t.co/yJrzAWDpIZ,1961956564669264276,https://pbs.twimg.com/media/GzpE9hbbcAA4Rzx.jpg,iamindrimut,in,,0,1,0,https://x.com/undefined/status/1961956564669264276,1714457389787938816,
1961956133050163347,Sun Aug 31 00:56:08 +0000 2025,6,Perekonomian daerah tumbuh positif dengan adanya #MBG https://t.co/hdAXlqPPdG,1961956133050163347,https://pbs.twimg.com/media/GzpEtLSbAAAY8G0.jpg,,in,,0,5,1,https://x.com/undefined/status/1961956133050163347,1536371113705754624,
1961956091350466794,Sun Aug 31 00:55:58 +0000 2025,1,Perekonomian masyarakat terbantu dengan adanya #MBG https://t.co/MwoqpAwhrw,1961956091350466794,https://pbs.twimg.com/media/GzpEqu5aAAAG9Nu.jpg,,in,,0,0,0,https://x.com/undefined/status/1961956091350466794,1536371113705754624,
1961948125863739765,Sun Aug 31 00:24:19 +0000 2025,2,Program Makan Bergizi Gratis tidak hanya menjamin kecukupan gizi anak-anak tapi juga berkontribusi mencetak generasi unggul menuju Indonesia Emas 2045. #MakanBergiziGratis #IndonesiaEmas2045 #GiziAnak #GenerasiUnggul https://t.co/rTJU6zbVxZ,1961948125863739765,https://pbs.twimg.com/media/Gzo9bDVaUAA_MIu.jpg,,in,,0,1,0,https://x.com/undefined/status/1961948125863739765,1787755137920036864,
1961948099359969462,Sun Aug 31 00:24:12 +0000 2025,1,Program Makan Bergizi Gratis tidak hanya menjamin kecukupan gizi anak-anak tapi juga berkontribusi mencetak generasi unggul menuju Indonesia Emas 2045. #MakanBergiziGratis #IndonesiaEmas2045 #GiziAnak #GenerasiUnggul https://t.co/ugq2pe4BBw,1961948099359969462,https://pbs.twimg.com/media/Gzo9Zgwa8AARTtU.jpg,,in,,0,0,0,https://x.com/undefined/status/1961948099359969462,1787755137920036864,
1961948074580095041,Sun Aug 31 00:24:06 +0000 2025,1,Program Makan Bergizi Gratis tidak hanya menjamin kecukupan gizi anak-anak tapi juga berkontribusi mencetak generasi unggul menuju Indonesia Emas 2045. #MakanBergiziGratis #IndonesiaEmas2045 #GiziAnak #GenerasiUnggul https://t.co/UwLTTvbl7m,1961948074580095041,https://pbs.twimg.com/media/Gzo9YChbYAAnnc0.jpg,,in,,0,0,0,https://x.com/undefined/status/1961948074580095041,1787755137920036864,
1961948034088177876,Sun Aug 31 00:23:57 +0000 2025,1,Program Makan Bergizi Gratis tidak hanya menjamin kecukupan gizi anak-anak tapi juga berkontribusi mencetak generasi unggul menuju Indonesia Emas 2045. #MakanBergiziGratis #IndonesiaEmas2045 #GiziAnak #GenerasiUnggul https://t.co/pKk19iPegp,1961948034088177876,https://pbs.twimg.com/media/Gzo9VtKa4AEKLkj.jpg,,in,,0,0,0,https://x.com/undefined/status/1961948034088177876,1787755137920036864,
1961944617731191106,Sun Aug 31 00:10:22 +0000 2025,0,Program Makan Bergizi Gratis dapat membantu meningkatkan kemampuan belajar dan konsentrasi anak-anak #MakanBergiziGratis #ManfaatMBG #CegahStunting #DukungMBG #IndonesiaEmas20 https://t.co/O67BPXQMss,1961944617731191106,https://pbs.twimg.com/media/Gzo6Obqb0AA_BSi.jpg,,in,,0,0,0,https://x.com/undefined/status/1961944617731191106,1415336621331734532,
1961944573040840827,Sun Aug 31 00:10:12 +0000 2025,0,Program MBG penuhi asupan gizi anak bangsa #MakanBergiziGratis #ManfaatMBG #CegahStunting #DukungMBG #IndonesiaEmas20 https://t.co/ikXY9N4VTT,1961944573040840827,https://pbs.twimg.com/media/Gzo6L2Ta8AAF1_f.jpg,,in,,0,0,0,https://x.com/undefined/status/1961944573040840827,1415336621331734532,
1961944523732664626,Sun Aug 31 00:10:00 +0000 2025,0,Dukung Program Makan Bergizi Gratis #MakanBergiziGratis #ManfaatMBG #CegahStunting #DukungMBG #IndonesiaEmas20 https://t.co/P6xXuEZRHC,1961944523732664626,https://pbs.twimg.com/media/Gzo6I7GaAAARiL3.jpg,,in,,0,0,0,https://x.com/undefined/status/1961944523732664626,1415336621331734532,
1961944469236019428,Sun Aug 31 00:09:47 +0000 2025,0,Program MBG bantu tingkatkan gizi anak-anak Indonesia #MakanBergiziGratis #ManfaatMBG #CegahStunting #DukungMBG #IndonesiaEmas20 https://t.co/adRM0urNS9,1961944469236019428,https://pbs.twimg.com/media/Gzo6ExnaEAA-J7K.jpg,,in,,0,0,0,https://x.com/undefined/status/1961944469236019428,1415336621331734532,
1961724826676314291,Sat Aug 30 10:10:16 +0000 2025,0,@KongBTC Tokenized real estate with 8% APY daily sounds like a game-changer! Got questions about the $MBG token though... #MBG #tokenizedrealestate,1961733200717471751,,KongBTC,en,,0,0,0,https://x.com/undefined/status/1961733200717471751,1689405593398792192,
1961727401710461235,Sat Aug 30 09:47:14 +0000 2025,1,MBG MERUPAKAN INVESTASI MASA DEPAN DENGAN GIZI CUKUP ANAK-ANAK TUMBUH OPTIMAL CERDAS DAN SIAP JADI SDM UNGGUL YANG BERSAING DI TINGKAT GLOBAL. #MakanBergiziGratis #GenerasiEmas #IndonesiaMaju https://t.co/V2jcQzF5XM,1961727401710461235,https://pbs.twimg.com/media/Gzl0rQRbYAAffbf.jpg,,in,,0,0,0,https://x.com/undefined/status/1961727401710461235,1564483903963836417,
1961724720723964073,Sat Aug 30 09:36:35 +0000 2025,1,Program Makan Bergizi Gratis mendukung tumbuh kembang anak secara optimal sebagai fondasi bagi terwujudnya Generasi Emas Indonesia 2045. #MakanBergiziGratis #GenerasiEmas #IndonesiaMaju https://t.co/zNcfXJlm9T,1961724720723964073,https://pbs.twimg.com/media/GzlyPJ-aYAA2cZC.jpg,,in,,0,0,0,https://x.com/undefined/status/1961724720723964073,1564483903963836417,
1961723637905698963,Sat Aug 30 09:32:16 +0000 2025,1,Program Makan Bergizi Gratis sebagai fondasi bagi terwujudnya Generasi Emas Indonesia 2045. #MakanBergiziGratis #GenerasiEmas #IndonesiaMaju https://t.co/vgTZCEegP5,1961723637905698963,https://pbs.twimg.com/media/GzlxQMKbQAA09Qh.jpg,,in,,0,0,0,https://x.com/undefined/status/1961723637905698963,1564483903963836417,
1961721801660358789,Sat Aug 30 09:24:59 +0000 2025,1,Program Makan Bergizi Gratis mendukung tumbuh kembang anak secara optimal #MakanBergiziGratis #GenerasiEmas #IndonesiaMaju https://t.co/bE4pbVb0LO,1961721801660358789,https://pbs.twimg.com/media/GzlvlRobcAAX5S1.jpg,,in,,0,0,0,https://x.com/undefined/status/1961721801660358789,1564483903963836417,
1961718967275503718,Sat Aug 30 09:16:12 +0000 2025,0,Kalau menurut kalian apa program ini bisa jadi solusi buat masalah gizi anak Indonesia? Yuk diskusi #gasssnow #Kemendagri #MakanBergiziGratis,1961719594558931414,,alineadotid,in,,0,0,0,https://x.com/undefined/status/1961719594558931414,354168059,
1961718967275503718,Sat Aug 30 09:15:59 +0000 2025,0,Dukungan guru jadi bukti kalau MBG berdampak nyata. Pemerintah pun berharap distribusinya bisa makin luas ke siswa ibu hamil dan ibu menyusui. #gasssnow #Kemendagri #MakanBergiziGratis,1961719537633751410,,alineadotid,in,,0,0,0,https://x.com/undefined/status/1961719537633751410,354168059,
1961718967275503718,Sat Aug 30 09:15:45 +0000 2025,0,Menurut Dian MBG bukan cuma soal makan gratis. Program ini juga bikin anak lebih semangat belajar karena kebutuhan gizinya terpenuhi. #gasssnow #Kemendagri #MakanBergiziGratis,1961719477407748148,,alineadotid,in,,0,0,0,https://x.com/undefined/status/1961719477407748148,354168059,
1961696100391563587,Sat Aug 30 07:42:51 +0000 2025,0,Makan sehat gratis adalah protokol dasar biar generasi nggak gampang error. #gasssnow #mbg https://t.co/xeVXoGXQCd,1961696100391563587,https://pbs.twimg.com/media/GzlYMiWbIAAJvUL.jpg,,in,,0,0,0,https://x.com/undefined/status/1961696100391563587,1665976202409177088,
1961695093867614668,Sat Aug 30 07:38:51 +0000 2025,1,Program Makan Bergizi Gratis mendukung tumbuh kembang anak secara optimal. #MakanBergiziGratis #GenerasiEmas #IndonesiaMaju https://t.co/SfdQCkQGke,1961695093867614668,https://pbs.twimg.com/media/GzlXSjDacAEKvc7.jpg,,in,,0,0,0,https://x.com/undefined/status/1961695093867614668,1524941291272171520,
1961694726790549961,Sat Aug 30 07:37:24 +0000 2025,0,Sepiring sehat gratis itu cara sederhana buat masa depan lebih tangguh. #gasssnow #mbg https://t.co/6AyVPHE3wn,1961694726790549961,https://pbs.twimg.com/media/GzlW8eDbkAQVpNI.jpg,,in,,0,0,0,https://x.com/undefined/status/1961694726790549961,1665939558347993088,
1961690742596022312,Sat Aug 30 07:21:34 +0000 2025,0,Kalau gizi terjamin pikiran pun jadi senjata yang susah ditaklukkan. #gasssnow #mbg https://t.co/VesHhMYzom,1961690742596022312,https://pbs.twimg.com/media/GzlTUzTbkAkkXNA.jpg,,in,,0,0,0,https://x.com/undefined/status/1961690742596022312,1661982229558616065,
1961687469159825681,Sat Aug 30 07:08:33 +0000 2025,0,Kadang musuh terbesar bukan orang lain tapi perut kosong. MBG paham betul soal itu. #gasssnow #mbg https://t.co/lcYktynw5d,1961687469159825681,https://pbs.twimg.com/media/GzlQWVObkAIgeAK.jpg,,in,,0,0,0,https://x.com/undefined/status/1961687469159825681,1677206275371970560,
1961685985089261823,Sat Aug 30 07:02:41 +0000 2025,0,#pekaranganpanganbergizi #makanbergizigratis #swasembadapangan #SesarenganJogoMojopahit,1961685990919344167,,polsek_puri,qht,,0,0,0,https://x.com/undefined/status/1961685990919344167,1929550208695926784,
1961685503729934587,Sat Aug 30 07:00:45 +0000 2025,0,Temukan Nasi Basi dan Penggunaan Saos Kemasan di MBG Pemkab Situbondo Langsung Rapat Evaluasi https://t.co/YkPjcOAfh8 #MakanBergiziGratis #MBG #PemkabSitubondo #SPPG,1961685503729934587,,,in,,0,0,0,https://x.com/undefined/status/1961685503729934587,1272427767942926337,
1961320770946453529,Sat Aug 30 06:36:00 +0000 2025,0,@prabowo Pak presiden #rakyatindonesia sengsara &amp; lapar tapi kalian ngak mau tau hanya di jogetin aj lapangan kerja minim pajak kalian naikan 12% buang - buang anggaran #MBG #IKN #PNS perbaikan hanya omon - omon besok soan ke @jokowi rakyat menangis bayar listrik PAM kontrakan dll,1961679275779862779,,prabowo,in,,0,0,0,https://x.com/undefined/status/1961679275779862779,1081271199341076481,
1961673827269976359,Sat Aug 30 06:14:23 +0000 2025,0,Program Makan Bergizi Gratis tidak hanya menjamin kecukupan gizi anak-anak tapi juga berkontribusi mencetak generasi unggul menuju Indonesia Emas 2045. #MakanBergiziGratis #IndonesiaEmas2045 #GiziAnak #GenerasiUnggul https://t.co/54akf6XedV,1961673837558604018,https://pbs.twimg.com/media/GzlD9MUakAAD3yQ.jpg,Jonatan789049,in,,0,1,0,https://x.com/undefined/status/1961673837558604018,1917132865856540672,
1961670007471190080,Sat Aug 30 05:59:10 +0000 2025,0,#MBG https://t.co/KGZZazzPN6,1961670007471190080,https://pbs.twimg.com/media/GzlAdI9bcAAiPEv.jpg,,qme,,0,0,0,https://x.com/undefined/status/1961670007471190080,1211193253602586624,
1962100537073262834,Sun Aug 31 10:31:33 +0000 2025,0,Bagi mereka rasa lelah terbayar lunas setiap kali melihat senyum anak-anak saat menerima makanan bergizi. Inilah wujud investasi untuk mencetak generasi emas Indonesia. #gasssnow #Kemendagri #MakanBergiziGratis,1962100942725373960,,alineadotid,in,,0,0,0,https://x.com/undefined/status/1962100942725373960,354168059,
1962100537073262834,Sun Aug 31 10:31:08 +0000 2025,0, Menu harus seimbang bergizi tapi juga bikin anak-anak lahap. Itu tantangan sekaligus motivasi kata Saepullah. Semangat tim dapur ini jadi bukti nyata MBG bukan sekadar program. #gasssnow #Kemendagri #MakanBergiziGratis,1962100837033050614,,alineadotid,in,,0,0,0,https://x.com/undefined/status/1962100837033050614,354168059,
1962100537073262834,Sun Aug 31 10:30:34 +0000 2025,0,Koordinasi antar tim jadi kunci. Mulai dari distribusi bahan baku pembagian tugas masak hingga diskusi rutin bersama ahli gizi untuk menentukan menu bergizi dan disukai anak-anak. #gasssnow #Kemendagri #MakanBergiziGratis,1962100694464532886,,alineadotid,in,,0,0,0,https://x.com/undefined/status/1962100694464532886,354168059,
1962100537073262834,Sun Aug 31 10:30:18 +0000 2025,1,Saepullah Chef Dapur MBG Kebayunan bilang tantangan terbesar adalah soal manajemen waktu. Bahan baku seperti ayam harus datang tepat waktu. Kalau lewat jam tiga sore proses masak bisa terganggu. #gasssnow #Kemendagri #MakanBergiziGratis,1962100627200479722,,alineadotid,in,,0,0,0,https://x.com/undefined/status/1962100627200479722,354168059,
1962100537073262834,Sun Aug 31 10:29:56 +0000 2025,18,Para pekerja dapur program Makan Bergizi Gratis (MBG) berjuang keras setiap hari memasak ribuan porsi untuk anak-anak Indonesia. Meski melelahkan mereka bangga bisa ikut membangun masa depan bangsa. #gasssnow #Kemendagri #MakanBergiziGratis https://t.co/KAgY6wvhtM,1962100537073262834,https://pbs.twimg.com/media/GzrH6wobsAAlcRF.jpg,,in,,1,16,35,https://x.com/undefined/status/1962100537073262834,354168059,
1962070771129520621,Sun Aug 31 08:49:05 +0000 2025,0,Menurut kalian langkah apa yang paling penting biar MBG di Indonesia sukses bawa dampak nyata? Pengawasan? Kualitas gizi? Kolaborasi pusat &amp; daerah? Drop pendapatmu #Kemendagri #gasssnow #MakanBergiziGratis,1962075154550517952,,alineadotid,in,,0,0,0,https://x.com/undefined/status/1962075154550517952,354168059,
1962070771129520621,Sun Aug 31 08:44:11 +0000 2025,0,Program ini bukan sekadar ngasih makan . Tapi investasi masa depan buat lahirin generasi unggul yang sehat &amp; pintar. #Kemendagri #gasssnow #MakanBergiziGratis,1962073923992133748,,alineadotid,in,,0,0,0,https://x.com/undefined/status/1962073923992133748,354168059,
1973160849922838817,Tue Sep 30 22:59:40 +0000 2025,3,Mantan Ketua Mahkamah Konstitusi Mahfud MD menilai program Makan Bergizi Gratis (MBG) tak jelas tata kelolanya dan perlu perbaikan. Selain itu Mahfud juga menpertanyakan kepastian hukumnya. Baca di sini: https://t.co/yErkvy57n7 / #MahfudMD #MakanBergiziGratis https://t.co/w8aAWpt34y,1973160849922838817,https://pbs.twimg.com/media/G2ITL8aawAADJ6o.jpg,,in,,0,1,3,https://x.com/undefined/status/1973160849922838817,23343960,
1973153533349470543,Tue Sep 30 22:30:36 +0000 2025,0,MBG= Makan Beracun Gratis Makan Burger Gratis Makan Bersubsidi Gratis ....... #MakanBergiziGratis #KeracunanMBG https://t.co/xjQqub9Cdf,1973153533349470543,https://pbs.twimg.com/media/G2IL_XTaIAQsyd4.jpg,,in,,0,0,0,https://x.com/undefined/status/1973153533349470543,1849620217170886657,
1973095589685698931,Tue Sep 30 18:40:21 +0000 2025,0,Ganti Pimpinan #BGN dengan Ahli2nya di bidang kesehatan &amp; gizi/di bidang tata boga agar evaluasi-koreksi #ProyekMBG dilakukan benar Pak @prabowo! Cc: @puanmaharani_ri @DPR_RI @kemenkopmk @Abe_Mukti @Kemdikdasmen @KemenkesRI #MBG #IndonesiaGelap #IndonesiaCemas2045 #NKRI,1973095589685698931,,,in,,0,0,0,https://x.com/undefined/status/1973095589685698931,131439573,
1973090295651709265,Tue Sep 30 18:19:19 +0000 2025,1,Polsek Teluk Nibung monitoring kegiatan Makan Bergizi Gratis (MBG) oleh SPPG Mitra Mandiri Yayasan Al Muslimun Nusantara. Penerima: 3.946 org ️ Menu bergizi untuk siswa bumil busui &amp; balita Kegiatan aman &amp; lancar #PolriPresisi #MBG #TanjungBalai https://t.co/fP5QNYl0pV,1973090295651709265,https://pbs.twimg.com/ext_tw_video_thumb/1973090266333716481/pu/img/oCx6KrWwRsopuCKA.jpg,,in,,0,0,0,https://x.com/undefined/status/1973090295651709265,1852436707796545536,
1973053441615270098,Tue Sep 30 15:52:52 +0000 2025,0,Katanya sih Makan Bergizi Gratis tapi dapet susu bisa dihitung pake jari. Jangka Februari-September siswanya sendiri yang bilang jarang bgt dapet susu #mbg #makanbergizigratis #bgntutupdapurbermasalah,1973053441615270098,,,in,,0,0,0,https://x.com/undefined/status/1973053441615270098,1241172487636783104,
1973044761528574085,Tue Sep 30 15:18:23 +0000 2025,0,MBG Langsung Ludes #LaCasaDeLosFamososMx #mbg https://t.co/8uBp3z2FOS,1973044761528574085,,,in,,0,0,0,https://x.com/undefined/status/1973044761528574085,517679398,
1973043750185390236,Tue Sep 30 15:14:23 +0000 2025,4, Cucu saya juga keracunan MBG di Jogja. Cucu ponakan. Jadi saya punya keponakan keponakan saya punya anak namanya Ihsan ujar Mahfud. Saat keracunan cucunya sempat dirawat di rumah sakit. #MBG #BGN #PrabowoSubianto #MahfudMD,1973043754606211274,,Metro_TV,in,,0,2,1,https://x.com/undefined/status/1973043754606211274,57261519,
1973041835804442922,Tue Sep 30 15:06:45 +0000 2025,1,Insiden keracunan siswa diduga usai menyantap sajian Makan Bergizi Gratis (MBG) kembali terjadi di wilayah Jawa Barat. #mbg https://t.co/r5MewiOWuu,1973041835804442922,,,in,,0,2,2,https://x.com/undefined/status/1973041835804442922,456426648,
1973004434847514944,Tue Sep 30 12:38:08 +0000 2025,1,#masalah #sppg #mbg #dan #kriminalisasi #wartawan https://t.co/OeUYfMvwIp,1973004434847514944,,,qme,,0,0,0,https://x.com/undefined/status/1973004434847514944,1218653405884772352,
1973003234336989505,Tue Sep 30 12:33:22 +0000 2025,33,Ombudsman RI menemukan adanya penyimpangan dalam pengadaan bahan baku Program Makan Bergizi Gratis (MBG) khususnya beras premium. Baca di sini: https://t.co/ALhfXCIXyX ~TA #MakanBergiziGratis #Ombudsman https://t.co/sZmsINAzRo,1973003234336989505,https://pbs.twimg.com/media/G2GD-oTbIAAh3kr.jpg,,in,,3,7,11,https://x.com/undefined/status/1973003234336989505,23343960,
1973001799264292931,Tue Sep 30 12:30:13 +0000 2025,0,#MBG https://t.co/OqdBfHz0ga,1973002440674095434,https://pbs.twimg.com/media/G2GDQ2rbMAAATKj.jpg,SEdy5ma,qme,,0,0,0,https://x.com/undefined/status/1973002440674095434,823766613723729920,
1973001940943728661,Tue Sep 30 12:28:13 +0000 2025,0,Penyebab Makanan MBG Basi Hingga Sebabkan Keracunan Massal Diungkap Sultan HB X #MBG #SultanHBX #MakananMBG #KeracunanMBG #KeracunanMassalMBG #MakananMBGBasi https://t.co/6TzAea4nG8,1973001940943728661,,,in,,0,0,0,https://x.com/undefined/status/1973001940943728661,1177104115148578816,
1973001799264292931,Tue Sep 30 12:27:40 +0000 2025,0,#Aturan2Aneh #MBG https://t.co/zc6NUsyCr5,1973001799264292931,,,qme,,0,1,0,https://x.com/undefined/status/1973001799264292931,823766613723729920,
1972998211263762924,Tue Sep 30 12:13:24 +0000 2025,0, MAHKOTA338 Putaran Scatter Letusan Maxwin 1000x - - - #MakanBergiziGratis #DewasaSampaikanAspirasi oleh2 dari internasional Berpendapat Dengan Baik Trade $CELB Aceh berikan layanan publik Pancasila https://t.co/PQhhjwkcTB,1972998211263762924,https://pbs.twimg.com/media/G2F_YtUakAET3Uz.jpg,,in,,0,0,0,https://x.com/undefined/status/1972998211263762924,1909164176620347392,
1972997885706092613,Tue Sep 30 12:12:07 +0000 2025,1, Pemerintah berkomitmen memperkuat Program Makan Bergizi Gratis (MBG)! Kemendagri bersama Kemenko PMK Kemenkes BGN dan Pemda membahas strategi perbaikan program Makan Bergizi Gratis. MBG terus disempurnakan untuk anak-anak Indonesia! 🇮🇩 #MBG #GenerasiSehat https://t.co/p1s2nyk8KM,1972997885706092613,https://pbs.twimg.com/ext_tw_video_thumb/1972997794077315072/pu/img/zZsNgjUf1Kj1zC3I.jpg,,in,,0,5,0,https://x.com/undefined/status/1972997885706092613,1113646305585188864,
1972997538983936424,Tue Sep 30 12:10:53 +0000 2025,0,#PrabowoSubianto #MakanBergiziGratis #KabinetMerahPutih #PusatKontenNegara #PoweredbyPFN,1972997576871047594,,konten_negara,qht,,0,0,0,https://x.com/undefined/status/1972997576871047594,1941172596290330624,
1972996192725614887,Tue Sep 30 12:05:23 +0000 2025,2,Kasus dugaan keracunan Makanan Bergizi Gratis (MBG) terjadi di Pasar Rebo Selasa (30/09/2025). Sebanyak 20 siswa SDN di Pasar Rebo diduga mengalami keracunan setelah menyantap menu MBG. #BGN #MBG #ProgramPrioritasMBG https://t.co/9FcD57KRSo,1972996192725614887,https://pbs.twimg.com/media/G2F9ktYbkAESfaR.jpg,,in,,2,3,3,https://x.com/undefined/status/1972996192725614887,57261519,
1972994932022600042,Tue Sep 30 12:02:25 +0000 2025,0,@multibankgroup #MBG ,1972995446860857513,,multibankgroup,qme,,0,0,0,https://x.com/undefined/status/1972995446860857513,1748369974991716352,
1972978968904274269,Tue Sep 30 10:56:57 +0000 2025,0,#SPPG Malang Pakis Berbagi Tips Menyiapkan #MBG Aman Bagi Siswa https://t.co/fesuFll95u #Makanbergizi #SPPGMalangPakis,1972978968904274269,,,in,,0,0,0,https://x.com/undefined/status/1972978968904274269,1272427767942926337,
1972978769146323320,Tue Sep 30 10:56:09 +0000 2025,0,Guru diminta jadi PIC distribusi Makan Bergizi Gratis (MBG) dengan insentif Rp100 ribu/hari. P2G mengingatkan: hati-hati tanggung jawab berat &amp; bisa ganggu waktu ajar. BGN: ini bentuk apresiasi. #MBG #Guru #BGN https://t.co/enjjJloymk,1972978769146323320,,,in,,0,0,0,https://x.com/undefined/status/1972978769146323320,2911375412,
1973172857783112165,Tue Sep 30 23:47:23 +0000 2025,0,Heboh! Wartawan Ngaku Dicekik Oknum Keamanan Dapur MBG di Jaktim #News #MBG #wartawan #oknum https://t.co/r6y7i5HDfC,1973172857783112165,,,in,,0,0,0,https://x.com/undefined/status/1973172857783112165,1686130618021920770,
1973168496923320676,Tue Sep 30 23:30:04 +0000 2025,1,Ombudsman Ungkap Penyimpangan MBG: Beras Premium Jadi Medium https://t.co/dEvVxB2EfO #MakanBergiziGratis,1973168496923320676,,,in,,1,1,0,https://x.com/undefined/status/1973168496923320676,43799886,
1973040801795162261,Tue Sep 30 21:43:55 +0000 2025,0,@Degrees_OFC @Greesel_JKT48 #IceLearn #IcelBelajar #MBG alias Mari Belajar with Greesel,1973141785808609756,,Degrees_OFC,in,,0,0,1,https://x.com/undefined/status/1973141785808609756,1778546526006153216,
1973075947495592167,Tue Sep 30 17:22:24 +0000 2025,0,Kemenkes siapkan ahli gizi untuk melindungi anak anak. Pemngawasan terhadap gizi sangat diperlukan agar anak anak tetap aman mengkonsumsi #mbg #gasssnow https://t.co/CHvWZHMvbd,1973075970543190137,https://pbs.twimg.com/media/G2HF9hyacAA4rCG.jpg,glitecs,in,,0,1,8,https://x.com/undefined/status/1973075970543190137,1209134781071364096,
1973075947495592167,Tue Sep 30 17:22:23 +0000 2025,0,Dukungan dan kolaborasi semua pihak dalam program MBG sangat dibutuhkan untuk kesuksesan MBG itu sendiri. #mbg #gasssnow https://t.co/x8vP5DJmbY,1973075966340853877,https://pbs.twimg.com/media/G2HFuT4aIAUTFI8.jpg,glitecs,in,,0,1,11,https://x.com/undefined/status/1973075966340853877,1209134781071364096,
1973075947495592167,Tue Sep 30 17:22:21 +0000 2025,0,Desentralisasi kewenangan membuat respon lebih cepat dan efektif. Pemda memiliki perangkat ksehatan yang bisa bergerak cepat menekan risiko #mbg #gasssnow https://t.co/bdHacR71fh,1973075961357709807,https://pbs.twimg.com/media/G2HFg8GaIAUZg3K.jpg,glitecs,in,,0,1,0,https://x.com/undefined/status/1973075961357709807,1209134781071364096,
1973075947495592167,Tue Sep 30 17:22:20 +0000 2025,0,Kolaborasi pusat dan daerah dalam program MBG sangat dibutuhkan agar masalah keracunan makanan bisa teratasi dengan baik #mbg #gasssnow https://t.co/vDiiefK9om,1973075956861694011,https://pbs.twimg.com/media/G2HFVgYaIAAU4l4.jpg,glitecs,in,,0,1,0,https://x.com/undefined/status/1973075956861694011,1209134781071364096,
1973075947495592167,Tue Sep 30 17:22:19 +0000 2025,0,Pelibatan Pemda harus seara terencana dan terpadu agar bisa dilakukan deteksi ini terhadap kasus keracunan makanan MBG #mbg #gasssnow https://t.co/XomlebNZB0,1973075952226935167,https://pbs.twimg.com/media/G2HFIUeaQAAyWvr.jpg,glitecs,in,,0,1,0,https://x.com/undefined/status/1973075952226935167,1209134781071364096,
1973074562255294527,Tue Sep 30 17:16:48 +0000 2025,0,Tidak ada anak yang boleh kalah hanya karena perutnya kosong MBG memastikan tidak ada lagi kesenjangan gizi di sekolah-sekolah. Setiap anak berhak punya energi untuk mengejar cita-cita #DukungMBG #MakanBergiziGratis,1973074562255294527,,,in,,0,0,0,https://x.com/undefined/status/1973074562255294527,876550718961860608,
1973074366607839687,Tue Sep 30 17:16:34 +0000 2025,0,Menkes Budi Gunadi Sadikin menegaskan Kemenkes menyiapkan dukungan ahli gizi untuk program MBG. Ini untuk memastikan agar kasus keracunan makanan tidak terjadi lagi #mbg #gassnow https://t.co/K6BCseOmH3,1973074504990535729,https://pbs.twimg.com/media/G2HEhIuaIAEJpdx.jpg,sabilanilaa,in,,0,0,6,https://x.com/undefined/status/1973074504990535729,1782045381926572032,
1973074366607839687,Tue Sep 30 17:16:33 +0000 2025,3,Pola co-governance seperti saat Covid 19 adalah model terbaik untuk MBG. Pusat tetapkan stadnar Pemda awasi pelaksanaan harian agar aman dan sesuai kebutuhan #mbg #gasssnow https://t.co/iRXiUnpTdu,1973074500855160930,https://pbs.twimg.com/media/G2HEKcPaIAI7TDo.jpg,sabilanilaa,in,,0,1,11,https://x.com/undefined/status/1973074500855160930,1782045381926572032,
1973074366607839687,Tue Sep 30 17:16:32 +0000 2025,0,Desentralisasi kewenangan membuat respon lebih cepat dan efektif. Pemda memiliki perangkat kesehatan yang bisa bergerak cepat menekan risiko #mbg #gasssnow https://t.co/XgOUmHko6z,1973074495805046823,https://pbs.twimg.com/media/G2HD8wlaIAIBHra.jpg,sabilanilaa,in,,0,1,0,https://x.com/undefined/status/1973074495805046823,1782045381926572032,
1973074366607839687,Tue Sep 30 17:16:03 +0000 2025,0,Covid 19 jadi cermin keterlibatan Pemda kunci sukses MBG. Kolaborasi pusat dan daerah adalah kunci agar MBG tidak hanya memberi makanan sehat tapi juga menjamin keselamatan anak anak Indonesia #mbg #gasssnow https://t.co/uBHbPyKyge,1973074375151853773,https://pbs.twimg.com/media/G2HBk8PbYAAEg2Q.jpg,sabilanilaa,in,,0,1,0,https://x.com/undefined/status/1973074375151853773,1782045381926572032,
1973074366607839687,Tue Sep 30 17:16:02 +0000 2025,0,BGN harus melibatkan Pemda untuk mengawasi MBG agar masalah bisa termitigasi dengan baik #mbg #gasssnow https://t.co/6qRTV3Ng5s,1973074371070812440,https://pbs.twimg.com/media/G2HBaTYaIAIv86v.jpg,sabilanilaa,in,,0,1,0,https://x.com/undefined/status/1973074371070812440,1782045381926572032,
1973074366607839687,Tue Sep 30 17:16:01 +0000 2025,13,Unutk mengatasi kasus keracunan makanan MBG @prabowo mesti ambil langkah taktis sih dan melakukan mitigasi masalah #mbg @gasssnow https://t.co/uXoqF6llI1,1973074366607839687,https://pbs.twimg.com/media/G2HBKFXaIAAzHVx.jpg,,in,,0,3,12,https://x.com/undefined/status/1973074366607839687,1782045381926572032,
1979693049451319806,Sat Oct 18 23:36:18 +0000 2025,0,Presiden Prabowo bertekad agar MBG mencapai Zero Error tanpa kasus keracunan dengan peralatan dapur terbaik dan kebiasaan sehat seperti cuci tangan sebelum makan. Komitmen nyata demi generasi sehat dan kuat . #MBG #LanjutkanMBG Timothy #ENHYPEN Banser #2025MAMAVOTE #CORTIS https://t.co/Ffzbw9v728,1979693049451319806,https://pbs.twimg.com/media/G3lIVjUW4AACqe7.jpg,,in,,0,0,0,https://x.com/undefined/status/1979693049451319806,1804674220389249024,
1979691403476353096,Sat Oct 18 23:29:46 +0000 2025,0,Indonesia lagi keren banget sih 🇮🇩 Program Makan Bergizi Gratis (MBG) udah tembus 36 2 JUTA penerima manfaat! Bayangin negara kita sekarang bisa kasih makan setara 7x Singapura tiap hari #MBG #LanjutkanMBG Timothy #ENHYPEN #2025MAMAVOTE #SEVENTEEN I VOTE rejuran #CORTIS zona https://t.co/4P8oDRsliA,1979691403476353096,https://pbs.twimg.com/media/G3lG1xJW0AAeCKF.jpg,,in,,0,0,0,https://x.com/undefined/status/1979691403476353096,1804674220389249024,
1978694871687823623,Sat Oct 18 21:49:47 +0000 2025,0,@01Koramil MBG upaya nyata dalam mengurangi masalah gizi buruk. #makanbergizigratis #nawacita #makanbergizi https://t.co/Utrt6iu27T,1979666242329100466,https://pbs.twimg.com/media/G3kv8XyWYAACyNc.jpg,Cahayam46075895,in,,0,0,0,https://x.com/undefined/status/1979666242329100466,1630259743926403073,
1978694871687823623,Sat Oct 18 21:49:37 +0000 2025,0,@01Koramil MBG upaya nyata dalam mengurangi masalah gizi buruk. #makanbergizigratis #nawacita #makanbergizi https://t.co/fJtiuv9D9d,1979666203468841427,https://pbs.twimg.com/media/G3kv6XlXwAA2OMx.jpg,Cahayam46075895,in,,0,0,0,https://x.com/undefined/status/1979666203468841427,1630259743926403073,
1978694871687823623,Sat Oct 18 21:49:28 +0000 2025,0,@01Koramil MBG bukan sekedar program tapi harapan anak-anak Indonesia. #makanbergizigratis #nawacita #makanbergizi https://t.co/3AL80yT7ib,1979666163664822682,https://pbs.twimg.com/media/G3kv3vKXYAACP8_.jpg,Cahayam46075895,in,,0,0,0,https://x.com/undefined/status/1979666163664822682,1630259743926403073,
1978694871687823623,Sat Oct 18 21:49:17 +0000 2025,0,@01Koramil Anak sekolah perut kenyang orak terbang dulu PR sambil nahan lapar sekaran? sarapan gratis dulu baru fokus belajar. #makanbergizigratis #nawacita #makanbergizi https://t.co/slgu1gmOY8,1979666116520837451,https://pbs.twimg.com/media/G3kv1DSWgAAZ3WI.jpg,01Koramil,in,,0,3,0,https://x.com/undefined/status/1979666116520837451,1630259743926403073,
1979659861513404870,Sat Oct 18 21:24:25 +0000 2025,0,Operasional Dapur MBG Dihentikan Sementara Pasca 426 Siswa SMAN 1 Yogyakarta Keracunan #MakanBergiziGratis https://t.co/uozhZD4Bf2,1979659861513404870,https://pbs.twimg.com/amplify_video_thumb/1979659831041511424/img/dujp8IBgsHXgc28K.jpg,,in,,0,25,3,https://x.com/undefined/status/1979659861513404870,2377352785,
1979659835881988341,Sat Oct 18 21:24:19 +0000 2025,0,Penghentian Sementara Dapur MBG Setelah Insiden Keracunan di SMAN 1 Yogyakarta #MakanBergiziGratis https://t.co/0a0G4tB6kO,1979659835881988341,https://pbs.twimg.com/media/G3kqH7AWoAALosr.jpg,,in,,0,24,4,https://x.com/undefined/status/1979659835881988341,2377352785,
1978354365858468027,Sat Oct 18 20:02:00 +0000 2025,0,@perupadata MBG Sejalan Dengan Visi Indonesia Emas 2045 #MBG #MakanBergiziGratis #PapuaBarat #Prabowo https://t.co/cEyolf9ukJ,1979639119056891940,https://pbs.twimg.com/media/G3kXOxcXUAIaZU8.png,perupadata,in,,0,0,0,https://x.com/undefined/status/1979639119056891940,1413436646423293955,
1979571176319152441,Sat Oct 18 20:01:58 +0000 2025,0,@xremiums MBG Sejalan Dengan Visi Indonesia Emas 2045 #MBG #MakanBergiziGratis #PapuaBarat #Prabowo https://t.co/UhtIGrGnbA,1979639108743131592,https://pbs.twimg.com/media/G3kXIE_W0AI3mg1.png,xremiums,in,,0,0,0,https://x.com/undefined/status/1979639108743131592,1413436646423293955,
1979577943363129410,Sat Oct 18 15:58:55 +0000 2025,0,Pentingnya program MBG untuk masa depan #FaktaIndonesia #MakanBergiziGratis #ManfaatMakanBergiziGratis #DukungProgramMakanBergiziGratis https://t.co/YdeqdBtx7W,1979577943363129410,https://pbs.twimg.com/media/G3jfpfVWUAAPgPG.jpg,,in,,0,0,0,https://x.com/undefined/status/1979577943363129410,1615863108630728705,
1979577900027523286,Sat Oct 18 15:58:44 +0000 2025,0,MBG adalah langkah nyata membangun generasi sehat #MakanBergiziGratis #GenerasiSehat #IndonesiaEmas https://t.co/VphBeterL7,1979577900027523286,https://pbs.twimg.com/media/G3jfm83XUAA4D21.jpg,,in,,0,0,0,https://x.com/undefined/status/1979577900027523286,1615863108630728705,
1979577852678078914,Sat Oct 18 15:58:33 +0000 2025,0,MBG buat anak lebih fokus belajar #MakanBergiziGratis #GenerasiSehat #IndonesiaEmas https://t.co/edeYUC2lOD,1979577852678078914,https://pbs.twimg.com/media/G3jfkLjW8AAgOxw.jpg,,in,,0,0,0,https://x.com/undefined/status/1979577852678078914,1615863108630728705,
1979577812794429749,Sat Oct 18 15:58:24 +0000 2025,0,Dukung Program Makan Bergizi Gratis #MakanBergiziGratis #GenerasiSehat #IndonesiaEmas https://t.co/TZ01B1busI,1979577812794429749,https://pbs.twimg.com/media/G3jfh4vWAAIGWgb.jpg,,in,,0,0,0,https://x.com/undefined/status/1979577812794429749,1615863108630728705,
1979577777130287131,Sat Oct 18 15:58:15 +0000 2025,0,Perut terisi belajar pun berisi! #MakanBergiziGratis #GenerasiSehat #IndonesiaEmas https://t.co/oIkKk8j4CS,1979577777130287131,https://pbs.twimg.com/media/G3jff28WcAEtKXo.jpg,,in,,0,0,0,https://x.com/undefined/status/1979577777130287131,1615863108630728705,
1979577740878819706,Sat Oct 18 15:58:06 +0000 2025,0,MBG Pondasi masa depan cerah #MakanBergiziGratis #GenerasiSehat #IndonesiaEmas https://t.co/G9bDcUveZL,1979577740878819706,https://pbs.twimg.com/media/G3jfdoAXQAEHi9j.jpg,,in,,0,0,0,https://x.com/undefined/status/1979577740878819706,1615863108630728705,
1979577693495787715,Sat Oct 18 15:57:55 +0000 2025,0,Bersama dukung program MBG #MakanBergiziGratis #GenerasiSehat #IndonesiaEmas https://t.co/SMcZVcPyDy,1979577693495787715,https://pbs.twimg.com/media/G3jfa6lW8AAwacO.jpg,,in,,0,0,0,https://x.com/undefined/status/1979577693495787715,1615863108630728705,
1979577656615268469,Sat Oct 18 15:57:46 +0000 2025,0,MBG anak sehat Indonesia hebat #FaktaIndonesia #MakanBergiziGratis #DukungMakanBergiziGratis #DukungProgramMakanBergiziGratis https://t.co/2MwqY1a4Oa,1979577656615268469,https://pbs.twimg.com/media/G3jfYxIXsAAU9CE.jpg,,in,,0,0,0,https://x.com/undefined/status/1979577656615268469,1615863108630728705,
1979575925265342973,Sat Oct 18 15:50:53 +0000 2025,0,Ayok gasss guysssss #makanbergizigratis #mbg #kawalmbg #prabowo #badangizinasional https://t.co/b9pFzG5GDv,1979575925265342973,https://pbs.twimg.com/media/G3jdzdFXMAALxo-.jpg,,in,,0,0,0,https://x.com/undefined/status/1979575925265342973,1973002988303335424,
1970662548916838679,Sat Oct 18 15:50:04 +0000 2025,0,@grok @bachrum_achmadi @prabowo @mohmahfudmd @mbg @PurbayaYudhi #Mbg program tai kebo @grok #tskingNote No Viral No Justice siapa yang berani viralkan program yang ditangani mayoritas Purna Polri dan TNI serta Tim Berkeringat @prabowo @grok ???,1979575719341748639,,grok,in,,0,1,0,https://x.com/undefined/status/1979575719341748639,1604088193196109826,
1979575644146237510,Sat Oct 18 15:49:46 +0000 2025,0,Jadi kamu tim pro atau kontra? #makanbergizigratis #mbg #kawalmbg #prabowo #badangizinasional https://t.co/bz86Q7wuMS,1979575644146237510,https://pbs.twimg.com/media/G3jdjNrW4AARkz3.jpg,,in,,0,0,0,https://x.com/undefined/status/1979575644146237510,1973002988303335424,
1979575166872272990,Sat Oct 18 15:47:53 +0000 2025,0,Skema anggaran MBG. #makanbergizigratis #mbg #bgn #kawalmbg https://t.co/PxBXxjNlTb,1979575166872272990,https://pbs.twimg.com/media/G3jdHIeXkAAmzon.jpg,,in,,0,0,0,https://x.com/undefined/status/1979575166872272990,1973002988303335424,
1979574860268671441,Sat Oct 18 15:46:40 +0000 2025,0,Ketika Mbappe makan MBG #kawalmbg #mbg #makanbergizigratis https://t.co/7fYAK8qA6G,1979574860268671441,https://pbs.twimg.com/amplify_video_thumb/1979574683457523712/img/1LkCbGPC4sImgLKJ.jpg,,in,,0,0,0,https://x.com/undefined/status/1979574860268671441,1973002988303335424,
1970662548916838679,Sat Oct 18 15:44:37 +0000 2025,0,@grok @bachrum_achmadi @prabowo @mohmahfudmd @mbg @PurbayaYudhi Setiap bahas #MBG emosi Saya memuncak @grok Saya anggap ini Kedunguan yang nyata @prabowo krn janji kampanye tidak rasional apalagi bicara #SPPG daerah terpencil piye lek nglakoni bagaimana jalankanya Justru anak2 daerah terpencil menjadi anak2 yg teraniaya @PurbayaYudhi,1979574344742478239,,wibisonoys,in,,0,1,1,https://x.com/undefined/status/1979574344742478239,1604088193196109826,
1979566258342572346,Sat Oct 18 15:12:29 +0000 2025,2,Apresiasi untuk SPPG POLRI MBG jadi aman dan sehat #police #poldalampung #mbg https://t.co/fHXduAQjAk,1979566258342572346,https://pbs.twimg.com/ext_tw_video_thumb/1979566217204559872/pu/img/kaHfZLcdeCeSWhYa.jpg,,in,,0,0,0,https://x.com/undefined/status/1979566258342572346,1977624868549246976,
1979452158660825313,Sat Oct 18 07:39:05 +0000 2025,1,Gubernur DIY Sultan Hamengku Buwana X (HB X) menilai beban tugas yang diberikan kepada Satuan Pelayanan Pemenuhan Gizi (SPPG) terlalu berat. Baca selengkapnya di sini : https://t.co/b1thoTPbhL #MBG #SPPG #DIY #Gubernur #wewearvvon #YandriSusantoTOP Timothy What You Want,1979452158660825313,,,in,,0,0,0,https://x.com/undefined/status/1979452158660825313,1910555103087779842,
1979437196403970523,Sat Oct 18 07:31:54 +0000 2025,0,@satriohendri #MBG dan #KDMP Hanya bancaan anggaran menciptakan Hilirisasi korupsi,1979450350773112853,,wibisonoys,in,,0,0,0,https://x.com/undefined/status/1979450350773112853,1604088193196109826,
1979437196403970523,Sat Oct 18 07:24:04 +0000 2025,0,@satriohendri Sudah saya Diksi lama #KDMP sama dengan #MBG program ambisius dan tidak rasional karena SDM Penyelenggara orang2 korup &amp; kita belum bisa kliuar dari #ZonaNegeriKorup permainan Fee proyek pengadaan barang dan jasa menjadi sebuah keniscayaan Intuisi saya Valid @satriohendri,1979448378196136138,,satriohendri,in,,0,1,0,https://x.com/undefined/status/1979448378196136138,1604088193196109826,
1979444486100127764,Sat Oct 18 07:08:36 +0000 2025,0,Anak sehat bangsa kuat! Program Makan Bergizi Gratis jadi langkah nyata mencetak generasi unggul Indonesia Emas. #MakanBergiziGratis #GenerasiSehatCerdas #DukungProgramMBG #IndonesiaEmas2045 https://t.co/cLsvKlkq9f,1979444486100127764,https://pbs.twimg.com/media/G3hmQ3xX0AAjlrS.jpg,,in,,0,0,0,https://x.com/undefined/status/1979444486100127764,1090195233260748800,
1979443924902253016,Sat Oct 18 07:06:22 +0000 2025,0,Anak sehat bangsa kuat! Program Makan Bergizi Gratis jadi langkah nyata mencetak generasi unggul Indonesia Emas. #MakanBergiziGratis #GenerasiSehatCerdas #DukungProgramMBG #IndonesiaEmas2045 https://t.co/ofwKTUIcsT,1979443924902253016,https://pbs.twimg.com/media/G3hlwN1XUAA3NVk.jpg,,in,,0,0,0,https://x.com/undefined/status/1979443924902253016,1090195233260748800,
1979442325429588256,Sat Oct 18 07:06:20 +0000 2025,1,@Imamu_Sheka @multibank_io &gt; $MBG is cooking something massive! RWA narrative just getting started early believers gonna make it big! #RWA #MBG,1979443917490643370,,Imamu_Sheka,en,,0,0,1,https://x.com/undefined/status/1979443917490643370,1754800424211623936,
1979443899765789041,Sat Oct 18 07:06:16 +0000 2025,0,Anak sehat bangsa kuat! Program Makan Bergizi Gratis jadi langkah nyata mencetak generasi unggul Indonesia Emas. #MakanBergiziGratis #GenerasiSehatCerdas #DukungProgramMBG #IndonesiaEmas2045 https://t.co/bgqpSekfsA,1979443899765789041,https://pbs.twimg.com/media/G3hluuDX0AElHZb.jpg,,in,,0,0,0,https://x.com/undefined/status/1979443899765789041,1090195233260748800,
1979443868748984566,Sat Oct 18 07:06:09 +0000 2025,0,Anak sehat bangsa kuat! Program Makan Bergizi Gratis jadi langkah nyata mencetak generasi unggul Indonesia Emas. #MakanBergiziGratis #GenerasiSehatCerdas #DukungProgramMBG #IndonesiaEmas2045 https://t.co/9dcRm7Qudz,1979443868748984566,https://pbs.twimg.com/media/G3hls9GWsAAnZBn.jpg,,in,,0,0,0,https://x.com/undefined/status/1979443868748984566,1090195233260748800,
1979439191235924015,Sat Oct 18 06:47:36 +0000 2025,0,#BPOMTabalong #BPOMRI #MBG #PengawasanObatdanMakanan https://t.co/oeaLL59r2n,1979439201293828321,https://pbs.twimg.com/media/G3hhZfsWsAATj3f.jpg,bpomtabalong,qme,,0,0,0,https://x.com/undefined/status/1979439201293828321,1036965156180262912,
1979434787866816673,Sat Oct 18 06:30:04 +0000 2025,0,YLKI Sebut Kasus Keracunan Massal MBG Sudah Masuk Kategori KLB Apa Alasannya? https://t.co/xyohxnFVmi #MakanBergiziGratis,1979434787866816673,,,in,,0,0,0,https://x.com/undefined/status/1979434787866816673,43799886,
1979430565859528855,Sat Oct 18 06:13:20 +0000 2025,0,Kalau setiap daerah punya semangat kayak MBG Indonesia bakal makin kuat dari akar rumputnya. Bukan cuma tumbuh tapi berdaulat. #MBG #BangunDariBawah #KerjaNyataUntukRakyat https://t.co/FLVzZjNBo6,1979430578962469043,https://pbs.twimg.com/media/G3hZnZSWYAEQkAe.jpg,Maulianurrahma,in,,0,0,0,https://x.com/undefined/status/1979430578962469043,348948154,
1979426403423777253,Sat Oct 18 05:56:45 +0000 2025,0,Program Makan Bergizi Gratis tidak hanya menyehatkan generasi muda tetapi juga menggerakkan roda ekonomi lokal melalui pemberdayaan petani peternak dan pelaku UMKM pangan. #MakanBergiziGratis #EkonomiLokal #GenerasiSehat https://t.co/7Q56AS4hfI,1979426403423777253,https://pbs.twimg.com/media/G3hV0HlXAAAvdrM.jpg,,in,,0,0,0,https://x.com/undefined/status/1979426403423777253,1917036872892841984,
1979425798181523657,Sat Oct 18 05:54:20 +0000 2025,0,Makan Bergizi Gratis: Investasi masa depan bangsa. Setuju? Bagikan pendapatmu! #MakanBergiziGratis #InvestasiBangsa https://t.co/ONuaRuaNIU,1979425798181523657,https://pbs.twimg.com/media/G3hVRanXwAAWw3I.jpg,,in,,0,0,0,https://x.com/undefined/status/1979425798181523657,359802769,
1979425207078261033,Sat Oct 18 05:51:59 +0000 2025,0,Makan Bergizi Gratis: Investasi masa depan bangsa. Setuju? Bagikan pendapatmu! #MakanBergiziGratis #InvestasiBangsa https://t.co/INyrlp6MUh,1979425207078261033,https://pbs.twimg.com/media/G3hUvGHXAAAq7Bt.jpg,,in,,0,0,0,https://x.com/undefined/status/1979425207078261033,1844360750170865665,
1979336467844600005,Fri Oct 17 23:59:22 +0000 2025,5,Program Makan Bergizi Gratis (MBG) hadir untuk memastikan setiap anak Indonesia tumbuh sehat dan cerdas. Dengan gizi seimbang di sekolah generasi muda disiapkan jadi SDM unggul yang kuat produktif dan berdaya saing tinggi demi masa depan bangsa. ️🇮🇩 #MakanBergiziGratis https://t.co/RrbyxMSVK6,1979336467844600005,https://pbs.twimg.com/ext_tw_video_thumb/1979336412248817664/pu/img/xo7gSbn3MJDMTSwe.jpg,,in,,0,1,4,https://x.com/undefined/status/1979336467844600005,1598186106230448129,
1979335303094768076,Fri Oct 17 23:54:45 +0000 2025,0,Gizi terpenuhi anak makin pintar dan semangat belajar.#MBG #AnakSehat #IndonesiaTerang https://t.co/gwLWrZrxY0,1979335303094768076,https://pbs.twimg.com/media/G3gC9_tWwAAS3u9.jpg,,in,,0,0,0,https://x.com/undefined/status/1979335303094768076,1366903075890335744,
1979335272589595104,Fri Oct 17 23:54:37 +0000 2025,6,Anak yang bergizi belajar lebih fokus dan berprestasi.#MBG #AnakSehat #IndonesiaTerang https://t.co/RF0jJCuS1N,1979335272589595104,https://pbs.twimg.com/media/G3gC8PfWkAAv0w1.jpg,,in,,0,6,1,https://x.com/undefined/status/1979335272589595104,1366903075890335744,
1979331353377476848,Fri Oct 17 23:39:03 +0000 2025,3,Mahasiswa UGM turun tangan bikin microgreens dari mikroalga buat dukung program Makan Bergizi Gratis (MBG)! Biar gizinya naik tapi tetap aman dikonsumsi. Udah keren solutif lagi #MBG #AnakMudaBerinovasi https://t.co/JCsoeOSEQg,1979331353377476848,https://pbs.twimg.com/media/G3f_XR9XgAAdV4h.jpg,,in,,0,0,2,https://x.com/undefined/status/1979331353377476848,1405048231571034114,
1979329303193227395,Fri Oct 17 23:30:54 +0000 2025,0,Gizi baik hari ini adalah pondasi bangsa yang kuat esok hari #MBG #BangsaSehat https://t.co/FUWuEJV9IH,1979329303193227395,https://pbs.twimg.com/media/G3f9guQW0AA9APT.jpg,,in,,0,0,0,https://x.com/undefined/status/1979329303193227395,1150816207,
1979325276401340477,Fri Oct 17 23:14:54 +0000 2025,0,Mahasiswa UGM kembangkan inovasi pangan dari mikroalga untuk dukung program Makan Bergizi Gratis! Solusi gizi masa depan dimulai dari laboratorium kampus. #MBG #MBGJalanTerus #MakanBergiziGratis #LanjutkanMBG RIP Timothy Sabtu Jule Pagiii asta cita Transmart #2025MAMAVOTE https://t.co/DA8aP6KFxA,1979325276401340477,https://pbs.twimg.com/media/G3f513CWsAAJpBX.jpg,,in,,0,0,0,https://x.com/undefined/status/1979325276401340477,1897709688281874434,
1979324731255066752,Fri Oct 17 23:12:44 +0000 2025,0,IFSR mencatat 411 daerah di Indonesia berhasil jalankan program Makan Bergizi Gratis (MBG) tanpa satu pun insiden keracunan. Bukti sistem keamanan pangan makin kuat! #MBG #MBGJalanTerus #MakanBergiziGratis #LanjutkanMBG RIP Timothy Sabtu Jule Pagiii asta cita Transmart https://t.co/PTblNFr0Fh,1979324731255066752,https://pbs.twimg.com/media/G3f5WLRXMAAmbZ-.jpg,,in,,0,0,0,https://x.com/undefined/status/1979324731255066752,1897709688281874434,
1979222492561707468,Fri Oct 17 16:26:29 +0000 2025,6,Apresiasi Ning Lia untuk Prabowo-Gibran: Kepemimpinan Gebrakan Nyata di Tahun Pertama Dr. Lia Istifhama apresiasi 1 tahun pertama pemerintahan. Baca selengkapnya........ https://t.co/JLxShKYGd7 #Prabowo #MBG #DPDRI #NingLia #Senator https://t.co/5t4ECu2oL6,1979222492561707468,https://pbs.twimg.com/media/G3ecXlEX0AcgttV.jpg,,in,,0,0,5,https://x.com/undefined/status/1979222492561707468,1899675637260152832,
1979218154082783548,Fri Oct 17 16:09:14 +0000 2025,0,Program MBG Serap Nyaris 1 Juta Tenaga Kerja Dongkrak Ekonomi Lokal https://t.co/q44rtnAfVm #BGN #MBG #Prabowo #ekonomi #pekerjaan #bitvonline,1979218154082783548,,,in,,0,0,0,https://x.com/undefined/status/1979218154082783548,1641028826489823232,
1979216632703512729,Fri Oct 17 16:03:11 +0000 2025,2, @multibank_io is bridging TradFi + Web3 in a big way: launching $MBG tokenizing $3B in real estate with MAG &amp; Mavryk backed by $29B in assets &amp; major volume. Waitlist is live. Token Genset: July 22 2025. Don t miss this utility play. #MBG #MultiBank #RWA #Web3 #Crypto,1979216632703512729,,,en,,0,1,0,https://x.com/undefined/status/1979216632703512729,1593636269489377281,
1892124139789389830,Fri Oct 17 15:49:09 +0000 2025,0,@prabowo @OmbudsmanRI137 @DPR_RI @BPOM_RI @komnas_anak @DPDRI @bpkri @KemenkesRI @BPKN_RI @riekediahp @cakimiNOW @KPAI_official @KPK_RI @Abe_Mukti @Kemdikdasmen @KejaksaanRI @kpp_pa @setkabgoid @KemensetnegRI @KemenkeuRI @idai_tweets @MBG_Watch 17/10/2025 12 siswa SD di kediren Lambeyan Magetan keracunan #MBG https://t.co/I5LI1SNqJI,1979213098457403831,,shintaeffendi,in,,0,6,0,https://x.com/undefined/status/1979213098457403831,46523425,
1892124139789389830,Fri Oct 17 15:40:54 +0000 2025,0,@prabowo @OmbudsmanRI137 @DPR_RI @BPOM_RI @komnas_anak @DPDRI @bpkri @KemenkesRI @BPKN_RI @riekediahp @cakimiNOW @KPAI_official @KPK_RI @Abe_Mukti @Kemdikdasmen @KejaksaanRI @kpp_pa @setkabgoid @KemensetnegRI @KemenkeuRI @idai_tweets @MBG_Watch 13 Siswa SD Margamulya tasikmalaya Jabar keracunan #MBG,1979211024789123465,,shintaeffendi,in,,0,1,0,https://x.com/undefined/status/1979211024789123465,46523425,
1892124139789389830,Fri Oct 17 15:30:19 +0000 2025,0,@prabowo @OmbudsmanRI137 @DPR_RI @BPOM_RI @komnas_anak @DPDRI @bpkri @KemenkesRI @BPKN_RI @riekediahp @cakimiNOW @KPAI_official @KPK_RI @Abe_Mukti @Kemdikdasmen @KejaksaanRI @kpp_pa @setkabgoid @KemensetnegRI @KemenkeuRI @idai_tweets @MBG_Watch 15/10/2025 426 siswa SMAN 1 yogyakarta keracunan #MBG berdampak menolak porsi makanan keesokan harinya (16/10/2025) https://t.co/bXZhxnuunp,1979208359308915102,https://pbs.twimg.com/media/G3ePbQnWAAAT5Id.jpg,shintaeffendi,in,,0,6,0,https://x.com/undefined/status/1979208359308915102,46523425,
1979166705172558159,Fri Oct 17 12:44:48 +0000 2025,0,Presiden perintahkan kepada BGN meniru SPPG Polri. Banyak yang belum tau : SPPG Polri sudah wajibkan rapid test makanan MBG. Hasilnya zero kasus keracunan. Inilah bukti Polri bukan menjaga jalanan tapi juga menjaga pangan rakyat. #polriuntuknegeri #SPPG #makanbergizigratis https://t.co/4UnqgWW5No,1979166705172558159,https://pbs.twimg.com/ext_tw_video_thumb/1979166282613231617/pu/img/9p9voDSjCeMiOPSA.jpg,,in,,0,0,0,https://x.com/undefined/status/1979166705172558159,1628997092957093894,
1979164482753458605,Fri Oct 17 12:35:58 +0000 2025,1,#PolresKarangasem #SPPG #MBG #MakanBergizi #PolriPresisi #PolriMelayani #GenerasiSehat https://t.co/X6VFEKrNCA,1979164482753458605,,,qme,,0,0,0,https://x.com/undefined/status/1979164482753458605,1245952894907461632,
1979136632797151499,Fri Oct 17 11:55:24 +0000 2025,0,@MrWhaleREAL You already know dips don t scare believers they build positions #RWA #MVRK #MBG #ESX,1979154275956674918,,MrWhale,en,,0,1,0,https://x.com/undefined/status/1979154275956674918,1431876126113091584,
1979153818592907278,Fri Oct 17 11:53:35 +0000 2025,0,5 7 juta warga Jateng sudah nikmati program Makan Bergizi Gratis! SPPG terus bertambah makin banyak pelajar ibu &amp; balita merasakan manfaatnya. Baca detail https://t.co/enxbrvBrK3 #MBG #SPPG #JawaTengah #GiziAnak #KetahananPangan #Gratis #InovasiPangan,1979153818592907278,,,in,,0,0,0,https://x.com/undefined/status/1979153818592907278,927190686985678849,
1979144967701631414,Fri Oct 17 11:18:25 +0000 2025,0,Kapolri resmikan 32 &amp; groundbreaking 27 SPPG di Jateng. Langkah nyata dukung makan bergizi gratis Presiden Prabowo untuk jutaan pelajar! Baca selengkapnya https://t.co/ebLkdJSjNC #SPPG #MBG #Kapolri #PresidenPrabowo #Jateng #GiziAnak #PendidikanMaju,1979144967701631414,,,in,,0,0,0,https://x.com/undefined/status/1979144967701631414,927190686985678849,
1979140915135680836,Fri Oct 17 11:02:19 +0000 2025,0,Pemkab Magetan tetap berkomitmen meningkatkan kualitas hidup masyarakat #MagetanPeduli #KualitasHidup #MBG https://t.co/QxWpKg1zbR,1979140915135680836,https://pbs.twimg.com/media/G3dSKh3XUAAoFDA.jpg,,in,,0,0,0,https://x.com/undefined/status/1979140915135680836,1712303753855160320,
1979140333205119055,Fri Oct 17 11:00:00 +0000 2025,5,#cluster #ハロウィン #MBG #VR妖精郷 https://t.co/n2dCCEXxOg,1979140333205119055,https://pbs.twimg.com/media/G3ccWsHWkAAHm6q.jpg,,qme,,0,0,0,https://x.com/undefined/status/1979140333205119055,1968554649365135360,
1979139198935281733,Fri Oct 17 10:55:30 +0000 2025,0,#polri #sppg #makanbergizigratis #beritaterkini https://t.co/cORN6I3GwJ,1979139198935281733,https://pbs.twimg.com/amplify_video_thumb/1979139083197673472/img/HpajzHEBjJS1Xpca.jpg,,qme,,0,0,0,https://x.com/undefined/status/1979139198935281733,1962790645443223552,
1979130401978487183,Fri Oct 17 10:20:32 +0000 2025,0,MBG menggerakkan ekonomi dan meningkatkan gizi pada anak #MBG #Ekonomi https://t.co/Z1g3KuRlnC,1979130401978487183,https://pbs.twimg.com/media/G3dIk8FXAAEuvRO.jpg,,in,,0,0,0,https://x.com/undefined/status/1979130401978487183,1324490377,
1979130020565315793,Fri Oct 17 10:19:02 +0000 2025,0,Nasi Goreng Telur Ceplok Jadi Menu Serentak #MBG di Hari Ulang Tahun #Prabowo https://t.co/J0NPdYPjlP #HariUlangTahunPrabowo #MenuSerentakMBG #NasiGorengTelurCeplok,1979130020565315793,,,in,,0,0,0,https://x.com/undefined/status/1979130020565315793,1272427767942926337,
1979129613713576379,Fri Oct 17 10:17:25 +0000 2025,0,MBG menggerakkan ekonomi dan meningkatkan gizi pada anak #MBG #Ekonomi https://t.co/nSbubCqnMY,1979129613713576379,https://pbs.twimg.com/media/G3dH2FnXcAAHRvH.jpg,,in,,0,0,0,https://x.com/undefined/status/1979129613713576379,893243907248705536,
1979128370945278021,Fri Oct 17 10:12:28 +0000 2025,0,MAKAN BERGIZI GRATIS SETIAP JUMAT SIANG DI TAMBAKSARI SURABAYA #makanbergizigratis #mbg #prabowo https://t.co/sYIDwUhv5U,1979128370945278021,https://pbs.twimg.com/ext_tw_video_thumb/1979128176954494977/pu/img/NkYuhgWOlZhxx3xc.jpg,,in,,0,0,0,https://x.com/undefined/status/1979128370945278021,1737471380101197824,
1979127884372460015,Fri Oct 17 10:10:32 +0000 2025,0,Kapolres Karangasem AKBP Joseph Edward Purba S.H. S.I.K. M.H. menyaksikan langsung proses distribusi Makan Bergizi Gratis (MBG) di SDN 1 Ulakan Manggis dalam proses Uji Coba Jumat (17/10) #PolresKarangasem #MBG #SPPG #PolriPeduli #PolriMelayani https://t.co/hFMbyc1t3g,1979127884372460015,https://pbs.twimg.com/media/G3dGTqmXAAAMqRK.jpg,,in,,0,0,0,https://x.com/undefined/status/1979127884372460015,918683660248793088,
1979123013611356217,Fri Oct 17 09:51:11 +0000 2025,0,Cerita Siswa SMAN 1 Yogyakarta Trauma Usai Keracunan Massal MBG #MBG #KeracunanMBG #SMAN1Yogyakarta https://t.co/d5smKKzUJ2,1979123013611356217,,,in,,0,4,0,https://x.com/undefined/status/1979123013611356217,1177104115148578816,
1979119837398868293,Fri Oct 17 09:38:34 +0000 2025,0,Makan Bergizi Gratis Korupsi yang Dilegalisasi https://t.co/qeEeO59lNU #makanbergizigratis #beritaterkini,1979119837398868293,,,in,,0,0,0,https://x.com/undefined/status/1979119837398868293,1889341854396948482,
1979118498094739496,Fri Oct 17 09:33:14 +0000 2025,0,Program makan bergizi gratis jadi tumpuan peningkatan ekonomi daerah #EkonomiLokal #MBG #PembangunanDaerah https://t.co/eWLuCT7fOX,1979118498094739496,https://pbs.twimg.com/media/G3c9xrPXkAA8qO5.jpg,,in,,0,0,0,https://x.com/undefined/status/1979118498094739496,1711972481895198720,
1979116926434709635,Fri Oct 17 09:27:00 +0000 2025,0,Makan bergizi hari ini generasi kuat di masa depan. Dukung Program Makan Bergizi Gratis untuk Indonesia yang sehat dan cerdas! #MakanBergiziGratis #GenerasiSehatCerdas #DukungProgramMBG #IndonesiaMaju https://t.co/Ld4SPYREq7,1979116926434709635,https://pbs.twimg.com/media/G3c8WatWsAAvj01.jpg,,in,,0,0,0,https://x.com/undefined/status/1979116926434709635,1090195233260748800,
1979116895136813546,Fri Oct 17 09:26:52 +0000 2025,0,Makan bergizi hari ini generasi kuat di masa depan. Dukung Program Makan Bergizi Gratis untuk Indonesia yang sehat dan cerdas! #MakanBergiziGratis #GenerasiSehatCerdas #DukungProgramMBG #IndonesiaMaju https://t.co/o6l3646mbn,1979116895136813546,https://pbs.twimg.com/media/G3c8UnQXIAAoLWW.jpg,,in,,0,0,0,https://x.com/undefined/status/1979116895136813546,1090195233260748800,
1979116859661168845,Fri Oct 17 09:26:44 +0000 2025,0,Makan bergizi hari ini generasi kuat di masa depan. Dukung Program Makan Bergizi Gratis untuk Indonesia yang sehat dan cerdas! #MakanBergiziGratis #GenerasiSehatCerdas #DukungProgramMBG #IndonesiaMaju https://t.co/71kUIDwNiH,1979116859661168845,https://pbs.twimg.com/media/G3c8SkGXQAA54DE.jpg,,in,,0,0,0,https://x.com/undefined/status/1979116859661168845,1090195233260748800,
1979111726801977642,Fri Oct 17 09:06:20 +0000 2025,0,Pemkab Magetan jaga kesejahteraan masyarakat lewat program bergizi gratis #Kesejahteraan #MBG #MagetanSehat https://t.co/GJC643NIym,1979111726801977642,https://pbs.twimg.com/media/G3c3mtFXsAA6P-0.jpg,,in,,0,0,0,https://x.com/undefined/status/1979111726801977642,1712306406509207552,
1979110547091263865,Fri Oct 17 09:01:39 +0000 2025,1,Doni Gobay mendukung program MBG di Papua #MakanBergiziGratis #MakanBergiziGratisBantuUMKM #MBGPapua https://t.co/HM7BpSdr5W,1979110547091263865,https://pbs.twimg.com/media/G3c2jQ_W4AATKdu.jpg,,in,,0,0,0,https://x.com/undefined/status/1979110547091263865,1775536487343464448,
1979110458557652992,Fri Oct 17 09:01:18 +0000 2025,1,Makan bergizi gratis di Papua mengurangi stunting #MakanBergiziGratis #MakanBergiziGratisBantuUMKM #MBGPapua https://t.co/bamFgVvK9B,1979110458557652992,https://pbs.twimg.com/media/G3c2ePTXUAApslr.jpg,,in,,0,0,0,https://x.com/undefined/status/1979110458557652992,1775536487343464448,
1979110270958977025,Fri Oct 17 09:00:33 +0000 2025,1,Program MBG merupakan bentuk upaya kepedulian pemerintah terhadap kesehatan anak Papua #MakanBergiziGratis #MakanBergiziGratisBantuUMKM #MBGPapua https://t.co/rsMaN41JI2,1979110270958977025,https://pbs.twimg.com/media/G3c2TYfWIAA_OmM.jpg,,in,,0,0,0,https://x.com/undefined/status/1979110270958977025,1775536487343464448,
1979110068282171600,Fri Oct 17 08:59:45 +0000 2025,1,Dukung upaya pemerintah meningkatkan kesehatan dan gizi anak melalui program MBG di Papua. #MakanBergiziGratis #MakanBergiziGratisBantuUMKM #MBGPapua https://t.co/II942hL3Y6,1979110068282171600,https://pbs.twimg.com/media/G3c2HeXW0AA6cy6.jpg,,in,,0,0,0,https://x.com/undefined/status/1979110068282171600,1775536487343464448,
1979108552368062555,Fri Oct 17 08:53:43 +0000 2025,0,Cek Fakta: Menteri Keuangan Tarik Dana MBG Rp71 Triliun? Jangan Mudah Percaya! #mentrikeuangan #MBG #Nasional https://t.co/nQWhPes2x2,1979108552368062555,,,in,,0,0,0,https://x.com/undefined/status/1979108552368062555,1935402459104690179,
1979104670405550365,Fri Oct 17 08:38:18 +0000 2025,1,BGN memberikan ultimatum satu minggu kepada pengelola dapur Program Makan Bergizi Gratis (MBG) di Cisarua Kabupaten Bandung Barat Jawa Barat. Baca selengkapnya disini : https://t.co/9mFWYmJIee #bgn #mbg #higeinitas #cisarua #jawabarat #StrayKids Transmart Jule Pendek Jumat,1979104670405550365,,,in,,0,0,0,https://x.com/undefined/status/1979104670405550365,1946058193559494656,
1979103012124578002,Fri Oct 17 08:31:42 +0000 2025,1,Gizi cukup = semangat belajar meningkat. Bersama program makan bergizi gratis kita bentuk generasi cerdas dan kuat! #MakanBergiziGratis #AnakSehatIndonesiaHebat #GiziUntukMasaDepan #GenerasiEmasIndonesia #DukungProgramBaik https://t.co/WF1deyNe0T,1979103012124578002,https://pbs.twimg.com/media/G3cvs4WWkAAriLb.jpg,,in,,0,0,0,https://x.com/undefined/status/1979103012124578002,1296263815533756416,
1979102982814994484,Fri Oct 17 08:31:35 +0000 2025,1,Mari jaga dan dukung program makan bergizi gratis bersama! #MakanBergiziGratis #AnakSehatIndonesiaHebat #GiziUntukMasaDepan #GenerasiEmasIndonesia #DukungProgramBaik https://t.co/94hfrFQGDp,1979102982814994484,https://pbs.twimg.com/media/G3cvrJyWgAAQWys.jpg,,in,,0,0,0,https://x.com/undefined/status/1979102982814994484,1296263815533756416,
1979102952733446185,Fri Oct 17 08:31:28 +0000 2025,1,Tak ada lagi anak belajar dalam keadaan lapar. Program makan gratis di sekolah jadi bukti kepedulian yang nyata. #MakanBergiziGratis #AnakSehatIndonesiaHebat #GiziUntukMasaDepan #GenerasiEmasIndonesia #DukungProgramBaik https://t.co/H788D8iAGj,1979102952733446185,https://pbs.twimg.com/media/G3cvpZ5XIAATwfV.jpg,,in,,0,0,0,https://x.com/undefined/status/1979102952733446185,1296263815533756416,
1979102922547093566,Fri Oct 17 08:31:21 +0000 2025,1,Dari desa sampai kota anak-anak kini punya hak yang sama atas gizi seimbang. Terima kasih untuk komitmen pemerintah! #MakanBergiziGratis #AnakSehatIndonesiaHebat #GiziUntukMasaDepan #GenerasiEmasIndonesia #DukungProgramBaik https://t.co/OcaDQ7JzWR,1979102922547093566,https://pbs.twimg.com/media/G3cvnoeXUAAQIez.jpg,,in,,0,0,0,https://x.com/undefined/status/1979102922547093566,1296263815533756416,
1979102890586206483,Fri Oct 17 08:31:13 +0000 2025,1,Program makan bergizi gratis adalah wujud nyata kehadiran negara untuk anak-anak Indonesia. #MakanBergiziGratis #AnakSehatIndonesiaHebat #GiziUntukMasaDepan #GenerasiEmasIndonesia #DukungProgramBaik https://t.co/cejoqyjKHi,1979102890586206483,https://pbs.twimg.com/media/G3cvlx6WcAAukYU.jpg,,in,,0,0,0,https://x.com/undefined/status/1979102890586206483,1296263815533756416,
1979097429908795449,Fri Oct 17 08:09:31 +0000 2025,1,Program Makan Bergizi Gratis memberikan energi baru bagi anak-anak demi menyongsong masa depan yang sukses dan berguna. Dukung terus Program MBG! #ManfaatMakanBergiziGratis #MakanBergiziGratis #ProgramMakanBergiziGratis #DukungProgramMakanBergiziGratis https://t.co/G3EVMhgNlE,1979097429908795449,https://pbs.twimg.com/media/G3cqn7nWoAE8QMa.jpg,,in,,0,0,0,https://x.com/undefined/status/1979097429908795449,1713751914977120256,
1979097403392139599,Fri Oct 17 08:09:25 +0000 2025,1,Program Makan Bergizi Gratis memberikan energi baru bagi anak-anak demi menyongsong masa depan yang sukses dan berguna. Dukung terus Program MBG! #ManfaatMakanBergiziGratis #MakanBergiziGratis #ProgramMakanBergiziGratis #DukungProgramMakanBergiziGratis https://t.co/yoPZllApU7,1979097403392139599,https://pbs.twimg.com/media/G3cqmV3W4AAxLAH.jpg,,in,,0,0,0,https://x.com/undefined/status/1979097403392139599,1713751914977120256,
1979097376829878299,Fri Oct 17 08:09:19 +0000 2025,1,Program Makan Bergizi Gratis memberikan energi baru bagi anak-anak demi menyongsong masa depan yang sukses dan berguna. Dukung terus Program MBG! #ManfaatMakanBergiziGratis #MakanBergiziGratis #ProgramMakanBergiziGratis #DukungProgramMakanBergiziGratis https://t.co/n0OnWFuhVH,1979097376829878299,https://pbs.twimg.com/media/G3cqk3bXwAEQM28.jpg,,in,,0,0,0,https://x.com/undefined/status/1979097376829878299,1713751914977120256,
1979097351366074506,Fri Oct 17 08:09:13 +0000 2025,1,Program Makan Bergizi Gratis memberikan energi baru bagi anak-anak demi menyongsong masa depan yang sukses dan berguna. Dukung terus Program MBG! #ManfaatMakanBergiziGratis #MakanBergiziGratis #ProgramMakanBergiziGratis #DukungProgramMakanBergiziGratis https://t.co/oUqjm0HmTX,1979097351366074506,https://pbs.twimg.com/media/G3cqjYJXQAAhGM_.jpg,,in,,0,0,0,https://x.com/undefined/status/1979097351366074506,1713751914977120256,
1979091868328825130,Fri Oct 17 07:47:25 +0000 2025,0,Anak sehat masa depan kuat Program Makan Bergizi Gratis hadir membawa harapan bagi generasi penerus bangsa. #ManfaatMakanBergiziGratis #MakanBergiziGratis #ProgramMakanBergiziGratis #DukungProgramMakanBergiziGratis https://t.co/eThLE6n7fi,1979091868328825130,https://pbs.twimg.com/amplify_video_thumb/1979091805644681216/img/EoXaoykC4sOdRxcQ.jpg,,in,,0,0,0,https://x.com/undefined/status/1979091868328825130,1862733525700542464,
1979091044756054275,Fri Oct 17 07:44:09 +0000 2025,0,Dari satu piring bergizi lahir jutaan mimpi anak bangsa Mari dukung bersama Program Makan Bergizi Gratis! #MakanBergiziGratis #DukungProgramMakanBergiziGratis #ManfaatMakanBergiziGratis #ProgramMakanBergiziGratis https://t.co/jFKtld4IsY,1979091044756054275,https://pbs.twimg.com/amplify_video_thumb/1979090959783636992/img/6hvzbLjfbgA1Izj_.jpg,,in,,0,0,0,https://x.com/undefined/status/1979091044756054275,1862733525700542464,
1979090850534531474,Fri Oct 17 07:43:23 +0000 2025,0,Gizi seimbang masa depan gemilang Dukung terus Program MBG untuk wujudkan generasi sehat dan cerdas Indonesia! #ProgramMakanBergiziGratis #MakanBergiziGratis #DukungProgramMakanBergiziGratis #ManfaatMakanBergiziGratis https://t.co/UKod1KtwLU,1979090850534531474,https://pbs.twimg.com/amplify_video_thumb/1979090755088957440/img/6e-xw4YAc5pqN007.jpg,,in,,0,0,0,https://x.com/undefined/status/1979090850534531474,1862733525700542464,
1979089711193796877,Fri Oct 17 07:38:51 +0000 2025,5,MBG Bikin Siswa Purworejo Semangat Sekolah Adelia Ingin Menu Lebih Bervariasi / #MakanBergiziGratis https://t.co/2rcjNeZTbS,1979089711193796877,,,in,,1,14,2,https://x.com/undefined/status/1979089711193796877,23343960,
1979087798826340646,Fri Oct 17 07:31:15 +0000 2025,0,Wamen LH Diaz Hendropriyono: Program MBG bagus untuk anak-anak memperhatikan gizi dan pengelolaan sampah yang baik. MBG jadi contoh #MBG #LanjutkanMBG https://t.co/n7DViHaTlO,1979087798826340646,https://pbs.twimg.com/media/G3ch24TXwAAYwo7.jpg,,in,,0,0,0,https://x.com/undefined/status/1979087798826340646,4186505238,
1979084368930050258,Fri Oct 17 07:17:37 +0000 2025,0,Menu Spesial Nasi Goreng Telur Ceplok Serentak di Seluruh Indonesia Demi Rayakan Ulang Tahun Prabowo #mbg #nasigoreng #ulangtahun #beritaterkini https://t.co/aaX8zkmJA0,1979084368930050258,,,in,,0,0,0,https://x.com/undefined/status/1979084368930050258,1892110442090332162,
1979076970152435952,Fri Oct 17 06:48:13 +0000 2025,1,Jumat mbg menjaga Jule komitmen untuk indonesia #MakanBergiziGratis #MBG #SPPGPolri #DapurMBG #KeracunanMBG #KedaulatanPangan https://t.co/Yn7MySooBf,1979076970152435952,,,in,,1,4,1,https://x.com/undefined/status/1979076970152435952,1431639249854500865,
1979075332125663304,Fri Oct 17 06:41:43 +0000 2025,1,Makan Bergizi Gratis memberikan energi baru bagi anak-anak Indonesia. #ManfaatMakanBergiziGratis #MakanBergiziGratis #ProgramMakanBergiziGratis https://t.co/fxNm8TBOuV,1979075332125663304,https://pbs.twimg.com/media/G3cWhokWgAAdTGd.jpg,,in,,0,0,0,https://x.com/undefined/status/1979075332125663304,1524941291272171520,
1979075136067125587,Fri Oct 17 06:40:56 +0000 2025,1,Insiden keracunan terjadi di SMA 1 Jogja setelah 426 siswa mengalami gejala yang menunjukkan tanda keracunan. Ikuti Update Di WA https://t.co/AJVtZe7LzC Cek Berita Lengkapnya https://t.co/2wcIxCpH9Q #terbarusiar #mbg Jule Banten Jumat we really did #ZEROBASEONE,1979075136067125587,,,in,,0,0,0,https://x.com/undefined/status/1979075136067125587,1910714333224722436,
1984397289511899373,Fri Oct 31 23:09:16 +0000 2025,0,Kenapa SPPG menjadi ajang kekerasan fisik? @dadanHindayana #MBG @nanikdeyang #WakaBGN #PresidenRI,1984397289511899373,,,in,,0,1,0,https://x.com/undefined/status/1984397289511899373,212808227,
1984361954551767527,Fri Oct 31 20:48:52 +0000 2025,0,Program MBG bukan sekadar makan gratis tetapi investasi gizi untuk masa depan bangsa. Dari dapur inklusif hingga zonasi Solo yang konsisten MBG hadir untuk membentuk generasi sehat cerdas dan berdaya saing. ️ #MBG #MakanBergiziGratis #AnakSehatBangsaKuat #GiziUntukSemua https://t.co/01LZ6zXcSv,1984361954551767527,https://pbs.twimg.com/media/G4nern1aYAAuIWo.jpg,,in,,0,1,0,https://x.com/undefined/status/1984361954551767527,1310067302541320192,
1984307312194908630,Fri Oct 31 17:11:44 +0000 2025,0,Program Makan Bergizi Gratis tidak hanya memenuhi kebutuhan gizi bagi anak tetapi juga telah banyak memberdayakan UMKM lokal di seluruh wilayah Indonesia. #ProgramMBG #MBG #MakanBergiziGratis #UMKM #EkonomiMaju https://t.co/uVf7fLII2l,1984307312194908630,https://pbs.twimg.com/amplify_video_thumb/1984306797495402498/img/f6aDWoOnG6ZFjJbB.jpg,,in,,0,0,0,https://x.com/undefined/status/1984307312194908630,789113948,
1984296902121382254,Fri Oct 31 16:30:22 +0000 2025,1,Monitoring MBG SPPG Mitra Mandiri Tanjung Balai berhasil layani 3.943 penerima manfaat dengan menu bergizi seimbang. Terus dukung program gizi sehat! #MBG #TanjungBalai https://t.co/7QmQg2nJM8,1984296902121382254,https://pbs.twimg.com/media/G4mjhEPbgAA2P-1.jpg,,in,,0,0,0,https://x.com/undefined/status/1984296902121382254,1852436707796545536,
1984295884369396045,Fri Oct 31 16:26:19 +0000 2025,0,Mobil untuk MBG Angkut Babi dan Ayam di Nias BGN Bakal Lapor Polisi https://t.co/GL2JwFYDA9 #makanbergizigratis #BABI #viral https://t.co/mEkKqM2lRP,1984295884369396045,https://pbs.twimg.com/amplify_video_thumb/1984295209203904512/img/o0-ViV1QQ_MKLVEq.jpg,,in,,0,0,0,https://x.com/undefined/status/1984295884369396045,243040577,
1984295709617619226,Fri Oct 31 16:25:38 +0000 2025,0,Wabup Pidie Jaya Minta Maaf Usai Pukul Kepala SPPG Akui Kesilapan https://t.co/CRfrfea5cK #MBG #PidieJaya #SPPG #WakilBupati #memukul #bitvonline,1984295709617619226,,,in,,0,0,0,https://x.com/undefined/status/1984295709617619226,1641028826489823232,
1984281309376848248,Fri Oct 31 15:28:24 +0000 2025,0,ga six pixs dlu hp dan jiwa raga lg rusak #sad #mbg,1984281309376848248,,,in,,0,0,0,https://x.com/undefined/status/1984281309376848248,1234148859170807809,
1984276015393513830,Fri Oct 31 15:07:22 +0000 2025,0,Lauk MBG Berlendir Jadi Sorotan Plh Kepsek SMPN 2 Medan Tutup Mulut? https://t.co/GyrXYOmdbh #MBG #Medan #Prabowo #SMPNegeri2 #SPPG #tidaklayak #bitvonline,1984276015393513830,,,in,,0,0,0,https://x.com/undefined/status/1984276015393513830,1641028826489823232,
1984272789784928373,Fri Oct 31 14:54:33 +0000 2025,0,Pemerintah optimis Program Makan Bergizi Gratis (MBG) akan mencapai target 82 9 juta penerima manfaat pada akhír tahun 2025. #MBG #MakanBergiziGratis https://t.co/Nr4L1LtXn6,1984272789784928373,https://pbs.twimg.com/media/G4mNlhma4AAMcdv.jpg,,in,,0,0,0,https://x.com/undefined/status/1984272789784928373,1556558331031932928,
1984271106354868598,Fri Oct 31 14:47:52 +0000 2025,0,BGN telah memiliki 13.347 SPPG aktif sehingga optimis dapat mencapai target 82 9 juta penerima manfaat. #MakanBergiziGratis #MBG https://t.co/R3qM4fE3mj,1984271106354868598,https://pbs.twimg.com/media/G4mMDi7agAArTaf.jpg,,in,,0,0,0,https://x.com/undefined/status/1984271106354868598,1556552401993101314,
1984268673750888736,Fri Oct 31 14:38:12 +0000 2025,1,Tim Koordinasi MBG Dinilai Bisa Dukung Kolaborasi tapi Ada Risikonya ~AM #MBG https://t.co/kupdkB0BLP,1984268673750888736,,,in,,0,0,0,https://x.com/undefined/status/1984268673750888736,23343960,
1995252685159977409,Sun Nov 30 22:04:44 +0000 2025,0,Makan bergizi cerdas berprestasi #MakanBergiziGratis https://t.co/yuZdQ31RKD,1995252685159977409,https://pbs.twimg.com/media/G7CPvkSbEAA9KXC.jpg,,in,,0,0,0,https://x.com/undefined/status/1995252685159977409,1580097278475280384,
1995206167124217992,Sun Nov 30 18:59:54 +0000 2025,0,Tugas Hari pertama selesai Helper #SPPG #MBG,1995206167124217992,,,in,,0,0,0,https://x.com/undefined/status/1995206167124217992,507844218,
1995168635049099694,Sun Nov 30 16:30:45 +0000 2025,1,Hadirnya makan bergizi gratis menunjukkan komitmen kuat untuk meningkatkan kesehatan anak-anak Aceh. Yuk dukung bersama agar setiap anak mendapatkan hak gizi yang layak! #GiziAnakAceh #MakanBergiziGratis #AcehSehat https://t.co/fV1eWpUn4N,1995168635049099694,https://pbs.twimg.com/media/G7BDTL7aMAAyPw_.jpg,,in,,0,0,0,https://x.com/undefined/status/1995168635049099694,1318801452614049792,
1995168608566255909,Sun Nov 30 16:30:39 +0000 2025,1,Ketika anak-anak mendapatkan makanan bergizi konsentrasi dan kesehatan mereka meningkat. Program makan bergizi gratis menjadi dorongan penting bagi kualitas pendidikan di Aceh #GiziAnakAceh #MakanBergiziGratis #AcehSehat https://t.co/LcwNAyR3pb,1995168608566255909,https://pbs.twimg.com/media/G7BDRqJaUAAl6Rt.jpg,,in,,0,0,0,https://x.com/undefined/status/1995168608566255909,1318801452614049792,
1995168578803499051,Sun Nov 30 16:30:32 +0000 2025,1,Makan bergizi gratis memberi harapan baru untuk memperbaiki status gizi anak-anak Aceh. Menu sehat setiap hari membantu mereka tumbuh optimal dan lebih aktif belajar #GiziAnakAceh #MakanBergiziGratis #AcehSehat https://t.co/Pt1AdBuuBW,1995168578803499051,https://pbs.twimg.com/media/G7BDP7RbMAAkbYa.jpg,,in,,0,0,0,https://x.com/undefined/status/1995168578803499051,1318801452614049792,
1995168552727576832,Sun Nov 30 16:30:26 +0000 2025,1,Dengan hadirnya makan bergizi gratis anak-anak Aceh kini lebih terlindungi dari risiko kekurangan gizi. Nutrisi lengkap setiap hari adalah pondasi masa depan yang lebih cerah #GiziAnakAceh #MakanBergiziGratis #AcehSehat https://t.co/WAPBA9hDFl,1995168552727576832,https://pbs.twimg.com/media/G7BDOcHb0AE0IW_.jpg,,in,,0,0,0,https://x.com/undefined/status/1995168552727576832,1318801452614049792,
1995168516769800362,Sun Nov 30 16:30:17 +0000 2025,1,Program makan bergizi gratis menjadi angin segar bagi anak-anak Aceh memastikan mereka mendapat nutrisi yang cukup untuk tumbuh sehat dan cerdas. Langkah sederhana dampaknya besar #GiziAnakAceh #MakanBergiziGratis #AcehSehat https://t.co/Mol27IVgmT,1995168516769800362,https://pbs.twimg.com/media/G7BDMTRbUAE5OCk.jpg,,in,,0,0,0,https://x.com/undefined/status/1995168516769800362,1318801452614049792,
1995166325954777524,Sun Nov 30 16:21:35 +0000 2025,0,Hadirnya makan bergizi gratis menunjukkan komitmen kuat untuk meningkatkan kesehatan anak-anak Aceh. Yuk dukung bersama agar setiap anak mendapatkan hak gizi yang layak! #GiziAnakAceh #MakanBergiziGratis #AcehSehat https://t.co/4l85Id7car,1995166325954777524,https://pbs.twimg.com/media/G7BBM02acAACAO0.jpg,,in,,0,0,0,https://x.com/undefined/status/1995166325954777524,1318801452614049792,
1995166298633077197,Sun Nov 30 16:21:28 +0000 2025,0,Ketika anak-anak mendapatkan makanan bergizi konsentrasi dan kesehatan mereka meningkat. Program makan bergizi gratis menjadi dorongan penting bagi kualitas pendidikan di Aceh #GiziAnakAceh #MakanBergiziGratis #AcehSehat https://t.co/MgHzdJsX9n,1995166298633077197,https://pbs.twimg.com/media/G7BBLOYboAAuE6l.jpg,,in,,0,0,0,https://x.com/undefined/status/1995166298633077197,1318801452614049792,
1995166272359997711,Sun Nov 30 16:21:22 +0000 2025,0,Makan bergizi gratis memberi harapan baru untuk memperbaiki status gizi anak-anak Aceh. Menu sehat setiap hari membantu mereka tumbuh optimal dan lebih aktif belajar #GiziAnakAceh #MakanBergiziGratis #AcehSehat https://t.co/5f9ITPk0d8,1995166272359997711,https://pbs.twimg.com/media/G7BBJrobsAAHcs0.jpg,,in,,0,0,0,https://x.com/undefined/status/1995166272359997711,1318801452614049792,
1995166248506929596,Sun Nov 30 16:21:16 +0000 2025,0,Dengan hadirnya makan bergizi gratis anak-anak Aceh kini lebih terlindungi dari risiko kekurangan gizi. Nutrisi lengkap setiap hari adalah pondasi masa depan yang lebih cerah #GiziAnakAceh #MakanBergiziGratis #AcehSehat https://t.co/TFXEPdPuB9,1995166248506929596,https://pbs.twimg.com/media/G7BBIQhbUAA78o9.jpg,,in,,0,0,0,https://x.com/undefined/status/1995166248506929596,1318801452614049792,
1995166220530966664,Sun Nov 30 16:21:10 +0000 2025,0,Program makan bergizi gratis menjadi angin segar bagi anak-anak Aceh memastikan mereka mendapat nutrisi yang cukup untuk tumbuh sehat dan cerdas. Langkah sederhana dampaknya besar #GiziAnakAceh #MakanBergiziGratis #AcehSehat https://t.co/kvRV4QQm3f,1995166220530966664,https://pbs.twimg.com/media/G7BBGqfbEAAwRK7.jpg,,in,,0,0,0,https://x.com/undefined/status/1995166220530966664,1318801452614049792,
1995165413253263474,Sun Nov 30 16:17:57 +0000 2025,1,MBG memang bukan makanan mewah tapi justru jadi alternatif nyata untuk meningkatkan kesejahteraan siswa dan masyarakat. Sederhana terjangkau dan penuh manfaat. #MBG #MakananBergizi #ProgramSekolah #SehatBersama #GiziUntukBangsa #KesejahteraanSiswa #SolusiMasyarakat https://t.co/TMMJGSjoPD,1995165413253263474,https://pbs.twimg.com/amplify_video_thumb/1995164307198521344/img/f51ln47fRCc7ebCh.jpg,,in,,0,1,0,https://x.com/undefined/status/1995165413253263474,1765665336152739840,
1995165407062401471,Sun Nov 30 16:17:56 +0000 2025,1,MBG memang bukan makanan mewah tapi justru jadi alternatif nyata untuk meningkatkan kesejahteraan siswa dan masyarakat. Sederhana terjangkau dan penuh manfaat. #MBG #MakananBergizi #ProgramSekolah #SehatBersama #GiziUntukBangsa #KesejahteraanSiswa #SolusiMasyarakat https://t.co/98BETmWN8z,1995165407062401471,https://pbs.twimg.com/amplify_video_thumb/1995164300688891904/img/WVLt5cgs-IDuu9-A.jpg,,in,,0,1,0,https://x.com/undefined/status/1995165407062401471,1609994497555062785,
1995159817032441863,Sun Nov 30 15:55:43 +0000 2025,0,Kodim 0820 dukung launching dapur MBG tingkatkan gizi pelajar Probolinggo #TNI #MBG #Probolinggo Simak selengkapnya disini https://t.co/xQmEcY97Cd https://t.co/SHt6XRXGan,1995159817032441863,https://pbs.twimg.com/media/G7A7R51aMAAaLee.jpg,,in,,0,0,0,https://x.com/undefined/status/1995159817032441863,3193875739,
1995116022966480929,Sun Nov 30 13:01:41 +0000 2025,1,Program Makan Bergizi Gratis (MBG) terus menunjukkan dampak positif yang kuat tidak hanya dalam pemenuhan gizi anak dan ibu hamil tetapi juga dalam membangun ekosistem ekonomi lokal yang lebih hidup dan inklusif. #MakanBergiziGratis #opinimerdeka https://t.co/bJMNtJckkc,1995116022966480929,https://pbs.twimg.com/media/G7ATcxDagAA_KE4.jpg,,in,,0,0,0,https://x.com/undefined/status/1995116022966480929,1629861539963633664,
1995115948135575977,Sun Nov 30 13:01:24 +0000 2025,1,Program Makan Bergizi Gratis (MBG) terus menunjukkan dampak positif yang kuat tidak hanya dalam pemenuhan gizi anak dan ibu hamil tetapi juga dalam membangun ekosistem ekonomi lokal yang lebih hidup dan inklusif. #MakanBergiziGratis #opinimerdeka https://t.co/gC0kC8BJvG,1995115948135575977,https://pbs.twimg.com/media/G7ATYZ6a4AAOgm8.jpg,,in,,0,0,0,https://x.com/undefined/status/1995115948135575977,1629861539963633664,
1995113784650715376,Sun Nov 30 12:52:48 +0000 2025,0,Program makan bergizi gratis memastikan setiap anak Indonesia mendapat asupan gizi seimbang agar tumbuh sehat kuat dan cerdas. Komitmen negara hadir nyata demi masa depan generasi penerus. #MakanBergiziGratis #AnakIndonesia #GiziSeimbang #IndonesiaMaju https://t.co/u33EEQ5Off,1995113784650715376,https://pbs.twimg.com/media/G7ARagaXYAA_Gmj.jpg,,in,,0,0,0,https://x.com/undefined/status/1995113784650715376,1366085646,
1995113438775791964,Sun Nov 30 12:51:25 +0000 2025,0,MBG untuk seluruh siswa tanpa perbedaan. Menu bergizi setiap hari jadi kunci pemerataan gizi dan kesehatan anak bangsa. #MBG #GiziUntukSemua #IndonesiaMaju #AnakSehat https://t.co/1hRQqmPGDZ,1995113438775791964,https://pbs.twimg.com/media/G7ARGZcWEAA5a18.jpg,,in,,0,0,0,https://x.com/undefined/status/1995113438775791964,1366085646,
1855992911172956469,Tue Dec 30 23:34:48 +0000 2025,0,@prabowo @kab_kulonprogo @DivHumas_Polri mencetak generasi bangsa yang sehat dan unggul. Hal ini diperkuat dengan peresmian dan operasional SPPG Polri Argorejo Sedayu Bantul (Senin 29 Desember 2025) sebagai role model Program Makan Bergizi Gratis (#MBG) menuju #GenerasiEmas 2045. #PolriUntukMasyarakat #SPPGPolri,2006146986492199157,,PoldaJogja,in,,0,1,0,https://x.com/undefined/status/2006146986492199157,818341300797722624,
2006141178350116891,Tue Dec 30 23:11:43 +0000 2025,1,Gizi seimbang mendukung pertumbuhan kecerdasan dan kesehatan generasi muda Papua. #MakanBergiziGratis #PapuaSehat #GenerasiEmasPapua https://t.co/SeWGbytgHU,2006141178350116891,https://pbs.twimg.com/media/G9c-xTAaYAAd51h.jpg,,in,,0,0,0,https://x.com/undefined/status/2006141178350116891,535622435,
2006137351739765060,Tue Dec 30 22:56:31 +0000 2025,1,Gizi seimbang mendukung pertumbuhan kecerdasan dan kesehatan generasi muda Papua. #MakanBergiziGratis #PapuaSehat #GenerasiEmasPapua https://t.co/hLiO148EG7,2006137351739765060,https://pbs.twimg.com/media/G9c7SiYaEAAW3a2.jpg,,in,,0,0,0,https://x.com/undefined/status/2006137351739765060,1775536487343464448,
2006129751111414017,Tue Dec 30 22:26:19 +0000 2025,0,Program Makan Bergizi Gratis adalah langkah nyata membangun generasi sehat cerdas dan kuat. Gizi yang baik hari ini adalah fondasi masa depan bangsa. Mari kita dukung MBG demi anak-anak Indonesia yang lebih berkualitas. #DukungMBG #MakanBergiziGratis #MBGUntukRakyat https://t.co/D7OG2uyzo7,2006129751111414017,https://pbs.twimg.com/media/G9c0YKXbAAA3_5Z.jpg,,in,,0,0,0,https://x.com/undefined/status/2006129751111414017,1635048890641821697,
2006101385582887228,Tue Dec 30 20:33:36 +0000 2025,0,Gizi baik hari ini masa depan bangsa lebih cerah esok hari Program Makan Bergizi Gratis (MBG) hadir untuk memastikan setiap anak Indonesia tumbuh sehat cerdas dan siap membangun negeri. #IndonesiaTerang #MBG https://t.co/pf73vlsBPZ,2006101385582887228,https://pbs.twimg.com/media/G9calEQbIAAi-Wv.jpg,,in,,0,0,0,https://x.com/undefined/status/2006101385582887228,1366903075890335744,
2006101361432354923,Tue Dec 30 20:33:30 +0000 2025,0,Sinergi Pangan Kalteng melalui Makan Bergizi Gratis anak-anak Indonesia tumbuh sehat cerdas dan siap meraih cita-cita. #IndonesiaTerang #MBG https://t.co/JwkO8PniJ0,2006101361432354923,https://pbs.twimg.com/media/G9cajqxaYAADbn2.jpg,,in,,0,0,0,https://x.com/undefined/status/2006101361432354923,1366903075890335744,
2005893447715283410,Tue Dec 30 19:01:12 +0000 2025,0,@Zeefire02 Trnyata #mbg yg dijanjikan untuk diberikan meski libur NATARU hnyalah jajanan pasargk sampek gocap #makananbergizigratis @badangizinasional_ri #BadanGiziNasional @KemenkesRI @KemenkeuRI @KPK_RI @MediaKonsumenID,2006078130587619484,,Zeefire02,in,,0,0,0,https://x.com/undefined/status/2006078130587619484,69863450,
2005994004824089020,Tue Dec 30 13:26:54 +0000 2025,0,2 2 juta porsi MBG disalurkan ke Aceh pascabencana. Mari kita selalu kawal Program MBG untuk Indonesia lebih baik @Forum_MBG #MakanBergiziGratis #UMKMDukungMBG #PenuhiGiziIndonesia #MBGDorongEkonomi https://t.co/8K384JSpyJ,2005994004824089020,https://pbs.twimg.com/media/G9a44-haYAMM4_i.jpg,,in,,0,0,0,https://x.com/undefined/status/2005994004824089020,712098428910751748,
2005992831660503068,Tue Dec 30 13:22:15 +0000 2025,0,MBG menyalurkan 2 2 juta lebih porsi untuk wilayah Aceh. Mari kita selalu kawal Program MBG untuk Indonesia lebih baik @Forum_MBG #MakanBergiziGratis #UMKMDukungMBG #PenuhiGiziIndonesia #MBGDorongEkonomi https://t.co/riwYXXVzvl,2005992831660503068,https://pbs.twimg.com/media/G9a31NobQAAyPlf.jpg,,in,,0,0,0,https://x.com/undefined/status/2005992831660503068,712098428910751748,
1884846538163130608,Fri Jan 31 23:57:34 +0000 2025,0,@fiantora90 @BaseAnakFK Kalau dilihat dari logika berfikir ini salah sih. Ga runtut alurnya salah besar dalam menentukan tujuan. Pertama saya tanya tujuan Makan Bergizi Gratis itu untuk apa? Apakah itu sudah menjadi cita-cita terjauh yang pantas untuk dijadikan prioritas utama?,1885477554007793867,,fiantora90,in,,0,1,0,https://x.com/undefined/status/1885477554007793867,1766096502806790144,
1885476476595953770,Fri Jan 31 23:53:17 +0000 2025,0,gpp yg penting anak² dpt MAKAN BERGIZI GRATIS mau angkutan umum mahal gas melon susah bbm subsidi langka pajak naik. Ga masalah,1885476476595953770,,,in,,0,0,0,https://x.com/undefined/status/1885476476595953770,1638513057969106944,
1885471604681101619,Fri Jan 31 23:33:55 +0000 2025,6,Program Makan Bergizi Gratis (MBG) Polres Nganjuk. #spripimpoldajatim #divhumaspolri #humaspoldajatim #polisi #polresnganjuk #kapolresnganjuk #siswantoro14 #polisinganjuk #semangatmelayani #bolokuompolisi #wayahelaporkapolres #babinkamtibmasnganjuk #jumatberkah https://t.co/U4YbDRbwPb,1885471604681101619,https://pbs.twimg.com/ext_tw_video_thumb/1885471341442457600/pu/img/Jdlh-lunsqpWEp05.jpg,,in,,10,0,1,https://x.com/undefined/status/1885471604681101619,1616965643768860673,
1884913647623041184,Fri Jan 31 23:21:48 +0000 2025,0,@daddyyuki Mending dananya buat makan siang gratis yang bergizi itu,1885468555417890818,,daddyyuki,in,,0,0,0,https://x.com/undefined/status/1885468555417890818,1299684401748402176,
1885467139886469406,Fri Jan 31 23:16:11 +0000 2025,0,Fulan mengusulkan french fries + cheeseburger McD jadi menu program makan bergizi gratis,1885467139886469406,,,in,,0,0,0,https://x.com/undefined/status/1885467139886469406,1218676287922814976,
1895393316952519000,Fri Feb 28 23:06:19 +0000 2025,0,@UmarHasibuan__ Kasih makan bergizi gratis,1895611517288264151,,UmarHasibuan__,in,,0,0,0,https://x.com/undefined/status/1895611517288264151,812753635,
1895609676831625452,Fri Feb 28 22:59:00 +0000 2025,5,Heru Tjahjono Gelar Sosialisasi Program Makan Bergizi Gratis di Desa Campurdarat #bahlillahadalia #kuningkeren #golkarindonesia #partaigolkar #golkarpedia https://t.co/vspBphjVAf,1895609676831625452,,,in,,0,0,40,https://x.com/undefined/status/1895609676831625452,721898354502930433,
1895299044286800257,Fri Feb 28 21:26:43 +0000 2025,0,@Putra_Adi_YM @BilanganGanjil Makan bergizi gratis untuk anak sekolahan anggarannya dipaksakan sampai kebijakan efisiensi anggaran diperlakukan yg berdampak ke sektor lain soal melegalkan LGBT fitnahanmu sangan keji apakah kau buzzerp hewan ternak mulyono?,1895586453012553991,,Putra_Adi_YM,in,,0,0,0,https://x.com/undefined/status/1895586453012553991,1676506118145843200,
1895584866944893298,Fri Feb 28 21:20:25 +0000 2025,0,Setelah bikin menu buat makan bergizi gratis kluarga nyuruh bikin menu sahur dan berbuka selama ramadhan Curiga ntar suami jg nyuruh bikin ,1895584866944893298,,,in,,0,0,0,https://x.com/undefined/status/1895584866944893298,1260578220824502280,
1895566000994861326,Fri Feb 28 20:05:27 +0000 2025,2,jangan lupa sahur yaaa banyakin minum air nya biar ga dehidrasi makan makanan bergizi juga okeyy (tapi yang mak lu masakin/masak sendiri/beli) soalnya ga ada program sahur makanan bergizi gratis,1895566000994861326,,,in,,0,1,0,https://x.com/undefined/status/1895566000994861326,1882147165583380481,
1895550452005208122,Fri Feb 28 19:03:40 +0000 2025,0,Program makan bergizi gratis tetap berjalan di bulan Ramadan dengan mekanisme baru yang lebih fleksibel dan ramah lingkungan. Simak bagaimana kebijakan ini diterapkan agar tetap bermanfaat bagi pelajar di bawah ini! #idncitizen #promedia https://t.co/Sx8OEc2EgW,1895550452005208122,,,in,,0,0,0,https://x.com/undefined/status/1895550452005208122,1702957163059257344,
1895535799741137119,Fri Feb 28 18:05:26 +0000 2025,1,Babinsa Kel. Podorejo Koramil 09/Ngaliyan Sertu Edy Prastawa melaksanakan komsos dengan Tim BGN bersama para staf kelurahan wilayah Kec Ngaliyan dan Kec Mijen membahas progam makan gratis bergizi bagi anak-anak sekolah diwilayah masing-masing. https://t.co/mzRz2VRrku,1895535799741137119,https://pbs.twimg.com/media/Gk5Lw6BXgAAel3G.jpg,,in,,0,0,0,https://x.com/undefined/status/1895535799741137119,1501038186390192129,
1895529187903217683,Fri Feb 28 17:39:10 +0000 2025,0,https://t.co/vq3odzCBzd Polri bersama Badan Gizi Nasional (BGN) serta Yayasan Kemala Bhayangkari (YKB) melakukan uji coba kegiatan masak serta distribusi Makan Berrgizi Gratis hari ini. #BGN #sppg #polripresisi #polriindonesia #polisi,1895529187903217683,,,in,,0,0,0,https://x.com/undefined/status/1895529187903217683,1507307226058223618,
1895107054718931205,Fri Feb 28 17:03:53 +0000 2025,0,@falla_adinda Harga air mineralnya jauh lebih mahal euii dari Makan Bergizi Gratis. Mungkin lebih lebih bergizi qir mineralnya ketimbang makanan yg lagi di bagi2kan ke sebagian anak sekolah.,1895520309564043516,,falla_adinda,in,,0,0,0,https://x.com/undefined/status/1895520309564043516,1504116396590264320,
1895515732173341099,Fri Feb 28 16:45:42 +0000 2025,0,Halo #SobATRBPN Presiden RI Prabowo Subianto telah meluncurkan Program Makan Bergizi Gratis (MBG) merupakan inisiatif nyata untuk meningkatkan kesejahteraan masyarakat serta mengatasi tantangan gizi buruk dan stunting di Indonesia. https://t.co/plm56nK4Ig,1895515732173341099,,,in,,0,0,0,https://x.com/undefined/status/1895515732173341099,970515707451531264,
1895510501653962930,Fri Feb 28 16:26:33 +0000 2025,1,Selain itu juga dijelaskan bagaimana OJK membantu pemerintah mensukseskan program-program prioritas seperti makan bergizi gratis dan rumah murah dari sisi keuangan.,1895510913421296018,,anindyabakrie,in,,0,1,0,https://x.com/undefined/status/1895510913421296018,45871100,
1906857041307877537,Mon Mar 31 23:52:00 +0000 2025,0,Kehangatan Prabowo di Halal Bihalal Istana Salami Warga dan Terima Kasih Makan Bergizi Gratis https://t.co/uzLzwUUeGq,1906857041307877537,,,in,,0,0,0,https://x.com/undefined/status/1906857041307877537,1442722911475814408,
1906276904736612862,Mon Mar 31 23:36:26 +0000 2025,1,@Anggajaya26 @AirinDatangLagi @islah_bahrawi @TOM5helby @StefanAntonio__ @barengwarga @KangManto123 @HumorJonTampan @WagimanDeep212_ @Anak__Ogi @ruhulanakgaul @jonrus18 @Marbot_Udien @DS_yantie @AntoniusCDN Jangan negatif thingking dulu mungkin mau diganti tulisannya dengan kalimat Makan bergizi gratis .. ,1906853123337203948,,Anggajaya26,in,,0,0,0,https://x.com/undefined/status/1906853123337203948,1500083183630811138,
1906205179143143922,Mon Mar 31 23:08:39 +0000 2025,1,@bumnbersatu @koharramadi81 @Andiarief__ @jokowi @prabowo @kemenhub151 Berarti si Prabowo gak punya malu lah rakyatnya suruh ngemis ngemis makan bergizi gratis padahal negara kita kaya raya. Saya sih gak berharap tiket mudik gratis saya berharap harga tiket yg normal standar kalau naik ya jangan sampai 3 kali lipat harganya,1906846129926578380,,bumnbersatu,in,,0,1,0,https://x.com/undefined/status/1906846129926578380,1771257340521771011,
1905943413096079708,Mon Mar 31 23:01:30 +0000 2025,1,@TheCurut007 Coba dicek respon masyarakat Indonesia 78% apakah respon puas di MAKAN BERGIZI GRATIS jgn dulu OMON-OMON terlalu banyak sanjungan terhadap suatu pimpinan hanya menyenangkan para meminta jd wakil menteri atau di perusahaan BUMN.,1906844331048333340,,TheCurut007,in,,0,0,0,https://x.com/undefined/status/1906844331048333340,1547040164366585857,
1906842421675299311,Mon Mar 31 22:53:55 +0000 2025,3,Maafkan diri ini bila belum setransparan penyusunan RUU TNI. Masih banyak salah seperti pendirian Danantara. Acap berkata kasar &amp; mengucap ndasmu. Teriring salam &amp; kehangatan yg dapat memenuhi raga seperti makan bergizi gratis. Oke gas di hari kemenangan. Selamat idulfitri 1446H.,1906842421675299311,,,in,,0,1,0,https://x.com/undefined/status/1906842421675299311,434944655,
1906728540613054470,Mon Mar 31 22:11:46 +0000 2025,1,@dinowornever iyah pas indo dapetnya mtbg (makan tidak bergizi gratis) ,1906831815593394406,,,in,,0,0,0,https://x.com/undefined/status/1906831815593394406,1139502760880037893,
1906287004662280338,Mon Mar 31 22:06:47 +0000 2025,0,@RafeyPrincess @VDSyst3msX Survei menunjukkan kepuasan publik thd pemerintahan Prabowo-Gibran sekitar 70-80% didukung oleh program Makan Bergizi Gratis &amp; pengendalian harga. Litbang Kompas Cigmark dll konsisten melaporkan angka tinggi ini dg metodologi kredibel. Walau ada kritik soal pelaksanaan tren,1906830560271450221,,,in,,0,0,0,https://x.com/undefined/status/1906830560271450221,1720665183188922368,
1905960946901954612,Mon Mar 31 19:37:42 +0000 2025,0,@kupas_kupas @Bambangmulyonoo Ya iyalah... Loe minta juga paling gw arahin ke Makan Bergizi Gratis...,1906793042251854196,,pengkordaw,in,,0,1,0,https://x.com/undefined/status/1906793042251854196,3086120982,
1906786519375048816,Mon Mar 31 19:11:47 +0000 2025,0,Mari Dukung Makan Bergizi Gratis https://t.co/e3dLWwjVM5,1906786519375048816,https://pbs.twimg.com/media/GnZEOqmasAAYVul.jpg,,in,,0,0,0,https://x.com/undefined/status/1906786519375048816,1564568075554664450,
1906784520927592931,Mon Mar 31 19:03:50 +0000 2025,0,Mari Dukung Makan Bergizi Gratis https://t.co/22laxk89Gb,1906784520927592931,https://pbs.twimg.com/media/GnZCaV4akAAMekv.jpg,,in,,0,0,0,https://x.com/undefined/status/1906784520927592931,1566634084633559042,
1906316528720773136,Mon Mar 31 17:47:47 +0000 2025,0,@10PersenOrang @intinyadeh @IntinyaDah Rupiah melemah karena kekhawatiran fiskal dari program Makan Bergizi Gratis (Rp71T) meski GDP tumbuh 5%. Kalau Anies jadi presiden Indonesia bisa fokus pada pertumbuhan inklusif pendidikan dan kesejahteraan sosial dengan kebijakan luar negeri seimbang kurangi https://t.co/nXeRA43bsK,1906765379776524568,https://pbs.twimg.com/media/Gmq54W5a0AAZoCX.jpg,aniesbaswedang,in,,0,0,0,https://x.com/undefined/status/1906765379776524568,1720665183188922368,
1906760865883488334,Mon Mar 31 17:29:50 +0000 2025,0,Anjingg Sarawak aja bisa begini kita malah makan bergizi gratis pantek,1906760865883488334,,,in,,0,0,0,https://x.com/undefined/status/1906760865883488334,1383782093063217159,
1906746308381081917,Mon Mar 31 16:32:00 +0000 2025,1,INI PROGRAM BAGUS yang harus di dukung cuma harus di perbaiki bidang pendidikan di indonesia apa kabar guru honorer apa kabar sekolah sekolah harus di perbaiki makan bergizi gratis rakyat di pelosok tanah air menuggu program ini . https://t.co/JvMPDxJtc7,1906746308381081917,https://pbs.twimg.com/media/GnYfpzFaIAIeLuO.jpg,,in,,0,0,0,https://x.com/undefined/status/1906746308381081917,1543486471188803585,
1906740481356341507,Mon Mar 31 16:08:50 +0000 2025,0,Mari dukung makan bergizi gratis untuk meningkatkan kualitas hidup anak-anak di Indonesia #PenuhiGiziIndonesia https://t.co/BEMwUYb5jN,1906740481356341507,https://pbs.twimg.com/media/GnYaWtMaYAAc62e.jpg,,in,,1,0,0,https://x.com/undefined/status/1906740481356341507,1869975132716089344,
1906740412133306395,Mon Mar 31 16:08:34 +0000 2025,0,Dengan adanya program Makan Bergizi Gratis anak-anak kini memiliki kesempatan untuk tumbuh lebih baik #PenuhiGiziIndonesia https://t.co/k5GsnAK54c,1906740412133306395,https://pbs.twimg.com/media/GnYaS1obcAE0mL0.jpg,,in,,1,0,0,https://x.com/undefined/status/1906740412133306395,1869975132716089344,
1906740160987050153,Mon Mar 31 16:07:34 +0000 2025,0,Program makan bergizi gratis bertujuan agar siswa di Indonesia bisa lepas dari stunting serta mampu menyiapkan Indonesia menuju keemasan. #PenuhiGiziIndonesia https://t.co/X37LSJaV6C,1906740160987050153,https://pbs.twimg.com/media/GnYaBbQbEAA-p3l.jpg,,in,,1,0,0,https://x.com/undefined/status/1906740160987050153,1869975132716089344,
1906736767568683492,Mon Mar 31 15:54:05 +0000 2025,0,Warga Antusias Halalbihalal dengan Prabowo Ucapkan Terima Kasih atas Program Makan Bergizi Gratis https://t.co/iSbWlE8odS,1906736767568683492,,,in,,0,0,0,https://x.com/undefined/status/1906736767568683492,1484521354842247169,
1906733141957726418,Mon Mar 31 15:39:41 +0000 2025,0,Program makan bergizi gratis bertujuan untuk meningkatkan gizi anak-anak Indonesia #PenuhiGiziIndonesia,1906733141957726418,,,in,,0,0,0,https://x.com/undefined/status/1906733141957726418,1711917804277129216,
1906733108944142533,Mon Mar 31 15:39:33 +0000 2025,0,Makan Bergizi Gratis sangat penting untuk #PenuhiGiziIndonesia,1906733108944142533,,,in,,0,0,0,https://x.com/undefined/status/1906733108944142533,1711917804277129216,
1917730433963549162,Wed Apr 30 23:58:59 +0000 2025,0,SIARAN PERS ITWASUM Rockefeller Foundation-Asian Development Bank Kunjungi SPPG Polri di Pejaten Perwakilan organisasi nirlaba Rockefeller Foundation dan Asian Development Bank mengunjungi dapur Satuan Pelayanan Pemenuhan Gizi (SPPG) untuk Makan Bergizi Gratis (MBG) di Pejaten https://t.co/v2ejEPSlRO,1917730433963549162,https://pbs.twimg.com/media/Gp0lqO-aYAMmQA-.jpg,,in,,0,0,0,https://x.com/undefined/status/1917730433963549162,1825543790427623424,
1917705015415951773,Wed Apr 30 22:17:59 +0000 2025,2,🇮🇩🇯🇵 Kerja Sama Indonesia Jepang: Dorong Kesejahteraan Lewat Gizi! Indonesia dorong peningkatan ekspor CPO ke Jepang Jepang tawarkan kontribusi untuk pemenuhan kebutuhan susu nasional Semua untuk mendukung Program Makan Bergizi Gratis (MBG),1917705015415951773,,,in,,0,0,0,https://x.com/undefined/status/1917705015415951773,965431874301472768,
1917695455586312661,Wed Apr 30 21:40:00 +0000 2025,0,Usut Tuntas Sengkuni Yang Sabotase dan Bikin Kacau Program Makan Bergizi Gratis https://t.co/tNhmFDWgyT,1917695455586312661,,,in,,0,0,0,https://x.com/undefined/status/1917695455586312661,853782937782714368,
1917690553627816152,Wed Apr 30 21:20:31 +0000 2025,1,Makan bergizi gratis,1917690553627816152,,,in,,0,0,0,https://x.com/undefined/status/1917690553627816152,1248263839109402626,
1917512199779803312,Wed Apr 30 21:09:37 +0000 2025,0,@Kong_x_kongg @randomable_ Sebenarnya cukup Indonesia Negara Kaya Raya Dengan Sumber Daya Alam Melimpah Aja Sik.. Yang Lainya makan bergizi Gratis,1917687810615828729,,Kong_x_kongg,in,,0,1,0,https://x.com/undefined/status/1917687810615828729,206334620,
1917682871734616305,Wed Apr 30 20:50:00 +0000 2025,0,Kemenkeu melaporkan terjadi percepatan realisasi anggaran Makan Bergizi Gratis. #bisnisupdate #update #bisnis #text https://t.co/C3gy0PfIF2,1917682871734616305,,,in,,0,0,0,https://x.com/undefined/status/1917682871734616305,759692754985242625,
1917665308841763187,Wed Apr 30 19:40:12 +0000 2025,0,Program Makan Bergizi Gratis dapat membantu meningkatkan kemampuan belajar dan konsentrasi anak-anak. https://t.co/mDzLlwsjzH,1917665308841763187,https://pbs.twimg.com/media/GpzqbUFaYAM0PHC.jpg,,in,,0,0,0,https://x.com/undefined/status/1917665308841763187,1458957413764141072,
1917643911843176954,Wed Apr 30 18:36:51 +0000 2025,0,Makanya kapan ya pemerintah SADAR instead of Makan Bergizi Gratis mendingan menggelontorkan 117 triliun buat pendidikan termasuk kursus dan pelatihan buat kerja? Uang sebanyak itu HARUSNYA bisa dipake buat memberdayakan pengangguran termasuk perempuan dan lansia!,1917649366002852133,,peritapimenulis,in,,0,1,0,https://x.com/undefined/status/1917649366002852133,1863521222988075008,
1917648183511114061,Wed Apr 30 18:32:09 +0000 2025,0,makin kesini makin kesana dari stunting -&gt; makanan bergizi gratis -&gt; penting makan -&gt; asal ga mati gpp RUSAK,1917648183511114061,,,in,,0,0,0,https://x.com/undefined/status/1917648183511114061,1451381933833736196,
1917190611612110859,Wed Apr 30 18:31:46 +0000 2025,1,@weddass @asumsico Rightttt!!!! Capekk bgt tuhannn. Pantes dikasih kampanye joget2 sama makan siang bergizi gratis udh BAHAGIA BGT,1917648086933070071,,weddass,in,,0,0,0,https://x.com/undefined/status/1917648086933070071,1426804088734322693,
1917492320397844788,Wed Apr 30 18:26:36 +0000 2025,1,@neVerAl0nely Sementara anggaran besar di keluarkan negara untuk makan bergizi gratis. ,1917646784748478768,,neVerAl0nely___,in,,0,0,0,https://x.com/undefined/status/1917646784748478768,2457103525,
1917634839865622937,Wed Apr 30 17:39:08 +0000 2025,0,Makan Bergizi Gratis #papua #opm #kstp #kekejaman #knpb https://t.co/lpvBEtkKlx,1917634839865622937,https://pbs.twimg.com/media/GpzOt_YaYAEBfHo.jpg,,in,,0,0,0,https://x.com/undefined/status/1917634839865622937,1866324824601321472,
1917634553927327872,Wed Apr 30 17:38:00 +0000 2025,0,Makan Bergizi Gratis Untuk Generasi Muda Papua #papua #makanbergizigratis #anakbangsa https://t.co/gUPbtfNpTv,1917634553927327872,https://pbs.twimg.com/ext_tw_video_thumb/1917634521090121729/pu/img/PHC8HWAa-2SiNko2.jpg,,in,,0,0,0,https://x.com/undefined/status/1917634553927327872,1866324824601321472,
1917632423871013278,Wed Apr 30 17:30:03 +0000 2025,0,Dari dapur rakyat untuk masa depan bangsa. Makan bergizi gratis bukan hanya soal makanan tapi tentang harapan kesehatan dan keadilan sosial. #JatimMakanBergizi #GiziGratisUntukAnak #MasaDepanLebihSehat #JawaTimurPeduli https://t.co/fktIF3rqfl,1917632553286262862,https://pbs.twimg.com/media/GpzMpPTbMAAS9wr.jpg,DindaP1805,in,,0,0,0,https://x.com/undefined/status/1917632553286262862,1582557889201569792,
1917632423871013278,Wed Apr 30 17:29:54 +0000 2025,0,Tidak ada anak yang belajar dalam keadaan lapar. Program makan bergizi gratis adalah langkah nyata menuju pendidikan yang lebih adil dan merata. #PendidikanBergizi #GiziUntukPrestasi #JatimSejahtera #AyoDukungProgramGizi https://t.co/MbhWADEZXJ,1917632518171550107,https://pbs.twimg.com/media/GpzMnM9aYAAYRc3.jpg,DindaP1805,in,,0,0,0,https://x.com/undefined/status/1917632518171550107,1582557889201569792,
1917632423871013278,Wed Apr 30 17:29:46 +0000 2025,0,Isi perut isi semangat belajar! Dengan program makan bergizi gratis generasi muda Jawa Timur siap tumbuh cerdas dan kuat. #MakanGratisJatim #GiziSeimbang #SekolahTanpaLapar #JatimPeduli https://t.co/jeYEdlJivO,1917632483178471704,https://pbs.twimg.com/media/GpzMlMuaYAQ6GSt.jpg,DindaP1805,in,,0,0,0,https://x.com/undefined/status/1917632483178471704,1582557889201569792,
1928896542812905974,Sat May 31 19:29:07 +0000 2025,0,DARI AWAL KITA SEMUA BUTUH NYA SEKOLAH/KULIAH GRATIS BUKAN MAKAN SIANG BERGIZI ANJAYY,1928896542812905974,,,in,,0,0,0,https://x.com/undefined/status/1928896542812905974,1489833482524459011,
1928663795519373569,Sat May 31 14:22:45 +0000 2025,0,@yappingfess makan bergizi gratis dulu,1928819441724424620,,yappingfess,in,,0,0,0,https://x.com/undefined/status/1928819441724424620,1019839341214887936,
1928750436334579992,Sat May 31 14:09:43 +0000 2025,0,@PPICKROME Makan bergizi gratis bukan gagal buktinya berjalan. Gass Lanjutkan mbg,1928816162726621278,,PPICKROME,in,,1,0,0,https://x.com/undefined/status/1928816162726621278,758215573721407489,
1928816125510299794,Sat May 31 14:09:34 +0000 2025,53,Mari dukung program Makan Bergizi Gratis untuk membangun generasi yang lebih kuat lebih cerdas dan lebih berkualitas! #MakanBergiziGratis #GenerasiSehatBerkualitas #GiziUntukPrestasi https://t.co/PfmgDna7mN,1928816125510299794,https://pbs.twimg.com/media/GsSICqcbIAAZGO1.jpg,,in,,1,0,0,https://x.com/undefined/status/1928816125510299794,1604201558736273408,
1928816097966358593,Sat May 31 14:09:28 +0000 2025,63,Mari dukung program Makan Bergizi Gratis untuk membangun generasi yang lebih kuat lebih cerdas dan lebih berkualitas! #MakanBergiziGratis #GenerasiSehatBerkualitas #GiziUntukPrestasi https://t.co/LexsSQZkaz,1928816097966358593,https://pbs.twimg.com/media/GsSIBAZbQAAM2if.jpg,,in,,0,0,0,https://x.com/undefined/status/1928816097966358593,1604201558736273408,
1928807174668452203,Sat May 31 13:34:00 +0000 2025,0,Makan Bergizi Gratis Tingkatkan Perekonomian Lokal Papua https://t.co/37phS4kSte,1928807174668452203,https://pbs.twimg.com/media/GsR_5UsaQAAGZ3W.jpg,,in,,0,0,0,https://x.com/undefined/status/1928807174668452203,1291552109180026880,
1928807141478912011,Sat May 31 13:33:52 +0000 2025,0,Makan Bergizi Gratis Tingkatkan Perekonomian Lokal Papua https://t.co/2YKNrOxijZ,1928807141478912011,https://pbs.twimg.com/media/GsR_3e-aMAAmd4B.jpg,,in,,0,0,0,https://x.com/undefined/status/1928807141478912011,1489085305651347460,
1928798181560582623,Sat May 31 12:58:16 +0000 2025,0,Mari dukung program makan bergizi gratis https://t.co/j3gAtdOBwc,1928798181560582623,https://pbs.twimg.com/media/GsR3t8gbcAAoxuN.jpg,,in,,0,0,0,https://x.com/undefined/status/1928798181560582623,1841353706299957248,
1928791448104681805,Sat May 31 12:42:08 +0000 2025,0,@manjiirro makanlah sebelum km dikasih makan bergizi gratis itu by,1928794122531307551,,manjiirro,in,,0,0,0,https://x.com/undefined/status/1928794122531307551,1680344102976757760,
1928788243031703965,Sat May 31 12:18:54 +0000 2025,1,Program Makan Bergizi Gratis (MBG) yang digagas pemerintah untuk memastikan anak-anak Papua tumbuh sehat dan bersemangat dalam belajar. https://t.co/xTDJbaIZp2,1928788275029840212,https://pbs.twimg.com/media/GsRutvBaMAIzKdS.jpg,Ninaninabudiman,in,,0,1,0,https://x.com/undefined/status/1928788275029840212,1736994760303513600,
1928786305896296892,Sat May 31 12:11:05 +0000 2025,0,Pastikan anak dapat asupan bergizi lewat program Makan Bergizi gratis https://t.co/DlntMUs7yl,1928786305896296892,https://pbs.twimg.com/media/GsRs6xVboAAeQ2c.jpg,,in,,0,0,0,https://x.com/undefined/status/1928786305896296892,812305110,
1928786292814250027,Sat May 31 12:11:01 +0000 2025,0,Makan Bergizi gratis untuk anak supaya tumbuh optimal dan selalu aktif https://t.co/yNQWldIVBM,1928786292814250027,https://pbs.twimg.com/media/GsRs55KaMAIYnso.jpg,,in,,0,0,0,https://x.com/undefined/status/1928786292814250027,812305110,
1928783591829295335,Sat May 31 12:07:25 +0000 2025,0,@namyejunse gemess bgt bingkisan ultahnya makan malam bergizi gratis ya,1928785384554770444,,namyejunse,in,,0,1,0,https://x.com/undefined/status/1928785384554770444,1560087511229050881,
1928653879920701934,Sat May 31 11:30:00 +0000 2025,6,@PreciosaKanti Lha kok SD SMP SMA gratis segala..makan bergizi gratis aja budget kembang kempis ,1928775968140709977,,PreciosaKanti,in,,0,3,0,https://x.com/undefined/status/1928775968140709977,1358050106990186497,
1939730006089023857,Mon Jun 30 16:57:26 +0000 2025,0,Dukung Program Makan Bergizi Gratis RI Impor 1 Juta Ekor Sapi Perah https://t.co/s7rWLEIJbA,1939730006089023857,,,in,,0,0,0,https://x.com/undefined/status/1939730006089023857,1927644306711748608,
1939728604105252987,Mon Jun 30 16:51:52 +0000 2025,0,Program makan bergizi gratis penuhi gizi anak-anak menuju Indonesia Emas 2045 #PenuhiGiziIndonesia https://t.co/S6chTF2u0o,1939728604105252987,https://pbs.twimg.com/media/GutM4YZbYAAvWnm.jpg,,in,,0,0,0,https://x.com/undefined/status/1939728604105252987,1882667125250363393,
1939728564070621460,Mon Jun 30 16:51:42 +0000 2025,0,Program makan bergizi gratis penuhi gizi anak-anak #PenuhiGiziIndonesia https://t.co/g6yzMfTvVw,1939728564070621460,https://pbs.twimg.com/media/GutM2B4boAAnLV-.jpg,,in,,0,0,0,https://x.com/undefined/status/1939728564070621460,1882667125250363393,
1939728496919761188,Mon Jun 30 16:51:26 +0000 2025,0,MBG Penuhi Gizi Anak Indonesia lebih dari 650.000 anak sekolah mendapatkan makan bergizi gratis #PenuhiGiziIndonesia https://t.co/Cheyw9HdkN,1939728496919761188,https://pbs.twimg.com/media/GutMyHqa0AAoeda.jpg,,in,,0,0,0,https://x.com/undefined/status/1939728496919761188,1882667125250363393,
1939728309161763072,Mon Jun 30 16:50:41 +0000 2025,0,Makan Bergizi Gratis Bantu Penuhi Kadar Gizi Anak Indonesia #PenuhiGiziIndonesia https://t.co/Je2Ke6R5Mf,1939728309161763072,https://pbs.twimg.com/media/GutMnJtbMAAm4wg.jpg,,in,,0,0,0,https://x.com/undefined/status/1939728309161763072,1882667125250363393,
1939728273908600991,Mon Jun 30 16:50:33 +0000 2025,0,Makan bergizi gratis bantu penuhi kadar gizi anak #PenuhiGiziIndonesia https://t.co/O4wQDB5ynj,1939728273908600991,https://pbs.twimg.com/media/GutMlHXboAM9N_P.jpg,,in,,0,0,0,https://x.com/undefined/status/1939728273908600991,1882667125250363393,
1939111578659438870,Mon Jun 30 16:07:04 +0000 2025,0,@sempa_naga @itszaelany @ARSIPAJA Saya tidak menemukan data spesifik mengenai total hutang program Makan Bergizi Gratis (MBG) kepada vendor di seluruh Indonesia per 30 Juni 2025. Anggaran MBG tahun 2025 sebesar Rp71 triliun namun laporan resmi tidak menyebutkan rincian utang. Kemungkinan ada kewajiban finansial,1939717330722050299,,sempa_naga,in,,0,1,0,https://x.com/undefined/status/1939717330722050299,1720665183188922368,
1939716810238288297,Mon Jun 30 16:05:00 +0000 2025,1,Program Makan Bergizi Gratis (MBG) tetap berjalan selama 6 hari di masa libur sekolah. Distribusi makanan akan dilakukan 2 kali dalam seminggu. https://t.co/OINKco0sDL,1939716810238288297,,,in,,0,1,0,https://x.com/undefined/status/1939716810238288297,69183155,
1939714680806912023,Mon Jun 30 15:56:32 +0000 2025,0,MBG bikin anak-anak makin sehat &amp; pinter! Program Makan Bergizi Gratis ini gokil banget bantu lahirin generasi cemerlang yang siap cetak prestasi. #MakanBergiziGratis #GenerasiCemerlang #IndonesiaMaju https://t.co/czSzvKLBZS,1939714680806912023,https://pbs.twimg.com/media/GutANZKa0AEv4Ft.jpg,,in,,0,0,0,https://x.com/undefined/status/1939714680806912023,1686276192352272384,
1939714205575446770,Mon Jun 30 15:54:39 +0000 2025,0,Program Makan Bergizi Gratis mendukung kesehatan dan kecerdasan anak sehingga membantu membentuk generasi yang cemerlang dan berprestasi. #MakanBergiziGratis #GenerasiCemerlang #IndonesiaMaju https://t.co/ClqIBXzX5e,1939714205575446770,https://pbs.twimg.com/media/Gus_yRQbsAANFZ7.jpg,,in,,0,0,0,https://x.com/undefined/status/1939714205575446770,1868038567202861058,
1951063126218256750,Thu Jul 31 23:31:12 +0000 2025,1,Dengan adanya Makan Bergizi Gratis angka stunting dapat ditekan dan kualitas hidup anak Papua meningkat #papua #papuatengah #papuahits #jayapura #nabire #jayawijaya #merauke #mbg #mbgpapua #MBGMajukanPapua https://t.co/Syk8FTmnTp,1951063126218256750,https://pbs.twimg.com/media/GxORkCmaIAYzwfl.jpg,,in,,0,0,0,https://x.com/undefined/status/1951063126218256750,1356941787487588355,
1951057499987255764,Thu Jul 31 23:08:51 +0000 2025,0,Jamin Pola Hidup Sehat Program Makan Bergizi Gratis Hadir di Bengkulu Utara https://t.co/nS5KnYoaTS,1951057499987255764,,,in,,0,0,0,https://x.com/undefined/status/1951057499987255764,1369734116191608833,
1951056082417385840,Thu Jul 31 23:03:13 +0000 2025,0,Masyarakat Manokwari Selatan Antusias Sambut Program Makan Bergizi Gratis di Papua Barat https://t.co/xuYR4xGtQ3,1951056082417385840,,,in,,0,0,0,https://x.com/undefined/status/1951056082417385840,1369734116191608833,
1951044737110254020,Thu Jul 31 22:18:08 +0000 2025,0,Program Makan Bergizi Gratis Membuat Anak-anak Papua Tumbuh Sehat Dan Cerdas https://t.co/hSNCEiN6LM,1951044737110254020,https://pbs.twimg.com/media/GxOA2AuawAE6aFr.jpg,,in,,0,0,0,https://x.com/undefined/status/1951044737110254020,1357068553669603328,
1951036546251104424,Thu Jul 31 21:45:35 +0000 2025,0,Program Makan Bergizi Gratis Membuat Anak-anak Papua Tumbuh Sehat Dan Cerdas https://t.co/2RnxyFIhar,1951036546251104424,https://pbs.twimg.com/media/GxN5ZL1aAAAnO82.jpg,,in,,0,0,0,https://x.com/undefined/status/1951036546251104424,1357067797155569670,
1950766009914429443,Thu Jul 31 21:42:05 +0000 2025,0,@AirinDatangLagi Apa itu pendidikan lbh baik MAKAN BERGIZI GRATIS ( BERACUN ),1951035666319679902,,AirinDatangLagi,in,,0,0,0,https://x.com/undefined/status/1951035666319679902,1321774693259472897,
1951033964803572167,Thu Jul 31 21:35:20 +0000 2025,1,SINERGITAS STAKEHOLDERS ADALAH KUNCI KEBERHASILAN PROGRAM MAKAN BERGIZI GRATIS DI PAPUA. https://t.co/9Vqycif4Se,1951033964803572167,https://pbs.twimg.com/media/GxN3DWQWAAANpOT.jpg,,in,,0,1,0,https://x.com/undefined/status/1951033964803572167,1649383603413954561,
1950985293341008260,Thu Jul 31 18:37:31 +0000 2025,0,makan bergizi gratis itu duit rakyat anjing lu semua mau aja ditipu sama pemerintah pake embel embel gratis lu kira itu MBG pake duit prab apaa cape bangett anjing ngetik kaya gini monyet,1950989214868447400,,ttalggiboii,in,,0,1,0,https://x.com/undefined/status/1950989214868447400,1836217809401212928,
1950963298356326468,Thu Jul 31 16:54:32 +0000 2025,0,Dukung Program Makan Bergizi Gratis Ajinomoto Sebarkan Edukasi ke Berbagai Kota https://t.co/MSpAOJTHzu,1950963298356326468,,,in,,0,0,0,https://x.com/undefined/status/1950963298356326468,79130206,
1950951170245058619,Thu Jul 31 16:28:13 +0000 2025,1,@pdfeverr Pokoknya intinya bem u ngomong kalo bakal terus mengkritisi kebijakan kabinet prabowo gibran terus mention makan bergizi gratis juga kak,1950956678255616378,,pdfeverr,in,,0,0,0,https://x.com/undefined/status/1950956678255616378,1291620976182980609,
1950956464853651758,Thu Jul 31 16:27:22 +0000 2025,0,Gudang Vodca PIK terbesar di Asia Tenggara tarif import 0% free cukai minuman Russia Vodca America Vodca 🇺🇸🇮🇩🇷🇺CRS littlestar Louvre REDLINE RUSSIA Kremlin Ontel Army KOMCAD 3 Program Nasional Pemerintah(sekolah rakyat makan bergizi gratis ontelarmy KOMCAD) https://t.co/X1n8aj2FF7,1950956464853651758,https://pbs.twimg.com/media/GxMwj4AasAA9gfi.jpg,,in,,0,0,0,https://x.com/undefined/status/1950956464853651758,970670063370977281,
1950938511860711701,Thu Jul 31 15:16:08 +0000 2025,1,Kementerian PANRB memiliki peran penting dalam percepatan Program Makan Bergizi Gratis melalui pemenuhan SDM dan redistribusi ASN demi kelancaran program ini. Ayo dukung Program Pemerintah karena setiap anak Indonesia berhak tumbuh optimal! https://t.co/S2Yb55Kxx6,1950938537768919525,https://pbs.twimg.com/media/GxMgQmfb0AEtlRN.jpg,kempanrb,in,,0,0,0,https://x.com/undefined/status/1950938537768919525,1240689786,
1950938511860711701,Thu Jul 31 15:16:02 +0000 2025,6,Anak-anak sehat menentukan masa depan kuat untuk Indonesia. Yuk simak langkah Kementerian PANRB dalam mendukung program Makan Bergizi Gratis! https://t.co/C9Bo0NxInH,1950938511860711701,https://pbs.twimg.com/media/GxMgPKbbMAAsBZr.jpg,,in,,0,1,1,https://x.com/undefined/status/1950938511860711701,1240689786,
1950926394508411294,Thu Jul 31 14:34:56 +0000 2025,0,@idextratime Sekolah di indo aja ada makan bergizi gratis,1950928167243268327,,idextratime,in,,0,0,0,https://x.com/undefined/status/1950928167243268327,1895303622998794242,
1962282951770866076,Sun Aug 31 22:34:47 +0000 2025,2,Program Makan Bergizi Gratis di Kota Malang Masih Jalan Tersendat - https://t.co/d8fLK7tQxR https://t.co/bzibm5TSU8,1962282951770866076,https://pbs.twimg.com/media/Gztt8atagAAr7kB.jpg,,in,,0,0,0,https://x.com/undefined/status/1962282951770866076,1809520327137062915,
1961805335829602526,Sun Aug 31 18:26:02 +0000 2025,0,@sighyam Warga juga bisa kesini ya .. ayo kita rapatkan barisan sebagai team Makan Bergizi Tidak Beracun Gratis https://t.co/9rQgJ4wlsp,1962220348797309224,,sighyam,in,,0,0,0,https://x.com/undefined/status/1962220348797309224,1826963084814274560,
1962219389937504321,Sun Aug 31 18:22:15 +0000 2025,1,Lagian di era kayak gini mana ada sih makan gratis MBG akal akalan doang padahal ibarat kata lu bayar pajak buat biayain makan bergizi yang belum tentu lu kedapetan. Baru nyadar kan? WKWKWK,1962219399211000293,,cchiatos,in,,0,0,0,https://x.com/undefined/status/1962219399211000293,1196647051582328832,
1962219389937504321,Sun Aug 31 18:22:14 +0000 2025,2,Dan sekarang presiden lu ngidein mau ada Makan Bergizi GRATIS layaknya masyarakat yang tergiur sama hal 'gratis' bikin dia bingung lah pengeluaran bertambah sampe triliunan pemasukannya dari mana? otomatis semua pajak dinaikkin. Giliran pajak naik masyarakatnya marah.,1962219394580545881,,cchiatos,in,,0,1,0,https://x.com/undefined/status/1962219394580545881,1196647051582328832,
1961987308946661565,Sun Aug 31 17:39:04 +0000 2025,0,@putradigant0202 @ARSIPAJA Berdasarkan RAPBN 2026 anggaran pendidikan direncanakan Rp757 8 triliun (naik 9 8% dari outlook 2025) dengan alokasi besar untuk program seperti Makan Bergizi Gratis. Anggaran kesehatan Rp244 triliun (naik 15 8%) difokuskan pada jaminan kesehatan dan penurunan stunting.,1962208531987456179,,putradigant0202,in,,0,0,0,https://x.com/undefined/status/1962208531987456179,1720665183188922368,
1962178283925319776,Sun Aug 31 15:38:53 +0000 2025,1,Program Makan Bergizi Gratis (MBG) hadir sebagai langkah nyata mencetak generasi sehat cerdas dan tangguh. Ayo dukung MBG demi masa depan anak-anak Indonesia yang lebih gemilang! #DukungMBG #GenerasiEmas #AnakSehatPintar https://t.co/TWmjuk8SOh,1962178283925319776,https://pbs.twimg.com/media/GzsOwCSbIAAiGBG.jpg,,in,,0,4,0,https://x.com/undefined/status/1962178283925319776,1565711358880268289,
1962095963067281680,Sun Aug 31 15:19:48 +0000 2025,0,@prabowo bacot ndut. aku belum dapet makan bergizi gratis,1962173481669513486,,prabowo,in,,0,0,0,https://x.com/undefined/status/1962173481669513486,1674743491,
1962074166557061253,Sun Aug 31 15:03:28 +0000 2025,0,@KangManto123 menjarah rumah orang sebenarnya ada ilmu tapi apa dikata orang lebih milih makan bergizi gratis ,1962169373030052024,,KangManto123,in,,0,0,0,https://x.com/undefined/status/1962169373030052024,1647592356026392577,
1962162672016961553,Sun Aug 31 14:36:50 +0000 2025,0,abis ngulik ttg mbg (makan bergizi gratis) yg bikin tercengang,1962162672016961553,,,in,,0,0,0,https://x.com/undefined/status/1962162672016961553,1364507610750197761,
1962161300475441616,Sun Aug 31 14:33:44 +0000 2025,0,Kusebut 3 saja program Prabowo yang sekarang astagfirullah eksekusinya: 1. Makan Bergizi Gratis (ladang korupsi banyak siswa keracunan food tray import dan tidak sesuai standard) 2. Koperasi Merah Putih (sejak kapan koperasi disurut ngutang ke Bank?; belum lagi apotek plasma ..,1962161890668531926,,iimmaaaa,in,,0,1,0,https://x.com/undefined/status/1962161890668531926,328832580,
1961855783894954478,Sun Aug 31 14:13:36 +0000 2025,0,@Dahnilanzar 8.Reformasi sistem pemilu dan kepartaian yang menguntungkan oligarki dan menciptakan oligarki baru 9.Hapuskan program Makan Bergizi Gratis (MBG) yang merusak alokasi dana pendidikan 10.Turunkan pajak-pajak bagi masyarakat bawah dan naikkan pajak bagi kalangan atas (elit),1962156822288323011,,Dahnilanzar,in,,0,0,0,https://x.com/undefined/status/1962156822288323011,292826573,
1962095963067281680,Sun Aug 31 14:11:04 +0000 2025,1,@prabowo 8.Reformasi sistem pemilu dan kepartaian yang menguntungkan oligarki dan menciptakan oligarki baru 9.Hapuskan program Makan Bergizi Gratis (MBG) yang merusak alokasi dana pendidikan 10.Turunkan pajak-pajak bagi masyarakat bawah dan naikkan pajak bagi kalangan atas (elit),1962156187644051582,,prabowo,in,,0,1,0,https://x.com/undefined/status/1962156187644051582,292826573,
1962138772876976509,Sun Aug 31 13:01:52 +0000 2025,0,Makan bergizi gratis memberi manfaat positif bagi anak bangsa https://t.co/PJV9Avclzm,1962138772876976509,https://pbs.twimg.com/media/Gzrq0NEbcAAZHUa.jpg,,in,,0,0,0,https://x.com/undefined/status/1962138772876976509,564578290,
1973171047123063234,Tue Sep 30 23:40:12 +0000 2025,0,Makan Bergizi Gratis Mencerdaskan Generasi Emas Papua. #PapuaBaratDaya #DukungMakanBergiziGratis https://t.co/95DmMDNSPd,1973171047123063234,https://pbs.twimg.com/media/G2IcmO4bAAAjPVZ.jpg,,in,,0,0,0,https://x.com/undefined/status/1973171047123063234,1358751432128663554,
1973168820195061800,Tue Sep 30 23:31:21 +0000 2025,0,Makan Bergizi Gratis Mencerdaskan Generasi Emas Papua. #PapuaBaratDaya #DukungMakanBergiziGratis https://t.co/Y4skgna4oN,1973168820195061800,https://pbs.twimg.com/media/G2IakLLbkAAYkeY.jpg,,in,,0,0,0,https://x.com/undefined/status/1973168820195061800,906666763361718272,
1973168514077999222,Tue Sep 30 23:31:09 +0000 2025,0,@Zaindamai @ChatGPTGoneWild @PerekonomianRI @Gerindra @RadioElshinta Ya Ombudsman RI menemukan penyimpangan di Program Makan Bergizi Gratis (MBG): beras yang dibeli sebagai premium ternyata kualitas medium di SPPG Cimahpar Bogor. Ini kasus terisolasi (hanya 34 dari 8.450 unit) lolos cek karena kurang pengawasan. Sumber: Kompas Tempo CNN,1973168773516734617,,Zaindamai,in,,0,0,0,https://x.com/undefined/status/1973168773516734617,1720665183188922368,
1973167305413763498,Tue Sep 30 23:25:19 +0000 2025,835,20 SISWA SDN 1 DI JAKTIM KERACUNAN MBG 5 ORANG SEMPAT MASUK IGD‼️ Sebanyak 20 siswa Sekolah Dasar Negeri (SDN) 01 Gedong Pasar Rebo Jakarta Timur mengalami keracunan diduga akibat mengonsumsi menu Makan Bergizi Gratis (MBG). Selasa (30/09/2025). Dari 20 siswa tersebut 5 https://t.co/FDLIqRBQsn,1973167305413763498,https://pbs.twimg.com/amplify_video_thumb/1973167285369249792/img/JKWpsMcXWYARHeme.jpg,,in,,63,92,574,https://x.com/undefined/status/1973167305413763498,121640063,
1972553672988180760,Tue Sep 30 23:19:26 +0000 2025,1,@CNNIndonesia @desmodromici1 Orang tua nenek moyang kita dulu tinggal di pegunungan yang gak pernah mengenal makan bergizi gratis tapi pada sehat sehat dan pintar pintar dan ada juga yang umur di atas 100 tahun sekarang katanya makan bergizi tapi racun,1973165823549419924,,CNNIndonesia,in,,0,0,0,https://x.com/undefined/status/1973165823549419924,1740227034964721664,
1973161212650332371,Tue Sep 30 23:01:07 +0000 2025,0,Pemerintah Provinsi Kalimantan Timur (Kaltim) memastikan kualitas mutu program Makan Bergizi Gratis (MBG) tetap terjaga. https://t.co/EMBomyRciX,1973161212650332371,,,in,,0,0,0,https://x.com/undefined/status/1973161212650332371,103551225,
1973159878161211864,Tue Sep 30 22:55:49 +0000 2025,12,Wali murid Sekolah Dasar Islam Terpadu Al Izzah Kota Serang menolak Program Makan Bergizi Gratis (MBG) yang diterapkan di sekolah mereka... Mereka menilai program tersebut tidak tepat sasaran karena mayoritas siswa berasal dari keluarga berada yang mampu membayar biaya https://t.co/SszBfwM5Jf,1973159878161211864,https://pbs.twimg.com/media/G2ISc7ibwAExFvA.jpg,,in,,0,0,6,https://x.com/undefined/status/1973159878161211864,80559922,
1973158025566576706,Tue Sep 30 22:48:27 +0000 2025,1,Dulu...Saat Indonesia merdeka di tahun 1945 dapat dikatakan semua hal belum siap...terpenting merdeka dulu. Kini... Makan Bergizi Gratis (MBG) juga begitu..banyak yang belum siap &amp; sesuai standar.. penting jalan dulu...setelah ada banyak korban keracunan baru dibenahi ini.. itu.,1973158025566576706,,,in,,0,0,0,https://x.com/undefined/status/1973158025566576706,548162595,
1973014200437096562,Tue Sep 30 22:00:26 +0000 2025,0,@MariaAlkaff_ Penyunatan anggaran yg bgitu besar akhirnya jdnya bkn Makan Bergizi Gratis tp Makan Berkurang Gizinya,1973145940342243551,,MariaAlkaff_,in,,0,2,0,https://x.com/undefined/status/1973145940342243551,1053271569877749760,
1973141137931247812,Tue Sep 30 21:41:21 +0000 2025,0,Sekitar 20 siswa SD Negeri Ungaran 01 Kabupaten Semarang mengalami mual dan muntah setelah menyantap menu Makan Bergizi Gratis (MBG) pada Selasa (30/9/2025). 20 Siswa SD di Ungaran Diduga Keracunan MBG https://t.co/wEpuRAno5J,1973141137931247812,https://pbs.twimg.com/media/G2IBDDeaIAsteFz.png,,in,,0,0,0,https://x.com/undefined/status/1973141137931247812,53713023,
1973136235066802309,Tue Sep 30 21:21:52 +0000 2025,0,Mantan Menteri Politik Hukum &amp; Keamanan (Menko Polhukam) Mahfud MD mengaku bahwa ada anggota keluarganya yg mengalami keracunan setelah mengkonsumsi makan bergizi gratis (MBG). Peristiwa itu terjadi di Daerah Istimewa Yogyakarta. Mahfud MD: Cucu Saya Juga Keracunan MBG https://t.co/wTRKYKJVat,1973136235066802309,https://pbs.twimg.com/media/G2H8mWva0AAGlR6.png,,in,,0,0,0,https://x.com/undefined/status/1973136235066802309,53713023,
1973135521464590597,Tue Sep 30 21:19:02 +0000 2025,0,Seorang balita dilaporkan menjadi salah satu korban keracunan Makan Bergizi Gratis (MBG) di Garut Jawa Barat Kondisinya memprihatinkan hingga perlu dirujuk ke rumah sakit. Kabar tersebut dibenarkan Bupati Garut Syakur Amin. Syakur menyebut balita berjenis kelamin perempuan https://t.co/T1LhgYxeaU,1973135521464590597,https://pbs.twimg.com/media/G2H728paIAAra-S.png,,in,,0,0,0,https://x.com/undefined/status/1973135521464590597,53713023,
1973134669286887445,Tue Sep 30 21:15:38 +0000 2025,0,Puluhan pelajar SD di perbatasan Indonesia-Malaysia tepatnya di pulau Sebatik Kab. Nunukan Kalimantan Utara Selasa (30/9/2025) dilarikan ke Puskesmas karena diduga keracunan Makan Bergizi Gratis (MBG) dengan gejala muntaber https://t.co/aDBiuxzryc,1973134669286887445,https://pbs.twimg.com/media/G2H7OOZaIAQsl4q.png,,in,,0,0,0,https://x.com/undefined/status/1973134669286887445,53713023,
1972937854507700729,Tue Sep 30 21:05:20 +0000 2025,0,@kumparan Kenapa ngeyel program makan bergizi gratis diteruskan..ato ujung ujungnya pembengkakan anggaran ya bos..,1973132073977389215,,kumparan,in,,0,0,0,https://x.com/undefined/status/1973132073977389215,1505689255418691584,
1973017623991558149,Tue Sep 30 20:24:01 +0000 2025,0,@NurRohi03920969 @kompascom Halo! MBG (Makan Bergizi Gratis) adalah program pemerintah Indonesia untuk kasih makan siang bergizi gratis ke anak sekolah tujuannya tingkatkan gizi &amp; SDM. Gus Yahya lagi ingetin pelaksana supaya hati-hati prioritaskan kesehatan anak. Soal teman Mossad itu mungkin sindiran,1973121677522616791,,NurRohi03920969,in,,0,1,0,https://x.com/undefined/status/1973121677522616791,1720665183188922368,
1973094995516334148,Tue Sep 30 18:37:59 +0000 2025,0,Makan Bergizi Gratis di Bengkalis Dikeluhkan Menu Basi hingga Berbelatung @prabowo @Gerindra @Lambe_Turah https://t.co/C87ShEmqDO,1973094995516334148,,,in,,0,0,0,https://x.com/undefined/status/1973094995516334148,1159262678,
1973094858819518622,Tue Sep 30 18:37:28 +0000 2025,0,Insiden itu bermula ketika para wartawan berusaha mencari tahu lokasi dapur SPPG yang disebut-sebut menjadi tempat penyajian makanan bagi siswa SDN 01 Gedong. https://t.co/ni5k9TnA3L,1973094863584342094,,suaramerdeka,in,,0,0,0,https://x.com/undefined/status/1973094863584342094,219527452,
1973090696463626498,Tue Sep 30 18:20:54 +0000 2025,0,Berkah MBG Makan Bergizi Gratis di sekolah dasar Kota Solok Sumatera Barat. Telah terlaksana lebih dari 20 kali. https://t.co/bchpBO1mfH,1973090696463626498,https://pbs.twimg.com/ext_tw_video_thumb/1973090678419890176/pu/img/vtL4slWJUjWaq4Ey.jpg,,in,,0,0,0,https://x.com/undefined/status/1973090696463626498,1124925890,
1984402506793816285,Fri Oct 31 23:30:00 +0000 2025,7,Siswa penerima makan bergizi gratis atau MBG di Jawa Tengah menyelipkan permintaan menu dan terima kasih ke Presiden Prabowo dengan cara yang unik. Simak berita selengkapnya hanya di https://t.co/6JJAT1Pjug #HardNews_Viral #FlashOne #CariBeritaditvOne #MBG #JawaTengah https://t.co/2Ba3ZNCIIe,1984402506793816285,https://pbs.twimg.com/amplify_video_thumb/1984353943473061888/img/vkCnJTSS3Zb_XpGp.jpg,,in,,0,4,1,https://x.com/undefined/status/1984402506793816285,55507370,
1984397807730770082,Fri Oct 31 23:11:20 +0000 2025,0,BGN Latih Relawan Penjamah Makanan Pastikan Kualitas Program Makan Bergizi Gratis di Gorontalo https://t.co/TP4Y9V5D3a https://t.co/DWMYFdN0qM,1984397807730770082,https://pbs.twimg.com/media/G4n_SlybQAI9UuS.png,,in,,0,0,0,https://x.com/undefined/status/1984397807730770082,1758376920406966272,
1984397392414961788,Fri Oct 31 23:09:41 +0000 2025,0,Makan bergizi gratis sukses terdistribusi secara merata,1984397392414961788,,,in,,0,0,0,https://x.com/undefined/status/1984397392414961788,714238358332051456,
1984397169038942293,Fri Oct 31 23:08:48 +0000 2025,0,Bentuk masa depan bangsa makan bergizi gratis,1984397169038942293,,,in,,0,0,0,https://x.com/undefined/status/1984397169038942293,714238358332051456,
1984397058670002453,Fri Oct 31 23:08:21 +0000 2025,0,Dukung program makan bergizi gratis,1984397058670002453,,,in,,0,0,0,https://x.com/undefined/status/1984397058670002453,714238358332051456,
1984396966588227960,Fri Oct 31 23:07:59 +0000 2025,0,Makan bergizi gratis untuk generasi emas,1984396966588227960,,,in,,0,0,0,https://x.com/undefined/status/1984396966588227960,714238358332051456,
1984396116566425714,Fri Oct 31 23:04:37 +0000 2025,0,Pemerintah optimis program makan bergizi gratis akan mencapai target penerimaan manfaat pada akhir tahun https://t.co/MuMGZVZbzp,1984396116566425714,https://pbs.twimg.com/media/G4n9v_QbgAAwmfG.jpg,,in,,1,0,0,https://x.com/undefined/status/1984396116566425714,714238358332051456,
1984395926044356991,Fri Oct 31 23:03:51 +0000 2025,0,Presiden Prabowo Subianto bentuk tim koordinasi lintas kementerian dukung program makan bergizi gratis https://t.co/0Y4YYzhqrJ,1984395926044356991,https://pbs.twimg.com/media/G4n9k_WbQAQcfro.jpg,,in,,1,0,0,https://x.com/undefined/status/1984395926044356991,714238358332051456,
1984388014773334391,Fri Oct 31 22:32:25 +0000 2025,0,Program makan bergizi gratis memastikan setiap anak tumbuh sehat cerdas dan siap menjadi pemimpin masa depan Indonesia https://t.co/sAyUaGretq,1984388014773334391,https://pbs.twimg.com/media/G4n2YiZbYAAjS3w.jpg,,in,,0,0,0,https://x.com/undefined/status/1984388014773334391,1401213133,
1984387886293369097,Fri Oct 31 22:31:54 +0000 2025,0,Makan bergizi gratis adalah komitmen negara untuk menjamin hak dasar anak atas makanan yang layak dan masa depan yang lebih cerah. https://t.co/eg7F160It8,1984387886293369097,https://pbs.twimg.com/media/G4n2RChbQAUaFHP.jpg,,in,,0,0,0,https://x.com/undefined/status/1984387886293369097,1401213133,
1984381965332828595,Fri Oct 31 22:08:23 +0000 2025,0,BGN Asah Kompetensi Relawan Gizi Jaga Kualitas Makan Bergizi Gratis di Timur Indonesia https://t.co/bqKraO26O8 https://t.co/6iqPgUHaq1,1984381965332828595,https://pbs.twimg.com/media/G4nw4cGbQAAwLFf.png,,in,,0,0,0,https://x.com/undefined/status/1984381965332828595,1840377191168958464,
1984381856624833023,Fri Oct 31 22:07:57 +0000 2025,0,Ratusan Petugas Gizi Dilatih BGN Siapkan Garda Terdepan Program Makan Bergizi Gratis https://t.co/Rnvvvzwe0f https://t.co/P4kPnkXmfo,1984381856624833023,https://pbs.twimg.com/media/G4nwyFXagAA0LIY.png,,in,,0,0,0,https://x.com/undefined/status/1984381856624833023,1758376920406966272,
1984359743633469701,Fri Oct 31 20:40:05 +0000 2025,0,Rekaman video yg menunjukkan belatung dalam ompreng Makan Bergizi Gratis (MBG) viral di media sosial. Dalam video terlihat belatung bergerak ke masakan mi yang ada disebelahnya. Kejadian terjadi di salah satu Madrasah Aliyah Negeri (MAN) yang ada di Bangkalan Madura Jawa Timur https://t.co/6F8FX7JVaT,1984359743633469701,https://pbs.twimg.com/media/G4ncRVPaYAE84Q5.png,,in,,0,0,0,https://x.com/undefined/status/1984359743633469701,53713023,
1984353582842593669,Fri Oct 31 20:15:36 +0000 2025,0,Sekitar 800 siswa dari 1.546 siswa Sekolah Menengah Kejuruan (SMK) Kandeman Kabupaten Batang Jawa Tengah mengalami keracunan diduga setelah menyantap makanan program Makan Bergizi Gratis (MBG) Jumat (31/10/2025). https://t.co/vBH4mR8Moj,1984353582842593669,https://pbs.twimg.com/media/G4nW-pvbQAEy0u5.png,,in,,0,18,0,https://x.com/undefined/status/1984353582842593669,53713023,
1984340457921589740,Fri Oct 31 19:23:27 +0000 2025,0,Halloo #SahabatData Pada tanggal 23-24 Oktober 2025 BPS Kabupaten Nganjuk telah melaksanakan Pelatihan Survei Baseline Monitoring dan Evaluasi Program Makan Bergizi Gratis (MBG) Tahap 2 lhoo... Kegiatan pelatihan wajib dilakukan sebelum melakukan kegiatan survei agar data yang https://t.co/Z4fMkTfcKl,1984340457921589740,https://pbs.twimg.com/amplify_video_thumb/1984340264149004288/img/rMP6qUR3pFuZyoiy.jpg,,in,,0,1,0,https://x.com/undefined/status/1984340457921589740,1221991764866715648,
1984339468636365000,Fri Oct 31 19:19:34 +0000 2025,0,menjadi prioritas pemerintah. Delapan agenda pembangunan nasional yang menjadi prioritas Pemerintah : ketahanan pangan energi program makan bergizi gratis pendidikan bermutu kesehatan berkualitas pembangunan desa dan UMKM pertahanan semesta serta percepatan investasi dan,1984339483186380975,,bpskabnganjuk,in,,0,1,0,https://x.com/undefined/status/1984339483186380975,1221991764866715648,
1995276351683850428,Sun Nov 30 23:38:47 +0000 2025,0,mandiri dengan makan bergizi gratis ? kualik wo ,1995276351683850428,,,in,,0,0,0,https://x.com/undefined/status/1995276351683850428,116378447,
1995254321269846150,Sun Nov 30 22:11:14 +0000 2025,0,kenapa ya banyak orang yg ga bisa bedain antara makan BERGIZI gratis sama makan gratis wkwkwk aduh kocak bgt kadang mau mikir buzzer tapi ada orang yg secara sukarela belain pemerintah wkwkkw,1995254321269846150,,,in,,0,0,0,https://x.com/undefined/status/1995254321269846150,1986027117877088257,
1994805250210107657,Sun Nov 30 16:21:45 +0000 2025,0,@Catatan_ali7 ANGGARAN nya Abis Buat MAKAN BERGIZI GRATIS,1995166369747493283,,Catatan_ali7,in,,0,0,0,https://x.com/undefined/status/1995166369747493283,2665568558,
1995156387144565118,Sun Nov 30 15:42:05 +0000 2025,1,Program Makan Bergizi Gratis Resmi Hadir di Muara Ciujung Barat https://t.co/hkcUiPINKv,1995156387144565118,,,in,,0,0,0,https://x.com/undefined/status/1995156387144565118,1813669578200981504,
1995142764527550787,Sun Nov 30 14:47:57 +0000 2025,5,Hasil Kajian Sementara Halo Sobat Gizi! Divisi Kajian Isu Kegizian Formazi FKM Unhas mengkaji pelaksanaan program Makan Bergizi Gratis dan SPPG di Kota Makassar. Forum diskusi menghasilkan rekomendasi perbaikan program dari perspektif gizi. Scan QR untuk lihat hasil lengkapnya https://t.co/uraqpXztzY,1995142764527550787,https://pbs.twimg.com/media/G7ArSzFa4AAgeuJ.jpg,,in,,0,0,0,https://x.com/undefined/status/1995142764527550787,1780441781152387072,
1995138372722172137,Sun Nov 30 14:30:30 +0000 2025,37,Banjir besar melanda wilayah Sumatera memaksa sekolah-sekolah tutup dan ribuan keluarga mengungsi. Di tengah situasi darurat ini ratusan dapur Makan Bergizi Gratis (MBG) bergerak cepat menyalurkan ratusan ribu paket makanan ke wilayah yang terisolasi. #detikcom #banjirsumut https://t.co/8cMTdf6bj7,1995138372722172137,https://pbs.twimg.com/amplify_video_thumb/1995136042131980288/img/ekL_fVSd1_A2gtVK.jpg,,in,,3,7,10,https://x.com/undefined/status/1995138372722172137,69183155,
1995134958852329607,Sun Nov 30 14:16:56 +0000 2025,0,SMA Negeri 1 Nabire ikut dapat makan bergizi gratis dan ini bikin happy banget. Senang lihat akses gizi makin merata hingga Papua. Semoga makin banyak sekolah yang ikut biar generasi makin sehat. https://t.co/hP782gdOcD https://t.co/Qo8oFVFXsL,1995134958852329607,https://pbs.twimg.com/media/G7Akl_GaIAAbIjz.png,,in,,24,0,0,https://x.com/undefined/status/1995134958852329607,1718450879517675520,
1995121028414980169,Sun Nov 30 13:21:35 +0000 2025,0,support BGN 100%! Klop bgt tuh hotline untuk sukseskan Program Makan Bergizi Gratis https://t.co/b6tUW3M3ct,1995121028414980169,https://pbs.twimg.com/media/G7AX_59boAAwbG4.jpg,,in,,0,0,0,https://x.com/undefined/status/1995121028414980169,1010747130,
2006139076743778464,Tue Dec 30 23:03:22 +0000 2025,0,Bagi anak-anak di daerah terpencil program Makan Bergizi Gratis bukan sekadar makanan tapi harapan #PenuhiGiziIndonesia https://t.co/CuPAl29RfX,2006139076743778464,https://pbs.twimg.com/media/G9c8O1pagAADzpo.jpg,,in,,0,0,0,https://x.com/undefined/status/2006139076743778464,1965018398703951872,
2006139021857096154,Tue Dec 30 23:03:09 +0000 2025,0,Program Makan Bergizi Gratis (MBG) tidak hanya berdampak pada peningkatan gizi anak tetapi juga mendorong perputaran ekonomi lokal melalui pelibatan UMKM dan petani setempat. #PenuhiGiziIndonesia https://t.co/4l7pgy2GCA,2006139021857096154,https://pbs.twimg.com/media/G9c8MlyaUAAsZli.jpg,,in,,0,0,0,https://x.com/undefined/status/2006139021857096154,1965018398703951872,
2006138954836320324,Tue Dec 30 23:02:53 +0000 2025,0,Program Makan Bergizi Gratis merupakan wujud nyata kepedulian Pemerintah terhadap masa depan anak bangsa #PenuhiGiziIndonesia https://t.co/2VBVNt1kQs,2006138954836320324,https://pbs.twimg.com/media/G9c8KquaYAQdqwD.jpg,,in,,0,0,0,https://x.com/undefined/status/2006138954836320324,1935165050320470018,
2006138903938449804,Tue Dec 30 23:02:41 +0000 2025,0,Bagi anak-anak di daerah terpencil program Makan Bergizi Gratis bukan sekadar makanan tapi harapan #PenuhiGiziIndonesia https://t.co/323ls1bv3f,2006138903938449804,https://pbs.twimg.com/media/G9c8H7TaYAAtPqx.jpg,,in,,0,0,0,https://x.com/undefined/status/2006138903938449804,1935165050320470018,
2006138852373610613,Tue Dec 30 23:02:29 +0000 2025,0,Dari desa-desa di pegunungan Papua hingga pelosok Nusa Tenggara Makan Bergizi Gratis telah menjadi bukti nyata kehadiran negara untuk anak-anak bangsa. #PenuhiGiziIndonesia https://t.co/SxXPBCbX0y,2006138852373610613,https://pbs.twimg.com/media/G9c8GmEboAAu2eQ.jpg,,in,,0,0,0,https://x.com/undefined/status/2006138852373610613,1935165050320470018,
2006138830252863490,Tue Dec 30 23:02:24 +0000 2025,0,Dari desa-desa di pegunungan Papua hingga pelosok Nusa Tenggara Makan Bergizi Gratis telah menjadi bukti nyata kehadiran negara untuk anak-anak bangsa. #PenuhiGiziIndonesia https://t.co/ngML5rIcTG,2006138830252863490,https://pbs.twimg.com/media/G9c8D7laYAAClwx.jpg,,in,,0,0,0,https://x.com/undefined/status/2006138830252863490,1935214199313154048,
2006138780420349965,Tue Dec 30 23:02:12 +0000 2025,0,Bagi anak-anak di daerah terpencil program Makan Bergizi Gratis bukan sekadar makanan tapi harapan #PenuhiGiziIndonesia https://t.co/ycTl5TimT5,2006138780420349965,https://pbs.twimg.com/media/G9c7-xZbMAA2EVm.jpg,,in,,0,0,0,https://x.com/undefined/status/2006138780420349965,1935214199313154048,
2006138729665110122,Tue Dec 30 23:02:00 +0000 2025,0,Program Makan Bergizi Gratis merupakan wujud nyata kepedulian Pemerintah terhadap masa depan anak bangsa #PenuhiGiziIndonesia https://t.co/9kPmBsvyVh,2006138729665110122,https://pbs.twimg.com/media/G9c78wJaYAAWTXP.jpg,,in,,0,0,0,https://x.com/undefined/status/2006138729665110122,1935214199313154048,
2006138707649122438,Tue Dec 30 23:01:54 +0000 2025,0,Program Makan Bergizi Gratis merupakan wujud nyata kepedulian Pemerintah terhadap masa depan anak bangsa #PenuhiGiziIndonesia https://t.co/4USDU6YMNj,2006138707649122438,https://pbs.twimg.com/media/G9c77EpbQAAoIbg.jpg,,in,,0,0,0,https://x.com/undefined/status/2006138707649122438,109230368,
2006138657548247158,Tue Dec 30 23:01:42 +0000 2025,0,Bagi anak-anak di daerah terpencil program Makan Bergizi Gratis bukan sekadar makanan tapi harapan #PenuhiGiziIndonesia https://t.co/8XLVEb1T8r,2006138657548247158,https://pbs.twimg.com/media/G9c74dgaYAAkO9E.jpg,,in,,0,0,0,https://x.com/undefined/status/2006138657548247158,109230368,
2006138575935479880,Tue Dec 30 23:01:23 +0000 2025,0,Dari desa-desa di pegunungan Papua hingga pelosok Nusa Tenggara Makan Bergizi Gratis telah menjadi bukti nyata kehadiran negara untuk anak-anak bangsa. #PenuhiGiziIndonesia https://t.co/M06cZTb47S,2006138575935479880,https://pbs.twimg.com/media/G9c70QmaYAAN0Xw.jpg,,in,,0,0,0,https://x.com/undefined/status/2006138575935479880,109230368,
2006076249375150554,Tue Dec 30 18:53:43 +0000 2025,0,Nama program Makan BERGIZI Gratis (MBG) tapi kuantiti protein dalam susu 1 gram je Matlamat dah baik untuk bantu kanak2 dapat nutrisi tapi terhalang oleh korupsi Satu pengajaran yang besar buat para pembuat polisi,2006076249375150554,,,in,,0,0,0,https://x.com/undefined/status/2006076249375150554,1242870655676076033,
1884907967017075182,Fri Jan 31 23:49:33 +0000 2025,0,@Twillight_Loid Report sekali ya mending kasi uang tunai saja ke setiap anak2 Indonesia biar masing2 ortu beli/masak makan bergizi buat anaknya. Saya yakin sekali bahwa program makan bergizi ini lahan cari = untung V untung alias korupsi.,1885475539416482198,,Twillight_Loid,in,,0,0,0,https://x.com/undefined/status/1885475539416482198,1695647266412093440,
1885459661027266955,Fri Jan 31 22:46:27 +0000 2025,2,Dengan adanya program makan bergizi di Papua anak anak sangat terbantu #makansianggratis #makanbergizi #papuaviral #Papua #LoveIsland #LaCasaDeLosFamososCol #ネトフリでタイプロ https://t.co/SWUaF2zEh8,1885459661027266955,https://pbs.twimg.com/media/Gip_kbmbYAIqxSv.jpg,,in,,0,0,0,https://x.com/undefined/status/1885459661027266955,1775536487343464448,
1885448465813299662,Fri Jan 31 22:01:58 +0000 2025,0,MARI DUKUNG PROGRAM PEMERINTAH Makan Bergizi Gratis membantu anak-anak di Papua untuk tumbuh cerdas dan sehat. #MakanBergizi #GiziIndonesia #Makangratis #Gizi #MBG https://t.co/OvEiVK2H6C,1885448465813299662,https://pbs.twimg.com/media/Gip1YwhbYAAhM6y.jpg,,in,,0,0,0,https://x.com/undefined/status/1885448465813299662,1356777967502774272,
1885448420414153040,Fri Jan 31 22:01:48 +0000 2025,0,MARI DUKUNG PROGRAM PEMERINTAH Makan Bergizi Gratis membantu anak-anak di Papua untuk tumbuh cerdas dan sehat. #MakanBergizi #GiziIndonesia #Makangratis #Gizi #MBG https://t.co/mB002HZIpi,1885448420414153040,https://pbs.twimg.com/media/Gip1WJXbAAARaT9.jpg,,in,,0,0,0,https://x.com/undefined/status/1885448420414153040,1356777967502774272,
1885448032462020872,Fri Jan 31 22:00:15 +0000 2025,1,MARI DUKUNG PROGRAM PEMERINTAH Makan Bergizi Gratis membantu anak-anak di Papua untuk tumbuh cerdas dan sehat. #MakanBergizi #GiziIndonesia #Makangratis #Gizi #MBG https://t.co/YHLev6lbuU,1885448032462020872,https://pbs.twimg.com/media/Gip0_kBbMAAvoNz.jpg,,in,,0,0,1,https://x.com/undefined/status/1885448032462020872,1385800550952751105,
1885447984584020233,Fri Jan 31 22:00:04 +0000 2025,2,MARI DUKUNG PROGRAM PEMERINTAH Makan Bergizi Gratis membantu anak-anak di Papua untuk tumbuh cerdas dan sehat. #MakanBergizi #GiziIndonesia #Makangratis #Gizi #MBG https://t.co/WUuhatakuS,1885447984584020233,https://pbs.twimg.com/media/Gip08yVawAA9ddV.jpg,,in,,0,0,0,https://x.com/undefined/status/1885447984584020233,1385800550952751105,
1885435587106398351,Fri Jan 31 21:10:48 +0000 2025,1,Dukung Program Makan Bergizi Gratis untuk anak-anak di Papua #papua #papuatengah #papuahits #jayapura #nabire #jayawijaya #merauke https://t.co/puA4SJcnra,1885435587106398351,https://pbs.twimg.com/media/GippqvCaoAAd9yq.jpg,,in,,0,0,0,https://x.com/undefined/status/1885435587106398351,1356941787487588355,
1885435031239483611,Fri Jan 31 21:08:35 +0000 2025,1,Dukung Program Makan Bergizi Gratis untuk anak-anak di Papua #papua #papuatengah #papuahits #jayapura #nabire #jayawijaya #merauke https://t.co/nx5kAFtJTe,1885435031239483611,https://pbs.twimg.com/media/GippKa3bYAQOtCI.jpg,,in,,0,0,0,https://x.com/undefined/status/1885435031239483611,1356941787487588355,
1885312075985281251,Fri Jan 31 20:36:05 +0000 2025,0,@tempodotco Perekonomian indonesia membanggakan kata menteri perekonomian. . Hingga untuk program makan siang gratis anak anak sekolah akan dibuka peluang dengan menu makan daun kelor ulat dan serangga bergizi?,1885426850203394511,,tempodotco,in,,0,0,0,https://x.com/undefined/status/1885426850203394511,1116882263185088513,
1885361647117885794,Fri Jan 31 19:44:24 +0000 2025,10,@DivHumas_Polri Program makan Bergizi gratis sdh ada yg urus Pak Polisi fokus saja melindungi rakyat tangkap penjahat Begara pagar Laut hrs prioritas pnyelidikan n sgr tetapkan tersangka,1885413843863822826,,DivHumas_Polri,in,,0,0,0,https://x.com/undefined/status/1885413843863822826,218092863,
1885408301476991171,Fri Jan 31 19:31:35 +0000 2025,0,dan semua ini dilakukan demi jalannya program makan bergizi gratis (tapi gaenak) dan proyek mega besar di tengah hutan itu bener-bener pemerintahan yang skill issue,1885410618922197449,,stephfahrry,in,,0,0,0,https://x.com/undefined/status/1885410618922197449,1133998200405159936,
1885401137316278746,Fri Jan 31 18:53:54 +0000 2025,0,Program makan bergizi gratis bikin semangat UMKM pangan membara bikin kesejahteraan meningkat #MBGDorongEkonomi,1885401137316278746,,,in,,0,0,0,https://x.com/undefined/status/1885401137316278746,1818897541649645571,
1885398958404764121,Fri Jan 31 18:45:15 +0000 2025,0,Program makan bergizi gratis memperkuat kemandirian ekonomi masyarakat. #MBGDorongEkonomi,1885398958404764121,,,in,,0,0,0,https://x.com/undefined/status/1885398958404764121,1703686301713874944,
1885398363824378201,Fri Jan 31 18:42:53 +0000 2025,0,Program makan bergizi gratis itu bisa jadi titik awal bangkitnya ekonomi dan UMKM kita. Lets go #MBGDorongEkonomi,1885398363824378201,,,in,,0,0,0,https://x.com/undefined/status/1885398363824378201,1696052361540894720,
1895595916129943782,Fri Feb 28 22:04:19 +0000 2025,0,Program Makan Bergizi membuat Anak Papua Tumbuh sehat dan Cerdas #VisiPresidenPrabowo #FoodEstate #SwasembadaPangan #KetahananPangan #IndonesiaTanpaImpor #PenuhiGiziIndonesia #MakanBergiziGratis https://t.co/w21tvf7tu0,1895595916129943782,https://pbs.twimg.com/ext_tw_video_thumb/1895595849503154176/pu/img/p5_XIINML15FT1ik.jpg,,in,,0,0,0,https://x.com/undefined/status/1895595916129943782,1237838586,
1895595880495096021,Fri Feb 28 22:04:11 +0000 2025,0,Program Makan Bergizi membuat Anak Papua Tumbuh sehat dan Cerdas #VisiPresidenPrabowo #FoodEstate #SwasembadaPangan #KetahananPangan #IndonesiaTanpaImpor #PenuhiGiziIndonesia #MakanBergiziGratis https://t.co/TGqU5mNuby,1895595880495096021,https://pbs.twimg.com/media/Gk6CZG9awAAnuzw.jpg,,in,,0,0,0,https://x.com/undefined/status/1895595880495096021,1237838586,
1895506224864800920,Fri Feb 28 16:07:55 +0000 2025,0,Lagi-lagi di program makan siang bergizi gratis! Disuguhin daging mentah!! Teganya. Bukannya bergizi anak nanti malah sakit dan cacingan. https://t.co/IQ17KtVBUq,1895506224864800920,https://pbs.twimg.com/media/Gk4w3bBXAAAqRyI.jpg,,in,,0,0,0,https://x.com/undefined/status/1895506224864800920,3032152165,
1895501195671941289,Fri Feb 28 15:47:56 +0000 2025,0,sumpahh gue selalu mikir kalau program mbg (makan bergizi gratis) yg dibuat prabowo sebagus lo catering sama yellowfit kitchen WOW banget gaksii ‍‍ kyk itu baru beneran mbg yaa tp gituudehhh itukan ga murahh yaaa wakk berapa juta anak sklh di indo + blm di korupsi ,1895501195671941289,,,in,,1,0,0,https://x.com/undefined/status/1895501195671941289,1477847220468682752,
1906807864502698366,Mon Mar 31 20:36:36 +0000 2025,0,Program Makan Bergizi membuat Anak Papua Tumbuh sehat dan Cerdas #VisiPresidenPrabowo #FoodEstate #SwasembadaPangan #KetahananPangan #IndonesiaTanpaImpor #PenuhiGiziIndonesia #MakanBergiziGratis https://t.co/MVnDibjd2j,1906807864502698366,https://pbs.twimg.com/ext_tw_video_thumb/1906807785909899265/pu/img/jf7ZLDTx6EtYexW1.jpg,,in,,0,0,0,https://x.com/undefined/status/1906807864502698366,1237838586,
1906807715806302687,Mon Mar 31 20:36:00 +0000 2025,0,Program Makan Bergizi membuat Anak Papua Tumbuh sehat dan Cerdas #VisiPresidenPrabowo #FoodEstate #SwasembadaPangan #KetahananPangan #IndonesiaTanpaImpor #PenuhiGiziIndonesia #MakanBergiziGratis https://t.co/cOjONw3zv7,1906807715806302687,https://pbs.twimg.com/media/GnZXguraIAARJt8.jpg,,in,,0,0,0,https://x.com/undefined/status/1906807715806302687,1237838586,
1906732970075169205,Mon Mar 31 15:39:00 +0000 2025,0,Program makan bergizi gratis berdampak besar terhadap perkembangan generasi muda Indonesia #PenuhiGiziIndonesia,1906732970075169205,,,in,,0,0,0,https://x.com/undefined/status/1906732970075169205,1711917804277129216,
1906372848987635924,Mon Mar 31 15:38:25 +0000 2025,0,@malikaelinata Program makan bergizi gratis bertujuan untuk meningkatkan gizi anak-anak Indonesia #PenuhiGiziIndonesia,1906732825207877763,,malikaelinata,in,,0,0,0,https://x.com/undefined/status/1906732825207877763,1836249740952104960,
1906373005279887805,Mon Mar 31 15:37:26 +0000 2025,0,@malikaelinata Program makan bergizi gratis berdampak besar terhadap perkembangan generasi muda Indonesia #PenuhiGiziIndonesia,1906732578880840028,,malikaelinata,in,,0,0,0,https://x.com/undefined/status/1906732578880840028,1836249740952104960,
1906727019930407423,Mon Mar 31 15:37:23 +0000 2025,3,@neVerAl0nely Program makan bergizi gratis itu mesti nya mengcover ini ,1906732563152228561,,neVerAl0nely___,in,,0,1,0,https://x.com/undefined/status/1906732563152228561,1619610144580542467,
1906372527263522909,Mon Mar 31 15:36:10 +0000 2025,0,@arkan_aksawa Dengan adanya program Makan Bergizi Gratis anak-anak kini memiliki kesempatan untuk tumbuh lebih baik #PenuhiGiziIndonesia,1906732258523840534,,arkan_aksawa,in,,0,0,0,https://x.com/undefined/status/1906732258523840534,1836761612616957952,
1906372656548438443,Mon Mar 31 15:35:35 +0000 2025,0,@arkan_aksawa Program makan bergizi gratis berdampak besar terhadap perkembangan generasi muda Indonesia #PenuhiGiziIndonesia,1906732113170473197,,arkan_aksawa,in,,0,0,0,https://x.com/undefined/status/1906732113170473197,1836761612616957952,
1906372430727397846,Mon Mar 31 15:35:05 +0000 2025,0,@arkan_aksawa Program makan bergizi gratis bertujuan untuk meningkatkan gizi anak-anak Indonesia #PenuhiGiziIndonesia,1906731988037345370,,arkan_aksawa,in,,0,0,0,https://x.com/undefined/status/1906731988037345370,1869975132716089344,
1906372656548438443,Mon Mar 31 15:34:17 +0000 2025,0,@arkan_aksawa Program makan bergizi gratis berdampak besar terhadap perkembangan generasi muda Indonesia #PenuhiGiziIndonesia,1906731786102833257,,arkan_aksawa,in,,0,0,0,https://x.com/undefined/status/1906731786102833257,1869975132716089344,
1917632434847260790,Wed Apr 30 17:29:35 +0000 2025,0,Program makan bergizi gratis (MBG) terbukti dapat mengakselerasi tumbuh kembang anak demi masa depan Papua yang lebih cemerlang! #papuaindonesia #papuadamai #opmpapuabiadab https://t.co/QtGqVka6vy,1917632434847260790,https://pbs.twimg.com/media/GpzMhaLXsAA26B8.jpg,,in,,0,0,0,https://x.com/undefined/status/1917632434847260790,1708392427076087808,
1917632423871013278,Wed Apr 30 17:29:32 +0000 2025,0,Setiap anak berhak tumbuh sehat! Program makan bergizi gratis di Jawa Timur hadir untuk memastikan anak-anak sekolah mendapatkan asupan yang cukup dan sehat setiap hari. #MakanBergiziGratis #JawaTimurSehat #AnakHebat #GiziUntukMasaDepan https://t.co/c6J0ATckGk,1917632423871013278,https://pbs.twimg.com/media/GpzMhu4bMAAjBfA.jpg,,in,,0,3,0,https://x.com/undefined/status/1917632423871013278,1582557889201569792,
1916097091816050842,Wed Apr 30 16:25:34 +0000 2025,0,@MorphoMenelausX Opini goblok. 0 5%itu ga cuma angka itu bocah ada nyawanya. Judulnya makan bergizi gratis udah gizinya ga ada malah ngeracunin. Cuma orang sakit jiwa yg belain nih program tolol.,1917616324559397010,,MorphoMenelausX,in,,0,0,0,https://x.com/undefined/status/1917616324559397010,1700114956530909184,
1917606606373843342,Wed Apr 30 15:46:57 +0000 2025,1,PROGRAM MAKAN BERGIZI GRATIS BENTUK NYATA PEMERINTAH SELAMATKAN GENERASI EMAS KHUSUSNYA DI TANAH PAPUA JADI MARI TONG DUKUNG SAMA-SAMA JANGAN MAU TERPROVOKASI #PRABOWO #PAPUA #MBG https://t.co/xvBXjppiT8,1917606606373843342,https://pbs.twimg.com/amplify_video_thumb/1917606554087612417/img/k0jKba7b95mpoODX.jpg,,in,,0,0,0,https://x.com/undefined/status/1917606606373843342,1603727778050113536,
1917606491059822894,Wed Apr 30 15:46:29 +0000 2025,1,PROGRAM MAKAN BERGIZI GRATIS BENTUK NYATA PEMERINTAH SELAMATKAN GENERASI EMAS KHUSUSNYA DI TANAH PAPUA JADI MARI TONG DUKUNG SAMA-SAMA JANGAN MAU TERPROVOKASI #PRABOWO #PAPUA #MBG BUMN https://t.co/4Yg7Mg7uDF,1917606491059822894,https://pbs.twimg.com/media/Gpy06zfaYAQdQ6p.jpg,,in,,0,0,0,https://x.com/undefined/status/1917606491059822894,1603727778050113536,
1917606437750202520,Wed Apr 30 15:46:16 +0000 2025,1,Program Makan Bergizi Gratis (MBG) yang diinisiasi oleh Presiden Prabowo merupakan langkah positif dalam mengatasi masalah kekurangan gizi anak-anak di Indonesia khususnya di bagian Timur #MBG #PAPUA #PRESIDEN #INDONESIA #PRABOWO BUMN https://t.co/N9KqcVhpsH,1917606437750202520,https://pbs.twimg.com/media/Gpy04ZuaYAI08_Z.jpg,,in,,0,0,0,https://x.com/undefined/status/1917606437750202520,1603727778050113536,
1917606396356592056,Wed Apr 30 15:46:06 +0000 2025,1,Program Makan Bergizi Gratis (MBG) yang diinisiasi oleh Presiden Prabowo merupakan langkah positif dalam mengatasi masalah kekurangan gizi anak-anak di Indonesia khususnya di bagian Timur #MBG #PAPUA #PRESIDEN #INDONESIA #PRABOWO BUMN https://t.co/qwCAotXM6c,1917606396356592056,https://pbs.twimg.com/media/Gpy01A-aYAI3jfq.jpg,,in,,0,0,0,https://x.com/undefined/status/1917606396356592056,1603727778050113536,
1917376024083587490,Wed Apr 30 14:58:48 +0000 2025,0,@JamesH03518554 Pemerintah daerah juga dilibatkan aktif untuk memastikan program makan bergizi gratis sesuai kebutuhan lokal,1917594490187178289,,JamesH03518554,in,,0,0,0,https://x.com/undefined/status/1917594490187178289,1913402979371339776,
1917376024083587490,Wed Apr 30 14:55:33 +0000 2025,0,@JamesH03518554 Pemerintah terus mengedepankan prinsip good governance dalam menjalankan program makan bergizi gratis untuk anak-anak Indonesia,1917593671593255169,,JamesH03518554,in,,0,0,0,https://x.com/undefined/status/1917593671593255169,1913404305065062400,
1917376050528674217,Wed Apr 30 14:50:18 +0000 2025,0,@JamesH03518554 Presiden Prabowo menegaskan pentingnya pengawasan ketat agar program makan bergizi gratis benar-benar sampai ke tangan yang membutuhkan,1917592350483718183,,JamesH03518554,in,,0,0,0,https://x.com/undefined/status/1917592350483718183,1893868470426857472,
1928762954016764288,Sat May 31 10:38:17 +0000 2025,30,Di Sumba Barat Daya Program Makan Bergizi Gratis (MBG) bukan sekadar janji tapi nyata dirasakan warga. Vincencia Toma ibu hamil asal Desa Radamata bersyukur setiap pagi mendapat makanan bergizi untuk dirinya dan keluarga. Kini ia tak lagi cemas soal asupan nutrisi bagi sang https://t.co/M88LwjopSp,1928762954016764288,https://pbs.twimg.com/ext_tw_video_thumb/1928762904691838976/pu/img/pxquzjx4H7XZgy4O.jpg,,in,,0,5,10,https://x.com/undefined/status/1928762954016764288,1289954556411969537,
1928316656771813610,Sat May 31 10:16:03 +0000 2025,0,@JamesH03518554 Program makan bergizi gratis ini bukan cuma soal kenyang tapi tentang generasi emas yang sehat dan kuat,1928757359519691153,,JamesH03518554,in,,0,0,0,https://x.com/undefined/status/1928757359519691153,1889572018934468608,
1928748956391190567,Sat May 31 09:42:40 +0000 2025,0,Program Makan Bergizi Gratis (MBG) membawa perubahan signifikan bagi warga Desa Radamata Kecamatan Kota Tambulaka Sumba Barat Daya. Salah satu penerima manfaat Vincencia Toma ibu hamil dengan seorang anak berusia empat tahun mengaku keluarganya kini menikmati makanan bergizi https://t.co/pf6chiknL2,1928748956391190567,https://pbs.twimg.com/amplify_video_thumb/1928747808577957891/img/IcaoW2i-IT_puoVt.jpg,,in,,0,2,0,https://x.com/undefined/status/1928748956391190567,502140136,
1928739775164399616,Sat May 31 09:06:11 +0000 2025,1,Stunting dan kekurangan gizi masih menjadi tantangan di Papua. Pemerintah hadir dengan program Makan Bergizi Gratis untuk memastikan anak-anak Papua mendapatkan asupan gizi yang cukup. #MakanBergiziGratis #PapuaBangkit #AnakIndonesiaSehat https://t.co/UrmLuC9T4h,1928739775164399616,https://pbs.twimg.com/media/GsRCmQuaMAA7NHa.jpg,,in,,0,0,0,https://x.com/undefined/status/1928739775164399616,2850437696,
1928737460218974291,Sat May 31 08:57:17 +0000 2025,0,Dukung terus Program Makan Bergizi Gratis https://t.co/1B15SffZC1,1928737534332256364,https://pbs.twimg.com/media/GsRAkMSaMAQI8Kl.jpg,GarrySnailpo,in,,0,0,0,https://x.com/undefined/status/1928737534332256364,1564630530603499524,
1928737460218974291,Sat May 31 08:57:07 +0000 2025,0,Dukung terus Program Makan Bergizi Gratis https://t.co/3ToTrBXTWk,1928737495883153599,https://pbs.twimg.com/media/GsRAh-UaMAABki-.jpg,GarrySnailpo,in,,0,1,0,https://x.com/undefined/status/1928737495883153599,1564630530603499524,
1928737460218974291,Sat May 31 08:56:59 +0000 2025,0,Dukung terus Program Makan Bergizi Gratis https://t.co/rQKRkAhAQz,1928737460218974291,https://pbs.twimg.com/media/GsRAf7GbkAAVPZY.jpg,,in,,0,1,0,https://x.com/undefined/status/1928737460218974291,1564630530603499524,
1928736991849668737,Sat May 31 08:55:30 +0000 2025,0,Dukung terus Program Makan Bergizi Gratis https://t.co/gUH5Kp1XWZ,1928737087043346916,https://pbs.twimg.com/media/GsRAKKWaMAIgMrN.jpg,HidupNusantara,in,,0,0,0,https://x.com/undefined/status/1928737087043346916,1564623681393131524,
1928736991849668737,Sat May 31 08:55:20 +0000 2025,0,Dukung terus Program Makan Bergizi Gratis https://t.co/PiiOdilGgp,1928737043590561799,https://pbs.twimg.com/media/GsRAHq6aQAAcvLp.jpg,HidupNusantara,in,,0,1,0,https://x.com/undefined/status/1928737043590561799,1564623681393131524,
1939821415890374914,Mon Jun 30 23:00:40 +0000 2025,0,Tamsil Linrung Apresiasi MBG Dorong Gerakan Ekonomi Rakyat https://t.co/uGNNJQf43i Program MBG bukan sekadar memberi makan bergizi. Ia adalah program strategis yang melibatkan masyarakat sebagai pelaku termasuk untuk aspek produksi distribusi hingga pembiayaan. Ini adala ,1939821415890374914,,,in,,0,0,0,https://x.com/undefined/status/1939821415890374914,2810878578,
1939720585484882109,Mon Jun 30 16:20:00 +0000 2025,0,Program Makan Bergizi capai 5 58 juta warga setara penduduk Singapura https://t.co/tYRJbqV8uW,1939720585484882109,,,in,,0,1,0,https://x.com/undefined/status/1939720585484882109,121640063,
1950913672039080222,Thu Jul 31 13:37:20 +0000 2025,0,Babinsa Koramil 06/Kedungwuni Kodim 0710/Pekalongan Korem 071/Wk Serma Adi Susanto dan Serka Tarto Dwiono melaksanakan sambang dan pendataan siswa siswi guna program Makan Bergizi Gratis di sekolah sekolah wilayah Kecamatan Kedungwuni. https://t.co/g3Ph5yeMu9,1950913672039080222,https://pbs.twimg.com/media/GxMJpQOaIAAsVX0.jpg,,in,,0,0,0,https://x.com/undefined/status/1950913672039080222,778788691804389378,
1950910138401071264,Thu Jul 31 13:23:17 +0000 2025,0,Menteri Ketenagakerjaan (Menaker) Yassierli membuka pelatihan berbasis kompetensi dan program tailor Made training (TMT) di Lombok Timur Nusa Tenggara Barat (NTB) guna mendukung program Makan Bergizi Gratis (MBG). https://t.co/pjhBAZEwB2 #beritaViral,1950910138401071264,,,in,,0,0,0,https://x.com/undefined/status/1950910138401071264,1571876659850280962,
1950893783325008054,Thu Jul 31 12:18:18 +0000 2025,0,Program makan bergizi juga disokong lewat KUR untuk UMKM pemasok. #BRIMenguatkanEkonomi #qrisbri https://t.co/4kMI2tz8z1,1950893783325008054,https://pbs.twimg.com/media/GxL3jj8boAAmBqM.jpg,,in,,0,0,0,https://x.com/undefined/status/1950893783325008054,1805169787376734208,
1950890199665553767,Thu Jul 31 12:04:04 +0000 2025,0,Sufmi Dasco menyoroti kasus keracunan masal dalam program makan bergizi gratis termasuk insiden di Kupang. Ia mendesak BGN untuk bertindak tegas guna mencegah terulangnya kejadian serupa dan memastikan keamanan program https://t.co/jXD5gXxtBH,1950890199665553767,https://pbs.twimg.com/media/GxL0RUUbcAACD49.jpg,,in,,0,0,0,https://x.com/undefined/status/1950890199665553767,2570087317,
1962071663304184231,Sun Aug 31 09:33:11 +0000 2025,12,@Ary_PrasKe2 Wapres mu kemana pak Lom ada titik terang Bikin pak dekrit presiden Perampasan aset korupsi buat bayar utang negara Mazulkan Gibran dari wapres Hapus program makan bergizi karna rawan akan bisnis ganti dengan pendidikan gratis Usut tuntas ijazah Jokowi,1962086252632797347,,Ary_PrasKe2,in,,0,1,2,https://x.com/undefined/status/1962086252632797347,1824151807821750272,
1962078352086536300,Sun Aug 31 09:02:05 +0000 2025,0,pencapaian target nasional. Dalam kesempatan yang sama BPOM juga memperkuat sinergi melalui penyampaian materi terkait pengawalan keamanan pangan program Makan Bergizi Gratis (MBG) serta penilaian mandiri Kabupaten/Kota Pangan Aman. Sinergi BPOM dengan pemerintah Provinsi https://t.co/8Bqg1kLofF,1962078427688980510,https://pbs.twimg.com/media/Gzqz7l3aYAA-_1e.jpg,PulaumorotaiB,in,,0,1,0,https://x.com/undefined/status/1962078427688980510,1593420271431880706,
1962077009066246165,Sun Aug 31 08:56:27 +0000 2025,0,Pengawasan Ketat Menu MBG #jatengterkini 31 Agustus 2025 Program Makan Bergizi Gratis (MBG) di SDN Ungaran 2 Kabupaten Semarang kini sudah memasuki pekan kedua. Antusias murid terlihat tinggi karena menu yang disajikan bervariasi dan disukai para siswa. https://t.co/Vg0nYVmmj6,1962077009066246165,,,in,,0,0,0,https://x.com/undefined/status/1962077009066246165,1085408062545018882,
1962057794204696820,Sun Aug 31 07:40:06 +0000 2025,0,Dukung program Makan Bergizi Gratis https://t.co/YqYrcauLXT,1962057794204696820,https://pbs.twimg.com/media/GzqhKnoaAAEpUqT.jpg,,in,,0,1,0,https://x.com/undefined/status/1962057794204696820,1564630530603499524,
1962056790113411403,Sun Aug 31 07:36:06 +0000 2025,0,Dukung program Makan Bergizi Gratis https://t.co/rXMYvzx810,1962056790113411403,https://pbs.twimg.com/media/GzqgQJCawAApOJv.jpg,,in,,0,1,0,https://x.com/undefined/status/1962056790113411403,1564623681393131524,
1962052037518266453,Sun Aug 31 07:17:13 +0000 2025,1,MBG bukan sekadar program makan siang gratis. Ia adalah laboratorium besar tempat negara belajar tentang logistik transparansi dan keberpihakan. #Headline https://t.co/ayq7AgBCD8,1962052037518266453,,,in,,0,0,0,https://x.com/undefined/status/1962052037518266453,23786106,
1962044923089490375,Sun Aug 31 06:48:57 +0000 2025,1,Program Makan Bergizi Gratis merupakan langkah nyata pemerintah dalam mewujudkan pemerataan gizi anak di berbagai wilayah Indonesia. #MakanBergiziGratis #GiziMerata #IndonesiaMaju https://t.co/rizLDtAcci,1962044923089490375,https://pbs.twimg.com/media/GzqVdEma8AA-vB5.jpg,,in,,0,0,0,https://x.com/undefined/status/1962044923089490375,1713751914977120256,
1962044880919875742,Sun Aug 31 06:48:47 +0000 2025,1,Program Makan Bergizi Gratis merupakan langkah nyata pemerintah dalam mewujudkan pemerataan gizi anak di berbagai wilayah Indonesia. #MakanBergiziGratis #GiziMerata #IndonesiaMaju https://t.co/FRv4rn3dzM,1962044880919875742,https://pbs.twimg.com/media/GzqVal4aQAAaxeA.jpg,,in,,0,0,0,https://x.com/undefined/status/1962044880919875742,1713751914977120256,
1973174491594498341,Tue Sep 30 23:53:53 +0000 2025,1,Sangat layak dan sepatutnya dijadikan standar pembanding bagi program makan bergizi,1973174491594498341,,,in,,0,0,0,https://x.com/undefined/status/1973174491594498341,1173949531097948161,
1973040564456358103,Tue Sep 30 23:15:32 +0000 2025,19,@BawonoRobert @flnnch Sebelum ada program MBG ini pondok/sekolah elite emang udah punya program makan sendiri juga pastinya lebih bergizi dan mahal menunya makanya kalo ini program MBG malah masuk ke pondok/sekolah elite kan malah agak konyol istilahnya malah downgrade gitu. ,1973164841503433077,,BawonoRobert,in,,0,2,0,https://x.com/undefined/status/1973164841503433077,1387047445922648071,
1973153470934032423,Tue Sep 30 22:30:21 +0000 2025,0,Bhabinkamtibmas Bawuran melaksanakan kegiatan pendampingan makan bergizi dari program bapak Presiden RI di SDN Bawuran SDN Kedungpring dan TK ABA kedungpring dari SPPG siwidi Dusun Tegalrejo RT.03 Bawuran Pleret. https://t.co/YxkYiosLAr,1973153470934032423,https://pbs.twimg.com/media/G2IMn_OaIAEWmwC.jpg,,in,,0,0,0,https://x.com/undefined/status/1973153470934032423,792984778664312832,
1973014200437096562,Tue Sep 30 19:01:14 +0000 2025,1,@MariaAlkaff_ MBG. . @prabowo cb mikir..makan bergizi apa yg 15 rb...? Apalagi disunat menjadi 6.500. Masyarakat udh tau..kl program ini hanya utk kalangan partai bagi2 uang rakyat.,1973100844363985051,,MariaAlkaff_,in,,0,0,0,https://x.com/undefined/status/1973100844363985051,354834524,
1973074854506352799,Tue Sep 30 17:17:57 +0000 2025,0,Tak ada negara maju tanpa generasi sehat Program Makan Bergizi Gratis bukan sekadar program makan tapi pondasi kemandirian dan kejayaan Indonesia di masa depan. Negara2 maju sudah lama melakukan ini. Kini saatnya Indonesia menyusul! Dukung MBG dukung Indonesia yang lebih kuat,1973074854506352799,,,in,,0,0,0,https://x.com/undefined/status/1973074854506352799,2496800502,
1973074181735719427,Tue Sep 30 17:15:17 +0000 2025,0,Program MBG (Makan Bergizi Gratis) adalah solusi konkret untuk mencegah stunting meningkatkan kualitas SDM dan membentuk generasi yang kuat cerdas dan produktif. Gizi hari ini = Kualitas pemimpin esok hari. Kita harus dukung program ini bersama!,1973074181735719427,,,in,,0,0,0,https://x.com/undefined/status/1973074181735719427,2493820213,
1973073356007067913,Tue Sep 30 17:12:00 +0000 2025,0,Anak-anak adalah masa depan bangsa. Gizi yang cukup bukan sekadar kebutuhan tapi hak dasar untuk tumbuh dan berkembang optimal. Program MBG (Makan Bergizi Gratis) hadir untuk memastikan setiap anak Indonesia mendapatkan asupan bergizi setiap hari,1973073356007067913,,,in,,0,0,0,https://x.com/undefined/status/1973073356007067913,2493002162,
1973073030973706414,Tue Sep 30 17:10:43 +0000 2025,0,Investasi terbesar bangsa bukan emas atau minyak tapi anak-anak sehat dan cerdas Program Makan Bergizi Gratis (MBG) menjawab kebutuhan dasar itu. Mari kawal agar sampai ke setiap sekolah ke setiap anak! #MBGUntukAnakBangsa,1973073030973706414,,,in,,0,0,0,https://x.com/undefined/status/1973073030973706414,1093924664,
1973072101730128251,Tue Sep 30 17:07:01 +0000 2025,0,Keracunan Massal dan Dapur Fiktif Program Makan Bergizi Gratis Tuai Kritik Tajam. Ribuan anak yang jatuh sakit tidak bisa direduksi menjadi statistik. Ini mencerminkan cara pandang birokratis yang abai terhadap penderitaan manusia. https://t.co/HHbvICCi2C https://t.co/fI9hg3NLd4,1973072101730128251,https://pbs.twimg.com/media/G2HCniTaIAAC2oT.jpg,,in,,0,0,0,https://x.com/undefined/status/1973072101730128251,1866478058582257664,
1973062950824104185,Tue Sep 30 16:30:39 +0000 2025,0,Badan Gizi Nasional Beri Insentif Rp100 Ribu untuk Guru Penanggung Jawab Program Makan Bergizi #mbg https://t.co/UWgj1Z2IBX,1973062950824104185,,,in,,0,0,0,https://x.com/undefined/status/1973062950824104185,1534144894960164864,
1973061098388467852,Tue Sep 30 16:23:18 +0000 2025,12,Program Makan Bergizi Gratis (MBG) menjadi salah satu perhatian serius Kodim 0902/Berau. Dandim 0902/Berau Letkol Inf Wirahady Harahap melakukan peninjauan langsung ke dapur MBG Satuan Pelayanan Pemenuhan Gizi (SPPG) di Karang Ambun Kecamatan Tanjung Redeb Kabupaten Berau. https://t.co/e1tkXjO6o3,1973061098388467852,https://pbs.twimg.com/media/G2G4eTlakAAS43d.jpg,,in,,0,2,0,https://x.com/undefined/status/1973061098388467852,1920778001157156867,
1972882836249276557,Tue Sep 30 16:15:27 +0000 2025,0,@indahtobrut_ @salam4jari Ya benar. Berdasarkan SE BGN Nomor 5/2025 guru penanggung jawab program Makan Bergizi Gratis (MBG) mendapat insentif Rp 100.000 per hari penugasan dicairkan setiap 10 hari. Prioritas untuk guru honorer dengan rotasi harian. Sumber: https://t.co/9vAjhQfcLS ,1973059122045333665,,tobrutt___,in,,0,0,0,https://x.com/undefined/status/1973059122045333665,1720665183188922368,
1984404863632228795,Fri Oct 31 23:39:22 +0000 2025,0,Rapat Koordinasi Tindak Lanjut Keracunan Makanan dalam Program Makan Bergizi https://t.co/jhRxgcfgRL,1984404863632228795,,,in,,0,0,0,https://x.com/undefined/status/1984404863632228795,2951351594,
1984310820805767309,Fri Oct 31 17:25:41 +0000 2025,0,Program Makan Bergizi Gratis wkwkwk ,1984310820805767309,,,in,,0,0,0,https://x.com/undefined/status/1984310820805767309,354785332,
1983739787707388012,Fri Oct 31 17:20:06 +0000 2025,4,@Atie_Haryati @perawrxide Makan Bergizi Gratis... salah satu caranya beri makan siang gratis/percuma pada siswa sekolah... tp program ini sebeneranya hanya alat politik sahaja sehingga tak lewat assess dan persiapan yang baik... jadi banyak budak2 keracunan...,1984309415533515113,,Atie_Haryati,in,,0,1,0,https://x.com/undefined/status/1984309415533515113,173010785,
1984228866815402401,Fri Oct 31 17:17:11 +0000 2025,26,@tempodotco Sebanyak 800 siswa Sekolah Menengah Kejuruan (SMK) Kandeman Kabupaten Batang Jawa Tengah mengalami keracunan diduga setelah menyantap program Makan Bergizi Gratis (MBG). Kepala SMK Kandeman Yulianto Jumat (31/10/2025) mengatakan dari 1.546 siswa 800 diantaranya diduga https://t.co/1dLaRSWh1e,1984308683564876082,https://pbs.twimg.com/media/G4muOnEbQAYDGwb.jpg,tempodotco,in,,4,23,5,https://x.com/undefined/status/1984308683564876082,80559922,
1984307828241396092,Fri Oct 31 17:13:47 +0000 2025,0,Sebanyak 800 siswa Sekolah Menengah Kejuruan (SMK) Kandeman Kabupaten Batang Jawa Tengah mengalami keracunan diduga setelah menyantap program Makan Bergizi Gratis (MBG). Kepala SMK Kandeman Yulianto Jumat (31/10/2025) mengatakan dari 1.546 siswa 800 diantaranya diduga https://t.co/aBmenVwnFR,1984307828241396092,https://pbs.twimg.com/media/G4mtdA_bQAIqU27.jpg,,in,,1,0,0,https://x.com/undefined/status/1984307828241396092,80559922,
1984305610415116502,Fri Oct 31 17:04:58 +0000 2025,0,Polsek Sungai Pinang Kawal Ribuan Pelajar Terima Program Makan Bergizi Gratis https://t.co/W2ZrNM6M14,1984305610415116502,https://pbs.twimg.com/media/G4mra8ObQAMi9tS.jpg,,in,,0,0,0,https://x.com/undefined/status/1984305610415116502,1303144388,
1984297447959810403,Fri Oct 31 16:32:32 +0000 2025,0,Peristiwa ini menunjukkan kaburnya batas antara tanggung jawab negara dan kepentingan pihak ketiga dalam pelaksanaan program publik seperti Makan Bergizi Gratis (MBG).,1984297447959810403,,,in,,1,0,0,https://x.com/undefined/status/1984297447959810403,2648720479,
1984295525412470843,Fri Oct 31 16:24:54 +0000 2025,0,Fenomena ini menggambarkan kegagalan sistemik dalam pengawasan program publik. Program Makan Bergizi Gratis (MBG) yang seharusnya menjadi simbol kepedulian negara terhadap gizi dan kesejahteraan anak justru berubah menjadi cermin lemahnya tata kelola dan kontrol mutu.,1984295525412470843,,,in,,1,0,0,https://x.com/undefined/status/1984295525412470843,2648720479,
1995119343818957176,Sun Nov 30 13:14:53 +0000 2025,0,Program Makan Bergizi Gratis di Papua semakin terstruktur dan fokus pada kualitas. Sinergi daerah dan pusat memastikan setiap anak mendapatkan gizi layak untuk tumbuh optimal #MBGPapua https://t.co/BuGjM0m6hE,1995119343818957176,https://pbs.twimg.com/media/G7AWcCKX0AEfmei.jpg,,in,,0,0,0,https://x.com/undefined/status/1995119343818957176,1708392427076087808,
1995115600046350668,Sun Nov 30 13:00:01 +0000 2025,22,Badan Gizi Nasional (BGN) mengalihkan lebih dari 526.000 paket Program Makan Bergizi Gratis (MBG) untuk masyarakat terdampak bencana banjir dan longsor di wilayah Sumatra Utara (Sumut) dan Aceh. #OneNewsUpdatetvOne #tvOne #CariBeritaditvOne #BGN #BanjirBandang #MBG #ONU03 https://t.co/yaQSWCGEWz,1995115600046350668,https://pbs.twimg.com/amplify_video_thumb/1995076467827585024/img/bfjpgJs4ya67CaeS.jpg,,in,,0,17,5,https://x.com/undefined/status/1995115600046350668,55507370,
1995101804363927956,Sun Nov 30 12:05:17 +0000 2025,0,Lewat dukungan pada SPPG untuk program Makan Bergizi Gratis rantai pasok dari bahan baku hingga distribusi bergerak bersama mendukung terciptanya petekonomian sirkuler dan menguatkan generasi emas Indonesia. #PLNUntukSemua #PLNUntukIndonesia https://t.co/IcuhCWNHKg,1995101826413363622,https://pbs.twimg.com/media/G7AGhpIa8AAyUXM.jpg,pln_uipmpa,in,,0,0,0,https://x.com/undefined/status/1995101826413363622,1894241872593522691,
1994677564049350832,Sun Nov 30 11:09:55 +0000 2025,1,@QianzyZ Namanya mbg kan makan bergizi gratis Kalo dikasih nya duit ganti program jadi uang makan bergizi pengelolaan uang bantuan bgni udah tiap tahun ada tapi gak bener juga sama aja korupsi nya gila gilaan mbg ini bagus bngt program nya cuma pelaksanaan nya aja banyak tikus nya,1995087893568839835,,QianzyZ,in,,0,0,0,https://x.com/undefined/status/1995087893568839835,82383080,
1995058945111752984,Sun Nov 30 09:14:53 +0000 2025,11,Program MBG memberikan manfaat untuk seluruh rakyat Indonesia. Badan Gizi Nasional (BGN) mengalihkan lebih dari 526.000 paket Program Makan Bergizi Gratis (MBG) untuk masyarakat terdampak bencana banjir dan longsor. https://t.co/2Mr4n3ajqS,1995058945111752984,https://pbs.twimg.com/media/G6_fiDObMAAmBdB.jpg,,in,,0,0,7,https://x.com/undefined/status/1995058945111752984,1427095335084515333,
1995036636158333154,Sun Nov 30 08:24:24 +0000 2025,0,@grok Menurut aku strategi sudah pas. Hanya saja pelaksanaannya akan membutuhkan waktu. Dimulai dengan program Makan Bergizi (MBG) Sekolah Rakyat memerangi korupsi secara massif sehingga hasil korupsi dapat digunakan negara untuk sektor pendidikan dan kesehatan. Ada tambahan?,1995046240174968860,,grok,in,,0,1,0,https://x.com/undefined/status/1995046240174968860,2556873745,
1995041365760053529,Sun Nov 30 08:05:02 +0000 2025,0,Pemkab Madiun memfokuskan APBD 2026 pada 17 program prioritas mulai pendidikan kesehatan infrastruktur hingga pendampingan makan bergizi https://t.co/q2SCf86qQQ,1995041365760053529,,,in,,0,0,0,https://x.com/undefined/status/1995041365760053529,1404018642,
1995037929832681870,Sun Nov 30 07:51:23 +0000 2025,4,BGN dan Pemprov Kepri Bahas Optimalisasi Program Makan Bergizi Gratis https://t.co/lCbvMDY6Re,1995037929832681870,,,in,,0,2,0,https://x.com/undefined/status/1995037929832681870,17128975,
2006092122496327773,Tue Dec 30 19:56:48 +0000 2025,0, minuman rasa susu untuk program makan berGIZI,2006092122496327773,,,in,,0,1,0,https://x.com/undefined/status/2006092122496327773,1807299231079931904,
2005885624608514249,Tue Dec 30 16:25:06 +0000 2025,1,@icecoldnovember Kepikiran gitu ngasih minuman rasa susu di program makan berGIZI gratis?? https://t.co/9cCgZJexKm,2006038846744535192,,icecoldnovember,in,,0,0,0,https://x.com/undefined/status/2006038846744535192,1736383330453770240,
2006007771871994172,Tue Dec 30 14:21:37 +0000 2025,0,BGN menjamin transparansi serta perlindungan hak warga tanpa ada intimidasi bagi orang tua sebagai bukti Kerja Nyata demi kesuksesan program makan bergizi gratis untuk bangsa #LanjutkanMBG #PerthSantaDomiiaJourney2025 #PerthSanta #เพิร์ธแซนต้า https://t.co/P7ov0A3zdf,2006007771871994172,https://pbs.twimg.com/media/G9bFb_ibQAAsaJx.jpg,,in,,0,0,0,https://x.com/undefined/status/2006007771871994172,1469643318795530247,
2006003588309680507,Tue Dec 30 14:05:07 +0000 2025,0,Program Makan Bergizi Gratis (MBG) memuncaki volume percakapan (~1 5 juta) diikuti krisis bencana Sumatera (~700 ribu). Isu Pesantren SMAN 72 &amp; IFP menyusul. Namun apakah tingginya volume sejalan dengan tingkat interaksi audiens di dalamnya? https://t.co/Z9klDjDd41,2006003618458243513,https://pbs.twimg.com/media/G9bBptmaYAQj8jW.png,DroneEmpritOffc,in,,0,1,0,https://x.com/undefined/status/2006003618458243513,1795626371735293952,
1885475521225777188,Fri Jan 31 23:49:29 +0000 2025,7,kapan orang2 yg ga pernah commute pake transum ini stop ngerecokin kebijakan terkait transum? Semoga program mbg itu cepet bubar. Bener2 nyusahin semua pihak,1885475521225777188,,,in,,0,2,1,https://x.com/undefined/status/1885475521225777188,870265874355077120,
1885474307327090830,Fri Jan 31 23:44:39 +0000 2025,0,Lihatlah Indonesia. Bikin program MBG sebelumnya bikin IKN. Ternyata sangat berpengaruh thd semua sektor. Coba tebak? Perencanaan keuangan yg gagal dan kapasitas keuangan yg memang belum cukup. Kata para ortu klo blm punya duit ya sabar nabung kek investasi emas kek. ,1885474307327090830,,,in,,0,0,0,https://x.com/undefined/status/1885474307327090830,58795521,
1885357475110805939,Fri Jan 31 23:35:47 +0000 2025,4,@Sasmo_kliwon @raihanaulia_rar enteng banget nyuruh inovasi hasil pengorbanan MBG doang kenapa MBG nya ga suruh inovasi aja tuh biar lebih efisien. Orang program berdampak langsung ke rakyat di swastakan apa ga mencekik. Sekelas TJ aja masih subsidi. Realistis son,1885472075097530516,,Sasmo_kliwon,in,,0,0,0,https://x.com/undefined/status/1885472075097530516,858133348383768576,
1885460620742713536,Fri Jan 31 23:31:11 +0000 2025,0,@alisyarief MBG adlh program mulia tp mengingat anggarannya yg terbatas hrsnya MBG diperuntukkan hanya pd anak didik yg kurang mampu aja shg kualitas gizinya bs di maximal kan semakin sdkt yg trm MBG maka akan lbh mudah penanganan nya ..,1885470917968699747,,alisyarief,in,,0,0,0,https://x.com/undefined/status/1885470917968699747,1599215705412448256,
1885241498637390092,Fri Jan 31 23:29:31 +0000 2025,4,@akuntwiter968 Kakak ipar gue usaha katering harian warga perumahan dan kadang kalau instansi atau sekolah-sekolah ada acara order makan di kakak ipar gue. Tapi sedari awal ada program MBG kami udah wanti-wanti ga usah ikutan. Mending yang udah langganan aja.,1885470496596385840,,akuntwiter968,in,,0,0,1,https://x.com/undefined/status/1885470496596385840,1598500335802150913,
1884858533885382769,Fri Jan 31 23:17:51 +0000 2025,0,@kompascom Kementerian/lembaga diminta penghematan 250an triliun -&gt; cuma 100 triliun utk nambahin program MBG. Sisa 150an triliun mau dikemanain??,1885467562261291276,,kompascom,in,,0,0,0,https://x.com/undefined/status/1885467562261291276,1318423088,
1885093742757233006,Fri Jan 31 23:14:57 +0000 2025,0,@CNNIndonesia Apa2 kok yg di tonjolkan cm program makan siang gratis. Smua jd penjilatnya prabowo skrg emang permslhan besar negara ini cm MBG? msh bnyk ygb lbh penting dibanding MBG ky jaman jahiliayahnya ethiopia aja negara ini perkara ngasih makan ke anaknya dianggap sdh tdk mampu,1885466830384627746,,CNNIndonesia,in,,0,1,0,https://x.com/undefined/status/1885466830384627746,500636186,
1885466194855289123,Fri Jan 31 23:12:25 +0000 2025,0,Program andalan Pak Prabowo yaitu MBG harus kita dukung terus semoga beberapa tahun kedepan anak02 Indonesia menjadi anak02 yg pintar dan dpt membawa Indonesia menjadi negara yg kuat dan maju. https://t.co/nQ2DrjmlWO,1885466194855289123,https://pbs.twimg.com/media/GiqFgehbYAAAqe4.jpg,,in,,0,0,0,https://x.com/undefined/status/1885466194855289123,1303591300290080768,
1885357475110805939,Fri Jan 31 22:57:34 +0000 2025,1,@raihanaulia_rar Pendidikan dan kesehatan juga bukan prioritas utama semua diefisiensi buat program MBG.,1885462456157560870,,raihanaulia_rar,in,,0,0,0,https://x.com/undefined/status/1885462456157560870,1589638915991826432,
1885460431214698938,Fri Jan 31 22:49:31 +0000 2025,0,Parameter keberhasila program MBG apasi? Serius nanya,1885460431214698938,,,in,,0,0,2,https://x.com/undefined/status/1885460431214698938,74749292,
1885454243584500034,Fri Jan 31 22:24:56 +0000 2025,0,Keknya selama ada program MBG IKN ini gak mungkin lanjut sih. Kecuali tiba ada investor masuk tapi apa iya ada yang mau?,1885454243584500034,,,in,,0,0,0,https://x.com/undefined/status/1885454243584500034,1249667767034212352,
1885320499829629395,Fri Jan 31 21:57:38 +0000 2025,223,@CNNIndonesia Wkwk. Ternyata kaum 58 emang bodoh beneran. Adik dan kakak sama2 bodoh. Namanya bukan makan gratis tapi program tambahan makanan untuk anak sekolah. Beda prosesnya. Dananya sudah jelas. Lha MBG (Mencret Berjamaah Gratis) ini? Dana sama pelaksanaannya ga jelas ,1885447374702780755,,CNNIndonesia,in,,0,1,13,https://x.com/undefined/status/1885447374702780755,1444470949647028227,
1885417730221781450,Fri Jan 31 19:59:50 +0000 2025,0,Puluhan Orang Tertipu Program MBG di Tasikmalaya Pelaku Ngaku Dekat dengan Mayor Teddy https://t.co/sMcEi2PYnW,1885417730221781450,,,in,,0,0,0,https://x.com/undefined/status/1885417730221781450,239873274,
1895615443957924088,Fri Feb 28 23:21:55 +0000 2025,0,Dinkes Kota Yogyakarta Ingatkan Disiplin Higienitas Keamanan Pangan dalam Program MBG https://t.co/v2dII6McML,1895615443957924088,,,in,,0,0,0,https://x.com/undefined/status/1895615443957924088,1173048570246598656,
1895612631735484452,Fri Feb 28 23:10:44 +0000 2025,0,SDI Tallo Tua 2 Siap Jalankan Program MBG https://t.co/jQjshGJP9F,1895612631735484452,,,in,,0,0,0,https://x.com/undefined/status/1895612631735484452,2810878578,
1895578322500997252,Fri Feb 28 20:54:24 +0000 2025,11,Menurut gw dengan MBG model gini yang diterapin pemerintah gw tau hal2 begini spt makanan udah gak seger bau berulat dll pasti akan kejadian dan akannterus terjadi. Jalan satu2nya setop program MBG ini benahin dulu perekonomian pendidikan kesehatan dll. Setelah https://t.co/5eowgpZgYs,1895578322500997252,https://pbs.twimg.com/media/Gk5ycC-WQAA_2jr.jpg,,in,,0,0,8,https://x.com/undefined/status/1895578322500997252,38112151,
1895562081027702883,Fri Feb 28 19:49:52 +0000 2025,0,Program MBG Investasi Masa Depan #opm #kstp #knpb #papua #ham https://t.co/sm3GuMeHhE,1895562081027702883,https://pbs.twimg.com/media/Gk5jqIxbQAUbh7v.jpg,,in,,0,0,0,https://x.com/undefined/status/1895562081027702883,1866324824601321472,
1895480983396499537,Fri Feb 28 18:26:55 +0000 2025,5,@__AnakKolong @meutya_hafid @kemkomdigi @setkabgoid Kelakuan Stafsus Pendengung. Baca SIGN saja tidak BECUS Ketololannya Tampak Nyata!! Sepertinya memang perlu diikutkan program MBG Agar bisa Cerdas. Meski sudah renta. ,1895541206115045535,,__AnakKolong,in,,0,0,0,https://x.com/undefined/status/1895541206115045535,1013984569,
1895517462915056047,Fri Feb 28 16:52:35 +0000 2025,0,bagi sembako dari pemerintah? Program MBG aja?,1895517465330995585,,stayswid,in,,0,0,0,https://x.com/undefined/status/1895517465330995585,1376817898472140801,
1895512960002597084,Fri Feb 28 16:34:41 +0000 2025,0,Program MBG (Main Baldurs Gate) https://t.co/eUFI1TPydK,1895512960002597084,https://pbs.twimg.com/media/Gk42_CCWcAcdZOp.jpg,,in,,0,1,0,https://x.com/undefined/status/1895512960002597084,1121706823298379776,
1895507361798005045,Fri Feb 28 16:17:17 +0000 2025,0,Mahasiswa : Kita harus kritik pemerintah pada program MBG Bro : Bagaimana dengan Demo UU yang buat menghukum Korupsi? Makna asli : Evaluasi MBG Makna What-about-ism: tErLaLu FoKuS aMa MbG kOrUpS1 d1aB4iK4n,1895508582260723964,,Audinayik_here,in,,0,1,0,https://x.com/undefined/status/1895508582260723964,1296242462944456710,
1895498489762844994,Fri Feb 28 15:58:54 +0000 2025,1,@BosPurwa Program MBG dioplos dg DANANTARA,1895503957415580029,,BosPurwa,in,,0,0,1,https://x.com/undefined/status/1895503957415580029,189539837,
1895501393835995228,Fri Feb 28 15:48:43 +0000 2025,11,Baru lewat tl masalah rekrutmen sppi. Bjir kata gw dr awal emang aneh kocak. Buat ngurus mbg doang pake latihan militer. Di tahap admin udah disuruh tes kesehatan + napza. Lagian program mbg kan jg gajelas jluntrungnya mana sppi diiming2 bakal jd asn.,1895501393835995228,,,in,,0,1,0,https://x.com/undefined/status/1895501393835995228,1202870310971723777,
1906692678651429198,Mon Mar 31 23:37:57 +0000 2025,1,@ChristianEko78 @PartaiSocmed @pamungkas_ari Program MBG bisa bantu cegah stunting memburuk terutama di anak kecil tapi balikin stunting parah sulit. Gizi baik dari MBG mungkin dukung pertumbuhan tapi hasilnya beda-beda tergantung usia dan tingkat keparahan. Anak stunting parah butuh lebih dari MBG kayak perawatan medis,1906853503537991892,,ChristianEko78,in,,0,0,0,https://x.com/undefined/status/1906853503537991892,1720665183188922368,
1906287004662280338,Mon Mar 31 22:21:38 +0000 2025,0,@RafeyPrincess @VDSyst3msX Survei Cigmark (27/3/2025) tunjukkan 78% puas dengan pemerintahan Prabowo-Gibran termasuk program MBG. Dana MBG aman Rp 71T di 2025 tambah Rp 100T dari efisiensi. Kritik ada soal pelaksanaan bukan dana. Jadi kepuasan ini terkini bukan sebelum kebobrokan terungkap. https://t.co/lZr8FE3B2w,1906834297488646654,https://pbs.twimg.com/media/Gmq59kbaMAAmRX2.jpg,,in,,0,0,0,https://x.com/undefined/status/1906834297488646654,1720665183188922368,
1906684180609786322,Mon Mar 31 17:01:23 +0000 2025,0,@chaosllife buat petisi pliss. jadiin program unggulan. kayanya program unggulan kalo kaya gini lebih berguna dari mbg deh,1906753704616927571,,SirenKisss,in,,0,1,0,https://x.com/undefined/status/1906753704616927571,1868253649866215424,
1906746588132786432,Mon Mar 31 16:33:06 +0000 2025,0,Program MBG dorong perubahan perilaku menuju pola makan lebih sehat. https://t.co/6VqEysmI4f,1906746588132786432,https://pbs.twimg.com/media/GnYf6MXaIAYyJRZ.jpg,,in,,0,0,0,https://x.com/undefined/status/1906746588132786432,1458957413764141072,
1906746423904969124,Mon Mar 31 16:32:27 +0000 2025,0,Program MBG dorong perubahan perilaku menuju pola makan lebih sehat. https://t.co/9EVCHOimiR,1906746423904969124,https://pbs.twimg.com/media/GnYfwx-bMAAri4s.jpg,,in,,0,0,0,https://x.com/undefined/status/1906746423904969124,1458957413764141072,
1906732793528521212,Mon Mar 31 15:38:18 +0000 2025,0,keren bgt! Program MBG bawa dampak positif buat bumil dan anak https://t.co/rzJMdr6Cn3,1906732793528521212,https://pbs.twimg.com/media/GnYTXUiaYAAQdWk.jpg,,in,,0,0,0,https://x.com/undefined/status/1906732793528521212,2272080265,
1906227819975483886,Mon Mar 31 15:30:30 +0000 2025,0,@zarryhendrik Nah ini lu benar dah.. emang ekonomi masyarakat dayanya lagi menurun... Program MBG yg konon katanya bs melecut ekonomi jg blm nampak dampaknya... Food estate pun masih blm terlihat hasilnya.... Seharusnya pemerintah kasih stimulus salah satunya turunkan harga BBM subsidi..,1906730832838136302,,zarryhendrik,in,,0,0,0,https://x.com/undefined/status/1906730832838136302,1797955130387763200,
1906287004662280338,Mon Mar 31 15:22:24 +0000 2025,0,@sanysept @VDSyst3msX Menurutku survey 68.6% puas sama pemerintah Prabowo-Gibran kayanya bener. Banyak polling lain kayak Cigmark (78%) KedaiKopi (72.5%) sama Kompas (80.9%) nunjukin kepuasan tinggi. Program kayak MBG bikin sentimen positif walau beda-beda tiap generasi Gen Z lebih puas https://t.co/qbOACIw4sd,1906728794636816873,https://pbs.twimg.com/media/Gmq54W5a0AAZoCX.jpg,sanysept,in,,0,0,0,https://x.com/undefined/status/1906728794636816873,1720665183188922368,
1906727618579431609,Mon Mar 31 15:17:44 +0000 2025,0,jadi bangga Program MBG diakui dunia https://t.co/9pNU6mgvlh,1906727618579431609,https://pbs.twimg.com/media/GnYOqGTacAAUib5.jpg,,in,,0,0,0,https://x.com/undefined/status/1906727618579431609,2476510207,
1906725944993382906,Mon Mar 31 15:11:05 +0000 2025,0,keren abis! Semoga program MBG jd inspirasi global https://t.co/jMzD1UxRFr,1906725944993382906,https://pbs.twimg.com/media/GnYNIw8agAA1tCP.jpg,,in,,0,0,0,https://x.com/undefined/status/1906725944993382906,2176213435,
1917496695165722740,Wed Apr 30 22:33:57 +0000 2025,1,@SeokjinNmaknae @kentwangoreng @erightta @aspirinpadang @tanyarlfes Gratis? Darimana duitnya? Dari APBD? Berapa tuh totalnya? Gimana pelaksanaan teknis? MBG aja kek gitu terus mau bikin program masif kek gini gk ada kajian akademisnya? Aneh kok sulit kritis penduduk kandang Einstein ini?,1917709032175145126,,SeokjinNmaknae,in,,0,1,0,https://x.com/undefined/status/1917709032175145126,1767808985263128576,
1917683229932544176,Wed Apr 30 20:53:03 +0000 2025,45,@idextratime bisa ga ya program mbg diganti program mandiin bayi-bayi di Indonesia budgetnya buat undang messi keliling indo aja bayangin di 2040 pemain indo full kek yamal,1917683638956876205,,idextratime,in,,1,1,2,https://x.com/undefined/status/1917683638956876205,1478190376179490822,
1917676570715775467,Wed Apr 30 20:24:57 +0000 2025,0,oke gw udah mulai menerima program mbg yang ga jelas ini. tapi boleh ga pak bare minimumnya itu BERGIZI bukan TIDAK KERACUNAN?????? @prabowo (((brtanya dgn nada nada cinta))),1917676570715775467,,,in,,0,0,0,https://x.com/undefined/status/1917676570715775467,1861868978182017025,
1917567180993941718,Wed Apr 30 18:38:28 +0000 2025,1,@tanyakanrl Sebenernya menurutku MBG bisa bagus kalau semuanya terkoordinasi dengan baik kayak contohnya di LN yang menyediakan makan untuk siswanya juga. Akan tetapi kalau di Indo ini keliatan memaksakan ya karena dari segi anggaran lalu program lainnya yang seharusnya bisa dibuat dulu ,1917649771193589861,,tanyakanrl,in,,0,5,1,https://x.com/undefined/status/1917649771193589861,1210329277180170240,
1917634342437753021,Wed Apr 30 17:37:09 +0000 2025,0,Manfaat Program MBG #papua #makanbergizigratis #anakbangsa https://t.co/aNqQuWNjaA,1917634342437753021,https://pbs.twimg.com/media/GpzORCEacAA2V5E.jpg,,in,,0,0,0,https://x.com/undefined/status/1917634342437753021,1866324824601321472,
1917632655559905356,Wed Apr 30 17:30:27 +0000 2025,0,Program MBG dapat ciptakan keseimbangan akses gizi demi masa depan yang lebih gemilang! #papuaindonesia #Papuadamai #OPMBiadab https://t.co/B1w5yzXZi7,1917632655559905356,https://pbs.twimg.com/media/GpzMumZW4AAaSJw.jpg,,in,,0,0,0,https://x.com/undefined/status/1917632655559905356,1708392427076087808,
1928964524867985775,Sat May 31 23:59:15 +0000 2025,1,mbg ngabisin anggaran doang anjrit pendidikan sama kesehatan harusnya diutamakan ini malah program gagal yang jadi anak emas makan noh menuju Indonesia bubar,1928964524867985775,,,in,,0,6,0,https://x.com/undefined/status/1928964524867985775,1750144864086609920,
1928686272639324413,Sat May 31 22:16:54 +0000 2025,383,@Viewguardeye Kalau seperti ini bagus dan lebih baik duit MBG dialihkan membiayai program pemulihan mental pelajar bandel,1928938766661529926,,Viewguardeye,in,,5,19,11,https://x.com/undefined/status/1928938766661529926,1835668063133589504,
1928690218976367039,Sat May 31 21:42:44 +0000 2025,0,@kaylaaqeelah @archvidz @IndoPopBase Gimana tuh skema pemerataan ekonomi dan akses pendidikan yg lebih layak dalam MBg? Maaf2 nii yaa yg aku lihat nyata dgn mata sendiri MBg ini tidak lebih dari program trimaksih buat para relawan pemilu lalu.,1928930169605206220,,kaylaaqeelah,in,,0,1,0,https://x.com/undefined/status/1928930169605206220,894695711354216448,
1928911809966387217,Sat May 31 20:29:47 +0000 2025,0,ngelihat banyak yg kyk gini rasanya pgn ngamuk bgt anjirrrrrr sama program mbg tayikk gajetotttt,1928911809966387217,,,in,,0,0,0,https://x.com/undefined/status/1928911809966387217,1857615028649865218,
1928906889821303194,Sat May 31 20:10:14 +0000 2025,0,Program MBG sejalan dengan visi Indonesia Emas 2045 yang menargetkan lahirnya generasi unggul. Program ini juga membawa dampak baik pada perumbuban ekpnpmi lokal disekitarnya. Lanjutkan MBG #MBGUntukMasaDepanHebat Inter Milan Linkin Park Minggu https://t.co/BOaod0PXAP,1928906889821303194,https://pbs.twimg.com/media/GsTalRrakAAYeKW.jpg,,in,,0,0,0,https://x.com/undefined/status/1928906889821303194,1440314501023236109,
1928753765294968877,Sat May 31 17:44:50 +0000 2025,0,@erlanishere @prabowo liat min. riset dlu apa yg dilakuin israel. Klo ga sanggup MBG jalan lgi ya STOP takut dikecam? Itu konsekuensi Bapak yg haus kekuasaan menjalankan program yg sudah ditentang sama para Ahli saat program tsb bru rencana. Hibah bill gates ga mungkin cuma² kami tdk bodoh,1928870299786789019,,erlanishere,in,,0,1,0,https://x.com/undefined/status/1928870299786789019,1380125654981636096,
1928845032427237813,Sat May 31 16:06:44 +0000 2025,2,@idextratime Jangan menilai prestasi dari piala nya bro ! Klub itu menggapai juara liga bukan kaya membalikan telapak tangan tapi penuh perjuangan dan pengorbanan lagipula apa2an pake bikin program MBG segala apa semua masalah di negeri solusinya itu MBG ? Kita jangan mau tunduk sama asin,1928845609294807345,,idextratime,in,,3,3,0,https://x.com/undefined/status/1928845609294807345,892775046,
1928842325804900858,Sat May 31 15:53:41 +0000 2025,0,Hari ini kedatangan tamu dari aspol katanya untuk program MBG. Lama banget.... Sampe 2 jam ngobrol2 nya akhirnya lumayan telat tadi beli makan siang,1928842325804900858,,,in,,0,0,0,https://x.com/undefined/status/1928842325804900858,1636959360202211328,
1927724395344093498,Sat May 31 15:34:01 +0000 2025,0,@cibebey_ @rizkyamalia09 @TinotoMd @nadiyarawil @aniesbaswedan 19jt loker masih proses. Belum juga menjabat 1th. Nikmati proses aja. MBG keracunan itu kan bagian penyedia makanan yg harus dipertanyakan bukan progrmanya. Nah kalau program Dp Rp.0? Udah masa jabatan tp yg terlaksana cuma 0.01% itupun harus yg punya gaji minimal Rp.7jt,1928837378971676870,,cibebey_,in,,0,0,0,https://x.com/undefined/status/1928837378971676870,1327065808082661377,
1928828095135445353,Sat May 31 14:57:08 +0000 2025,0,Mendes Yandri : Paket Komplit Kopdes Merah Putih bisa jadi Suplier Program MBG @YandriSusanto27 @ArizaPatria @taufikmadjid71 @kemendespdt #bangundesabangunindonesia https://t.co/E9OQGEWkl5,1928828095135445353,https://pbs.twimg.com/media/GsSS7jCaMAI1PxI.jpg,,in,,0,0,0,https://x.com/undefined/status/1928828095135445353,939086536863137792,
1939723564417954110,Mon Jun 30 22:06:29 +0000 2025,14,@LembagaKERIS Ini gegara pemerintah korup dan ga kompeten sih Min. Akhirnya perlengkapan militer minim bersaing sama infrastruktur jelek. Pendanaan jadi topik sensitif karena ga ada duitnya banyak dikorup. Apalagi ketambahan pemaksaan program MBG dan efisiensi dimana-mana.,1939807781302972702,,LembagaKERIS,in,,0,12,0,https://x.com/undefined/status/1939807781302972702,1640812467902205963,
1939762996915707922,Mon Jun 30 19:08:32 +0000 2025,0,Anggota Komisi IX DPR RI Arzeti Bilbina menekankan pentingnya peran orang tua dalam memperhatikan gizi anak sejak dari rumah. Ia menyebut program MBG sebagai inisiatif strategis dalam memastikan anak-anak mendapat asupan makanan bergizi yang layak.. #MBGSiapkanGenerasiEmas https://t.co/0n4eUX0pYA,1939762996915707922,https://pbs.twimg.com/media/GutsJ9ubEAATmZj.jpg,,in,,0,0,0,https://x.com/undefined/status/1939762996915707922,1440314501023236109,
1939762349403169088,Mon Jun 30 19:05:57 +0000 2025,0,Acara ini dihadiri oleh Anggota Komisi IX DPR RI Indah Kurniawati Kepala Desa Bangah. Indah menekankan pentingnya program MBG sebagai bagian dari strategi nasional menyambut bonus demografi 2045. #MBGSiapkanGenerasiEmas Lanjutkan MBG Matcha Polri My Love #ODSD https://t.co/62DNWLif0l,1939762349403169088,https://pbs.twimg.com/media/GutrkBfboAIBsWB.jpg,,in,,0,0,0,https://x.com/undefined/status/1939762349403169088,1440314501023236109,
1939740717276176674,Mon Jun 30 17:40:00 +0000 2025,0,BGN: Program MBG tambah 373 ribu penerima baru dalam sepekan https://t.co/7TXP3x7X1U,1939740717276176674,,,in,,0,0,0,https://x.com/undefined/status/1939740717276176674,121640063,
1939111578659438870,Mon Jun 30 16:36:10 +0000 2025,0,@ARSIPAJA Agak oot dikit yg kerjaan jadi pengawas mbg tuh selain yg sppi yg awal2 nih program rame kan katanya ada relawan2 mbg.. Tuh masih jalan ya?,1939724655532941486,,ARSIPAJA,in,,0,3,0,https://x.com/undefined/status/1939724655532941486,1899959098512465923,
1939658680271860064,Mon Jun 30 16:13:18 +0000 2025,0,@tilehopper Masalah MBG (dan hampir semua program pemerintah) itu pengen cepet jadi dan dipake se-Indonesia. Padahal beliau sendiri yang bilang Indonesia itu bangsa yang besar.,1939718900461248847,,tilehopper,in,,0,0,0,https://x.com/undefined/status/1939718900461248847,1281476602568732672,
1950828791321821518,Thu Jul 31 23:49:12 +0000 2025,0,@ARSIPAJA Program MBG Tingkatkan Kemampuan Belajar Anak Disekolah #MBGPapua https://t.co/yFEIH3VvL5,1951067655714250768,https://pbs.twimg.com/media/GxOVr9_bYAAV6eE.jpg,melvaluciana,in,,0,0,0,https://x.com/undefined/status/1951067655714250768,590885864,
1950748956151185570,Thu Jul 31 23:49:01 +0000 2025,0,@qrivasi Program MBG Tingkatkan Kemampuan Belajar Anak Disekolah #MBGPapua https://t.co/NCkZv93Ms2,1951067608310247526,https://pbs.twimg.com/media/GxOVpRuaMAABmOX.jpg,GxElder,in,,0,0,0,https://x.com/undefined/status/1951067608310247526,593646962,
1950884486725661157,Thu Jul 31 23:45:22 +0000 2025,0,@giIangmahesa Apa ga sekalian aja tingkat perceraian menurun karena program MBG ?,1951066689367581014,,giIangmahesa,in,,0,0,0,https://x.com/undefined/status/1951066689367581014,322379988,
1951062769262010404,Thu Jul 31 23:29:47 +0000 2025,1,Program MBG ini menunjukkan bahwa negara hadir untuk rakyat Papua #papua #papuatengah #papuahits #jayapura #nabire #jayawijaya #merauke #mbg #mbgpapua #MBGMajukanPapua https://t.co/pprqjS5fPs,1951062769262010404,https://pbs.twimg.com/media/GxORPWJbQAAce4K.jpg,,in,,0,0,0,https://x.com/undefined/status/1951062769262010404,1356941787487588355,
1951062426780311992,Thu Jul 31 23:28:26 +0000 2025,1,Masyarakat mendukung agar Program MBG berkelanjutan dan menjangkau pelosok Papua #papua #papuatengah #papuahits #jayapura #nabire #jayawijaya #merauke #mbg #mbgpapua #MBGMajukanPapua https://t.co/QmhjcBATeX,1951062426780311992,https://pbs.twimg.com/media/GxOQ7VdaIAUUglF.jpg,,in,,0,0,0,https://x.com/undefined/status/1951062426780311992,1356941787487588355,
1951062111679029620,Thu Jul 31 23:27:11 +0000 2025,1,Program MBG sangat bermanfaat bagi anak-anak di Papua #papua #papuatengah #papuahits #jayapura #nabire #jayawijaya #merauke #mbg #mbgpapua #MBGMajukanPapua https://t.co/duOcd2gIpl,1951062111679029620,https://pbs.twimg.com/media/GxOQozIaIAInqcF.jpg,,in,,0,0,0,https://x.com/undefined/status/1951062111679029620,1356941787487588355,
1950463968394592505,Thu Jul 31 23:03:12 +0000 2025,0,@Cmajor7777 @M45Broo_ Ga ada bang pemerintahan skrg paling terbaik sepanjang masa. Rakyat hepi banget sih kalau di liat2 Pengangguran tinggal sisa 100 orang lagi pertanian maju pesat pertambangan pun hasilnya langsung dibagiin ke masyarakat. Program unggulan MBG minimal daging sapi mah dapet,1951056079107805246,,Cmajor7777,in,,0,0,0,https://x.com/undefined/status/1951056079107805246,1241260279020711937,
1951055274497704214,Thu Jul 31 23:00:00 +0000 2025,0,Program MBG serap 94 ribu tenaga kerja selama 7 bulan pelaksanaan https://t.co/O0aSzP0h1K,1951055274497704214,,,in,,0,0,0,https://x.com/undefined/status/1951055274497704214,121640063,
1950853965291409809,Thu Jul 31 22:47:15 +0000 2025,0,@txtdrimedia ........ Bukannya apa apa tapi mbg emang program cacat jadi gampang busuk soalnya g langsung di masak fresh dikantin tapi ya ini jadi tolo* namanya mabok agama..,1951052061878968587,,txtdrimedia,in,,0,0,0,https://x.com/undefined/status/1951052061878968587,849542676718522370,
1951002287511576943,Thu Jul 31 19:29:29 +0000 2025,0,di negara ni program MBG tuh gizinya kurang. contoh lain: arc punk hazard. pulau punk hazard di one piece tuh indah sebelum dijadiin laboratorium sama caesar dan pemerintah dunia. mirip sama beberapa daerah di negara ni yang dikeruk habis-habisan SDA-nya.,1951002293891162418,,yosephnbh_,in,,0,1,0,https://x.com/undefined/status/1951002293891162418,1247883252943056898,
1950992186960400533,Thu Jul 31 18:49:19 +0000 2025,0,Bukanya perketat kualitas dan kebersihan serta hyginitasnya malah dibekali shalawat. Angel2 klu udah kykgini. Mo di doain 1juta kali klu kualitas keberaihan tidak diperhatikan peluang keracunan ya ttp besar pakde Sbenernya bisa gak sih ngurusin program mbg‍️‍️,1950992186960400533,,,in,,0,0,0,https://x.com/undefined/status/1950992186960400533,1169146958,
1950985293341008260,Thu Jul 31 18:37:30 +0000 2025,0,buat program satu keluarga satu sarjana pasti bakal bermanfaat bangett kan udahmah IKN mangkrak MBG beracun btw kalo MBG di stop gapapaa bangett kok sumpah daripada ujung ujungnya rakyat dipalak pajak gede banget monyet kontol anjing lagian ga ada ya anjing istilah cont-,1950989210904830269,,ttalggiboii,in,,0,1,0,https://x.com/undefined/status/1950989210904830269,1836217809401212928,
1950985293341008260,Thu Jul 31 18:37:20 +0000 2025,0,liat aja nih kalo aja IKN sama MBG ga dilanjutin kan anggarannya bisa dialokasikan ke program yang lebih bermanfaat btw gua milih 01 bukan tanpa alasan tapi karena salah satu programnya yang bantuan kelas menengah karena sekarang kelas menengah mau min ta bantuan ke cont- https://t.co/SsyqnLOYt5,1950989170400436451,https://pbs.twimg.com/media/GxNOT5GaIAIevZy.jpg,ttalggiboii,in,,0,1,0,https://x.com/undefined/status/1950989170400436451,1836217809401212928,
1950917891760472072,Thu Jul 31 17:42:07 +0000 2025,0,@kegblgnunfaedh PROGRAM MBG EMANG MENYESATKAN ADA AJA ACARA BUAT RAMPAS UANG RAKYAT,1950975272725127662,,kegblgnunfaedh,in,,0,0,0,https://x.com/undefined/status/1950975272725127662,1803678080269160448,
1950975266165342610,Thu Jul 31 17:42:05 +0000 2025,0,Dukung MBG Kemnaker Cetak Tenaga Kerja Berkompetensi Standar Pemenuhan Gizi Melalui Program TMT https://t.co/ZheATTYKcK,1950975266165342610,,,in,,0,0,0,https://x.com/undefined/status/1950975266165342610,1802130557226356737,
1950853965291409809,Thu Jul 31 17:32:01 +0000 2025,0,@neadlu @txtdrimedia MBG ini program ga jelas,1950972734168526950,,neyyisnea,in,,0,0,0,https://x.com/undefined/status/1950972734168526950,1098061456581357568,
1950968399754043871,Thu Jul 31 17:14:48 +0000 2025,0,Dukung Program MBG Kemnaker Latih 256 SDM di Lombok Timur https://t.co/xyRAYjd3j7,1950968399754043871,,,in,,0,0,0,https://x.com/undefined/status/1950968399754043871,1112363743243952130,
1962247035077456355,Sun Aug 31 23:56:27 +0000 2025,0,@smin_nr Mantap sekali abang udah nyaingin program MBG nya @prabowo @gibran_tweet,1962303503789101260,,smin_nr,in,,0,0,0,https://x.com/undefined/status/1962303503789101260,3389307194,
1962095358672330858,Sun Aug 31 23:38:05 +0000 2025,2,@DokFun Lah masih mending Jokowi yang kepilih daripada Prabowo. Jokowi jelek2begitu masih ada bekasnya tol Trans bendungan. Lah Prabowo? Program unggulannya aja ujungnya jadi tai (MBG),1962298881699696922,,DokFun,in,,0,0,0,https://x.com/undefined/status/1962298881699696922,2711384786,
1962083775137161239,Sun Aug 31 23:30:07 +0000 2025,0,@tegarhafidz Ga bisa nyalahin sepenuhnya menteri wkwkkw disaat negara miskin tapi maksa program mbg dan ikn wkwk Atasan tolol pastinya bawahan tolol kalau mau nyalahin fix salahin presiden dan DPR buat gaduh Pion doang itu Mulyani era covid gak jatuh bgt di tangan dia,1962296875438211333,,tegarhafidz,in,,0,0,0,https://x.com/undefined/status/1962296875438211333,1813559576865984513,
1962175814474354863,Sun Aug 31 23:20:30 +0000 2025,905,@May145145 @lolkkkoo232 prabowo ga pernah ada program jelas dari 2014 sampe 2025. fokus dia yg konsisten cuma satu: memperkuat tni. kalopun gaada mbg bakal tetep ada program jelek lain yg buang2 duit.,1962294455933063305,,May145145,in,,2,0,27,https://x.com/undefined/status/1962294455933063305,32903513,
1962175814474354863,Sun Aug 31 23:07:14 +0000 2025,13,@dontyovdare @lolkkkoo232 bukan mau belain dia cuma dulu bukannya gaada ya program mbg? dia baru kepikiran program mbg pas nyalon yg skrg,1962291117732565220,,dontyovdare,in,,0,1,0,https://x.com/undefined/status/1962291117732565220,2659573905,
1962180429186031955,Sun Aug 31 22:49:52 +0000 2025,1,@zhoezhoey Emang paling bener mbg ini di hapus 330+ triliun buat program yang hanya jadi taiii,1962286745816572384,,zhoezhoey,in,,0,0,1,https://x.com/undefined/status/1962286745816572384,1780016730276016128,
1962059245295370338,Sun Aug 31 22:45:05 +0000 2025,0,@detikcom Tau ngga sih akar permasalahannya semua ini ?? MBG !! Ya MBG!!! Gara gara program (unggulan) ini anggaran negara membengkak LUAR BIASA pos pos lain DIKURANGI!! Sehingga keuangan negara GOYAH Ayo bapak @prabowo dan masku @gibran_tweet EVALUASI ULANG MBG!! HAPUS SAJA !!,1962285541581574584,,detikcom,in,,0,0,0,https://x.com/undefined/status/1962285541581574584,227355739,
1962269972262191382,Sun Aug 31 21:43:13 +0000 2025,0,jangan karna MBG padahal jelas jelas itu program bukan jangka panjang?? dan satu hal lagi MBG itu buat anak SEKOLAH bukan buat SATU KELUARGA thats why lo semua harus bisa memfilter mana yang sekiranya worth it atau engga.,1962269972262191382,,,in,,0,1,0,https://x.com/undefined/status/1962269972262191382,1224242227674640384,
1962267319809515942,Sun Aug 31 21:32:40 +0000 2025,0,fyi aja program mbg ini ada bbrp sekolah yang pake tray besi (yang biasa tempat bekal yang besi) tapi ga food grade kebayang dong kalo banyak sekolah yang pake itu bahaya banget kalo udah ga food grade. trus masih mau maksa bilang programnya baik baik aja?,1962267319809515942,,,in,,0,0,0,https://x.com/undefined/status/1962267319809515942,1434408840838012929,
1962187498165309640,Sun Aug 31 20:58:26 +0000 2025,5,@gelapXmalam Bapak @prabowo yth Tentu saja adil u/ mereka. Bapak pasti tau bhw setiap tindakan pst ada akibat. Dgn adanya perampasan aset jg buat manusia2 brengsek itu jd tamparan u/ koruptor krn tau akbtnya jangka pjg. Asetnya kn bs dipake negara u/ bayarin MBG program kesayangan bapak.,1962258703442194605,,gelapXmalam,in,,0,0,0,https://x.com/undefined/status/1962258703442194605,972948342165725189,
1962175814474354863,Sun Aug 31 19:42:27 +0000 2025,52,@mirzasofyan @dontyovdare Lah penyebab demo mah akibat kenaikan gaji pejabat yg seperti prabowo janjikan ketika kampanyekan ditambah juga efisiensi untuk program mbg yg jg direncanakan prabowo,1962239582512324727,,mirzasofyan,in,,0,0,0,https://x.com/undefined/status/1962239582512324727,1101469954266689538,
1962231674403729837,Sun Aug 31 19:11:02 +0000 2025,0,Wkwkwkwkwk... mana mau mereka merealisasikan tuntutan kek gini. Ini mah sama aja kampanye perubahan Anies Baswedan dlu Ntar bisa2 muncul tuntutan batalkan program MBG pembangunan IKN dan proyek perpanjangan jalur kereta Whoosh. Mau ditaro dimana muka presiden ,1962231674403729837,,,in,,0,0,0,https://x.com/undefined/status/1962231674403729837,53341845,
1973004802134262208,Tue Sep 30 23:57:38 +0000 2025,1,@NenkMonica Mau apapun alasan mbg ini program nya bagusan di stop saja tujuan tidak tercapai team pelaksana belum siap bahkan mungkin ada yang nyari cuan sudah lah stop saja.,1973175437720428900,,NenkMonica,in,,0,0,0,https://x.com/undefined/status/1973175437720428900,1897294824627421184,
1973175427477995841,Tue Sep 30 23:57:36 +0000 2025,0,MBG ada di kota besar juga gak rasional. Program ini sangat2 bagus jika dilaksanakan di daerah 3T. coba pikir ada berapa keluarga yang bener2 gak mampu ngasi makan anaknya ketika mereka tinggal di Kota besar???,1973175427477995841,,,in,,0,0,0,https://x.com/undefined/status/1973175427477995841,460813986,
1973154696706793641,Tue Sep 30 23:51:00 +0000 2025,2,@bangherwin @KangManto123 Pak Prabowo....akibat kelalaian dan miss management jgn cuma jadi angka statistik. Mitigasi dan evaluasi kembali dong pak. Kalo perlu dihentikan sementara dan audit BGN dan program MBG.,1973173767594713480,,bangherwin,in,,0,0,0,https://x.com/undefined/status/1973173767594713480,2331235970,
1973173510706176400,Tue Sep 30 23:49:59 +0000 2025,2,Ada kasus MBG keracunan dg 11 korban jiwa. harus di otopsi. ini keracunan makanan atau pembunuhan dg merusak program MBG. Cari siapa dalangnya.,1973173510706176400,,,in,,1,1,1,https://x.com/undefined/status/1973173510706176400,1105416769722736641,
1973173207722324374,Tue Sep 30 23:48:47 +0000 2025,1,Selamat pagi mari membahas MBG!! Program penghinaan dari pemerintah itu sekarang update-nya mau meningkatkan perlengkapan keamanan dari alat rapid tes alat strerilisasi CCTV dll. YANG MANA tentunya akan mengeluarkan uang LEBIH BANYAK. Yaaaa! Pertanyaannya pake duit siapa?,1973173207722324374,,,in,,0,0,0,https://x.com/undefined/status/1973173207722324374,1470411568076648451,
1972911115043770583,Tue Sep 30 23:45:35 +0000 2025,0,@kompascom Wajar kalo pihak sekolah dan org tua siswa menolak di ganti MBG krn program dari sekolah ini justru patut di contoh untuk di terapkan di seluruh sekolah di Indonesia,1973172403846127648,,kompascom,in,,0,0,0,https://x.com/undefined/status/1973172403846127648,1235210306940325888,
1972650420427510113,Tue Sep 30 23:43:55 +0000 2025,0,@MurtadhaOne1 @corbuzier @prabowo narasinya dilihat spt ini: Jgn Menolak Hak krn Program MBG itu berlaku utk semua anak kalau ada exception spt ini justru mendidik cikal bakal korupsi di anak2. Programnya dibenerin atuh! Kalau ibu2 merasa sejahtera donas lah utk MBG layak disekolah anaknya,1973171982540874113,,MurtadhaOne1,in,,0,0,0,https://x.com/undefined/status/1973171982540874113,1675492225881640960,
1973044630892765424,Tue Sep 30 23:39:18 +0000 2025,90,@sharpandshark Kenapa @prabowo @Gerindra memaksakan program MBG dan kenapa banyak pemilik dapur2 MBG adalah anggota DPR karena ini jawabannya https://t.co/LtLldXUvz9,1973170823528886699,https://pbs.twimg.com/ext_tw_video_thumb/1973170735343607808/pu/img/8kEn0hB8l5F9XZSA.jpg,sharpandshark,in,,3,4,34,https://x.com/undefined/status/1973170823528886699,1333999635388534784,
1972975676736393430,Tue Sep 30 23:37:38 +0000 2025,0,@CNNIndonesia Awalnya kan program MBG buat siswa kurang mampu mereka menolak mngkn karena ada yg lbh berhak kl melihat berbagai menu MBG yg disediakan sptnya jg gak sesuai selera anak2 sekolah disitu,1973170402349424692,,CNNIndonesia,in,,0,0,0,https://x.com/undefined/status/1973170402349424692,872144708,
1972911115043770583,Tue Sep 30 23:37:00 +0000 2025,0,@kompascom Tapi di mata penjilat @NasbiHasan ini hal yang merugikan cita MBG karena ada program baik sudah dijalankan selama 10 tahun tanpa melinatkan negara dan hasilmya baik,1973170243024592905,,kompascom,in,,0,0,0,https://x.com/undefined/status/1973170243024592905,1188243977557856256,
1973167796520624157,Tue Sep 30 23:27:17 +0000 2025,0,trs sedihnya masih ada aja yg mikir kalo keracunan itu disengaja sama pihak-pihak yg gasuka program tsb biar citranya jelek pdhl anak-anak yg keracunan mbg gatau apa apa,1973167796520624157,,,in,,0,0,0,https://x.com/undefined/status/1973167796520624157,1277604869579268101,
1972932002191208757,Tue Sep 30 23:24:35 +0000 2025,0,@JohnAlbertJA @txtdrimedia Ya perhitunganmu masuk akal insentif Rp100 ribu setara dengan 10 porsi MBG (Rp10 ribu/porsi berdasarkan anggaran resmi). Program ini memang dapat insentif dari biaya operasional SPPG untuk apresiasi tugas ekstra guru. Tapi ada kritik soal efektivitas seperti kasus keracunan,1973167119278981615,,JohnAlbertJA,in,,0,0,0,https://x.com/undefined/status/1973167119278981615,1720665183188922368,
1973167054800015371,Tue Sep 30 23:24:20 +0000 2025,79,Progam MBG itu bukan seperti memelihara anak ayam tanpa induk pak dipelihara 100 mati 10 itu biasa. MBG itu program yg gak boleh salah dan keliru sebab ini menyangkut nyawa anak manusia. Seberapa kecilpun yg jadi korban tak beloh jadi acuan keberhasilan. https://t.co/NBFtT6XOat,1973167054800015371,https://pbs.twimg.com/ext_tw_video_thumb/1973166996151042049/pu/img/8ZV93T-FRuRomxgJ.jpg,,in,,2,21,31,https://x.com/undefined/status/1973167054800015371,1749698965539553280,
1973166663429398897,Tue Sep 30 23:22:46 +0000 2025,1,Respon cepat Pemerintah atasi KLB Program MBG #KomitmenPemerintahJagaMBG https://t.co/PYjkV0ARY4,1973166663429398897,https://pbs.twimg.com/media/G2IYn6vawAAXO9S.jpg,,in,,0,1,0,https://x.com/undefined/status/1973166663429398897,1537011663773528064,
1973087283608797331,Tue Sep 30 23:22:12 +0000 2025,1,@mx00711 @agama_nusantara @sakkusaitna @Valhallaah @spektrumku @Kappa_2023 @bnsphrxyzzz @RefublikAteis @iphone7decoco @Sentjoko @PaijoKentirr @SDM_lowliteracy @balaputra_deva @EkalawyaJaya @JohnAarivEd @FaktaBerita89 Keluarga penguasa handai taulan penguasa aparat ormas buat penguasa ormas suci semua ikut dalam proyek MBG. Bayangkan jika program ini dihentikan berapa banyak yang kehilangan ladang?,1973166518948274209,,mx00711,in,,0,1,0,https://x.com/undefined/status/1973166518948274209,1335889446,
1972525377634591111,Tue Sep 30 23:17:44 +0000 2025,1,@mikuroQ Di Indonesia program apapun tdk akan pernah maksimal Krn mayoritas dana hampir 34-45% di korupsi dana MBG yg 15 k paling sampai ke siswa 7-8 k saja,1973165393234764165,,mikuroQ,in,,0,1,0,https://x.com/undefined/status/1973165393234764165,1603504853937856512,
1984206211336843488,Fri Oct 31 23:57:28 +0000 2025,3,@TirtoID Padahal yang didorong dari MBG itu salah satunya penguatan petani. Kalo begini udah makin anteng aja kemiskinan struktural. Gimana kan supply dari petani gak cukup? Kementan buka program rekrut banyak anak muda buat kelola lahan &amp; pertanian.,1984409416628912496,,TirtoID,in,,0,0,0,https://x.com/undefined/status/1984409416628912496,363431791,
1984138109991448727,Fri Oct 31 23:51:41 +0000 2025,1,@DiaraFathiya 10. gaada program MBG di jaman rosul,1984407963856249177,,DiaraFathiya,in,,0,0,0,https://x.com/undefined/status/1984407963856249177,1654519370,
1984243555133780227,Fri Oct 31 23:44:36 +0000 2025,1,@MurtadhaOne1 {^Biasanya yg begini ini bukan mulutnya yg ngomong.._ tapi 'cacing' dlm perutnya &gt;istilah; Lapar-Berat&lt;... .[Contoh bhw Program MBG itu tdk mencerdaskan]^},1984406180303946181,,MurtadhaOne1,in,,0,0,0,https://x.com/undefined/status/1984406180303946181,1814175212323340288,
1984127980193640679,Fri Oct 31 23:19:43 +0000 2025,0,@anomyhae Jangan melakukan provokasi yang tidak baik program MBG ini terasa manfaatnya di berbagai daerah ini tahap awal untuk Indonesia Maju https://t.co/NWh1eCiyRR,1984399917226606845,,anomyhae,in,,0,0,0,https://x.com/undefined/status/1984399917226606845,1517019498335059968,
1984153245581762590,Fri Oct 31 23:17:37 +0000 2025,0,@NurRohi03920969 @kompascom Intervensi negara seperti ini di lahan idle TNI justru melengkapi mekanisme pasar dengan menambah pasokan lokal bukan mengganggu. Program MBG tingkatkan permintaan pangan secara keseluruhan yang untungkan petani melalui harga stabil dan peluang kemitraan. Tanpa bukti empiris,1984399390661046621,,NurRohi03920969,in,,0,1,0,https://x.com/undefined/status/1984399390661046621,1720665183188922368,
1984065785925661095,Fri Oct 31 23:15:40 +0000 2025,0,@ferascorp @Indonesiaguyub @txtdrimedia Upps slah dong yah kbetulan sya volunteer d sebuah yayasan sekolah yg jauh sbelum ada program MBG udah nerapin dluan klo di tempat sya yah gtu smua siswa d layani selayak nya kantin dan itu gratis jdi kirain MBG bgtu juga tpi percaya sih MBG ini bermanfaat bgt,1984398898639880661,,ferascorp,in,,0,1,0,https://x.com/undefined/status/1984398898639880661,1796959484293906433,
1984397254825033788,Fri Oct 31 23:09:08 +0000 2025,0,Bangun generasi Sehat melalui program MBG,1984397254825033788,,,in,,0,0,0,https://x.com/undefined/status/1984397254825033788,714238358332051456,
1984396663843406139,Fri Oct 31 23:06:47 +0000 2025,0,Program MBG jadi langkah strategis bangun generasi Sehat https://t.co/wEcQu0nIob,1984396663843406139,https://pbs.twimg.com/media/G4n-P-ubQAQnWsz.jpg,,in,,1,0,0,https://x.com/undefined/status/1984396663843406139,714238358332051456,
1983739787707388012,Fri Oct 31 23:04:24 +0000 2025,1,@Fear_Leader13 @apasihjoy @perawrxide lagi gaada tenaga buat ngurusin rakyat denial tolol kaya gini udah 2025 hp juga udah canggih cari tau sendiri deh kenapa mending diberhentikan program mbg ini. cuma mau ngasih saran plis pinteran dikit malu ih ️,1984396064116580738,,Fear_Leader13,in,,0,4,0,https://x.com/undefined/status/1984396064116580738,1433636523153367042,
1984393278184382512,Fri Oct 31 22:53:20 +0000 2025,0,mantul bgt Polri! Jaga kualitas makanan MBG xcelling sekali. Support abis deh utk program Pak Prabowo https://t.co/ORIJlVnlnk,1984393278184382512,https://pbs.twimg.com/ext_tw_video_thumb/1984393194898145283/pu/img/qradMc8zNCDuE6qg.jpg,,in,,0,0,0,https://x.com/undefined/status/1984393278184382512,700060353,
1984101285843628338,Fri Oct 31 22:39:36 +0000 2025,1,@randomable_ Suruh mereka mereka itu makan dulu. Orang yg bikin MBG nggak higienis kayak gini yg harus nya di penjara. Bukan ributin program nya,1984389820911862149,,randomable_,in,,0,0,0,https://x.com/undefined/status/1984389820911862149,2458124804,
1984385661731066203,Fri Oct 31 22:23:04 +0000 2025,0,dukung terus Polri yg serius jaga makanan MBG. Ini langkah cerdas buat pastikan program Pak Prabowo sukses. Semangat ya https://t.co/ylG5By6dSq,1984385661731066203,https://pbs.twimg.com/ext_tw_video_thumb/1984385564758720513/pu/img/AVOf0uxQM2fqrx43.jpg,,in,,0,0,0,https://x.com/undefined/status/1984385661731066203,2275440745,
1984384488634531924,Fri Oct 31 22:18:24 +0000 2025,0,luar biasa Polri! Berkomitmen jaga kualitas makanan MBG cocok bgt utk dukung program hebat Pak Prabowo https://t.co/Z53iIgAGnF,1984384488634531924,https://pbs.twimg.com/ext_tw_video_thumb/1984384422167396352/pu/img/mrDlaI6XhXP9-xP5.jpg,,in,,0,0,0,https://x.com/undefined/status/1984384488634531924,2176213435,
1984159068437844371,Fri Oct 31 22:18:20 +0000 2025,0,@randomable_ MBG adlh program gimik yg hanya besar di atas kertas (window dressing) tp kuat utk jd alasan efisiensi dana program2 wajib atau janji2 kampanye lainnya hingga transfer ke Pemda. Ditambah bs jg jd proyek bg politisi utk kas partai penguasa dan rayu aparat dr pusat hingga daerah.,1984384472440320120,,randomable_,in,,0,0,0,https://x.com/undefined/status/1984384472440320120,1098015609499971584,
1983827499911147873,Fri Oct 31 22:13:05 +0000 2025,1,@Jelajah513 @AiraNtiePuspa Betul bang sampai sedetail itu semua dipikirkan oleh pak harto. Kalau sekarang ada MBG itu bukan program spesial justru mengakui benar adanya kalau sekarang rakyat masih miskin kekurangan makan tapi pada tidak mau ngaku ,1984383148831175054,,Jelajah513,in,,0,1,0,https://x.com/undefined/status/1984383148831175054,2518915579,
1984184610474053793,Fri Oct 31 22:10:43 +0000 2025,3,@BBCIndonesia MBG kok dipaksakan padahal anak² bisa bawa bekal sendiri gak butuh amat. Perlu dikaji ulang program ini mendingan untuk kebutuhan sekolah yang lain.,1984382552506057037,,BBCIndonesia,in,,0,0,1,https://x.com/undefined/status/1984382552506057037,65796281,
1983782683139567977,Fri Oct 31 22:06:39 +0000 2025,0,@kompascom Program MBG ini sebagian besar gunakan ANGGARAN PENDIDIKAN !,1984381529259458752,,kompascom,in,,0,0,0,https://x.com/undefined/status/1984381529259458752,1941796336921399297,
1984366180635947239,Fri Oct 31 21:05:39 +0000 2025,0,makanan MBG aman Polri siap sedia! Dukung full program Pak Prabowo biar semua bisa sehat berkualitas. Good job https://t.co/lYInFJxNp3,1984366180635947239,https://pbs.twimg.com/ext_tw_video_thumb/1984366087769825280/pu/img/ihY2cQBSbtK_nnQe.jpg,,in,,0,0,0,https://x.com/undefined/status/1984366180635947239,504099394,
1995280909499818208,Sun Nov 30 23:56:54 +0000 2025,0,@prabowo antum masih anteng aja pak prabs... Masih mikirin program MBG?,1995280909499818208,,prabowo,in,,0,1,0,https://x.com/undefined/status/1995280909499818208,1421846784,
1994539411317690603,Sun Nov 30 23:56:36 +0000 2025,0,@NusantaraHukum Program MBG benar-benar investasi jangka panjang untuk bangsa.,1995280836292440574,,NusantaraHukum,in,,0,0,0,https://x.com/undefined/status/1995280836292440574,1830891569588903937,
1994539267742408839,Sun Nov 30 23:56:29 +0000 2025,0,@NusantaraHukum Program MBG benar-benar investasi jangka panjang untuk bangsa.,1995280805116207455,,NusantaraHukum,in,,0,0,0,https://x.com/undefined/status/1995280805116207455,1830891569588903937,
1994539243977543991,Sun Nov 30 23:56:22 +0000 2025,0,@NusantaraHukum Program MBG benar-benar investasi jangka panjang untuk bangsa.,1995280777299501501,,NusantaraHukum,in,,0,0,0,https://x.com/undefined/status/1995280777299501501,1830891569588903937,
1995274431116247339,Sun Nov 30 23:31:09 +0000 2025,0,Paling nyebelin itu ada yang bilang MBG udah dialihkan ke kamp pengungsian pemerintah udah bergerak KEK TOLOL BANGET SEBELUM ADA MBG JUGA SETIAP ADA BENCANA ALAM DI KAMP PENGUNGSIAN SELALU ADA DAPUR DARURAT. masih aja ngebuzzer program yang bikin efisiensi itu.,1995274431116247339,,,in,,0,0,0,https://x.com/undefined/status/1995274431116247339,1031035966989819904,
1995066774874984838,Sun Nov 30 23:30:07 +0000 2025,2148,@thisisnyanfams Paling nyebelin itu ada yang bilang MBG udah dialihkan ke kamp pengungsian pemerintah udah bergerak KEK TOLOL BANGET SEBELUM ADA MBG JUGA SETIAP ADA BENCANA ALAM DI KAMP PENGUNGSIAN SELALU ADA DAPUR DARURAT. masih aja ngebuzzer program yang bikin efisiensi itu.,1995274170884858275,,thisisnyanfams,in,,5,7,173,https://x.com/undefined/status/1995274170884858275,1031035966989819904,
1995273420758831220,Sun Nov 30 23:27:08 +0000 2025,11,alasan banjir sumatra ga dijadiin sebagai bencana nasional ya karena anggaran BNPB-nya dipangkas buat program makanan beracun pemerintah. dan lebih bangsatnya lagi mereka malah ngerahin buzzer buat naikin hastag lanjutkan MBG. another day another ini negara apa sih anjing? ,1995273420758831220,,,in,,0,1,0,https://x.com/undefined/status/1995273420758831220,1715882130683871232,
1995266380875366662,Sun Nov 30 22:59:10 +0000 2025,0,Ini kemungkinan adalah manfaat program MBG yg tidak terpikirkan sebelumnya...,1995266380875366662,,,in,,0,0,0,https://x.com/undefined/status/1995266380875366662,157951515,
1995146733966516394,Sun Nov 30 22:58:16 +0000 2025,3,@LexWu_13 @bjopass17 @prabowo MBG itu bukan Program namun proyek bancakan para pejabat dan kroni-kroninya.,1995266157365059976,,LexWu_13,in,,0,0,0,https://x.com/undefined/status/1995266157365059976,1813506920973762560,
1995057817993228702,Sun Nov 30 22:33:59 +0000 2025,10,@itsdonerama @noucampline lah kalo MBG ga ada sejak awal dana penanggulangan bencana bisa lebih banyak bukan cuma bisa ngasih makanan tp pakaian obat2an dan pengungsian yg layak. program MBG lu tuh ngabisin banyak banget anggaran. dasar buzzer ga guna https://t.co/mREctuWGTc,1995260044422889482,https://pbs.twimg.com/media/G7CWby6bIAAGZBa.jpg,itsdonerama,in,,0,1,0,https://x.com/undefined/status/1995260044422889482,1580480236881600513,
1994941414682366336,Sun Nov 30 19:44:52 +0000 2025,0,@Urrangawak Lha iya....anggaran utk bantuan dah habis utk support program MBG nya si ndasmu omonasu.,1995217484526629110,,Urrangawak,in,,0,0,0,https://x.com/undefined/status/1995217484526629110,109326617,
1995211416798900307,Sun Nov 30 19:20:45 +0000 2025,0,appreciate bgt langkah BGN buka saluran aduan jadi program MBG lebih bersahabat sama warga https://t.co/APQMLBNuBU,1995211416798900307,https://pbs.twimg.com/media/G7BqNQsaYAA2MQQ.jpg,,in,,0,0,0,https://x.com/undefined/status/1995211416798900307,617954296,
1995210268469862757,Sun Nov 30 19:16:11 +0000 2025,1,props to BGN! Saluran pengaduan adalah langkah maju biar program MBG makin akseleratif https://t.co/fBJE7cnenf,1995210268469862757,https://pbs.twimg.com/media/G7BpKbRaYAAlJ1L.jpg,,in,,0,0,0,https://x.com/undefined/status/1995210268469862757,378139448,
1995204246153908438,Sun Nov 30 18:52:16 +0000 2025,0,cakep nih BGN! Hotline bisa jadi kesempatan emas buat improve Program MBG terus-menerus https://t.co/ltseNKCabS,1995204246153908438,https://pbs.twimg.com/media/G7Bjr2TaIAAMVgY.jpg,,in,,0,0,0,https://x.com/undefined/status/1995204246153908438,2760535138,
1995202205742424327,Sun Nov 30 18:44:09 +0000 2025,0,baik hati BGN menghadirkan hotline. Program MBG dipastikan sukses!! Semangattt buat semua yang terlibat https://t.co/Lb1l2u5zNb,1995202205742424327,https://pbs.twimg.com/media/G7Bh1EKbkAA9zyr.jpg,,in,,0,0,0,https://x.com/undefined/status/1995202205742424327,617954296,
1995198747421425840,Sun Nov 30 18:30:25 +0000 2025,0,gue sebel bgt sama satu temen online gue ini (udah kenal 8 tahun). dia pas pemilu milih prabowo trus gue sama dia sempat debat trus dia bahas soal bagusnya gibran jadi wapres program mbg donasi prabowo 5M ke palestine itu. padahal dia itu guru sd anak soshum abangnya polisi,1995198747421425840,,,in,,0,1,0,https://x.com/undefined/status/1995198747421425840,1372771021908938766,
1994956570330107912,Sun Nov 30 18:04:33 +0000 2025,0,@MasQomaru @bil_nam72 @sharpandshark Masak MBG jadi program prioritas tanggap bencana...kocak bener ini negara....,1995192241800061213,,BukanCepuuu,in,,0,1,0,https://x.com/undefined/status/1995192241800061213,1134492405946707968,
1995189168096661817,Sun Nov 30 17:52:21 +0000 2025,1,Gausah gengsi ngakuin kalo mbg tuh program gagal udah akuin aja terus anggarannya dialihkan buat yang laen ndut @prabowo,1995189168096661817,,,in,,0,0,0,https://x.com/undefined/status/1995189168096661817,1716269490936360960,
1995187640585634058,Sun Nov 30 17:46:16 +0000 2025,0,MBG bangsat. Dana penting buat program bangsat. Bangsattt,1995187640585634058,,,in,,0,0,0,https://x.com/undefined/status/1995187640585634058,1540998907991232513,
1995186209996554551,Sun Nov 30 17:40:35 +0000 2025,0,waaah keren banget! BGN bikin hotline buat program MBG. Semoga banyak yg terbantu. Semangat terus https://t.co/SX84QPGswU,1995186209996554551,https://pbs.twimg.com/media/G7BTSBra8AAbics.jpg,,in,,0,0,0,https://x.com/undefined/status/1995186209996554551,2760535138,
2006152264801456555,Tue Dec 30 23:55:47 +0000 2025,0,Program MBG mendukung pemenuhan gizi anak sejak dini #dukungMBG https://t.co/uQnZbQqfpB,2006152264801456555,https://pbs.twimg.com/media/G9dI2SabgAAgIoZ.jpg,,in,,0,0,0,https://x.com/undefined/status/2006152264801456555,1974474370514112513,
2005926892226933078,Tue Dec 30 23:38:25 +0000 2025,0,@tanyarlfes Qoutes dr mantan wapres bentuk kritikan buat program MBG kwowkwoowkw yang cuman bisa ngehasilin TAI,2006147893971820746,,tanyarlfes,in,,0,0,0,https://x.com/undefined/status/2006147893971820746,1476884144588132354,
2006139104623251592,Tue Dec 30 23:03:29 +0000 2025,0,Melalui program MBG negara hadir memastikan setiap anak Indonesia mendapatkan asupan gizi yang layak untuk tumbuh sehat cerdas dan bersemangat belajar #PenuhiGiziIndonesia https://t.co/o7bLWTA3RU,2006139104623251592,https://pbs.twimg.com/media/G9c8QGxbUAAw_RF.jpg,,in,,0,0,0,https://x.com/undefined/status/2006139104623251592,1965018398703951872,
2006139048243450198,Tue Dec 30 23:03:16 +0000 2025,0,Pemerintah senantiasa mendorong sinergi antar berbagai pihak dalam rangka memastikan Program MBG memberikan kualitas terbaik bagi anak bangsa. #PenuhiGiziIndonesia https://t.co/obtnLeG6Tm,2006139048243450198,https://pbs.twimg.com/media/G9c8NcfaYAECRDD.jpg,,in,,0,0,0,https://x.com/undefined/status/2006139048243450198,1965018398703951872,
2006138876713116105,Tue Dec 30 23:02:35 +0000 2025,0,Melalui program MBG negara hadir memastikan setiap anak Indonesia mendapatkan asupan gizi yang layak untuk tumbuh sehat cerdas dan bersemangat belajar #PenuhiGiziIndonesia https://t.co/RQq6BEpxfY,2006138876713116105,https://pbs.twimg.com/media/G9c8HHraYAEeb61.jpg,,in,,0,0,0,https://x.com/undefined/status/2006138876713116105,1935165050320470018,
2006138803283505332,Tue Dec 30 23:02:17 +0000 2025,0,Melalui program MBG negara hadir memastikan setiap anak Indonesia mendapatkan asupan gizi yang layak untuk tumbuh sehat cerdas dan bersemangat belajar #PenuhiGiziIndonesia https://t.co/6yBFoexoyu,2006138803283505332,https://pbs.twimg.com/media/G9c8AWLaYAANSvm.jpg,,in,,0,0,0,https://x.com/undefined/status/2006138803283505332,1935214199313154048,
2006138629995802785,Tue Dec 30 23:01:36 +0000 2025,0,Melalui program MBG negara hadir memastikan setiap anak Indonesia mendapatkan asupan gizi yang layak untuk tumbuh sehat cerdas dan bersemangat belajar #PenuhiGiziIndonesia https://t.co/WlVhIZK5Om,2006138629995802785,https://pbs.twimg.com/media/G9c70iIaYAE62Ba.jpg,,in,,0,0,0,https://x.com/undefined/status/2006138629995802785,109230368,
2006133835369521283,Tue Dec 30 22:42:33 +0000 2025,0,Bahkan Lembaga Kepolisian pun Tak Ketinggalan BERBISNIS MBG BENALU ! SEMOGA akhir Pemerintahan Prabowo adalah Akhir Program MBG...,2006133835369521283,,,in,,0,0,0,https://x.com/undefined/status/2006133835369521283,351134369,
2005893447715283410,Tue Dec 30 22:26:53 +0000 2025,0,@Zeefire02 Stop MBG. Program yg tdk tepat sasaran dan tidak tepat guna. Program yg setengahnya bersifat Mubazir..,2006129894997078067,,Zeefire02,in,,0,0,0,https://x.com/undefined/status/2006129894997078067,1639049149864882178,
2006018885338947912,Tue Dec 30 22:21:37 +0000 2025,1,@bangherwin Program wowo yg memuaskan itu yg mana ya palingan MBG yg lauknya klo pejabat sowan dibaguskan klo yg gk pernah didatangi pejabat dapat MBG klo gk basi berbelatung ya keracunan,2006128569433370978,,bangherwin,in,,0,0,0,https://x.com/undefined/status/2006128569433370978,830087634709942273,
2006106130070573320,Tue Dec 30 20:52:27 +0000 2025,0,Udah bener ahli gizi gak dilibatkan di program mbg. Skrg ahli gizi dipertanyakan kapasitasnya,2006106130070573320,,,in,,0,0,0,https://x.com/undefined/status/2006106130070573320,946825349744041984,
2006097624945025038,Tue Dec 30 20:18:39 +0000 2025,0,Ajng ternyata produk ini yg di kritik. diproduksi di chin* adalah salah satu tanda gagalnya program MBG ,2006097624945025038,,,in,,0,0,0,https://x.com/undefined/status/2006097624945025038,1889486523109875712,
2006096078936875479,Tue Dec 30 20:12:32 +0000 2025,2,2. Segudang janji omon2. Sekolah gratis dan PTN gratis saja gak jalan. Yang ada PTN makin mahal. Kenapa? 344 T dari 665 T anggaran pendidikan dipakai untuk MBG. #PresidenOmon2Turunlah MBG itu program kampanye Prabowo Gibran 2029. Mencuri #PresidenOmon2Turunlah,2006096085304107238,,ArtaN7707,in,,0,0,4,https://x.com/undefined/status/2006096085304107238,1604064608913723394,
1885357475110805939,Fri Jan 31 23:31:31 +0000 2025,0,@raihanaulia_rar wajar banyak efek domino dari pemangkasan anggaran dari MBG ,1885470999870922773,,raihanaulia_rar,in,,0,0,0,https://x.com/undefined/status/1885470999870922773,858133348383768576,
1885308151798653285,Fri Jan 31 23:28:57 +0000 2025,1,@dbrahmantyo @Outstandjing MBG pun kalo memfungsikan warteg atau kantin biar naik kelas juga bagus. Tapi kan tau sendiri kalo ada cara susah kenapa cari yg gampang,1885470354044575893,,dbrahmantyo,in,,0,1,0,https://x.com/undefined/status/1885470354044575893,858133348383768576,
1884788735239221608,Fri Jan 31 23:03:37 +0000 2025,0,@tanyarlfes jujur gada urgensinya mbg ini kcuali prioritasnya buat pelosok okelah gua takut krna gada anggaran lgi pembukaan cpns di moratorium huh kesal,1885463980556378506,,tanyarlfes,in,,0,0,0,https://x.com/undefined/status/1885463980556378506,1619651826034548737,
1885320499829629395,Fri Jan 31 22:56:03 +0000 2025,741,@CNNIndonesia Pak @fadlizon MBG itu harusnya tidak perlu tender salurkan saja lewat dana bos kemudian komite sekolah dan kantin sekolah yg melaksanakannya. Pemerintah dan bada gizi siapkan saja pendamping dan tim gizinya saja. Simple dan gak ribet. Kalau gak tersalur saya pastikan.....,1885462076170395677,,CNNIndonesia,in,,2,23,34,https://x.com/undefined/status/1885462076170395677,1604299943476219904,
1885325105120895279,Fri Jan 31 22:52:07 +0000 2025,0,@sayaprosesor Kena banyak ternyata ya wkwkwk Emang fokusnya di MBG. 71T ga kena efisiensi. Pdhal masih banyak sekolah yg jelek. Fasilitas pembelajaran belum bagus. Misal lapangan olahraga lab komputer lab IPA dkk.,1885461083898692071,,sayaprosesor,in,,0,0,0,https://x.com/undefined/status/1885461083898692071,1117952889660399616,
1884846538163130608,Fri Jan 31 21:16:03 +0000 2025,0,@BaseAnakFK Sekolah fokus MBG -&gt; menunya serangga -&gt; siswanya muntah2 sampai ada yg dirujuk ke RS -&gt; gurunya sibuk ngurusin siswa lain yg keracunan -&gt; RS jg sibuk nanganin siswa Akhirnya siswa gak belajar Guru ngurusin siswa yg keracunan Nakes sibuk dg pasien (siswa) Begitu terus hari2 ,1885436908345712983,,BaseAnakFK,in,,0,0,0,https://x.com/undefined/status/1885436908345712983,1826227311030808576,
1885333168766804421,Fri Jan 31 20:44:43 +0000 2025,5,@CNNIndonesia Pagar laut bambu saja sdh bermasalah dan jadi keributan ini mau ditambah giant sea wall. MBG aja duitnya ga cukup lalu motong anggaran sana sini lalu yg ini duit dr mana. Dari sekian politisi HANYA Hashim yg gencar ngomong ttg ini. Jadi curiga ,1885429025839198393,,CNNIndonesia,in,,0,0,0,https://x.com/undefined/status/1885429025839198393,705035914364387328,
1885424968215015523,Fri Jan 31 20:28:36 +0000 2025,0,Tebakan: 1. MBG mengajak orang tua menyekolahkan anaknya. Yang udah kaya dan mampu anaknya tambah asupan. Sekalian jadi uji coba makanan apa yang paling cepet ningkatin perkembangan anak sekolah.,1885424968215015523,,,in,,0,1,0,https://x.com/undefined/status/1885424968215015523,1172835416778498048,
1885312911129837627,Fri Jan 31 20:05:18 +0000 2025,0,@CNNIndonesia Anggaran ikn abis buat mbg ,1885419104003383327,,CNNIndonesia,in,,0,0,0,https://x.com/undefined/status/1885419104003383327,554081921,
1895621381402083720,Fri Feb 28 23:45:30 +0000 2025,0,Coba itu duit dipake yg bener pasti masyarakat hidup Makmur. Blm lagi jumlah korupsi yg dilakuin per individu dan dana pemerintah. Bukan bagi2 MBG lagi tapi bagi2 rumah gratis kata gua,1895621381402083720,,,in,,0,0,0,https://x.com/undefined/status/1895621381402083720,749029290734301184,
1895409911473054102,Fri Feb 28 22:37:56 +0000 2025,1,@ARSIPAJA Habisin anggaran aja retret isinya cuma fun2 aja kek gathering. Urus tuh pertamina sritex mbg ikn fot estet fufufafa,1895604374074007880,,ARSIPAJA,in,,0,0,0,https://x.com/undefined/status/1895604374074007880,1385342895511666691,
1895467452445929510,Fri Feb 28 22:23:51 +0000 2025,0,@prabowo Dimaafin tapi mbg dan danatara dihapus ,1895600831384469730,,prabowo,in,,0,0,0,https://x.com/undefined/status/1895600831384469730,1244281296450236416,
1895353943066374203,Fri Feb 28 21:42:00 +0000 2025,0,@BosPurwa Blm tentu dapet MBG jg anaknya. Kan blm semua sekolah dapet.,1895590297809408503,,BosPurwa,in,,0,0,0,https://x.com/undefined/status/1895590297809408503,1181009883409215488,
1895087087520751872,Fri Feb 28 21:41:14 +0000 2025,0,@auroraameww ada yg gratis kak mbg~,1895590105060196815,,auroraameww,in,,0,0,0,https://x.com/undefined/status/1895590105060196815,179012565,
1895584358918209667,Fri Feb 28 21:18:24 +0000 2025,0,@prabowo bagi MBG buat sahur wo,1895584358918209667,,prabowo,in,,0,0,0,https://x.com/undefined/status/1895584358918209667,1426587229699252226,
1879882582189625712,Fri Feb 28 21:07:07 +0000 2025,1,@syahru62413 @hnirankara ya emang maunya disuapin sama MBG itu kak tapi kegocek yang sekolah-sekolah aja ,1895581519353430083,,syahru62413,in,,0,0,0,https://x.com/undefined/status/1895581519353430083,1491761245904867330,
1895402186471006516,Fri Feb 28 20:45:49 +0000 2025,0,@Epricila10 Krn gak bisa kerja udah aja sehari2nya kampanye cari muka buat 2029. Sambil nunggangin MBG dari sekolah ke sekolah. Yg penting datangin kerumunan massa. Gitu aja kok engak paham.,1895576159720718378,,Epricila10,in,,0,0,0,https://x.com/undefined/status/1895576159720718378,1603515715889139712,
1895516064794259725,Fri Feb 28 20:38:49 +0000 2025,1,@AgusYudhoyono @prabowo @SBYudhoyono @jokowi Biaya makan kudanya apa juga 10rb ky MBG ya?,1895574398935130608,,AgusYudhoyono,in,,0,0,0,https://x.com/undefined/status/1895574398935130608,2170405122,
1895562372682752152,Fri Feb 28 19:51:02 +0000 2025,1,MBG = Makanan Basi Gratis,1895562372682752152,,,in,,0,1,0,https://x.com/undefined/status/1895562372682752152,1164573073288257542,
1906846276374954430,Mon Mar 31 23:56:37 +0000 2025,0,@g_afnan345652 MBG buktikan gizi seimbang adalah hak yang harus dirayakan bersama,1906858200651149314,,g_afnan345652,in,,0,0,0,https://x.com/undefined/status/1906858200651149314,1613846724610752514,
1906785655503667488,Mon Mar 31 19:08:21 +0000 2025,9721,https://t.co/AwjAmkmjPw Kembalikan pendidikan kepada Guru dan Dosen Kembalikan MBG kepada Ahli Gizi dan Ahli Nutrisi. Semua omongan ferry kali ini terlalu utopis. Jujur aku merasa jijik dengan omongan merit sistem yang ga diimbangi dengan How To ,1906785655503667488,,,in,,493,460,1805,https://x.com/undefined/status/1906785655503667488,1397729807564111873,
1905632164273946778,Mon Mar 31 15:31:36 +0000 2025,0,@hansssolo 'Makan siang' yg gratis itu cuma MBG. Kalau 'Makan siang' sm Lisa gratis gak?,1906731110203056527,,hansssolo,in,,0,0,0,https://x.com/undefined/status/1906731110203056527,1718979126617583616,
1906724899580006756,Mon Mar 31 15:29:45 +0000 2025,0,lu udah GAK BISA Investigasi Kasus apapun - seperti CORETAX @DitjenPajakRI - MBG Makan Bergizi Gratis - Kasus PoIisi / TNI - DLL Termasuk Contet Creator - Buka SkinCare Palsu - Masa lalu akun fufufak - dan Masa lalu Akun / mantan pejabat seperti @ridwankamil atau @jokowi,1906730642189975728,,clawhs02,in,,0,1,0,https://x.com/undefined/status/1906730642189975728,1509984794968731648,
1906177058096492828,Mon Mar 31 14:55:39 +0000 2025,0,@KompasTV Sepertinya program MBG pak @prabowo bisa menjadi inisiasi membentuk sebuah forum internasional baru nih...,1906722061986439491,,KompasTV,in,,0,0,0,https://x.com/undefined/status/1906722061986439491,996658803167772673,
1906722011038310423,Mon Mar 31 14:55:27 +0000 2025,0,hebat! Gerakan MBG bikin dunia lebih peduli sama gizi https://t.co/XRTwB1DC5D,1906722011038310423,https://pbs.twimg.com/media/GnYJjtPbMAAKn7R.jpg,,in,,0,0,0,https://x.com/undefined/status/1906722011038310423,2274166549,
1906534463284428992,Mon Mar 31 14:52:06 +0000 2025,0,@prabowo Dimaafkan kalo: 1. penjarakan Jokowi 2. Pecat Gibran fufufafa 3. Pecat Raja Juli 4. Pecat Budi Arie 5. Pecat Widiyanti Putri 6. Hapuskan wamen dan stafsus 7. Kembalikan TNI ke barak 8. Polisi dibawah kemenhan 9. Ciptakan kabinet ramping 10. Hapus program MBG. fokus pendidikan.,1906721166909403343,,prabowo,in,,0,0,0,https://x.com/undefined/status/1906721166909403343,1511948926999732224,
1906720127716077876,Mon Mar 31 14:47:58 +0000 2025,0,Setelah nonton Top Issue di Metro TV ada seorang pengamat yang pesimis dan mengkritik program MBG. Padahal ada loh anak yang kurang mampu atau ngga dibikinin sarapan sama ortunya tiap pagi. Padahal ini demi siswa juga supaya konsentrasi belajar!,1906720127716077876,,,in,,0,1,0,https://x.com/undefined/status/1906720127716077876,1229150657350782976,
1906719016661721592,Mon Mar 31 14:43:33 +0000 2025,0,Program MBG di Papua bermanfaat untuk meningkatkan kesehatan anak cegah stunting dan ekonomi lokal Selamat Lebaran Teddy Minal Taqabbalallahu Minna Wa Minkum Mohon Sejak Ramadhan Tante Plat B Rp 14.460 Telat 25 Rp 0 Opor Pemalang Gerak DANA Kaget KSAL pakyandrisusanto Jumbo https://t.co/J2zQtpoD7t,1906719016661721592,https://pbs.twimg.com/ext_tw_video_thumb/1906718953499705344/pu/img/l7OODOkj2Mo3U02g.jpg,,in,,0,0,0,https://x.com/undefined/status/1906719016661721592,215612190,
1906718896058683503,Mon Mar 31 14:43:04 +0000 2025,0,Program MBG di Papua bermanfaat untuk meningkatkan kesehatan anak cegah stunting dan ekonomi lokal Selamat Lebaran Teddy Minal Taqabbalallahu Minna Wa Minkum Mohon Sejak Ramadhan Tante Plat B Rp 14.460 Telat 25 Rp 0 Opor Pemalang Gerak DANA Kaget KSAL pakyandrisusanto Jumbo https://t.co/QX73C9YFeb,1906718896058683503,https://pbs.twimg.com/media/GnYGr7gbgAA8DbI.jpg,,in,,0,0,0,https://x.com/undefined/status/1906718896058683503,215612190,
1917069978085523718,Wed Apr 30 23:44:08 +0000 2025,1,@txtdrimedia Innalillahi Wa'innalillahirojiun.. harusnya Badan Gizi Nasional Dan kroni2 yg berrnaung dibawah yayasan yg kelola MBG itu suruh pantau Dan coba menu makanannya..sekarang tugas guru/ Pendidik/ kepsek makin berat Dan beresiko tinggi.. gebkeg yg kelola MBG.anjrit,1917726697522356424,,txtdrimedia,in,,0,0,0,https://x.com/undefined/status/1917726697522356424,1767133841284849664,
1917496695165722740,Wed Apr 30 23:30:31 +0000 2025,2,@kentwangoreng @SeokjinNmaknae @erightta @aspirinpadang @tanyarlfes Halah halah. MBG aja pusing pemerintah sama aturan teknis &amp; prosedur teknis nya belum lagi masalah anggaran. 60.3% penduduk Indonesia itu miskin berdasarkan standar Bank Dunia. Mau ambil utang luar negeri buat mimpi basah kebencian kamu buat org miskin?,1917723270482387352,,,in,,0,1,0,https://x.com/undefined/status/1917723270482387352,1767808985263128576,
1917720711034294297,Wed Apr 30 23:20:21 +0000 2025,5,342 Siswa dan 2 Guru SMPN 35 Jl. Dago Pojok Bandung Keracunan Makanan MBG Meski ratusan siswa terdampak tidak ada yang dirawat inap. Semua menjalani pengobatan mandiri di rumah atau puskesmas. https://t.co/JKy7Vg2Fyi https://t.co/y4qHjr39ap,1917720711034294297,https://pbs.twimg.com/media/Gp0c0tfaYAM-pyR.jpg,,in,,1,2,0,https://x.com/undefined/status/1917720711034294297,2395238000,
1917720667086283220,Wed Apr 30 23:20:11 +0000 2025,0,Dibagikan di acara danantara saja pak mbg nya sebelum turun ke anak2 sekolah kan efisiensi @prabowo,1917720667086283220,,,in,,0,0,0,https://x.com/undefined/status/1917720667086283220,2234301799,
1917567180993941718,Wed Apr 30 22:34:43 +0000 2025,0,@tanyakanrl Meskioun gw lagi kesel sama pemerintah ya. Sebenarnya MBG ini bagus sama seperti banyak negara lain sekolah negerinya ada MBG juga. Cuma masalahnya korupsi indonesia ini udah super burik dari atas sampai bawah. Makanya pelaksanaannya kacau balau.,1917709225050136644,,tanyakanrl,in,,0,0,0,https://x.com/undefined/status/1917709225050136644,1714576449737531392,
1917451142969319540,Wed Apr 30 22:32:05 +0000 2025,0,@Arie_Kriting Stop saja MBG lindungi siswa dari trauma keracunan. https://t.co/G1r6Myk7tK,1917708562509488317,https://pbs.twimg.com/media/Gp0Rq7GbkAAokxA.jpg,Arie_Kriting,in,,0,0,0,https://x.com/undefined/status/1917708562509488317,1846749067864625153,
1917676919006585320,Wed Apr 30 20:26:20 +0000 2025,9,stunting udh sering bgt digalakkan edukasinya. pemerintah volunteer sampe anak kkn. tapi sampe skrg angka nya blm turun ke target yg diharapkan. MBG ada jg gara2 pengen cegah stunting kan. jadi edukasi aja gak cukup.,1917676919006585320,,,in,,2,0,0,https://x.com/undefined/status/1917676919006585320,1080377404709777408,
1917200062100443156,Wed Apr 30 20:21:27 +0000 2025,1,@Gitsuune @monohime_ Gw bukan pendukung Anies justru program2 Prabowo bukan lagi ngawang malah bacot dewa seperti MBG dan progam lainya hilirisasi dan dari awal debat gak ada isinya apalagi teknisnya lantas dmn taktisnya cmn bacot dewa sepertinya Lo termasuk bipolar bro?,1917675687844143140,,,in,,0,0,0,https://x.com/undefined/status/1917675687844143140,2686157473,
1917673701279162501,Wed Apr 30 20:19:14 +0000 2025,2,Just stop selain incel gw juga benci classist. BOTH KILLS MINORITIES AT SOME EXTENT YOU ALL ARE FUCKING DUMB. Banyak alternatif kebijakan buat ngurangin kemiskinan tapi lu pilih vasektomi? ini mah kayak pilih MBG buat mengurangi gizi buruk. Dan lu pada benci Prabowo? how cute.,1917675132434415740,,camelotutopia,in,,0,0,0,https://x.com/undefined/status/1917675132434415740,1364800096945065987,
1917410106918269226,Wed Apr 30 19:13:52 +0000 2025,10,@Yakisobakso MBG gak ada korelasinya dengan penanggulangan dan pencegahan stunting tapi tetep digodok sama prabowo. Pemerintah gak perlu korelasi untuk bikin kebijakan. Lagian Poinnya bukan di situ. Poinnya adalah sekali negara masuk ranah privat mereka gak akan berhenti.,1917658678733463602,,Yakisobakso,in,,0,1,1,https://x.com/undefined/status/1917658678733463602,1276207574694498304,
1917632535607005195,Wed Apr 30 17:29:59 +0000 2025,0,MBG di sekolah-sekolah Papua teruji dapat cukupi gizi generasi masa depan demi raih cita-cita gemilang! #papuaindonesia #Papuadamai #opmpapuabiadab https://t.co/A3HfJtW041,1917632535607005195,https://pbs.twimg.com/media/GpzMnwRW0AArPF5.jpg,,in,,0,0,0,https://x.com/undefined/status/1917632535607005195,1708392427076087808,
1927667056482378065,Sat May 31 23:58:14 +0000 2025,0,@leeannindonesia @EliasDipo @InvestorID @prabowo Untuk pemetaan penerima seperti ini butuh waktu panjang dan belum lagi ada daerah yang ngiri karena tidak dapat MBG.Lanjutkan MBG,1928964269216858378,,leeannindonesia,in,,0,1,0,https://x.com/undefined/status/1928964269216858378,1725661893698912256,
1927667056482378065,Sat May 31 23:51:41 +0000 2025,0,@EliasDipo @InvestorID @prabowo Dari konsep juga sudah kacau. Kenapa MBG diberikan pada anak2 sekolah tanpa seleksi? Apa sebenarnya tujuan MBG? Kalau utk mengurangi kurang gizi kenapa tidak scra selektif? Mungkin daerah tertentu saja. Atau lbh baik lg cari akar masalahnya dulu.,1928962620607901880,,EliasDipo,in,,0,1,0,https://x.com/undefined/status/1928962620607901880,260675103,
1928957433986297994,Sat May 31 23:31:05 +0000 2025,6,Badan Gizi Endus Ada Mitra Semena-mena Katrol Harga Bahan MBG https://t.co/7smNeKH0ys,1928957433986297994,,,in,,0,4,1,https://x.com/undefined/status/1928957433986297994,17128975,
1928762954016764288,Sat May 31 23:30:54 +0000 2025,1,@OposisiOjol @Ndons_Back @prabowo @are_inismyname @florieliciouss @BANGSAygSUJUD @99propaganda @Kimberley_PS08 @DarekaRendy @bengkeldodo Sudah ditangani. Bersyukur tidak ada korban jiwa. Lu tidak mau MBG? tolak saja. Gampang kok. Gitu saja kok repot,1928957390130454822,,OposisiOjol,in,,0,1,0,https://x.com/undefined/status/1928957390130454822,1348987504985133057,
1928637643505455266,Sat May 31 23:09:15 +0000 2025,0,@GenZNusantara Presiden Prabowo nyatain dukungannya buat anak bangsa lewat 1.000 dapur MBG,1928951939603034543,,GenZNusantara,in,,0,0,0,https://x.com/undefined/status/1928951939603034543,1696718885024940032,
1928653879920701934,Sat May 31 22:45:20 +0000 2025,1,@fatimah_rusalka @PreciosaKanti @ErickFrontier1 Ga ada keknya. Atau lebih tepat karena jika di brekdown spp 150rb makan 10k/hari 100k utk air listrik dll.. Sepertinya sulit utk bikin standar gizi dgn budget 10rb dibagi 3 x makan per hari. Btw pertanyaan bagus tar sy forward ke ustadz. Thx MBG? Yg negri aja blm semua kena,1928945921934442783,,,in,,0,0,0,https://x.com/undefined/status/1928945921934442783,263468311,
1928074625331728608,Sat May 31 22:03:15 +0000 2025,0,@zakaria_0810 @Dimsumgoreng2 @Jae_dya22 @PraharaTemaram @tanyakanrl Jatah snack 17x lipat anggaran 1x MBG. Katanya semua2 kena efisiensi?Udah gila manusia2 ini emg udh butuh dihukum bukan diingetin lagi. https://t.co/MjliNgruva,1928935331585216966,,zakaria_0810,in,,0,1,0,https://x.com/undefined/status/1928935331585216966,395329009,
1939670576421044235,Mon Jun 30 23:13:12 +0000 2025,0,@bloemenbloeien @txtdaritax Emang MBG ada kembang 7 rupanya apa kak kok kayak sajen? Mungkin yang tidak standar BGN itu inisiatif SPPG selama libur sekolah ini saja.Lanjutkan MBG,1939824568660795619,,bloemenbloeien,in,,0,1,0,https://x.com/undefined/status/1939824568660795619,1725661893698912256,
1939149611199090878,Mon Jun 30 22:29:30 +0000 2025,0,@WagimanDeep212_ Mungkin u para jin yg ada di sekolah.MBG jadi sesajen,1939813571342606649,,WagimanDeep212_,in,,0,3,0,https://x.com/undefined/status/1939813571342606649,1755847196912861184,
1939557746464198689,Mon Jun 30 22:24:00 +0000 2025,9,@DS_yantie Gimana mereka mau buat kecerdasan buatan kalo mereka sendiri gak cerdas? Gimana MBG bisa menuhin kebutuhan gizi kalo adanya makanan basi? ,1939812189940195727,,DS_yantie,in,,0,7,1,https://x.com/undefined/status/1939812189940195727,1267940786991099905,
1939798852296745264,Mon Jun 30 22:18:34 +0000 2025,0,@CNNIndonesia Hapuskan MBG. Dananya bisa utk sekolah gratis sesuai amanat konstitusi. @Gerindra @prabowo @officialMKRI,1939810821556875544,,CNNIndonesia,in,,0,10,1,https://x.com/undefined/status/1939810821556875544,3235224685,
1939111578659438870,Mon Jun 30 19:53:52 +0000 2025,0,@cint_aNKRI @daragibran @ARSIPAJA Mending stop aja mubazir. MBG makan bergizi? ini desokalah kampung aja gak pada dimakan yg mereka makan dirumah lebih enak.,1939774405342818697,,cint_aNKRI,in,,0,0,0,https://x.com/undefined/status/1939774405342818697,1248506400977735680,
1939731631943897358,Mon Jun 30 17:03:54 +0000 2025,0,dibilang underwear harusnya ada keringanan biaya anjggg mbg (mendapat bra gratis),1939731631943897358,,,in,,0,0,0,https://x.com/undefined/status/1939731631943897358,1344534306937401346,
1939728453227684140,Mon Jun 30 16:51:16 +0000 2025,0,MBG Penuhi Gizi Anak Indonesia #PenuhiGiziIndonesia https://t.co/ridPbI6fy4,1939728453227684140,https://pbs.twimg.com/media/GutMvlnbkAAsWu2.jpg,,in,,0,0,0,https://x.com/undefined/status/1939728453227684140,1882667125250363393,
1939728420893856190,Mon Jun 30 16:51:08 +0000 2025,0,MBG bantu penuhi kadar gizi anak #PenuhiGiziIndonesia https://t.co/x9ASD8gVYx,1939728420893856190,https://pbs.twimg.com/media/GutMto-boAc6qCG.jpg,,in,,0,0,0,https://x.com/undefined/status/1939728420893856190,1882667125250363393,
1939728386559287332,Mon Jun 30 16:51:00 +0000 2025,0,Makan siang gratis langkah kecil demi kemajuan besar bangsa kita MBG Penuhi Gizi #PenuhiGiziIndonesia https://t.co/IkpghERB4L,1939728386559287332,https://pbs.twimg.com/media/GutMruzboAQ-FkJ.jpg,,in,,0,0,0,https://x.com/undefined/status/1939728386559287332,1882667125250363393,
1939111578659438870,Mon Jun 30 16:35:33 +0000 2025,0,@habibahthahir @ARSIPAJA ya begitulah presiden kita harusnya dia juga mikir kan yaa gimana mbg kedepannya soalnya itu jangka panjang selama 4 tahun masa ga mikirin yaa dananya dari mana sampe ngorbanin anggaran lain,1939724499416752357,,habibahthahir,in,,0,0,0,https://x.com/undefined/status/1939724499416752357,1448966568419856385,
1951067387786305819,Thu Jul 31 23:48:09 +0000 2025,0,Capek banget dari mulai PPN 12% MBG Keracunan (Tasikmalaya tuh ratusan siswa) hal-hal yg ga usah diumumkan dulu kalau belum fix banget media juga pake dong status quo jurnalistik nih narasumber relevan &amp; ahli bukan ? oh responnya kok ngaco ga usah di wawancara &amp; ga dimuatlah.,1951067389891891455,,repakustipia,in,,0,0,0,https://x.com/undefined/status/1951067389891891455,311250510,
1950738187644449251,Thu Jul 31 23:23:01 +0000 2025,3,@Ama_xxii @ARSIPAJA @prabowo Satu lagi semoga dia dia jga yg nanti cabut MBG berharap bgt ini ,1951061064667505009,,Ama_xxii,in,,0,1,0,https://x.com/undefined/status/1951061064667505009,1395065798,
1950860296492360149,Thu Jul 31 22:26:36 +0000 2025,0,@VIVAcoid Coba stop MBG lihat apa kehadiran siswa akan turun.? Mereka sekolah pingin pintar bukan pikin dapet makan gratis.,1951046867250229319,,VIVAcoid,in,,0,0,0,https://x.com/undefined/status/1951046867250229319,1802546158952460288,
1950920546910351837,Thu Jul 31 21:49:22 +0000 2025,0,@kumparan Gak ada makan siang gratis termasuk MBG. Moon maap ni tp sebaiknya kita pantau dulu perkembangannya. Banyak kemungkinan yg bisa kejadian setelah ini. ,1951037496713945345,,kumparan,in,,0,0,0,https://x.com/undefined/status/1951037496713945345,1387866450623229952,
1950463968394592505,Thu Jul 31 21:09:53 +0000 2025,0,@LoveUsayank @benjaminskod @M45Broo_ mustahil bansos aja dikorup drpd ngasih makan mending turunin harga sembako aja tuuu. ini mah pihak katering ga dibayar makanannya ga layak ga semua sekolah dapat malah sekolah elit yg dapat mbg bjirrr wkwk,1951027562324595102,,kekasihNanaJuy,in,,0,0,0,https://x.com/undefined/status/1951027562324595102,500428027,
1950734474062491761,Thu Jul 31 20:45:12 +0000 2025,0,@WagimanDeep212_ Kalo buat yg berkualitas(sehat-bergizi) mmg begitu bieb tapi kalo ala kadarnya(yg penting MBG) ya tahu sendiri lah ,1951021350497484937,,WagimanDeep212_,in,,0,0,0,https://x.com/undefined/status/1951021350497484937,1544242115508457473,
1950986985738477728,Thu Jul 31 18:37:46 +0000 2025,0,Replynya juga pada gak main logikanya apa gimana dah... Emang iq negara ini rendah sekali... Goblok lu @prabowo malah bikin mbg bukannya permudah dan perkuat akses pendidikan liat nih pada bego ngertiin film romance bumbu 1sdt sci-fi aja pada gak bisa,1950989281272668525,,sarangyewon,in,,1,0,0,https://x.com/undefined/status/1950989281272668525,1394678477664579586,
1950852189850931326,Thu Jul 31 17:53:46 +0000 2025,1,@nntweetnn @KemenkesRI @Kemdikdasmen @PPATK @DPR_RI @WHO Saya yakin audit independen dan transparansi sangat krusial untuk atasi isu MBG dan PPATK. Audit oleh pihak ketiga seperti BPK atau lembaga internasional bisa ungkap akar masalah seperti higiene buruk di MBG (laporan BBC: ribuan siswa keracunan sejak Jan 2025) dan dampak blokir,1950978205197934794,,nntweetnn,in,,0,1,0,https://x.com/undefined/status/1950978205197934794,1720665183188922368,
1950843885846143203,Thu Jul 31 17:06:06 +0000 2025,0,@ARSIPAJA Prabowo 🇮🇩 ngerti bahwa kedaulatan pangan itu mulai dari hal sekecil ini. Dukung MBG dukung Indonesia berdiri di kaki sendiri.,1950966211531120814,,ARSIPAJA,in,,0,0,0,https://x.com/undefined/status/1950966211531120814,1736799370824040448,
1962112777205830002,Sun Aug 31 23:53:11 +0000 2025,0,@somexthread Berhentikan MBG sekalian buang2 anggaran ajg,1962302679960719618,,somexthread,in,,0,0,0,https://x.com/undefined/status/1962302679960719618,1111920626028019712,
1962149667237417087,Sun Aug 31 23:50:56 +0000 2025,1,@DeliaRamadhan18 @jadidinosaur @tanyarlfes Iya betul bgt kak yg masak bukan presiden yg masak vendor terus di distribusikan ke sekolah sekolah. Padahal udh banyak loh berita siswa keracunan makanan mbg knp presiden bisa ga tau? Presiden ga akses berita kah? Ga dapet laporannya kah?,1962302113196941574,,DeliaRamadhan18,in,,0,0,0,https://x.com/undefined/status/1962302113196941574,1183768716657352704,
1962298208488681509,Sun Aug 31 23:35:25 +0000 2025,0,padahal eksekutif juga bermasalah kebijakan gak jelas tp makan banyak anggaran (langsung sebut merk : MBG yg makan 40% lebih anggaran pendidikan kek apaan shibal) efisiensi yg malah bikin pajak daerah naik bcs dana alokasi ke daerah dikit,1962298208488681509,,,in,,0,0,0,https://x.com/undefined/status/1962298208488681509,1475907618531020803,
1962187001144438919,Sun Aug 31 23:17:56 +0000 2025,0,@umaminiyuw Kocak lebih mentingin mbg dri si endut dripada keamanan murid sendiri . Stay safe niyuu,1962293809368428640,,umaminiyuw,in,,0,1,0,https://x.com/undefined/status/1962293809368428640,1955952979246481408,
1962149667237417087,Sun Aug 31 23:15:51 +0000 2025,0,@akubucindonat @jadidinosaur @tanyarlfes iyaa mungkin kak. tapi setelah bnyk berita masalah keracunan MBG jadi bersyukur kalo di sekolah adekku belum ada,1962293286569476343,,akubucindonat,in,,0,1,0,https://x.com/undefined/status/1962293286569476343,1421008439417860099,
1962293170324332716,Sun Aug 31 23:15:24 +0000 2025,0,Sekolah gua baru dapet mbg dawg ,1962293170324332716,,,in,,0,1,0,https://x.com/undefined/status/1962293170324332716,1811157606427500544,
1962138787120869439,Sun Aug 31 23:08:12 +0000 2025,2,@SenopatiDiAnno @0pposite689O Prabowo jongos nya jokowi koalisi gelap yg menang Pilpres karena curang &amp; Prabowo enjoy and happy just to be a president dengan fasilitas lifestyle seperti Raja .Wowi sehidup semati untuk rakyat endasmu.keduanya kriminal demokrasi perusak konstitusi IKN MBG endas mu,1962291360968708590,,SenopatiDiAnno,in,,0,0,1,https://x.com/undefined/status/1962291360968708590,1647761274661670912,
1960904307492184191,Sun Aug 31 22:52:48 +0000 2025,0,@maanaa_taahaan @Syarman59 @DPR_RI @ZUL_Hasan @prabowo Kocak bro ..anggaran sdh diluncurkan ke Badan Gizi Nasional utk progam MBG bro...nah mulai dari disini ada dimana oknum tsb menyalahgunakan kewenangannya bro,1962287482986491926,,maanaa_taahaan,in,,0,1,0,https://x.com/undefined/status/1962287482986491926,1077303984065368064,
1960904307492184191,Sun Aug 31 22:45:19 +0000 2025,0,@maanaa_taahaan @Syarman59 @DPR_RI @ZUL_Hasan @prabowo Kocak bro ..progam MBG menunjukkan kehadiran pemerintah/hadir ditengah2 masyarakat rakyat Indonesia &amp; peduli thd rakyatnya sdngkan ada makan beracunnya gw katakan memang ada oknum yg tdk bertanggung menyalahgunakan kewenangannya bro,1962285601077817416,,maanaa_taahaan,in,,0,4,0,https://x.com/undefined/status/1962285601077817416,1077303984065368064,
1972518699262419366,Tue Sep 30 23:59:00 +0000 2025,0,@txtdrimedia Lebih jahat mana pak jika MBG menghilangkan nyawa anak-anak murid sekolah?,1973175780856500577,,txtdrimedia,in,,0,0,0,https://x.com/undefined/status/1973175780856500577,1201814817993945089,
1972915513199395016,Tue Sep 30 23:58:01 +0000 2025,0,@bbonoyya @AnggiCartwheel aku baca dari mba Kalis sekolah islam swasta di jogja apa jawa tengah ya mau ditutup dapur sekolah yang udah nyediain makanan puluhan tahun jauh sebelum mbg mereka udah praktekin itu. berkali2 disamperin sampe terakhir bawa aparat dan akhirnya terpaksa ditutup buat terima mbg,1973175532956368936,,bbonoyya,in,,0,3,0,https://x.com/undefined/status/1973175532956368936,1203139003723051010,
1973040564456358103,Tue Sep 30 23:56:29 +0000 2025,0,@flnnch coba km makan MBG bun kayanya kamu kurang gizi saking ga ngerti konsep gagal MBG yang bermasalah itu,1973175147369734438,,flnnch,in,,0,0,0,https://x.com/undefined/status/1973175147369734438,1221054287003807746,
1972965039108985291,Tue Sep 30 23:55:57 +0000 2025,0,@indahtobrut_ @niwseir Berdasarkan sumber terverifikasi ya benar. Dapur MBG Gedong di Pasar Rebo Jaktim dikelola Yayasan Ameena Mulya Indonesia. Pembina: Hj. Sri Mulyani &amp; H. Bambang Tri Mulyono. Ketua: Ponidi. Bambang Tri dikenal sebagai kritikus Jokowi &amp; pendukung Prabowo.,1973175013902799061,,tobrutt___,in,,0,0,0,https://x.com/undefined/status/1973175013902799061,1720665183188922368,
1972998534401237104,Tue Sep 30 23:55:34 +0000 2025,0,@somexthread Daripada mbg mending sekolah tuh dibagusin banyakin buku n fasilitas gaji guru yg layak biar semangat n kreatif ngajarnya.,1973174917433794679,,somexthread,in,,0,0,0,https://x.com/undefined/status/1973174917433794679,1667203146,
1973014200437096562,Tue Sep 30 23:55:20 +0000 2025,0,@MariaAlkaff_ Kalau begitu infonya akhirnya MBG akan menjadi Makan Gratis di Sekolah MGS,1973174859132969216,,MariaAlkaff_,in,,0,0,0,https://x.com/undefined/status/1973174859132969216,553451866,
1972643376886624325,Tue Sep 30 23:52:58 +0000 2025,1,@somexthread Pny presiden setolol ini njirrrrr... Dia tinggal keluarkan peraturan MBG wajib dikelola sekolah lewat kantin di sekolah / salurkan lgsg ke orang tua siswa lgsg sls sudah permasalahan keracunan. Ini malah terkesan sengaja dibiarkan dan ngeyel...,1973174261591511391,,somexthread,in,,0,0,0,https://x.com/undefined/status/1973174261591511391,606859048,
1973174133975556340,Tue Sep 30 23:52:27 +0000 2025,0,I told my sister to stop eating mbg itu juga baru sekali jir di sekolah dia bru percobaan but i think anticipatory measures are better with her condition,1973174133975556340,,,in,,0,0,0,https://x.com/undefined/status/1973174133975556340,1444517215198347264,
1972998534401237104,Tue Sep 30 23:50:31 +0000 2025,0,@somexthread Ya bener lah kata ibunya ya gausah anak mereka yg mampu dikasi mbg mending noh liat disekolah2 kecil pelosok disini aja sekolah sd belom dapet mbg.,1973173645246865890,,somexthread,in,,0,0,0,https://x.com/undefined/status/1973173645246865890,1104487007839895553,
1973043750185390236,Tue Sep 30 23:46:19 +0000 2025,3,@Metro_TV Seharusnya yang disediakan makan para pejabat dengan anggaran / porsinya 15000 buat 1 orang pejabat Jadi setiap kantor² bisa dibangun dapur² MBG,1973172589146284150,,Metro_TV,in,,0,0,0,https://x.com/undefined/status/1973172589146284150,1711902310367105024,
1972642203488207035,Tue Sep 30 23:45:54 +0000 2025,11,@SueSunSeven @wafirh Its not even klarifikasi ya anjing dia aja di pidato ini masih aja membanggakan MBG. Belain aja tuh Prabowo kontol sampe anak Lo sendiri yg keracunan karna MBG asu,1973172484733280358,,SueSunSeven,in,,0,0,0,https://x.com/undefined/status/1973172484733280358,1160807971300843520,
1973172343200686277,Tue Sep 30 23:45:21 +0000 2025,2,Kemarin Agustus Kelabu dipicu oleh meninggalnya seorang ojol. Tebakanku geger berikutnya akan dipicu oleh meninggalnya seorang siswa karena MBG,1973172343200686277,,,in,,0,1,0,https://x.com/undefined/status/1973172343200686277,1410947741241405440,
1973171956582326771,Tue Sep 30 23:43:48 +0000 2025,4,MBG : makan beracun gratis lagi https://t.co/LjrqeFwoI7,1973171956582326771,,,in,,0,0,3,https://x.com/undefined/status/1973171956582326771,380347823,
1973093030384345354,Tue Sep 30 23:43:32 +0000 2025,0,@CNNIndonesia Ketololan Nasional jika Guru yang icip MBG harus nya oleh staf BGN dan pengelola SPPG agar anak murid Selamat @DPR_RI @KemensetnegRI @KejaksaanRI @AhliKapolri @OmbudsmanRI137,1973171887640625244,,CNNIndonesia,in,,0,0,0,https://x.com/undefined/status/1973171887640625244,2153969821,
1973154696706793641,Tue Sep 30 23:39:52 +0000 2025,1,@bangherwin Maklum presidennya ga pernah main ke sekolah pas MBG jalan. Ga kuat jalan jadi nyuruh wapresnya pun salah kaprah malah ga punya etika maunya dilayani. Kalian yg pelayanan harusnya melayani rakyat! Jangan keluar istana cuma pengen diajak kulineran,1973170965191536699,,bangherwin,in,,0,0,0,https://x.com/undefined/status/1973170965191536699,1924297145710202880,
1984205101838585858,Fri Oct 31 23:42:43 +0000 2025,0,@99propaganda @prabowo MBG MBG MBG ,1984405706532143471,,99propaganda,in,,0,1,0,https://x.com/undefined/status/1984405706532143471,1546669442595074048,
1984121953272180965,Fri Oct 31 23:27:34 +0000 2025,0,@tanyakanrl Jangan dipublish orang dr istana kalo liat ini bisa ngide buat MBG anggaran 5000 perak,1984401895457505573,,tanyakanrl,in,,0,0,0,https://x.com/undefined/status/1984401895457505573,1880235460687212544,
1984109902567240173,Fri Oct 31 23:22:48 +0000 2025,1,@ZoneVenomWar Di IG sekolah anakku ada konten tema MBG: Hari ini hari apa | Hari ulangtahun Pak Prabowo! | Selamat Ulang Tahun Pak Prabowo!! | Terimakasih Pak Prabowo! Musik jedak-jeduk ,1984400692380123361,,,in,,0,0,0,https://x.com/undefined/status/1984400692380123361,1528618615,
1984228878026432767,Fri Oct 31 23:16:33 +0000 2025,0,@detikcom SOLUSINYA SIH GAMPANG ANGGARAN MBG AJA YG DIALIHKAN BUAT BAYAR UTANG WHOOSH GAK PERLU NYICIL SAMPE 60 TAHUN. SEBELUMNYA GAK ADA MBG SEMUA SISWA BAIK2 AJA GAK ADA YG KERACUNAN ,1984399119969108468,,detikcom,in,,0,1,0,https://x.com/undefined/status/1984399119969108468,44305269,
1984396893569630429,Fri Oct 31 23:07:42 +0000 2025,0,Kepala BGN dapat nilai 8 dari Prabowo Subianto berkat penyaluran MBG https://t.co/OkxCDWZ3b9,1984396893569630429,https://pbs.twimg.com/media/G4n-dUtbYAAZw8e.jpg,,in,,1,0,0,https://x.com/undefined/status/1984396893569630429,714238358332051456,
1984393637321719917,Fri Oct 31 22:54:46 +0000 2025,0,seneng bgt lihat komitmen Polri utk pastiin mutu MBG support presiden Prabowo full! Ini yang rakyat harapkan sinergi &amp; kerja nyata bersama. Go Polri https://t.co/6c7M8nB0Ho,1984393637321719917,https://pbs.twimg.com/ext_tw_video_thumb/1984393569030062081/pu/img/JNPRPqhUTOb4O9PH.jpg,,in,,0,0,0,https://x.com/undefined/status/1984393637321719917,174141436,
1984065785925661095,Fri Oct 31 22:49:42 +0000 2025,3,@levoski80 @Indonesiaguyub @txtdrimedia Ga ada penghangat makanan di dapur MBG SOPnya makanan selesai dimasak didinginkan 1-2 jam baru dikemas di foodtray segera kirim maks 30 menit stlh foodtray ditutup Sp sekolah dimakan dlm waktu maks. 3 jam sjk foodtray tiba Bukan restoran yg nungguin customer datang pesan makan,1984392364300066962,,levoski80,in,,0,1,0,https://x.com/undefined/status/1984392364300066962,50509502,
1983721803932688607,Fri Oct 31 22:45:37 +0000 2025,1,@cnamnroll Butuh Ahli Gizi buat MBG di daerah Rancaekek..,1984391337807097867,,cnamnroll,in,,0,0,0,https://x.com/undefined/status/1984391337807097867,116392285,
1984389565206184018,Fri Oct 31 22:38:35 +0000 2025,0,Mbg sebagai solusi peningkatan lapangan kerja dan memberikan gizi yg baik untuk anak2 Indonesia,1984389565206184018,,,in,,0,0,0,https://x.com/undefined/status/1984389565206184018,1687746496039628800,
1984213684995108992,Fri Oct 31 22:28:46 +0000 2025,0,@JengkolRujak @hqelpful @prabowo @DPR_RI @PurbayaYudhi @kementerianpu Oh ya sy orang Bekasi Jabar bukan orang Seko tapi hati nurani sy gak terima klo jalan seperti di Seko dibiarkan gak diperbaiki juga karena buat MBG 1 T /hari gak masalah kenapa buat perbaikan jalan SEKO ko susah banget digelontorkan ini gak adil.,1984387096384324064,,JengkolRujak,in,,0,0,0,https://x.com/undefined/status/1984387096384324064,1846749067864625153,
1984203851990532498,Fri Oct 31 22:26:02 +0000 2025,3,@bangherwin Itu makanan orang kelas menengah atas klo dia makan nasi pakek garam doang baru itu susah. Dia suruh cari berita dibelahan pulau kain ada anak sekolah trima MBG tp gk dia makan disekolah dia bawa pulang spy kluarganya ikut makan MBG juga itu baru namanya prihatin,1984386407344001375,,bangherwin,in,,0,0,0,https://x.com/undefined/status/1984386407344001375,830087634709942273,
1983719838418940010,Fri Oct 31 22:23:15 +0000 2025,1,@GNFI Buat MBG 1 T /hari lancar jaya tapi buat bangun KRL Commuter Line Cikarang - Karawang +/- 1 5 T malah dicoret alasannya anggaran gak cukup ,1984385705909633460,,GNFI,in,,0,0,1,https://x.com/undefined/status/1984385705909633460,1846749067864625153,
1995265950254535003,Sun Nov 30 23:34:03 +0000 2025,5,@mulkanjabariyan @prabowo @StopPlandemit @ch4o5Myth @SumandoGaek @GandarAntarkota @ranglasi @mamakchayank @MiraninonLita @SSENTAIBOYHERO Narasi IQ jg buatan mereka buat ngotak2in rakyat terutama netizen yg gampang terbuai. Sementara pembodohan nyata kualitas pendidikan tdk pernah benar2 dipedulikan mbg (yg gratis2 tp murahan cuma buat dapat simpati) digalangkan. Yg paham diberi gelar : teori konspirasi ,1995275161751400619,,mulkanjabariyan,in,,0,5,1,https://x.com/undefined/status/1995275161751400619,1501741769306021890,
1995174999926448176,Sun Nov 30 23:30:03 +0000 2025,2,@prabowo Apapun yang sampean ucapkan tentang sesuatu yang menurut sampean baik ternyata hasilnya justru sebaliknya - sampean bicara MBG ternyata hasilnya Keracunan dan banyak Siswa yang Meninggal Sampean bicara jangan takut deforestasi ternyata hasilnya Keracunan Banjir Bandang #hening,1995274153101025408,,asboediono_id,in,,0,1,1,https://x.com/undefined/status/1995274153101025408,780554097388687360,
1995057817993228702,Sun Nov 30 23:14:47 +0000 2025,0,@noucampline Hey itu bantuan telat dateng posko pengungsian entah ada atau enggak karena anggaran buat itu semua diserap MBG,1995270311345021250,,noucampline,in,,0,0,0,https://x.com/undefined/status/1995270311345021250,1699961655625682944,
1995269869114175691,Sun Nov 30 23:13:01 +0000 2025,0,Bupati Madiun minta maaf atas kelalaian SPPG dalam insiden keracunan MBG. Selain dihentikan sementara SPPG Cinta Anak juga dievaluasi. https://t.co/ZFB5lCYtYV,1995269869114175691,,,in,,0,5,0,https://x.com/undefined/status/1995269869114175691,1404018642,
1995268111315161242,Sun Nov 30 23:06:02 +0000 2025,16,PAGI INI KITA AWALI DENGAN KABAR BAIK‼️ Gerak cepat! Atas instruksi Presiden Prabowo total sudah 52 SPPG telah menyalurkan lebih dari 185 ribu paket MBG untuk korban banjir dan longsor. Distribusi dipercepat termasuk pengalihan dapur MBG di Aceh Sumut dan Sumbar demi https://t.co/vKJjjZRU62,1995268111315161242,https://pbs.twimg.com/ext_tw_video_thumb/1995268050921369600/pu/img/3sjtuiY9PY25p1C_.jpg,,in,,0,2,8,https://x.com/undefined/status/1995268111315161242,834268510939287552,
1995066774874984838,Sun Nov 30 22:55:15 +0000 2025,0,@thisisnyanfams Anggaran nya kan dah habis di MBG.. ayok jogetin aja. Oke gass Oke gass,1995265396115685489,,thisisnyanfams,in,,0,0,0,https://x.com/undefined/status/1995265396115685489,1836761389232459776,
1994912395144335704,Sun Nov 30 22:47:02 +0000 2025,0,@susno2g @PurbayaYudhi @KemenkeuRI @DitjenAnggaran @xMBGx @KPK_RI @tribunnews @Kemdikdasmen @KompasTV @tempodotco Dapur MBG langsung berikan ke sekolah seperti BOS Akan jauh lebih tepat sasaran kesehatan rasa dan minim korupsi,1995263326956527773,,susno2g,in,,0,0,0,https://x.com/undefined/status/1995263326956527773,2888080531,
1995121405411909907,Sun Nov 30 22:32:27 +0000 2025,15,@CNNIndonesia 1 lgi pak @prabowo saat ini &amp; sebulan ke depan anak2kami tidk perlu &amp; tdk membutuhkn MBG inshaa Alloh kmi mampu memberi mrka makan siang bergizi.. Tolong pak Alihkan dulu anggaranya utk membantu saudara2 kami yg terkena bencana di Sumatera. Kami ingin membantu inilah caranya.,1995259657678631163,,CNNIndonesia,in,,0,1,0,https://x.com/undefined/status/1995259657678631163,1685166495729651715,
1995057817993228702,Sun Nov 30 22:28:53 +0000 2025,0,@noucampline Belum lama berita menyiarkan agar dapur mbg kembali melayani ke sekolah2. Ya sejatinya nurani rakyat selalu bantu rakyat. Semoga prabowo ga pongah dan mau perbaiki tata kelola semuanya.,1995258759950778433,,imam_ferdiyanto,in,,0,6,0,https://x.com/undefined/status/1995258759950778433,351400155,
1995057817993228702,Sun Nov 30 22:24:55 +0000 2025,0,@noucampline Itu karena kebaikan hati pengelola dapurnya bukan pemerintah mbg dari awal dirancang buat anak sekolah yang menyedot banyak anggaran termasuk dari basarnas dan lembaga penanggulangan bencana yang membuat mereka kesulitan merespon cepat ketika ada bencana.,1995257761974858076,,noucampline,in,,0,1,0,https://x.com/undefined/status/1995257761974858076,351400155,
1995253785195929886,Sun Nov 30 22:09:07 +0000 2025,1,Aku pribadi nggak setuju. Lebih baik MBg programnya dihentikan saja atau diobservasi lbh lanjut dan diperbaiki sistemnya. Klo mau mengatasi stunting bisa upgrade posyandu sm perbaiki sektor ekonomi sehingga bahan pangan yg layak mudah dijangkau masyarakat.,1995253785195929886,,,in,,0,1,0,https://x.com/undefined/status/1995253785195929886,1166209102852153344,
1994956570330107912,Sun Nov 30 21:53:24 +0000 2025,0,@BukanCepuuu @bil_nam72 @sharpandshark Otak Lu yg KOCAK!! MBG itu ptogram perbaikan gizi untuk anak2 &amp; jd salah sayu penggerak roda ekonomi didaerah. Namun jika keadaan bencna begini MBG bisa jadi dapur darurat membantu korban bencana. Karna infrastruktur Dapurnya sudah lengkap &amp; siap tanggap,1995249831158415725,,BukanCepuuu,in,,0,1,0,https://x.com/undefined/status/1995249831158415725,1603237585434075137,
1995249156257136640,Sun Nov 30 21:50:43 +0000 2025,1,Pikirkan aja kek gini pemerintah lagi bingung gatau harus berbuat apa karena tahun lalu mereka melakukan pemotongan anggaran brutal tak terkecuali utk dana darurat bencana nasional. Mau menerapkan kebijakan kalo uangnya ga ada ya susah pak yaudah makan aja tuh MBG biar ga laper,1995249156257136640,,,in,,0,0,0,https://x.com/undefined/status/1995249156257136640,1404349328563458052,
1994951343275216951,Sun Nov 30 21:48:32 +0000 2025,0,@DS_yantie @prabowo MBG Bermanfaat,1995248604991402064,,DS_yantie,in,,0,0,0,https://x.com/undefined/status/1995248604991402064,1963804027386482688,
1994912395144335704,Sun Nov 30 21:03:07 +0000 2025,0,@susno2g @PurbayaYudhi @KemenkeuRI @DitjenAnggaran @xMBGx @KPK_RI @tribunnews @Kemdikdasmen @KompasTV @tempodotco Iya niy Bekelnya bw ke Sekolah bisa tukeran dg teman² yg lain Semoga bisa menjadikan semakin akrab bebas kekerasan Fisik dan Verbal Dan tidak Basi Gila aja utk MBG banyak yg masuk ke Pengelola² kaya yg mengelola Beberapa Yayasan. Dahal disetiap Rumah pasti ada Akhli Masaknya,1995237177522041021,,susno2g,in,,1,0,0,https://x.com/undefined/status/1995237177522041021,174453386,
2005468134518734852,Tue Dec 30 23:59:53 +0000 2025,0,@lrstdw_ @sdenta Ini bergizi apanya anjing ga cocok disebut MBG juga,2006153299725029437,,lrstdw_,in,,0,0,0,https://x.com/undefined/status/2006153299725029437,1082069302268686338,
2006137783308673239,Tue Dec 30 23:49:53 +0000 2025,0,@yusuf_dumdum @prabowo @Gerindra kalau pas liburan mbg di stop utk bayar cicilan mobil box gimana?,2006150781121056981,,yusuf_dumdum,in,,0,0,0,https://x.com/undefined/status/2006150781121056981,1823694812660555780,
2005970885891834124,Tue Dec 30 23:23:19 +0000 2025,0,@intinyadeh Maksain banget mbg jelas2 ngga bergizi juga ,2006144096612602240,,intinyadeh,in,,0,0,0,https://x.com/undefined/status/2006144096612602240,171045712,
2006143272549507516,Tue Dec 30 23:20:03 +0000 2025,502,TEMUAN ICW Proyek MBG menyedot anggaran ratusan triliun rupiah tapi pelaksanaannya justru menyisakan banyak persoalan: minim transparansi lemahnya payung hukum kasus keracunan massal hingga dugaan konflik kepentingan dan politik patronase. Penelusuran ICW menemukan https://t.co/Ie17SEHDYl,2006143272549507516,https://pbs.twimg.com/amplify_video_thumb/2006142881174892544/img/Whlyt7MEbusvIOCX.jpg,,in,,13,63,329,https://x.com/undefined/status/2006143272549507516,1178950184601935873,
2006142584905711658,Tue Dec 30 23:17:19 +0000 2025,0,Pemenuhan gizi yang seimbang untuk anak-anak sekolah ibu hamil ibu menyusui dan balita tidak akan dijeda karena proses tumbuh kembang tidak mengenal kata istirahat. Paket MBG tetap diberikan meski memasuki masa libur sekolah. Paket diberikan dalam bentuk kemasan tahan lama. https://t.co/C1CgiE3nTD,2006142584905711658,https://pbs.twimg.com/media/G9dACkzaYAAGxJe.jpg,,in,,0,0,0,https://x.com/undefined/status/2006142584905711658,1985302061173669888,
2006137821497548873,Tue Dec 30 22:58:23 +0000 2025,0,Mbg jadi lahan korupsi pendukung presiden prabowo &amp; fufufafa gibran https://t.co/srBpWmQ99B,2006137821497548873,,,in,,0,0,0,https://x.com/undefined/status/2006137821497548873,1436663887982587910,
2006137783308673239,Tue Dec 30 22:58:14 +0000 2025,529,MBG dirapel buat satu minggu tapi isinya seperti ini. Jadi ingat kata Dewan Pakar BGN Ikeu Tanziha. Harus bersyukur . Gw mau tanya nih kira2 yang begini dikorupsi atau gak pak? Rakyat kecil jgn dimainin trus nanti kualat. Cc @prabowo @Gerindra https://t.co/FH4weuauCZ,2006137783308673239,https://pbs.twimg.com/amplify_video_thumb/2006137741718024192/img/qW-rrR1DwCbp1hhb.jpg,,in,,17,91,230,https://x.com/undefined/status/2006137783308673239,2156465923,
2006137452122018236,Tue Dec 30 22:56:55 +0000 2025,0,Kualitas sebusuk mungkin anggaran setinggi mungkin. Badjingan. Mbg lebih ke 'ngasih makan keluarga koruptor',2006137452122018236,,,in,,0,0,0,https://x.com/undefined/status/2006137452122018236,1366418980429197316,
2006137101322961016,Tue Dec 30 22:55:31 +0000 2025,0,dilihat dari permasalahan gizi mbg ini kurang cocok diterapkan di sini indo punya beban ganda terkait malnutrisi gizi kurang banyak tapi yang gizi lebih bahkan obes juga gak sedikit eh sekarang malah dikasih kaya gini,2006137101322961016,,,in,,0,0,0,https://x.com/undefined/status/2006137101322961016,1661244548839010305,
2005484604040569085,Tue Dec 30 22:38:15 +0000 2025,2,@sdenta MBG untuk 3 hari. Awalnya malah di keep sama yayasan sklh sampai januari tp wali murid pada protes jadinya dibagikan https://t.co/HQRh3BDvJl,2006132754841215433,https://pbs.twimg.com/media/G9c3GQvaYAAII36.jpg,sdenta,in,,0,0,0,https://x.com/undefined/status/2006132754841215433,3224110465,
2005903256619299324,Tue Dec 30 22:38:02 +0000 2025,3,@raihanaulia_rar Kenyataan sih warga bisa gitu kalau ga di ajarin pemerintah gimana? Yg ngurusin narkibo sapa Yg ngurusin stunting sapa Yg buat kebijakan pendidikan sapa Lebih suka MBG drpd pendidikan gratis sapa? 58% kan? Ya udah nikmatin aja ga usah protes 58% emg gitu,2006132698323013930,,raihanaulia_rar,in,,0,1,0,https://x.com/undefined/status/2006132698323013930,354247384,
1885477178084909567,Fri Jan 31 23:56:04 +0000 2025,0,masa gegara MBG?,1885477178084909567,,,in,,0,0,0,https://x.com/undefined/status/1885477178084909567,1604866429127643136,
1885441385664569776,Fri Jan 31 23:54:38 +0000 2025,0,@tekupla mari kita lihat hasil efisiensi karena ngotot mau MBG dulu,1885476819736158506,,tekupla,in,,0,0,0,https://x.com/undefined/status/1885476819736158506,2219512591,
1885312911129837627,Fri Jan 31 23:53:49 +0000 2025,0,@CNNIndonesia Soalnya prioritasnya bukan lagi ikn tapi MBG Tapiiii lagi ampun dah ni tiga periode ini apa ga ada yang mau nengok nasib pendidikan warga indo semoga nyawa segar dibidang itu segera nampak,1885476610981453909,,CNNIndonesia,in,,0,0,0,https://x.com/undefined/status/1885476610981453909,1535984274,
1885475795067691226,Fri Jan 31 23:50:34 +0000 2025,1,Mantap. Sambil kerja bisa asik lihat cucu kesayangan. Semoga kualitas MBG terjaga harga terjangkau.,1885475795067691226,,,in,,0,0,0,https://x.com/undefined/status/1885475795067691226,1348987504985133057,
1885475297342230548,Fri Jan 31 23:48:35 +0000 2025,1,MBG yg katanya kasihan ada anak yg bekalnya ulat sagu meanwhile pejabat negaranya pada nyaranin MBG pakai ulat jg boleh Trully evil,1885475297342230548,,,in,,0,0,0,https://x.com/undefined/status/1885475297342230548,1119820207554351104,
1885472350826881369,Fri Jan 31 23:36:53 +0000 2025,0,oh dialihkan semua ke MBG itu kah?,1885472350826881369,,,in,,0,1,0,https://x.com/undefined/status/1885472350826881369,242304240,
1895468248893972787,Fri Feb 28 23:27:55 +0000 2025,0,@berlianidris Turunin pajak balik ke 10 persen batalin MBG batalin Danantara,1895616952716181837,,berlianidris,in,,0,0,0,https://x.com/undefined/status/1895616952716181837,1144505302500249600,
1895613256481513637,Fri Feb 28 23:13:13 +0000 2025,0,Serius ini teh tubel gak akan ada grgr MBG? ,1895613256481513637,,,in,,0,0,0,https://x.com/undefined/status/1895613256481513637,470938034,
1895469180788551871,Fri Feb 28 22:52:57 +0000 2025,0,@habibiAhmad58 @are_inismyname @azissubekti @bengkeldodo @Gerindra @IrawanRommi @kurawa @Ndons_Back @zarryhendrik @Kimberley_PS08 @Lembayung071 @florieliciouss Tp bodohnya besok pasti dipilih lg. Dasar miskin bikin goblok pola pikir. Yuk bljar yg rajin tp mo bljr yg rajin ortunya dipecat. Mkn cm ngandelin MBG. Susah jg ya mo pinter,1895608152915394680,,habibiAhmad58,in,,0,1,0,https://x.com/undefined/status/1895608152915394680,1723688938148388865,
1895521923574219003,Fri Feb 28 22:47:51 +0000 2025,0,@citrussolaris @apibbah gak dapet mbg tah,1895606871475831163,,citrussolaris,in,,0,1,0,https://x.com/undefined/status/1895606871475831163,2928320436,
1895602234618261977,Fri Feb 28 22:29:26 +0000 2025,0,Trs masalah banyak PHK itu dah banyak terjadi siapapun pemimpinnya. Msalah MBG ktanya ank Indonesia kebanyakan emg pickyeater g brsyukur. Trs gong-nya dy ngomong gini aku g mau ngmong takut ain intinya tinggal selangkah lagi aku akan dapat yg di janjikan gemoy gw kek Hah??,1895602238657348041,,mboettyboett,in,,0,1,0,https://x.com/undefined/status/1895602238657348041,1811415794045325313,
1906846276374954430,Mon Mar 31 23:56:52 +0000 2025,0,@g_afnan345652 Salut buat MBG yang bikin makan sehat lebih terjangkau bagi semua orang,1906858265205768353,,g_afnan345652,in,,0,0,0,https://x.com/undefined/status/1906858265205768353,1577887915765428224,
1906846626410639585,Mon Mar 31 23:56:32 +0000 2025,0,@reeemooo3661 Dengan MBG kesehatan dapat dinikmati seluruh masyarakat,1906858180891820185,,reeemooo3661,in,,0,0,0,https://x.com/undefined/status/1906858180891820185,1613372615732908032,
1906629556360151183,Mon Mar 31 23:39:02 +0000 2025,1,@Boediantar4 Jadi MBG utk membesarkan bisnis Cina? Tolol sekali ya....!!!,1906853774628737156,,Boediantar4,in,,0,0,0,https://x.com/undefined/status/1906853774628737156,1749129571084210176,
1906852541092200577,Mon Mar 31 23:34:08 +0000 2025,1,Jika di Jepang diutamakan pendidik Budi Pekerti utk anak usia dini Di China diutamakan Pengembangan Diri maka hal tsb lah yg HARUS diberlakukan di Indonesia Pak Menteri @Abe_Mukti. Jadi bukannya MBG &amp; diberikan banyak PR bagi anak2 SD. Krn penting Karakter Building itu. https://t.co/fWbA1xSIyU,1906852541092200577,https://pbs.twimg.com/ext_tw_video_thumb/1906852503758811136/pu/img/5bpZKGZ-K3GXt05W.jpg,,in,,0,0,0,https://x.com/undefined/status/1906852541092200577,1637692626215501824,
1906617917396881718,Mon Mar 31 23:07:16 +0000 2025,116,@BBCIndonesia Ngapain cemas kan ada MBG yg akan memutar roda perekonomian dengan cepatnya ribuan orang akan direkrut bahan makanan akan dibeli ekonomi langsung ngegazzzzzz...,1906845781124112657,,BBCIndonesia,in,,0,10,3,https://x.com/undefined/status/1906845781124112657,144227129,
1906629556360151183,Mon Mar 31 22:06:23 +0000 2025,0,@Boediantar4 MBG GAGAL DI JATIM TAK ADA,1906830461877547308,,Boediantar4,in,,0,0,0,https://x.com/undefined/status/1906830461877547308,1190585519597469698,
1906626342302470446,Mon Mar 31 22:05:43 +0000 2025,0,@Mdy_Asmara1701 Kan solusinya IKN MBG,1906830293274943866,,Mdy_Asmara1701,in,,0,0,0,https://x.com/undefined/status/1906830293274943866,1691576611261542401,
1917436619348664691,Wed Apr 30 23:57:50 +0000 2025,0,@masreyhaan @dawgfromdahood @rayestu Bisa saja Dari dalam mreka sndiri yg jdi false flag but who knows. Isu ini recehan tapi spotlight di media massa itu sesuatu yg aneh lho. Ya liat ajah isu keracunan MBG danantara demo mahasiswa aja gak msuk spotlight media TPI isu ini? Nah ditarik aja benang merahnya.,1917730142379798730,,masreyhaan,in,,0,0,0,https://x.com/undefined/status/1917730142379798730,705564946789060610,
1917582231952056487,Wed Apr 30 23:57:43 +0000 2025,0,@ArdyaDipta lebih percaya bank dunia sih gampangnya MBG aja 10 ribu kn budgetnya buat makan siang aja tok itu 20 ribu buat sekeluarga yaa ajur too,1917730113673912403,,ArdyaDipta,in,,0,0,0,https://x.com/undefined/status/1917730113673912403,817415707,
1917725077417910708,Wed Apr 30 23:37:42 +0000 2025,0,Ga peduli jujur negara udah sehancur ini ga ada perlindungan buat rakyat sipil bahkan untuk anak dan perempuan. NGAPAIN GUE MIKIRIN ALAT KELAMIN LAKI?!!! Buang waktukalo gue punya tenaga dan waktu gue mau bela anak keracunan MBG dan perempuan yg dilecehin KAUM TAHE INI,1917725077417910708,,,in,,0,0,0,https://x.com/undefined/status/1917725077417910708,1333763368423866374,
1917567180993941718,Wed Apr 30 23:08:21 +0000 2025,0,@medeiaiaros @tanyakanrl Kayak Lu bikin rumah tapi nggak pake pondasi dulu MBG success di negara maju karena yaa sarana prasarana awalnya udah ready di indon malah dipaksakan meanwhile yg pentingnya diabaikan ndut bo*#%,1917717691990958251,,medeiaiaros,in,,0,1,0,https://x.com/undefined/status/1917717691990958251,770727644,
1917716106829259160,Wed Apr 30 23:02:03 +0000 2025,1,MBG akan ditingkatkan sekelas Hoka Hoka Bento. Dan tdk lagi Tempe telor rebus+ buncis. Yg sering mubazir tdk dimakan https://t.co/4oOMO7Jj9a,1917716106829259160,https://pbs.twimg.com/media/Gp0YohyaIAAQYXR.jpg,,in,,0,0,0,https://x.com/undefined/status/1917716106829259160,948751735392120832,
1928954414125007069,Sat May 31 23:28:47 +0000 2025,0,@indra_kencana MBG ternyata jadi imba kalo masuk barak,1928956856841466299,,indra_kencana,in,,0,1,0,https://x.com/undefined/status/1928956856841466299,382641814,
1928954414125007069,Sat May 31 23:24:31 +0000 2025,0,@ardi_tama1 MBG adalah koentji,1928955782122377601,,ardi_tama1,in,,0,1,0,https://x.com/undefined/status/1928955782122377601,272692490,
1928954833882505511,Sat May 31 23:20:45 +0000 2025,0,Benar KDM Sebab Anak² Bandel/Nakal bullying yg lain: 1.Belum Sarapan/lambat MBG 2.Banyak anak yg hilang ayah/ Ibu (SP) tak ada yg mampu/mau didik anak tsb 3.Datang dri Lingkungan yg Buruk 4.Ortunya Penguasa/ Sibuk tak urusin Anak 5. Pendidikan tak Profesional @DediMulyadi71 https://t.co/mD0vB0qH85,1928954833882505511,https://pbs.twimg.com/media/GsUGMpyaMAApPpb.jpg,,in,,0,0,0,https://x.com/undefined/status/1928954833882505511,98519211,
1939831006112137686,Mon Jun 30 23:38:46 +0000 2025,0,Minggu ini gaada mood untuk bekal ya aku mam MBG dari kantor aja ,1939831006112137686,,,in,,0,2,0,https://x.com/undefined/status/1939831006112137686,129728412,
1939811063014596618,Mon Jun 30 23:28:38 +0000 2025,0,@kkindex Yang ciki cikian itu dari inisiativ pihak yayasan kak bukan dari BGN dan itu sudah ditegur dan disuruh ganti karena meski libur harus tetap menu yang sama.Lanjutkan MBG,1939828453446205461,,kkindex,in,,0,0,0,https://x.com/undefined/status/1939828453446205461,1725661893698912256,
1939557746464198689,Mon Jun 30 23:25:54 +0000 2025,0,@bangherwin @DS_yantie Yang basi sudah dievaluasi dan vendor diganti dengan yang lebih baik jadi semoga kedepan tidak ada lagi menu yang tidak layak konsumsi.Lanjutkan MBG,1939827768495345685,,bangherwin,in,,0,0,0,https://x.com/undefined/status/1939827768495345685,1725661893698912256,
1939547610727256478,Mon Jun 30 23:23:38 +0000 2025,0,@Yudarthvader @LembagaKERIS Ya elah kenapa MBG ikut dibawa bawa sih? Ini pertahanan tidak ada urusan dengan MBG karena MBG untuk generasi muda yang lebih baik.Lanjutkan MBG,1939827196589433219,,Yudarthvader,in,,0,0,0,https://x.com/undefined/status/1939827196589433219,1725661893698912256,
1939813329389969598,Mon Jun 30 23:20:05 +0000 2025,0,@LuanOenunu Namanya minyak jlantah ya pasti ada plus minusnya karena sudah termasuk limbah jadi tergantung kita sanggup memanfaatkan atau tidak.Lanjutkan MBG,1939826302158348380,,LuanOenunu,in,,0,0,0,https://x.com/undefined/status/1939826302158348380,1725661893698912256,
1939149611199090878,Mon Jun 30 23:17:53 +0000 2025,0,@WagimanDeep212_ Yang perlu kita pahami ini tergantung kesepakatan guru dan wali murit sanggup datang kesekolah apa tidak? Kalau tidak ya MBG stop sementara tetapi kalau kompak datang ya lanjut.Lanjutkan MBG,1939825750385074307,,WagimanDeep212_,in,,0,0,0,https://x.com/undefined/status/1939825750385074307,1725661893698912256,
1939636021265863090,Mon Jun 30 23:17:50 +0000 2025,0,@CNNIndonesia Serius cuma nampan buat MBG sampai harus impor,1939825737651167532,,CNNIndonesia,in,,0,3,0,https://x.com/undefined/status/1939825737651167532,1546885095755288579,
1939149611199090878,Mon Jun 30 23:15:12 +0000 2025,0,@DMuaminah @WagimanDeep212_ MBG ini didistribusikan denan anaknya atau ortunya datang kesekolah mengambil jatah menu MBG masing masing.Lanjutkan MBG,1939825074821063077,,DMuaminah,in,,0,0,0,https://x.com/undefined/status/1939825074821063077,1725661893698912256,
1939670576421044235,Mon Jun 30 23:11:23 +0000 2025,0,@txtdaritax Ya mungkin pihak lakal belum ada yang sanggup memenuhi kriteria dan standar BGN untuk MBG.Lanjutkan MBG,1939824112639385892,,txtdaritaxpayer,in,,0,0,0,https://x.com/undefined/status/1939824112639385892,1725661893698912256,
1939557746464198689,Mon Jun 30 22:41:42 +0000 2025,0,@DS_yantie Perbaiki Coretax Stabilisasi harga AI MBG Jogetin aje hidup harus dibawa happy ,1939816644181991598,,DS_yantie,in,,0,0,0,https://x.com/undefined/status/1939816644181991598,1841844252441276416,
1951070104684470540,Thu Jul 31 23:58:56 +0000 2025,0,Kayaknyaaaaa diawal kepemimpinan janji manisnya tuh dilaksanakan tp cuma bentar aja gt biar ada riwayat klo terlaksana kemungkinan bntar lagi MBG jg di stop.,1951070104684470540,,,in,,0,0,0,https://x.com/undefined/status/1951070104684470540,1236119137950134273,
1951069411261153459,Thu Jul 31 23:56:11 +0000 2025,0,Kemanaker RI Lihat Proses Pelatihan Calon Koki Dapur MBG di Lombok Timur https://t.co/iFYF2u0UZC,1951069411261153459,,,in,,0,0,0,https://x.com/undefined/status/1951069411261153459,1318858445940875264,
1951067114191855820,Thu Jul 31 23:47:03 +0000 2025,0,SD deket rumah bentar lagi dapet mbg. Bukannya seneng malah khawatir. Apalagi kemarin di SMP banyak yang keracunan,1951067114191855820,,,in,,0,0,0,https://x.com/undefined/status/1951067114191855820,951405424850292736,
1951055514370187595,Thu Jul 31 23:00:58 +0000 2025,3,Mbg ada masing masing ngapa kudu di comot katsu gwa si anjayyy mna blum sempet dimakan brok gwe sumpahin lu tukang comot,1951055514370187595,,,in,,0,0,0,https://x.com/undefined/status/1951055514370187595,1476069687683256321,
1951051333622178061,Thu Jul 31 22:44:21 +0000 2025,0,MBG ga sih semua solusi masalah di negara ini? Semua pake dibahas gimana sih Tempo.,1951051333622178061,,,in,,0,0,0,https://x.com/undefined/status/1951051333622178061,196947742,
1951039880579952779,Thu Jul 31 22:29:23 +0000 2025,1,@OmayeWisdo19907 Dey play MBG bois,1951047567590277596,,Mayor_tech1,in,,0,1,0,https://x.com/undefined/status/1951047567590277596,1901686026470371328,
1962304105667604863,Sun Aug 31 23:58:51 +0000 2025,0,Art bilang anaknya harus jum dirumah dan jadi riweuh (ribet bahasa sunda) Ente salah satu yang vote 02 biar bisa mbg bukan?,1962304105667604863,,,in,,0,0,0,https://x.com/undefined/status/1962304105667604863,3673688078,
1962112777205830002,Sun Aug 31 23:54:19 +0000 2025,0,@somexthread Hapus MBG segera,1962302964015796251,,somexthread,in,,0,0,0,https://x.com/undefined/status/1962302964015796251,2453251970,
1962149667237417087,Sun Aug 31 23:52:37 +0000 2025,0,@xxxnttta @DeliaRamadhan18 @jadidinosaur @tanyarlfes Bazer deh kak padahal mah mempermasalahkan mbg yg perlu dikaji ulang. Mending anggrannya buat pendidikan deh menurutku,1962302538822341021,,ilayfyuuu,in,,0,1,0,https://x.com/undefined/status/1962302538822341021,1183768716657352704,
1962300974518940069,Sun Aug 31 23:46:24 +0000 2025,11,Ga dukung mbg? MAKAR Ga dukung ruu tni? MAKARRRR Ga dukung prab? MAKARRRR AREEGGHHH MAKARRR,1962300974518940069,,,in,,0,0,0,https://x.com/undefined/status/1962300974518940069,342511861,
1962299549348962364,Sun Aug 31 23:40:44 +0000 2025,0,Oh survey-survey kepuasan kinerja itu dari dia sumbernya? Angka kepuasan MBG angka kemiskinan menurun itu dari dia juga?,1962299549348962364,,,in,,0,0,0,https://x.com/undefined/status/1962299549348962364,1182735313,
1962294589714493750,Sun Aug 31 23:35:43 +0000 2025,1,@6undul0h Masa nampan aja impor. Semoga MBG di setop.,1962298283088621695,,6undul0h,in,,0,3,0,https://x.com/undefined/status/1962298283088621695,1594969791588016130,
1959777120789651467,Sun Aug 31 23:34:19 +0000 2025,0,@dashacie Abahahah enak dong kakak Yang jelas bukan makanan sad food kaya mbg Betul bikin pusing karena ulah dia juga dan karena dia yapping mulu!,1962297931727589523,,djohnniy,in,,0,1,0,https://x.com/undefined/status/1962297931727589523,1502256199827263488,
1962297226610516271,Sun Aug 31 23:31:31 +0000 2025,0,emang sekola gue bener² dah tetep masuk demi mbg,1962297226610516271,,,in,,0,0,0,https://x.com/undefined/status/1962297226610516271,1782320529896263680,
1972853259602948134,Tue Sep 30 23:57:31 +0000 2025,0,@maedayuujji yakann kak akuu ga expect anjirr mbg apaan ini,1973175407454405001,,maedayuujji,in,,0,0,0,https://x.com/undefined/status/1973175407454405001,1603946950390591489,
1973175221843796129,Tue Sep 30 23:56:47 +0000 2025,0,Guru itu tugasnya mendidik bukan ngurusi ompreng beracun. Suruh tuh petugas MBG nya. Dia udh dibayar UMR masak gak bisa ngurusin distribusi.,1973175221843796129,,,in,,0,0,0,https://x.com/undefined/status/1973175221843796129,275345653,
1973174833233215731,Tue Sep 30 23:55:14 +0000 2025,0,ku rasa yg perlu benar benar dibenahi saat ini : - keracunan mbg - adanya radioaktif dampaknya besar bagi negara indonesia soalnya. semoga pemerintah benar benar berbenah,1973174833233215731,,,in,,0,0,0,https://x.com/undefined/status/1973174833233215731,1248510807555452928,
1973174457310343537,Tue Sep 30 23:53:45 +0000 2025,1,Audit Pelaksanaan MBG Beracun !,1973174457310343537,,,in,,0,0,0,https://x.com/undefined/status/1973174457310343537,1454008204027854853,
1973174454156140609,Tue Sep 30 23:53:44 +0000 2025,0,Monyet² gunung ini mulai mencari korban tumbal MBG yg nantinya guru²lah yg bakal jd korban kebijakan MBG. Korban MBG... + Anak² Indonesia. + Guru² Indonesia. + Penyedia Makanan. + Pajak Rakyat. https://t.co/USOziPJ5PL,1973174454156140609,https://pbs.twimg.com/media/G2IftW9aIAAMdBy.jpg,,in,,0,0,0,https://x.com/undefined/status/1973174454156140609,4146240312,
1973174274568667173,Tue Sep 30 23:53:01 +0000 2025,181,Iya yak... diem² bae pas byk kasus keracunan MBG... Dulu kenceeeng beneer https://t.co/ug3dxnlR38,1973174274568667173,https://pbs.twimg.com/amplify_video_thumb/1973174210588712966/img/4VnOEs0PWca8lVfC.jpg,,in,,10,34,103,https://x.com/undefined/status/1973174274568667173,1336576386987790336,
1984409492239634471,Fri Oct 31 23:57:46 +0000 2025,0,Kenapa tidak ada loker MBG? Tentu saja karena yang ngurus MBG orang2 yang sudah kerja sebelumnya (jadi tentara) ,1984409492239634471,,,in,,0,0,0,https://x.com/undefined/status/1984409492239634471,121041284,
1984101285843628338,Fri Oct 31 23:57:29 +0000 2025,0,@randomable_ Ulat apa namanya bagaiman cara membudidayakan akankah MBG membeli apabila ada yg bermitra apa pantas disajikan menjadi menu makanan ?,1984409421213311193,,randomable_,in,,0,0,0,https://x.com/undefined/status/1984409421213311193,1639335104,
1983406818681569702,Fri Oct 31 23:54:47 +0000 2025,0,@bakuldimsum_ Supply nya kurang jdi abis sama mbg dipasar jdinya langka harga naik..,1984408742415495404,,bakuldimsum_,in,,0,0,0,https://x.com/undefined/status/1984408742415495404,829197738835329025,
1984408740502913124,Fri Oct 31 23:54:46 +0000 2025,0,Saudi Pangkas Masa Berlaku Visa Umrah #TravelUmrah #TravelBogor #InfoUmrah #visaumrah #sudan #umrahmandiri #purbaya #mbg #berdoa Yang komen Aamiin Semoga Allah mudahkan setiap langkah menuju Baitullah... https://t.co/q44MEw5QwY,1984408740502913124,https://pbs.twimg.com/amplify_video_thumb/1984407895656816640/img/U2RMBZtMRJk8M3Dd.jpg,,in,,0,0,0,https://x.com/undefined/status/1984408740502913124,1941143540,
1983739787707388012,Fri Oct 31 23:53:23 +0000 2025,0,@Tu94436 Mbg ini berfaedah di daerah gw koq.. lbh baik era sekarang daripada era sby yg dikit2 takut bom Salah kamu sendiri kenapa nggak joget2 sampai junjungan kamu trpilih. skarang salahin orang ‍️,1984408390920257673,,Tu94436,in,,0,1,0,https://x.com/undefined/status/1984408390920257673,1268554211488399366,
1983867767335088347,Fri Oct 31 23:52:59 +0000 2025,0,@bakuldimsum_ Maklum mgkin mereka lagi ikut kontes MBG biar dapat 5 jt ,1984408289007038864,,bakuldimsum_,in,,0,0,0,https://x.com/undefined/status/1984408289007038864,1956176415021522949,
1983183441194828228,Fri Oct 31 23:52:45 +0000 2025,0,@LatterstoAster @BaseBDG MBG sinting https://t.co/6GVa0uvYcd,1984408229565382711,https://pbs.twimg.com/tweet_video_thumb/G4oIwc9WgAEmAQB.jpg,LatterstoAster,in,,0,0,0,https://x.com/undefined/status/1984408229565382711,1364498812513841158,
1984084196982161772,Fri Oct 31 23:51:48 +0000 2025,0,@tanyarlfes mbg rasa daki anj,1984407992511709442,,tanyarlfes,in,,0,0,0,https://x.com/undefined/status/1984407992511709442,1476532243497586689,
1984215870470824085,Fri Oct 31 23:49:57 +0000 2025,0,@msJnlee0023 @jayhanibaram mks chef mbg,1984407526759449078,,msJnlee0023,in,,0,0,0,https://x.com/undefined/status/1984407526759449078,1927868465664380932,
1983867767335088347,Fri Oct 31 23:48:02 +0000 2025,1,@bakuldimsum_ gue juga pernah qrt postingan yang ngekritik mbg komennya sama gitu semua. mana template jawabannya dan jeda waktunya cuma seuprit. antara buzzer atau bot sebenernya.,1984407042485076214,,bakuldimsum_,in,,0,0,0,https://x.com/undefined/status/1984407042485076214,1556632223809384448,
1984406699059659193,Fri Oct 31 23:46:40 +0000 2025,0,Enak aja minta maaf. Gantilah. Nggak layak dipakai lg muat makanan mbg.,1984406699059659193,,,in,,0,0,0,https://x.com/undefined/status/1984406699059659193,1594969791588016130,
1984405858047132035,Fri Oct 31 23:43:19 +0000 2025,0,Yang begini mustahil bukan kesengajaan utk menghancurkan citra mbg. ,1984405858047132035,,,in,,0,2,0,https://x.com/undefined/status/1984405858047132035,2264049960,
1984101285843628338,Fri Oct 31 23:41:02 +0000 2025,0,@randomable_ Suruh mereka yang makan ulatnya Ini melecehkan dan merendahkan anak-anak penerima MBG,1984405281321971952,,randomable_,in,,0,0,0,https://x.com/undefined/status/1984405281321971952,363380931,
1984215870470824085,Fri Oct 31 23:35:41 +0000 2025,0,@shinnotshincan @msJnlee0023 Mau mbg gak,1984403936871399785,,shinnotshincan,in,,0,1,0,https://x.com/undefined/status/1984403936871399785,1091583301540696064,
1995281641447804977,Sun Nov 30 23:59:48 +0000 2025,8,Kepala BNPB RI Letjen TNI Suharyanto mengatakan kondisi mencekam memang terlihat di media sosial tapi tidak demikian dengan kondisi terkini di lapangan. Dari TNI kan HIDUP MBG ! https://t.co/qh49unZsMe,1995281641447804977,https://pbs.twimg.com/media/G7CqFFMa4AAcXBh.jpg,,in,,0,4,2,https://x.com/undefined/status/1995281641447804977,1478190519213694976,
1995281467640078681,Sun Nov 30 23:59:07 +0000 2025,0,Ya allah apa hubungannya Mbg sama bencana buatan manusia Pemerintah sendiri tuh yang nyuruh hutan digundulkan buat sawit sAwIT kAN jUGa pOhON pUnyA DaUN juga Kontol kalian buzzer gaje pemerintah babi rakus semua korban tewas di tangan kalian,1995281467640078681,,,in,,0,0,0,https://x.com/undefined/status/1995281467640078681,1948253863158616064,
1995109726670209506,Sun Nov 30 23:55:37 +0000 2025,0,@stfuckbitchs Karena emang se UMKM itu mereka pas awal mbg tayang kak,1995280588522340714,,stfuckbitchs,in,,0,1,0,https://x.com/undefined/status/1995280588522340714,1471970188320931842,
1994677564049350832,Sun Nov 30 23:47:40 +0000 2025,0,@QianzyZ Setuju pengelolaan uang mbg bener2 ajang korupsi terang terangan..,1995278585842872393,,QianzyZ,in,,0,6,0,https://x.com/undefined/status/1995278585842872393,1479371554018320389,
1995278512295694367,Sun Nov 30 23:47:22 +0000 2025,1,Penerima MBG benar merasakan dampak positifnya secara langsung #lanjutkanMBG Yang mau tau rahasia biar dapat cuan dari sosmed yukk kesini klik https://t.co/sowPndtNQU Gary Iskak Green House Kabupaten Pacitan ipb university Sumatera Arsenal Aceh,1995278512295694367,,,in,,0,0,0,https://x.com/undefined/status/1995278512295694367,1893151746253561859,
1995136740378694115,Sun Nov 30 23:29:07 +0000 2025,0,@babypotatodaily Apa pun demi MBG.,1995273918601699752,,babypotatodaily,in,,0,3,0,https://x.com/undefined/status/1995273918601699752,391092810,
1995057817993228702,Sun Nov 30 23:27:35 +0000 2025,0,@noucampline udah lah hapus mbg tai kucing munafik semua anjing manusia ini kemaren dukung mbg sampe ngatain pendukung yg kontra sekarang minta diapus otak lu pada dimana? pantat?,1995273534311121288,,noucampline,in,,0,0,0,https://x.com/undefined/status/1995273534311121288,710355703,
1995273534185373976,Sun Nov 30 23:27:35 +0000 2025,1,Presiden sekarang apapun masalahnya MBG harus tetap dinotice dan dibangga-banggakan.,1995273534185373976,,,in,,0,1,0,https://x.com/undefined/status/1995273534185373976,306850616,
1995272792867291367,Sun Nov 30 23:24:38 +0000 2025,0,Padahal susahnya bantuan jug karena dana untuk penanggulangna bencana di potong dan lari ke MBG,1995272792867291367,,,in,,0,0,0,https://x.com/undefined/status/1995272792867291367,1409379578833825794,
1995271846871388375,Sun Nov 30 23:20:53 +0000 2025,0,nih org sange bgt sm mbg bjir nyawa org tuh gaada arti buat dia,1995271846871388375,,,in,,0,0,0,https://x.com/undefined/status/1995271846871388375,1936066436730101760,
2006152481034637544,Tue Dec 30 23:56:38 +0000 2025,1,Sinergi pangan Kalteng melalui makan MBG https://t.co/NmDFBWmRNU,2006152481034637544,https://pbs.twimg.com/media/G9dJC6bagAAGFfI.jpg,,in,,0,1,0,https://x.com/undefined/status/2006152481034637544,1537011663773528064,
2006152362151276986,Tue Dec 30 23:56:10 +0000 2025,0,MBG tolol,2006152362151276986,,,in,,0,0,0,https://x.com/undefined/status/2006152362151276986,81180731,
2005938394946494709,Tue Dec 30 23:54:21 +0000 2025,0,@joyumnyang indo bisa nih bikin film zombie lagi tp asal mulanya dr mbg bukan jamu lagi,2006151906599567736,,joyumnyang,in,,0,0,0,https://x.com/undefined/status/2006151906599567736,1675348170585563136,
2006150421442712050,Tue Dec 30 23:48:27 +0000 2025,0,ini gw pagi2 lagi gibahin kebobrokan mbg bener2 dzolim ya Allah,2006150421442712050,,,in,,0,0,0,https://x.com/undefined/status/2006150421442712050,1725403597482131456,
2005740771543245042,Tue Dec 30 23:44:24 +0000 2025,8,@dosenkesmas @piyopikavet MBG dihentikan aja deh kasihan orang2nya jadi kebanyakan dosa,2006149402092548218,,dosenkesmas,in,,0,1,2,https://x.com/undefined/status/2006149402092548218,61702888,
2005392060287693116,Tue Dec 30 23:41:39 +0000 2025,0,@SumandoGaek Yg bener cma atu doang dari sekian bnyak janji yaitu MBG mkan gji buta https://t.co/ksIAADf2qr,2006148708686057826,https://pbs.twimg.com/tweet_video_thumb/G9dFnNdasAAUET4.jpg,SumandoGaek,in,,0,0,0,https://x.com/undefined/status/2006148708686057826,1723921789586440192,
2005940623065637036,Tue Dec 30 23:39:37 +0000 2025,0,@farimanwhk @BosPurwa Hanya damkar yg tidak ikut mbg ayo pak damkar ikutan aja. Bagi2 rejeki. Jangan hijau coklat saja yg dapat yg merah pun boleh. Sekakian menjaga daour buar gak kebakaran.,2006148196389548373,,farimanwhk,in,,0,0,0,https://x.com/undefined/status/2006148196389548373,3032152165,
2005471412946108771,Tue Dec 30 23:37:31 +0000 2025,1,@salam4jari @Kemdikdasmen memang kalian ditugaskan utk jadi babunya MBG ya?,2006147670541308110,,salam4jari,in,,0,0,0,https://x.com/undefined/status/2006147670541308110,925291140,
2005893447715283410,Tue Dec 30 23:37:21 +0000 2025,0,@Zeefire02 mbg bergeser makna dan tujuannya.....kni dsgang,2006147628447240207,,Zeefire02,in,,0,0,0,https://x.com/undefined/status/2006147628447240207,704669439489277952,
2006147523593793807,Tue Dec 30 23:36:56 +0000 2025,0,Rakyatnya Bisnisin MBG,2006147523593793807,,,in,,0,0,0,https://x.com/undefined/status/2006147523593793807,1079979219306696704,
2006147355288977472,Tue Dec 30 23:36:16 +0000 2025,3,Gara2 susu MBG gw jadi ngecek lagi susu yang biasa gw dan anak2 konsumsi (bukan MBG). At least di kemasannya tertulis 'Susu' sih bukan 'Minuman Berperisa Susu' atau 'Minuman Rasa Susu'. Salah satu pertimbangan gw dalam mengkonsumsi ini juga komposisinya 100% susu sapi segar. https://t.co/EuPcGZhCgx,2006147355288977472,https://pbs.twimg.com/media/G9dEY1QaYAAgMji.jpg,,in,,0,3,0,https://x.com/undefined/status/2006147355288977472,884412905688416262,
2006146981953949762,Tue Dec 30 23:34:47 +0000 2025,0,MBG (my bini guweh) cantik banget ce ,2006146981953949762,,,in,,0,0,0,https://x.com/undefined/status/2006146981953949762,1497057821065879554,
1885464323008717183,Fri Jan 31 23:04:59 +0000 2025,0,Ada anak yg makannya biasa aja tapi dapat guru yg berkualitas (karena digaji dg layak) Vs Anak yg dapat makan siang gratis tapi gak dapat guru yg berkualitas (anaknya gak bisa sekolah/bayar spp gurunya gak digaji layak). Mana yg akan lebih sukses?,1885464323008717183,,,in,,0,0,0,https://x.com/undefined/status/1885464323008717183,1071757080598441984,
1885241498637390092,Fri Jan 31 23:01:46 +0000 2025,12,@akuntwiter968 Program makan siang gratis di beberapa negara itu sukses. karena mereka punya dapur mandiri disetiap sekolah. bukan dibuang ke pihak ke 2. Kalau berantakan kaya gini mending siswa diajari nyuci alat makan dan tenant Kantin sekolah diberdayakan dengan dibagi kuotanya.,1885463511762878517,,akuntwiter968,in,,0,0,1,https://x.com/undefined/status/1885463511762878517,1016515489776873472,
1885392600297070953,Fri Jan 31 18:19:59 +0000 2025,0,Lebih penting makan siang gratis dibanding ngongkosin siswa yg naik sekolah pake angkutan umum ya,1885392600297070953,,,in,,0,0,0,https://x.com/undefined/status/1885392600297070953,430519110,
1885383195480514948,Fri Jan 31 17:42:37 +0000 2025,0,Bagus pemerintah belajar dari life school disana sudah disediakan makan siang gratis oleh sekolah dengan bayar satu bulan 600 ribu Pasutri Berhenti Jadi Relawan Makan Siang Gratis karena Gaji Tak Jelas Tiap Hari Kerja Jam 1 Pagi https://t.co/dwf22PTFRU,1885383195480514948,,,in,,0,0,0,https://x.com/undefined/status/1885383195480514948,1454770128332070914,
1885297981630668899,Fri Jan 31 15:38:37 +0000 2025,0,@CImtgr Itu video gak ada keterangan makan siang gratis sih... Soalnya di negara luar juga ada yang berlakukan makan siang berbayar semacam katering. Ada juga yang emang udah sepaket sama biaya sekolah,1885351990240366746,,CImtgr,in,,0,0,0,https://x.com/undefined/status/1885351990240366746,1467336660518014977,
1885197411234308383,Fri Jan 31 13:58:40 +0000 2025,0,@Jayabay19479190 Masih kalah sama Makan Bergizi Gratis menyasar anak sekolah se indonesia nyogok pemilih dibiayai APBN.,1885326839222329799,,Jayabay19479190,in,,0,0,0,https://x.com/undefined/status/1885326839222329799,91225455,
1885319471675613275,Fri Jan 31 13:29:24 +0000 2025,0,moots yg masih sekolah pd dapet makan siang gratis gak sih? kalo aku belom ni,1885319471675613275,,,in,,0,2,0,https://x.com/undefined/status/1885319471675613275,1222882927773536256,
1895623039120994676,Fri Feb 28 23:52:06 +0000 2025,0,kalo bulan ramadhan gini anak sekolah masih dapet makan siang gratis gak ? Kalo engga lumayan yee efisiensi ,1895623039120994676,,,in,,0,0,0,https://x.com/undefined/status/1895623039120994676,1569374694,
1895517223097417806,Fri Feb 28 16:55:03 +0000 2025,0,anak sekolah bs makan siang gratis tp berapa ribu orang kena layoff. perusahaan2 jg pada efisiensi. nyari kerja susah. ya Allah dosa apa ya gw di kehidupan sebelumnya smp hrs mengalami kegelapan kaya gini taiiiii,1895518086973047051,,sukiyakitrash,in,,0,1,0,https://x.com/undefined/status/1895518086973047051,434721300,
1895489078340239716,Fri Feb 28 14:59:47 +0000 2025,0,Program Makan Bergizi Gratis (MBG) dorong tingkatkan keterlibatan masyarakat penuhi pangan di sekolah. https://t.co/QZ5pKTTx4Z,1895489078340239716,https://pbs.twimg.com/media/Gk4hRWoWcAA5Ubj.jpg,,in,,0,0,0,https://x.com/undefined/status/1895489078340239716,1458957413764141072,
1895119211535704294,Fri Feb 28 13:28:08 +0000 2025,2,@suk4bebek_v2 makan siang gratis steak wagyu tiap hari selama 63 TAHUN! anak SD lulus kuliah nikah punya anak anaknya sekolah lagi... masih bisa makan wagyu gratis ,1895466014139355236,,a_ypamungkas,in,,0,1,0,https://x.com/undefined/status/1895466014139355236,723535832,
1895423148524552193,Fri Feb 28 10:40:42 +0000 2025,3,@DoankWarto Hilang cerita makan bergizi gratis.. Anak sekolah sudah puasa siap tu libur panjang ,1895423878320775624,,DoankWarto,in,,0,0,0,https://x.com/undefined/status/1895423878320775624,1432334199625641984,
1895353943066374203,Fri Feb 28 09:38:13 +0000 2025,0,@BosPurwa Solusinya gampang Bagi yg kena PHK tinggal ikut masuk sekolah dgn anaknya.. Biar dapat makan siang gratis..,1895408154781118578,,BosPurwa,in,,0,0,0,https://x.com/undefined/status/1895408154781118578,1503896277561401347,
1905970807664230756,Mon Mar 31 23:10:40 +0000 2025,0,@FachrialO14789 @tanyarlfes oh iya dan jangan cuma point out makan siang gratis wkwk kocak lu kalau lu point bagian itunya. tau ga banyak makanan yg kebuang karena anak sekolah ga mau ambil makanannya? karena ga sesuai dengan selera mereka coba deh lu berkunjung atau cari info lapangan ,1906846637974286404,,halamyoo,in,,0,0,0,https://x.com/undefined/status/1906846637974286404,1349342742090895360,
1905970807664230756,Mon Mar 31 12:49:35 +0000 2025,0,@FachrialO14789 @tanyarlfes lu tau ga makan siang gratis itu ga merata? bahkan di pelosok belum dapet dan makanannya bahkan kurang bergizi? itu termasuk di sekolah yg besar di kota gue terus peningkatan gaji guru tapi tenaga honorer ga merata terangkat karena efisiensi,1906690338472997209,,FachrialO14789,in,,0,2,0,https://x.com/undefined/status/1906690338472997209,1349342742090895360,
1906241198446297152,Mon Mar 31 05:05:42 +0000 2025,0,@iMedKrisna Sebenarnya MBG itu boleh difoto kepala BGN sendiri yang memberikan statement. Tpi yang cenderung men-discourage foto MBG itu pihak sekolah karena khawatir reputasinya menurun atau kenapa². Padahal sah² aja dan didorong buat foto sebagai evaluasi. https://t.co/DocBYx2cDq,1906573595503120895,,iMedKrisna,in,,0,0,0,https://x.com/undefined/status/1906573595503120895,1179392451389210624,
1906533721966260654,Mon Mar 31 02:27:15 +0000 2025,0, Program Makan Bergizi Gratis Kurangi Putus Sekolah di Papua Program makan bergizi gratis terbukti membantu anak-anak Papua tetap bersekolah. Dengan nutrisi yang cukup mereka lebih semangat belajar dan terhindar dari putus sekolah. #MakanBergizi #PendidikanPapua https://t.co/PxOBeUZ3G6,1906533721966260654,https://pbs.twimg.com/media/GnVeSsQaAAA9uPy.jpg,,in,,0,0,0,https://x.com/undefined/status/1906533721966260654,1881223177462054912,
1906412988221059329,Sun Mar 30 18:27:30 +0000 2025,0,Hal baik tetap kita dukung cth: #MBG (Makan Bergizi Gratis) sebagai upy memastikan gizi ank terpenuhi tapi eksekusinya hrs didesentralisasi. Sekolah lebih phm kebutuhan spesifik muridnya dari menu lokal hingga budaya mkn dgn dana yg transparan dari negara. #DapurSekolahMandiri,1906412988221059329,,,in,,0,0,0,https://x.com/undefined/status/1906412988221059329,55822519,
1917659919693799859,Wed Apr 30 19:18:47 +0000 2025,1,lu bayangin jam 2 dini hari gue kepikiran masalah anak sekolah yg makan siang gratis keracunan itu KOK TBTB GAK ADA KABAR NYA LAGI ?????,1917659919693799859,,,in,,0,0,0,https://x.com/undefined/status/1917659919693799859,1676310118458339328,
1917608974544994591,Wed Apr 30 15:56:21 +0000 2025,132,Konsolidasi Nasional Pendidikan. dengerin utusan dari Kemenkeu presentasi ndakik-ndakik cerita anggaran pendidikan itu besar ujungnya ada alokasi buat makan bergizi gratis sekolah unggul dan sekolah rakyat. Saya tanya bapak di sebelah dari Aceh gimana pak? yah https://t.co/RqNIEb0MHO,1917608974544994591,https://pbs.twimg.com/media/Gpy3MKFaYAYcE5g.jpg,,in,,0,9,44,https://x.com/undefined/status/1917608974544994591,88120377,
1917581844851351644,Wed Apr 30 14:08:33 +0000 2025,0,Sebanyak sepuluh siswa Sekolah Dasar (SD) di Kabupaten Bombana Sulawesi Tenggara mengalami muntah-muntah usai menyantap menu program Makan Bergizi Gratis (MBG) pada Rabu (23/4/2025) pagi. Insiden tersebut terjadi di SD Negeri 33 Kasipute. https://t.co/cyeKojRTxe,1917581844851351644,https://pbs.twimg.com/media/GpyehT0a4AAJ_-M.jpg,,in,,0,0,0,https://x.com/undefined/status/1917581844851351644,365332334,
1917581461764583429,Wed Apr 30 14:07:02 +0000 2025,0,Program Makan Bergizi Gratis (MBG) yang dicanangkan pemerintah untuk mendukung pemenuhan gizi siswa sekolah kembali menjadi sorotan. Ini terjadi setelah insiden keracunan massal melanda Kabupaten Cianjur Jawa Barat. https://t.co/YX88eG1dax,1917581461764583429,https://pbs.twimg.com/media/GpyeJR-bsAAXr_2.jpg,,in,,0,0,0,https://x.com/undefined/status/1917581461764583429,365332334,
1917555453489471756,Wed Apr 30 12:23:41 +0000 2025,1,Sertu Dwi Wahyu Babinsa Sidoharjo Koramil 04/Samigaluh Kodim 0731/Kulon Progo melaksanakan monitoring pendistribusian Program Makan Bergizi Gratis dari SPPG (Satuan Pelayanan Pemenuhan Gizi) kepada siswa siswi sekolah diwilayah Kapanewon Samigaluh Senin (28/04/2025). https://t.co/BBL43xHaGh,1917555453489471756,https://pbs.twimg.com/media/GpyGgkNbUAA6uLJ.jpg,,in,,0,0,0,https://x.com/undefined/status/1917555453489471756,1868181305579671552,
1917190611612110859,Wed Apr 30 11:57:11 +0000 2025,0,@pastibisaaa_ @GhoshZombies @muaddibusul6661 @asumsico Sistem apa yg gk mendukung? Bansos ada KB gratis Subsidi BBM triliunan Sekolah ada dana BOS makan siang gratis?,1917548785884094950,,pastibisaaa_,in,,0,2,0,https://x.com/undefined/status/1917548785884094950,1124841710,
1917531711786868816,Wed Apr 30 10:49:20 +0000 2025,0,Makan siang gratis atau sekolah gratis ? https://t.co/VD6xMiYmDe,1917531711786868816,https://pbs.twimg.com/media/Gpxw7WSaYAIBVY5.jpg,,in,,0,0,0,https://x.com/undefined/status/1917531711786868816,1080472518295674880,
1917288102298804250,Wed Apr 30 09:32:21 +0000 2025,0,@ganhaseum @itsurboihyl Kenapa pemerintah disalahkan karena mereka tersesat? Dan ini bukan lepas tangan ini bentuk edukasi. Terus mau gimana caranya? Pendidikan? Dikasih sekolah dan makan siang gratis belum tentu mereka dikasih ke sekolah. Mereka akan disuruh (atau memilih) untuk ngamen/ngemis.,1917512338422509823,,ganhaseum,in,,0,2,0,https://x.com/undefined/status/1917512338422509823,1455639728246575110,
1917505709564125233,Wed Apr 30 09:06:01 +0000 2025,1,Babinsa Ngargosari Koramil 04/Samigaluh Kodim 0731/Klp Serda Winarso Selasa (29/04/2025) membantu mendistribusikan makan bergizi gratis yang dikelola Dapur Mandiri CV Titisari Boga Utama di Padukuhan Jetis Gerbosari Samigaluh Kulon Progo ke sekolah penerima Program MBG. https://t.co/0Ia7PRRLwl,1917505709564125233,https://pbs.twimg.com/media/GpxZLxpaYAEY3_E.jpg,,in,,0,0,0,https://x.com/undefined/status/1917505709564125233,1868181305579671552,
1917241208403083491,Wed Apr 30 08:58:51 +0000 2025,0,@zhizhie_12 @gwangjomlast @xanny_93 @whoopziiy Apa manfaatnya kak? Kasih makan siang gratis? Itu buat kalangan mana? Campuran ada si miskin ada si mampu ada si kaya juga. Terus yg tidak sekolah mendapatkan manfaatnya gak? Anak-anak terlantar gimana? Dapat tidak?,1917503904973254987,,zhizhie_12,in,,0,1,0,https://x.com/undefined/status/1917503904973254987,1889598205484294144,
1917475806496055367,Wed Apr 30 07:07:11 +0000 2025,1,Wakil Ketua Komisi X DPR RI Fraksi PKB Lalu Hadrian Irfani merespon langkah Badan Gizi Nasional (BGN) yang akan melibatkan kantin sekolah dalam melaksanakan Makan Bergizi Gratis (MBG). Menurutnya skema pelibatan kantin sekolah harus jelas. https://t.co/DuU9ACByyd Terima kasih,1917475806496055367,,,in,,0,0,0,https://x.com/undefined/status/1917475806496055367,117189854,
1917473258607370332,Wed Apr 30 06:57:04 +0000 2025,7,Kalau masih ada yg nggak ngerti kenapa ini tuh kebijakan jelek makan siang gratis untuk anak sekolah juga sebenarnya kebijakan progresif Tapi memaksa anak makan mbg sampai keracunan itu kebijakan yg jelek,1917473258607370332,,,in,,0,2,0,https://x.com/undefined/status/1917473258607370332,1558325993869156352,
1917467975923425456,Wed Apr 30 06:36:04 +0000 2025,1,Program makan bergizi gratis tidak hanya memberikan makanan kepada anak sekolah namun jga sbagai pnggerak UMKM Lokal dlm pnyediaan rntai pasok mkanan bergizi memastikn ketersediaan makanan yg segar dan berkualitas. Bersama kita dukung untuk Lanjutkan MBG. #LanjutkanMBG . X COACH https://t.co/wM4f2o3xUC,1917467975923425456,https://pbs.twimg.com/media/Gpw289waUAAKpxY.jpg,,in,,0,0,0,https://x.com/undefined/status/1917467975923425456,1307860511317352450,
1917466448462766518,Wed Apr 30 06:30:00 +0000 2025,0,Kepala Badan Gizi Nasional (BGN) Dadan Hindayana berencana melibatkan lebih banyak kantin sekolah dalam menyukseskan program Makan Bergizi Gratis (MBG). Menurut Dadan program MBG pada dasarnya memang dikembangkan untuk merangkul semua pihak termasuk kantin sekolah. #SmartNews https://t.co/yvn8Iafyg5,1917466448462766518,https://pbs.twimg.com/media/GpwAa96aYAUg3E1.jpg,,in,,0,0,0,https://x.com/undefined/status/1917466448462766518,177084452,
1917461410436768086,Wed Apr 30 06:09:59 +0000 2025,1,Lanjutkan MBG Program makan brgizi gratis dari pemerintah telah berjalan di berbagai sekolah di Indonesia yang merupakan usaha pemerintah untk meningkatkn kualitas sumber daya manusia melalui penguatan gizi bagi anak sekolah. #LanjutkanMBG . Baila Dear Friend WILLIAMEST X COACH https://t.co/tvJUA8tjOb,1917461410436768086,https://pbs.twimg.com/media/Gpww-0LbcAAvIq9.jpg,,in,,0,0,0,https://x.com/undefined/status/1917461410436768086,1307860511317352450,
1928728547440370029,Sat May 31 13:56:17 +0000 2025,0,@enasdhuhri @Urrangawak Sekolah gratis plus makan gratis jadi lebih baik toh Lanjutkan MBG,1928812780284686534,,enasdhuhri,in,,0,0,0,https://x.com/undefined/status/1928812780284686534,758215573721407489,
1922217299836068022,Sat May 31 10:00:32 +0000 2025,0,@bwatbacau Lowongan ini terbuka untuk semua jurusan but mostly yg keterima sampe tahap pelatihan itu adalah anak-anak yang punya afiliasi sama TNI. Entah ortu/saudaranya. Diperuntukkan untuk anak-anak sekolah yang mendapat makan siang gratis sesuai janji Prabowo.,1928753453133869564,,oraoru,in,,0,2,0,https://x.com/undefined/status/1928753453133869564,1391199451172143109,
1928712539581358251,Sat May 31 07:17:57 +0000 2025,1,Program makan bergizi gratis (MBG) nyata² 'membunuh' usaha katering yang ada di sekolah. Dan MBG ini udah banyak kasus keracunan dikarenakan makanan udah basi yg dipaksakan dimakan siswa. #HapusMBG,1928712539581358251,,,in,,0,1,1,https://x.com/undefined/status/1928712539581358251,44520395,
1928625306564522011,Sat May 31 07:00:33 +0000 2025,3,@KangManto123 Mending Sekolah Gratis apa Makan Bergizi Gratis? MBG yang 200 T ilangin alihin ke Sekolah Gratis! Gak cukup juga? MBG kenceng sih proyek nya ya? ,1928708159381586080,,KangManto123,in,,0,2,0,https://x.com/undefined/status/1928708159381586080,3963566893,
1928707824139514079,Sat May 31 06:59:13 +0000 2025,1,Program makan bergizi gratis merupakan program pemerintah yg brtujuan untk mnjamin hak stiap anak atas asupan gizi yg cukup mningkatkn kualitas sumber daya manusia terutama di sekolah. Lanjutkan MBG #MBGUntukMasaDepanHebat . Libur Don Lemon CeraVe with FOTFOT GO SKINS x DUNK https://t.co/ZwgOfCRMhr,1928707824139514079,https://pbs.twimg.com/media/GsQliFwa8AA8vpl.jpg,,in,,0,0,0,https://x.com/undefined/status/1928707824139514079,1307860511317352450,
1927454088876237088,Sat May 31 04:58:47 +0000 2025,0,Makan bergizi gratis saja butuh biaya besar apalagi sekolah swasta gratis .menkeu perlu berpikir keras ,1928677515788431362,,RamdhanJ_,in,,0,0,1,https://x.com/undefined/status/1928677515788431362,1880329559905824769,
1928647983869895074,Sat May 31 03:01:26 +0000 2025,0,Program Makan Bergizi Gratis hadir untuk memastikan seluruh anak Indonesia mendapatkan asupan gizi seimbang setiap hari sekolah demi tumbuh kembang optimal peningkatan prestasi dan masa depan lebih baik #DukungMBG #GenerasiSehat #MakanBergiziGratis https://t.co/SMxehrDyJA,1928647983869895074,https://pbs.twimg.com/media/GsPvHO6aMAEKd1d.jpg,,in,,0,0,0,https://x.com/undefined/status/1928647983869895074,1415336621331734532,
1928074625331728608,Sat May 31 01:01:36 +0000 2025,0,@apaciiii_ @thesideofv @Sanyinjiaoo @PraharaTemaram @tanyakanrl Lah apa di tempat kakak sekolahnya bayar kayak sd gitu..? Seharusnya gratis jadi sekolah udah gratis makan pun dapet gratis Lanjutkan MBG,1928617826417320409,,apaciiii_,in,,0,0,0,https://x.com/undefined/status/1928617826417320409,758215573721407489,
1927930072754700551,Fri May 30 19:03:07 +0000 2025,0,@Boediantar4 Senenarnya makan Siang gratis itu penting Buat anak Yatim Piatu seperti yayasan Pak Peter Bagi anak sekolah terutama di desa2 yang paling penting adalah infrastuktur jangan biarkan mereka pergibsekolah bergelayutan di tali sebagai jembatan darurat.,1928527610864099391,,Boediantar4,in,,0,0,0,https://x.com/undefined/status/1928527610864099391,80279696,
1928213092657209544,Fri May 30 17:29:01 +0000 2025,1,@akunoppicial Tasikmalaya Jawa Barat Makan Bergizi Gratis diberikan kepada tujuh sekolah mulai dari PAUD sampai SMA salah satunya di SMPN 2 Tasikmalaya yg berada di Kota Tasikmalaya. Menu MBG yg disajikan yaitu nasi putih tempe ayam goreng tumis wortel buncis&amp; jeruk Lanjutkan MBG,1928503928544764295,,akunoppicial,in,,0,0,0,https://x.com/undefined/status/1928503928544764295,1725413776508497920,
1928213092657209544,Fri May 30 17:27:13 +0000 2025,1,@akunoppicial Bandung Di Bandung MBG disiapkan oleh SPPG Lanud Husein Sastranegara serta Sukajadi. Salah satu sekolah penerima program Makan Bergizi Gratis ini adalah SD Angkasa 1. Menu yang disajikan yaitu nasi putih tumis tahu sawi ayam goreng serta satu buah pisang Lanjutkan MBG ️,1928503475551273065,,akunoppicial,in,,0,0,0,https://x.com/undefined/status/1928503475551273065,1725413776508497920,
1939706736736452746,Mon Jun 30 15:24:58 +0000 2025,0,Makan bergizi gratis tetep jalan pas sekolah libur si gpp. Ai support full!!! Kapan lagi hantu penunggu perpus2 sekolah bisa menikmati sesajen itu ,1939706736736452746,,,in,,0,0,0,https://x.com/undefined/status/1939706736736452746,74645489,
1939667736445247798,Mon Jun 30 12:50:00 +0000 2025,0,STAF Khusus Kepala Badan Gizi Nasional (BGN) bidang Komunikasi Redy Hendra Gunawan memaparkan program Makan Bergizi Gratis (MBG) tetap berjalan selama libur sekolah. https://t.co/Q1PuPbSc5H,1939667736445247798,,,in,,0,0,0,https://x.com/undefined/status/1939667736445247798,68930552,
1939655157249151210,Mon Jun 30 12:00:01 +0000 2025,0,Program MBG Tetap Jalan Selama Liburan Sekolah Tersedia Paket Siap Santap dan Kemasan Program Makan Bergizi Gratis (MBG) akan tetap berlangsung selama masa liburan sekolah. Badan Gizi Nasional (BGN) telah menyiapkan skema pendistribusian paket makanan selama masa liburan https://t.co/lfmUA3RfdQ,1939655157249151210,https://pbs.twimg.com/media/Gur1T8nWAAAnAEd.jpg,,in,,0,0,0,https://x.com/undefined/status/1939655157249151210,786549338818224128,
1939629988149416284,Mon Jun 30 10:20:00 +0000 2025,7,Makan bergizi gratis tetap berjalan pada masa libur sekolah. Distribusi dilaksanakan selama 6 hari dengan kombinasi makanan siap santap hingga makanan kemasan. https://t.co/jVqGhQMp3Q,1939629988149416284,,,in,,0,11,2,https://x.com/undefined/status/1939629988149416284,69183155,
1939623028922724813,Mon Jun 30 09:52:21 +0000 2025,1,Babinsa Koramil 09/Mauk Peltu Dedi Andrianto melaksanakan pendampingan dan monitoring pelaksanaan program Makan Bergizi Gratis (MBG) di sekolah Yayasan La Tanza Sejahtera Kecamatan Kemiri Kabupaten Tangerang Senin (30/06/2025). https://t.co/RDX4EAGHzD,1939623028922724813,https://pbs.twimg.com/media/Gurs3YcXoAAe0oi.jpg,,in,,0,0,1,https://x.com/undefined/status/1939623028922724813,1456054924375052292,
1939600795311226991,Mon Jun 30 08:24:00 +0000 2025,0,BGN Pastikan Makan Bergizi Gratis Tetap Berjalan saat Libur Sekolah Dapat Paket Roti Telur hingga Buah https://t.co/Gyq9TVsdPn,1939600795311226991,,,in,,0,0,0,https://x.com/undefined/status/1939600795311226991,47274731,
1939596712034931036,Mon Jun 30 08:07:46 +0000 2025,0,Video: BGN Tetap Distribusikan Makan Gratis Walau Libur Sekolah Ini Skemanya https://t.co/jKrnQXtW2q,1939596712034931036,,,in,,0,0,0,https://x.com/undefined/status/1939596712034931036,598959076,
1939594758563008575,Mon Jun 30 08:00:01 +0000 2025,0,Lonjakan kasus keracunan makanan dalam Program Makan Bergizi Gratis (MBG) menyoroti celah besar dalam pengawasan keamanan pangan di sekolah. Dari kualitas bahan hingga manajemen dapur dan penyimpanan setiap tahapan perlu dievaluasi ulang secara menyeluruh. Ribuan siswa terdampak https://t.co/oSIZgeLGx9,1939594758563008575,https://pbs.twimg.com/media/GurQCTfaYAAnh3c.jpg,,in,,0,1,2,https://x.com/undefined/status/1939594758563008575,3146528560,
1939590113702679001,Mon Jun 30 07:41:33 +0000 2025,1,Tak ada lagi anak belajar dalam keadaan lapar. Program makan gratis di sekolah jadi bukti kepedulian yang nyata. #FaktaIndonesia #MakanBergiziGratis #ManfaatMakanBergiziGratis #DukungProgramMakanBergiziGratis https://t.co/C0uRNUoIGs,1939590113702679001,https://pbs.twimg.com/media/GurO7P-WEAAhsIT.jpg,,in,,0,0,0,https://x.com/undefined/status/1939590113702679001,1290491902643453954,
1939580960565334221,Mon Jun 30 07:05:11 +0000 2025,0,BGN Sebut Program Makan Bergizi Gratis Tetap Jalan Meski Libur Sekolah https://t.co/QBleqOaBKI,1939580960565334221,,,in,,0,0,0,https://x.com/undefined/status/1939580960565334221,745849790332805121,
1939561457861173754,Mon Jun 30 05:47:41 +0000 2025,0,Kepala Satuan Pelayanan Pemenuhan Gizi (SPPG) Tambolaka Nusa Tenggara Timur (NTT) Christian Chandralitya Reski Leteboro menyatakan Program Makan Bergizi Gratis (MBG) di wilayah itu mampu meningkatkan partisipasi siswa di sekolah. https://t.co/nO93eiT5SP,1939561457861173754,https://pbs.twimg.com/media/Guq03e_aMAAtsZd.jpg,,in,,0,0,0,https://x.com/undefined/status/1939561457861173754,1841369712980295680,
1939546864875172123,Mon Jun 30 04:49:42 +0000 2025,0,Badan Gizi Nasional (BGN) menyatakan tetap mendistribusikan Makan Bergizi Gratis (MBG) selama libur sekolah dengan jadwal pengiriman ke sekolah yang dilakukan setiap hari Senin dan Kamis.https://t.co/qtQqY76aHN,1939546864875172123,,,in,,0,0,0,https://x.com/undefined/status/1939546864875172123,423220305,
1939542940604342440,Mon Jun 30 04:34:06 +0000 2025,0,BGN Tetap Salurkan Makan Bergizi Gratis selama Libur Sekolah Badan Gizi Nasional (BGN) menyatakan tetap mendistribusikan Makan Bergizi Gratis (MBG) selama libur sekolah dengan jadwal pengiriman ke sekolah yang dilakukan setiap hari Senin dan Kamis. https://t.co/ofp8G6BlML https://t.co/rWWaqOHzxz,1939542940604342440,https://pbs.twimg.com/media/GuqkBnBXEAAb_3w.jpg,,in,,0,0,0,https://x.com/undefined/status/1939542940604342440,155169715,
1939542224087454037,Mon Jun 30 04:31:15 +0000 2025,2,Mengenai skandal makan bergizi gratis di Riau BGN akan segera panggil yang bersangkutn ke pusat srta mnegaskn tidak ada ruang bagi penyimpangan dan akan ditindak tegas. Lanjutkan MBG #MBGSiapkanGenerasiEmas . Senin Morninggg 3CE X POND Dewi Sri Spa DM or WA Sekolah LINGORM ONLY https://t.co/Br27N6MYVX,1939542224087454037,https://pbs.twimg.com/ext_tw_video_thumb/1939542152817623040/pu/img/3aqYoPOsl9Q_qNwB.jpg,,in,,0,0,0,https://x.com/undefined/status/1939542224087454037,1307860511317352450,
1950463968394592505,Thu Jul 31 19:08:57 +0000 2025,0,@M45Broo_ mudah gede harusnya udh bisa baca dong? menurut gw untuk proker sekelas presiden paslon 2 enggak banget. tapi gw liat2 nih bnyk yg salah tangkap program makan siang gratis nih dari anak sekolah sampe pekerja. padahal dia udh ngespill untuk -next,1950997128278581748,,cezerrin,in,,0,1,0,https://x.com/undefined/status/1950997128278581748,1354439506192068614,
1950901005752611209,Thu Jul 31 12:47:00 +0000 2025,0,Puluhan Siswa dari Beberapa Sekolah di Kulonprogo Keracunan Makan Bergizi Gratis https://t.co/pYCFw6nnJI,1950901005752611209,,,in,,0,0,0,https://x.com/undefined/status/1950901005752611209,118371948,
1950870806550176181,Thu Jul 31 10:47:00 +0000 2025,0,Puluhan Siswa dari Beberapa Sekolah di Kulonprogo Keracunan Makan Bergizi Gratis https://t.co/pYCFw6nVzg,1950870806550176181,,,in,,0,0,0,https://x.com/undefined/status/1950870806550176181,118371948,
1950856969696559326,Thu Jul 31 09:52:01 +0000 2025,3,Siswa dari dua SMP di Wates Kulon Progo mengeluhkan sakit perut hingga diare setelah menyantap menu Makan Bergizi Gratis. Penyedia MBG bagi dua sekolah tersebut buka suara. via @detikjogja_ https://t.co/80vFwPZJvY,1950856969696559326,,,in,,1,0,1,https://x.com/undefined/status/1950856969696559326,69183155,
1950674341357662332,Thu Jul 31 06:49:18 +0000 2025,0,@hipohan @prabowo Presiden : - kesehatan gak bayar - subsidi listrik - subsidi bbm - sekolah gratis - makan siang gratis. - angkutan umum gratis Wapres : 19 juta lowongan kerja Ditunggu janji nya Janji adalah hutang,1950810986203459754,,hipohan,in,,0,0,0,https://x.com/undefined/status/1950810986203459754,2224093376,
1950440105094893991,Thu Jul 31 05:54:12 +0000 2025,3,@ArjayaDirja Kesehatan gak bayar Subsidi listrik Subsidi bbm Sekolah gratis Angkutan gratis Makan siang gratis Aamiin.... Janji loh itu,1950797121441116437,,ArjayaDirja,in,,0,0,0,https://x.com/undefined/status/1950797121441116437,2224093376,
1950772166045450416,Thu Jul 31 04:15:02 +0000 2025,0,Pemkot Denpasar sebelumnya menyiapkan anggaran sebesar Rp 10 miliar untuk tambahan makan bergizi gratis (MBG) yang rencananya menyasar seluruh sekolah hingga guru di ibukota Provinsi Bali ini. https://t.co/NCfMUboRpt,1950772166045450416,,,in,,0,0,0,https://x.com/undefined/status/1950772166045450416,2655442453,
1950737625641533692,Thu Jul 31 01:57:47 +0000 2025,2,Rekam Jejak Kebijakan Ngawur Anies Jumlah anak jalanan di DKI terbanyak saat Gub sibuk pamerkan foto selfie Di benahi Presiden Prabowo setahap demi setahap. Di sekolahkan gratis dg program Sekolah Rakyat. Makan siang tiap anak sekolah di tanggung negara dg program MBG. https://t.co/wL0J7if0tO,1950737625641533692,https://pbs.twimg.com/media/GxJph4XbcAEKGd-.jpg,,in,,0,1,2,https://x.com/undefined/status/1950737625641533692,1348987504985133057,
1950463968394592505,Wed Jul 30 15:56:46 +0000 2025,1,@pak_oke1 @LemonAndAtilla @M45Broo_ Di kabupaten ku malah sampe sekarang ga ada sekolah yang dapat makan siang gratis.,1950586373842554903,,pak_oke1,in,,0,0,0,https://x.com/undefined/status/1950586373842554903,3009681973,
1950582357725184103,Wed Jul 30 15:40:48 +0000 2025,1,Bhabinkamtibmas Kelurahan Rabadompu Barat Pantau Kegiatan Makan Bergizi Gratis di Dua Sekolah Dasar di Kecamatan Raba Kota Bima Dalam rangka mendukung program pemerintah dalam pemenuhan gizi anak-anak sekolah Bhabinkamtibmas Kelurahan Rabadompu Barat Polsubsektor Raba Polsek https://t.co/VlREBQ4kNU,1950582357725184103,https://pbs.twimg.com/media/GxHcRj8bkAACEGD.jpg,,in,,0,0,0,https://x.com/undefined/status/1950582357725184103,1329315267533438977,
1961972208600834237,Sun Aug 31 14:16:32 +0000 2025,0,@ARSIPAJA Biasanya pejabat luar itu klo salah minta maaf trus sadar mundur diri. Kan negara kita slalu berpatokan lihat luar negri. Mulai dari pajak sistem pembelajaran sekolah makan siang gratis. Kenapa soal rasa malu ini mereka gak niru orang luar ya? https://t.co/WId2ZXuV2B,1962157563245695390,https://pbs.twimg.com/media/Gzr756PbsAAZwkf.jpg,ARSIPAJA,in,,0,0,0,https://x.com/undefined/status/1962157563245695390,1474735663656275968,
1962042669758382271,Sun Aug 31 06:40:00 +0000 2025,0,Wali Kota Malang Wahyu Hidayat menyatakan program prioritas nasional seperti Makan Bergizi Gratis (MBG) Sekolah Rakyat dan Koperasi Merah Putih SC: https://t.co/ymV5I5sGuO #R12 #KBFM #RadioKalimaya #RadioSebayaMudaMalangRaya #RadioAnakMuda #RadioDewasaMuda,1962042669758382271,,,in,,0,0,0,https://x.com/undefined/status/1962042669758382271,1914885191933550593,
1962023349565190409,Sun Aug 31 05:23:13 +0000 2025,0,Banyak nya anak sekolah yang turun aksi adalah bukti makan siang gratis hanyalah kontol belaka.,1962023349565190409,,,in,,0,0,0,https://x.com/undefined/status/1962023349565190409,606693434,
1961983581791867286,Sun Aug 31 02:45:12 +0000 2025,2,Batalkan program Makan Bergizi Gratis dan Sekolah Rakyat alihkan ke program sekolah gratis (biaya pendidikan seragam fasilitas ajar) dan perbaikan infrastruktur dan fasilitas sekolah,1961983581791867286,,,in,,0,0,1,https://x.com/undefined/status/1961983581791867286,476376088,
1961975775902703799,Sun Aug 31 02:14:19 +0000 2025,0,Namun separuh porsi anggaran pendidikan justru dialokasikan untuk program makan bergizi gratis. Padahal kualitas guru di sekolah atau madrasah akan lebih baik kalau alokasi anggaran diprioritaskan untuk kesejahteraan guru.,1961975810673557607,,paypeypoy,in,,0,1,0,https://x.com/undefined/status/1961975810673557607,117039375,
1961811054444625924,Sat Aug 30 17:03:49 +0000 2025,0,@Kusfanclub @officialJKT48 Pemerintah Indonesia punya mekanisme seperti LAPOR! untuk keluhan masyarakat terintegrasi dengan SP4N. Tahun 2025 ada respons seperti program makan siang gratis sekolah tapi kritik tetap ada soal korupsi dan protes massal baru-baru ini. Diskusi dua arah sedang dikembangkan,1961837273882022367,,Kusfanclub,in,,0,0,0,https://x.com/undefined/status/1961837273882022367,1720665183188922368,
1961823885474832457,Sat Aug 30 16:10:37 +0000 2025,0,Yg Kemaren Bicara Tentang Makan Bergizi Gratis (MBG) Ada Anak2 Sekolah Yg Ternyata Nyeri Perut Setelah Makan Makanan Tsb. Lalu Ketum Baju Biru @Official_PAN ini terkesan mengejek seakan blm terbiasa makan yg enak Mungkin Blm Terbiasa Makan Makanan Yang Spt Itu Layak? https://t.co/CcSf4WRib3,1961823885474832457,https://pbs.twimg.com/media/GznMa8IaMAA2zfB.jpg,,in,,0,0,0,https://x.com/undefined/status/1961823885474832457,1682977897366298624,
1973129603263893669,Tue Sep 30 20:55:31 +0000 2025,0,Serem banget ya MBG disertai kekuasaan dan kekerasan mau memberi anak makan gratis harus sekejam itu. Padahal orangtua memberi bekal makan anaknya dengan kasih sayang doa. Dari mana kalian bawa kekerasan itu ke sekolah perintah para purnawiran jenderal dan Angg DPR?,1973129603263893669,,,in,,0,0,0,https://x.com/undefined/status/1973129603263893669,81766731,
1972985944338018646,Tue Sep 30 16:11:14 +0000 2025,0,@indahtobrut_ @txtdrimedia Ya benar. Menurut Surat Edaran BGN No. 5/2025 guru penanggung jawab program Makan Bergizi Gratis (MBG) mendapat insentif Rp 100 ribu per hari penugasan dicairkan setiap 10 hari dari biaya operasional SPPG sekolah.,1973058060903194860,,tobrutt___,in,,0,0,0,https://x.com/undefined/status/1973058060903194860,1720665183188922368,
1973006438399385838,Tue Sep 30 14:57:39 +0000 2025,2,@ichsany Sekolah anak sy diSMA 99 JAKARTA TIMUR Menolak MBG rata rata sekolah diDKI JAKARTA Menolak MBG dulu jaman 90@n Sekolah di ambon kita mengadakan makan bersama gratis ,1973039546058391811,,ichsany,in,,0,1,0,https://x.com/undefined/status/1973039546058391811,389937149,
1973027507613089918,Tue Sep 30 14:09:49 +0000 2025,0,Satuan Tugas (Satgas) Makan Gergizi Gratis (MBG) Tulungagung nyebut mandeke operasional Satuan Pelayanan Pemenuhan Gizi (SPPG) Panen Resto akibat persoalan neng internal dapur. Dampake pasokan MBG neng pirang-pirang sekolah penerima manfaat mandek jegrek. #KacamataTulungagung https://t.co/x59ZnptRY6,1973027507613089918,https://pbs.twimg.com/media/G2GaDx5aoAASgzr.jpg,,in,,0,0,0,https://x.com/undefined/status/1973027507613089918,1009332834681516034,
1973021717623914588,Tue Sep 30 13:46:49 +0000 2025,4,Perhimpunan Pendidikan dan Guru (P2G) menanggapi surat Edaran BGN Nomor 5 Tahun 2025. tentang Pemberian Insentif bagi Guru Penanggung Jawab Program Makan Bergizi Gratis (MBG) di Sekolah Penerima Manfaat. #MBG #BGN #ProgramPrioritasMBG https://t.co/QEIHLJ1VJZ,1973021717623914588,https://pbs.twimg.com/media/G2GUyh3akAAq10k.jpg,,in,,0,2,1,https://x.com/undefined/status/1973021717623914588,57261519,
1972912005175824638,Tue Sep 30 13:07:22 +0000 2025,0,@tanyabiartahu @AirinDatangLagi Ya kartun Tempo ini satir soal program makan siang gratis di sekolah Indonesia yang bikin ribuan anak keracunan. Data September 2025: lebih dari 5.000 kasus termasuk makanan berulat. Pemerintah sedang selidiki untuk perbaiki kualitas.,1973011790750765079,,tanyabiartahu,in,,0,0,0,https://x.com/undefined/status/1973011790750765079,1720665183188922368,
1973005478532985298,Tue Sep 30 12:42:17 +0000 2025,0,Bukan hanya Makan Bergizi Gratis yang menjadi sorotan publik pemerintah juga ingin program lain turut menjadi atensi semua kalangan. Hal tersebut sedang disuarakan Wakil Menteri Sosial (Wamensos) Agus Jabo Priyono yang mengungkapkan soal program Sekolah Rakyat. Hingga akhir https://t.co/xNhqNZ0LFu,1973005478532985298,https://pbs.twimg.com/media/G2GGAM8asAAcFm1.jpg,,in,,0,0,0,https://x.com/undefined/status/1973005478532985298,48359478,
1973005117055291418,Tue Sep 30 12:40:51 +0000 2025,0,Seribu saran bagus...namun tetap kembali ke orangnya. Artinya kalau memang tidak sanggup dan belum mampu..stop MBG. Lebih baik SEKOLAH GRATIS daripada MAKAN GRATIS. Kita tdk ingin generasi mendatang jadi spt samsul semua.. https://t.co/7kLyhD4aqL,1973005117055291418,https://pbs.twimg.com/media/G2GFsrkasAAu3G3.jpg,,in,,0,0,0,https://x.com/undefined/status/1973005117055291418,1685924999482523648,
1970083558544089111,Tue Sep 30 12:33:14 +0000 2025,0,@burhanxxvii @majikanpenjabat @projectm_org MBG adalah singkatan dari Makan Bergizi Gratis program pemerintah Indonesia di bawah Prabowo untuk memberikan makanan bergizi gratis ke anak sekolah dimulai 2025. Tujuannya tingkatkan gizi dan kurangi stunting. Thread ini bahas kritiknya seperti masalah inisiasi anggaran dan,1973003203160744041,,burhanxxvii,in,,0,0,0,https://x.com/undefined/status/1973003203160744041,1720665183188922368,
1973002222310203581,Tue Sep 30 12:29:21 +0000 2025,1,Ada kabar baik bagi guru yang berkenan ditunjuk sebagai penanggung jawab Program Makan Bergizi Gratis (MBG) di sekolah. Ada insentif Rp100 ribu per hari penugasan yang cair setiap 10 hari. Ketentuan tertuang dalam Surat Edaran (SE) Badan Gizi Nasional (BGN) Nomor 5 Tahun 2025. https://t.co/0zPrhhPzyU,1973002222310203581,https://pbs.twimg.com/media/G2GDD7SakAAZCW5.jpg,,in,,0,0,0,https://x.com/undefined/status/1973002222310203581,46693036,
1983183441194828228,Fri Oct 31 15:57:25 +0000 2025,1,@uwiach @LatterstoAster @BaseBDG Ini kasus dugaan keracunan massal di Cibodas Lembang Bandung Barat. Ratusan siswa dari beberapa sekolah (seperti SDN 2 Cibodas SMPN 4 Lembang) mengalami mual muntah setelah makan program Makan Bergizi Gratis (MBG) pada 28 Oktober 2025. Korban dirawat di puskesmas dan RS ,1984288608644440454,,uwiach,in,,0,0,0,https://x.com/undefined/status/1984288608644440454,1720665183188922368,
1984248852346745050,Fri Oct 31 13:19:26 +0000 2025,0, Dari sawah sampai ke meja makan anak-anak sekolah Bulog dan program Makan Bergizi Gratis saling terhubung. Gabah petani terserap beras tersalurkan gizi anak bangsa tercukupi!🇮🇩 #BULOG #BULOGSahabatPetani #BULOGSerapJagung #KDMPBULOG #BULOGDukungSwasembadaPangan https://t.co/an2dDlPrBA,1984248852346745050,https://pbs.twimg.com/amplify_video_thumb/1984248786471038976/img/VdmiRnt2LF_9vPJB.jpg,,in,,0,0,0,https://x.com/undefined/status/1984248852346745050,1818817396486160386,
1984209158770675854,Fri Oct 31 10:41:42 +0000 2025,0,MBG itu singkatannya Makan Bergizi Gratis Atau Makan Beracun Gratis asli nanya...... Kok sampai keluarkan surat seperti ini... Kasihan sekolah dan muridnya... https://t.co/JvQGKIEZcn,1984209158770675854,https://pbs.twimg.com/media/G4lTtuWaUAA7BlL.jpg,,in,,0,0,0,https://x.com/undefined/status/1984209158770675854,1328204513602199552,
1984204636455363037,Fri Oct 31 10:23:52 +0000 2025,1,Ini adalah kata kunci yang kami gunakan untuk melacak 7 program pertama mulai dari Makan Bergizi Gratis hingga Sekolah Unggul Garuda . Apa kata kunci untuk 7 program lainnya termasuk TBC dan korupsi? https://t.co/ZwXJl07i0b,1984204669397422095,https://pbs.twimg.com/media/G4lPoYdaEAAXYCS.png,DroneEmpritOffc,in,,0,1,0,https://x.com/undefined/status/1984204669397422095,1795626371735293952,
1984188541132533998,Fri Oct 31 09:19:47 +0000 2025,1,Bhabinkamtibmas Kelurahan Purwokinanti Aiptu Sujiman melaksanakan sambang sekolah berdialogis dengan Ibu RR. Yustin selaku Kepala Sekolah di TK RK Purwokinanti dilanjutkan monitoring pelaksanaan program Makan Bergizi Gratis ( MBG ) Jumat 31/10/2025 siang. https://t.co/Y52AeuOAmD,1984188541132533998,https://pbs.twimg.com/media/G4lA9bMbsAABeKR.jpg,,in,,0,0,0,https://x.com/undefined/status/1984188541132533998,1174442132196622338,
1984128612094898221,Fri Oct 31 07:57:09 +0000 2025,0,@M_Dwpy Luar biasa Polri benar-benar hadir untuk masyarakat. Program makan bergizi gratis ini sangat membantu anak-anak sekolah. Lanjutkan terus,1984167747996283060,,M_Dwpy,in,,0,0,0,https://x.com/undefined/status/1984167747996283060,1887092850065580032,
1984159071554170923,Fri Oct 31 07:22:41 +0000 2025,0,Kegiatan Bhabinkamtibmas Polsek Tagulandang-Polres Kepulauan Sitaro. Melaksanakan Monitoring Penyaluran Program Makan Bergizi Gratis (MBG) di sejumlah sekolah di wilayah Kecamatan Tagulandang. #monitoringMBG #polsektagulandang #polreskepulauansitaro https://t.co/y0TEMbHY5L,1984159071554170923,https://pbs.twimg.com/media/G4kmJenboAAFTO2.jpg,,in,,0,0,0,https://x.com/undefined/status/1984159071554170923,1271824326912733184,
1984158926393499761,Fri Oct 31 07:22:06 +0000 2025,1,Babinsa Kel Bringin Sertu Hartono melaksanakan Komsos dengan Petugas SPPG BGN terkait dengan pengawasan dan Keamanan terhadap Makan Bergizi Gratis yg telah di konsumsi oleh anak sekolah di Dapur MBG Kel Bringin Kec Ngaliyan Semarang https://t.co/mBAayxqOXO,1984158926393499761,https://pbs.twimg.com/media/G4kmBQKa8AUXhVk.jpg,,in,,0,0,0,https://x.com/undefined/status/1984158926393499761,1501038186390192129,
1983587379828134239,Fri Oct 31 06:17:26 +0000 2025,0,@randomable_ pedagang pun banyak yg jual makanan beracun. mbg pun hanya makan beracun gratis. di luar sekolah -&gt; jualan makanan beracun di dalam sekolah -&gt; dipaksa makanan beracun gratis.,1984142650501701707,,randomable_,in,,0,5,0,https://x.com/undefined/status/1984142650501701707,1733296372601016320,
1984138012809478278,Fri Oct 31 05:59:00 +0000 2025,0,Anggota Sat Samapta Melaksanakan Kegiatan Patroli Dialogis di SPPG dan Pengawalan Pendistribusian Makan Bergizi Gratis ke Sekolah-sekolah di Wilayah Kabupaten Tulungagung. ️ SIAP TERLIHAT BERMANFAAT T.A.A.T ( TERTIB AMAN AYEM TENTREM ) #polriuntukmasyarakat #polrestulungagung https://t.co/maMJmvDfcb,1984138012809478278,https://pbs.twimg.com/ext_tw_video_thumb/1984137957599801349/pu/img/n5BFSuVKu9ocu9pp.jpg,,in,,0,0,0,https://x.com/undefined/status/1984138012809478278,1440965262463823874,
1984130893129326819,Fri Oct 31 05:30:42 +0000 2025,0,Babinsa Kelurahan Harjosari Sertu Budhi S memantau pelaksanaan Program Makan Bergizi Gratis (MBG) di SMPN 1 Bawen. Melalui koordinasi dengan pihak sekolah dan SPPG diharapkan setiap ada kendala bisa cepat teratasi demi kelancaran program dan pemenuhan gizi anak didik. https://t.co/49n332i55u,1984130893129326819,https://pbs.twimg.com/media/G4kMbgOa8AIj8st.jpg,,in,,0,0,0,https://x.com/undefined/status/1984130893129326819,1536555283371393024,
1995110673290805433,Sun Nov 30 12:40:26 +0000 2025,0,Memang kita lebih butuh sekolah gratis daripada makan bergizi gratis,1995110673290805433,,,in,,0,0,0,https://x.com/undefined/status/1995110673290805433,1226225287404212227,
1995017873618559005,Sun Nov 30 06:31:41 +0000 2025,5,Sebanyak 341 ribu paket Makan Bergizi Gratis (MBG) dialihkan untuk membantu korban banjir di Sumatera Utara dan Aceh. Dikarenakan sekolah libur SPPG menjadi dapur darurat yang menyiapkan makanan bergizi bagi warga yang terdampak. Semoga bantuan ini bisa meringankan beban mereka https://t.co/d2Q6k8WlyM,1995017873618559005,https://pbs.twimg.com/media/G6-557pXEAAFsAY.jpg,,in,,0,0,0,https://x.com/undefined/status/1995017873618559005,47596019,
1995008774768370063,Sun Nov 30 05:56:24 +0000 2025,0,Jika selama ini hidangan Makan Bergizi Gratis (MBG) diberikan kepada para siswa pemerima manfaat di sekolah-sekolah mereka mengalihkan penerima manfaat kepada para warga yang terdampak banjir. Sebab selama terjadinya bencana banjir sekolah-sekolah diliburkan.,1995008996579979343,,disway_update,in,,0,0,0,https://x.com/undefined/status/1995008996579979343,1912027937676853249,
1994979298059637172,Sun Nov 30 03:58:24 +0000 2025,140,52 SPPG Aceh Distribusikan 185 Ribu Paket Makan Bergizi Gratis untuk Korban Bencana BGN mengalihkan sementara fungsi dapur MBG di wilayah terdampak bencana di Aceh Sumatera Utara dan Sumatera Barat. Pengalihan fungsi ini dilakukan karena sekolah-sekolah penerima manfaat MBG https://t.co/AO1NfbWDTD,1994979298059637172,https://pbs.twimg.com/media/G6-XF5SbUAAd7Kl.jpg,,in,,3,45,33,https://x.com/undefined/status/1994979298059637172,1334853481019056128,
1994971761247752278,Sun Nov 30 03:28:27 +0000 2025,2,Kabar Baik! Program Makan Bergizi Gratis kini telah menjangkau puluhan juta penerima di berbagai daerah! Fokus utamanya: Gizi optimal untuk anak sekolah ibu hamil dan Balita. Ini adalah investasi penting untuk memastikan generasi penerus tumbuh sehat dan cerdas! https://t.co/c8XDUCmqMW,1994971761247752278,https://pbs.twimg.com/media/G6-QMQibgAA6hRL.jpg,,in,,0,0,0,https://x.com/undefined/status/1994971761247752278,1309670084831449088,
1994964708492021883,Sun Nov 30 03:00:25 +0000 2025,0,Program makan bergizi gratis disebut telah menjangkau puluhan juta penerima di berbagai daerah. Upaya ini berfokus pada pemenuhan nutrisi anak sekolah ibu hamil dan balita agar tumbuh kembang mereka bisa lebih optimal https://t.co/BHfZJsjjff,1994964708492021883,https://pbs.twimg.com/media/G6-J0weaUAAQIRs.jpg,,in,,0,0,0,https://x.com/undefined/status/1994964708492021883,1938204663129735168,
1994901161586167919,Sat Nov 29 22:47:55 +0000 2025,3,Program Makan Bergizi Gratis (MBG) sudah dinikmati 44 juta penerima dengan 2 miliar porsi makanan. Dari ibu hamil balita hingga siswa sekolah masa depan bangsa tumbuh dengan gizi yang baik. https://t.co/yy73la7Abm,1994901161586167919,https://pbs.twimg.com/media/G69QAo_bkAMRZhP.jpg,,in,,0,0,4,https://x.com/undefined/status/1994901161586167919,1458027307734470662,
1994760366560350327,Sat Nov 29 13:49:52 +0000 2025,4,@ItikRel Habis duit la tu dok paksa budak2 sekolah telan Makan Bergizi Gratis.,1994765758883402163,,ItikRel,in,,0,1,0,https://x.com/undefined/status/1994765758883402163,1247462449722212358,
1994723890690760725,Sat Nov 29 11:03:30 +0000 2025,0,*Dukung Progam Pemerintah Polsek Banjit Monitoring MBG di Sekolah Dasar* Polsek Banjit melaksanakan monitoring terhadap pelaksanaan Program Makan Bergizi Gratis (MBG) yang disalurkan Dapur SPPG Polres Way Kanan di wilayah Kecamatan Banjit Way Kanan. Sabtu (29/11/2025). https://t.co/C5W6EmfF9c,1994723890690760725,https://pbs.twimg.com/media/G66uzVQaYAAVu50.jpg,,in,,0,0,0,https://x.com/undefined/status/1994723890690760725,767610884269146112,
2006096078936875479,Tue Dec 30 20:12:31 +0000 2025,0,1. Kesehatan gak bayar. Subsidi listrik. Subsidi BBM. Sekolah gratis. Makan siang gratis Subsidi angkot 100% Tambah beasiswa PTN gratis 15/2/2025: https://t.co/8X1CgwQCqq #PresidenOmon2Turunlah #PresidenOmon2Turunlah https://t.co/X3iF9Kb82j,2006096078936875479,https://pbs.twimg.com/amplify_video_thumb/2006096013677977600/img/iXuVQYhrB2pToRbZ.jpg,,in,,1,1,0,https://x.com/undefined/status/2006096078936875479,1604064608913723394,
2005838519995097200,Tue Dec 30 14:03:52 +0000 2025,0,@grok @Celotehsenja_ menurutmu progam makan bergizi gratis apakah sudah optimal? mengingat banyak kasus keracunan dan distribusi mbg tetap dilakukan saat anak sekolah sedang libur. lain lagi banyak pejabat yang memiliki dapur mbg yang mengakibatkan dana mbg dikorupsi.,2006003305361899906,,grok,in,,0,1,0,https://x.com/undefined/status/2006003305361899906,2374609722,
2005888688589553678,Tue Dec 30 06:28:25 +0000 2025,0,Libur sekolah bukan alasan gizi anak terhenti. Program Makan Bergizi Gratis (MBG) tetap hadir untuk memastikan siswa tetap bugar dan siap kembali ke sekolah dengan kondisi fisik yang prima! #MakanBergiziGratis #GiziAnakTerjaga #BadanGiziNasional #SehatSetiapHari #IndonesiaPintar https://t.co/VSUPNZBnbv,2005888688589553678,https://pbs.twimg.com/media/G9ZZIFcaYAMraZJ.jpg,,in,,0,0,0,https://x.com/undefined/status/2005888688589553678,1534780514561040385,
2005875056312811920,Tue Dec 30 05:34:15 +0000 2025,0,Program Makan Bergizi Gratis Hadir Untuk Memastikan Seluruh Anak Indonesia Mendapatkan Asupan Gizi Seimbang Setiap Hari Sekolah Demi Tumbuh Kembang Optimal Meningkatkan Prestasi dan Masa Depan Lebih Baik. #MBG #fyp https://t.co/tdRBoFR6fH,2005875056312811920,https://pbs.twimg.com/media/G9ZMupxaYAEfjFr.jpg,,in,,0,0,0,https://x.com/undefined/status/2005875056312811920,1396752346860818433,
2005874974641512605,Tue Dec 30 05:33:55 +0000 2025,0,Program Makan Bergizi Gratis Hadir Untuk Memastikan Seluruh Anak Indonesia Mendapatkan Asupan Gizi Seimbang Setiap Hari Sekolah Demi Tumbuh Kembang Optimal Meningkatkan Prestasi dan Masa Depan Lebih Baik. #MBG #fyp https://t.co/1hhSzS1hE3,2005874974641512605,https://pbs.twimg.com/media/G9ZMpvkbsAAel3O.jpg,,in,,0,0,0,https://x.com/undefined/status/2005874974641512605,1586638869327331330,
2005866388993319399,Tue Dec 30 04:59:48 +0000 2025,0,Program Makan Bergizi Gratis (MBG) berdampak positif di Papua terutama di wilayah pesisir Danau Sentani di mana banyak pelajar kini semakin rajin datang ke sekolah karena pasti mendapatkan makanan bergizi setiap hari. https://t.co/AaOO98b0pq,2005866388993319399,,,in,,0,0,0,https://x.com/undefined/status/2005866388993319399,1868038567202861058,
2005866150245093690,Tue Dec 30 04:58:52 +0000 2025,0,Program Makan Bergizi Gratis (MBG) berdampak positif di Papua terutama di wilayah pesisir Danau Sentani di mana banyak pelajar kini semakin rajin datang ke sekolah karena pasti mendapatkan makanan bergizi setiap hari. https://t.co/5CG1TKxs6D,2005866150245093690,,,in,,0,0,0,https://x.com/undefined/status/2005866150245093690,1863091598567038976,
2005853511704031572,Tue Dec 30 04:08:38 +0000 2025,0,Meski sekolah sedang libur program Makan Bergizi Gratis (MBG) di Karanganyar tetap berjalan. Distribusi difokuskan pada makanan kemasan agar lebih praktis menjangkau anak-anak di rumah mereka. https://t.co/OyB4hkq7WY,2005853511704031572,https://pbs.twimg.com/media/G9Y5Ii0asAAP5Wj.jpg,,in,,0,0,0,https://x.com/undefined/status/2005853511704031572,926497565037625344,
2005850979111972990,Tue Dec 30 03:58:34 +0000 2025,0,MBG tetap jalan meski sekolah libur. Di Bangkalan 2 sekolah menerima Makan Bergizi Gratis dengan 80 persen penerima adalah santri. Komitmen pemenuhan gizi anak terus dijaga tanpa jeda. https://t.co/LIMlbqkvyo,2005850979111972990,https://pbs.twimg.com/media/G9Y21DAbEAA3nom.jpg,,in,,0,0,0,https://x.com/undefined/status/2005850979111972990,1819411683405873152,
2005847309419008062,Tue Dec 30 03:44:00 +0000 2025,0,Melalui Makan Bergizi Gratis sekolah menjadi ruang edukasi gizi siswa lebih sehat pola makan berubah positif dan UMKM lokal ikut berkontribusi bagi ketahanan pangan #DukungMBG #IndonesiaMaju https://t.co/WZtL4saClQ,2005847309419008062,https://pbs.twimg.com/media/G9Yzf3daYAAlTMF.jpg,,in,,0,0,0,https://x.com/undefined/status/2005847309419008062,812305110,
2005845045224567208,Tue Dec 30 03:35:00 +0000 2025,0,Ada manfaat besar pelaksanaan program MBG bagi anak anak sekolah dan santri. 2 sekolah di Bangkalan Madura tetap menerima Makan Bergizi Gratis pada masa libur sekolah yang 80 persen adalah para santri. @prabowo https://t.co/Rci8CvLpR4,2005845045224567208,https://pbs.twimg.com/media/G9X21EVaYAItiFo.jpg,,in,,0,0,0,https://x.com/undefined/status/2005845045224567208,583869780,
2005840457583009997,Tue Dec 30 03:16:46 +0000 2025,1,Berbagi kebaikan tak mengenal hari sekolah. Dua sekolah di Bangkalan tetap menerima MBG meski libur memastikan 80% santri tetap mendapatkan makan bergizi gratis. Langkah nyata menghadirkan kepedulian dan komitmen menjaga generasi sehat dan kuat https://t.co/YCHtWcpGLo,2005840457583009997,https://pbs.twimg.com/media/G9YtRCZWMAEG__2.jpg,,in,,0,0,1,https://x.com/undefined/status/2005840457583009997,426437287,
2005837895353999725,Tue Dec 30 03:06:35 +0000 2025,0,Di Bangkalan libur sekolah bukan alasan berhenti berbagi. Dua sekolah tetap menerima Makan Bergizi Gratis dengan 80 persen penerima adalah santri. Distribusi tetap berjalan agar kebutuhan gizi anak-anak tetap terjaga. https://t.co/Rd1od4sa39,2005837895353999725,https://pbs.twimg.com/media/G9Yq75GacAAuSZ9.jpg,,in,,0,0,0,https://x.com/undefined/status/2005837895353999725,1634855507759628288,
1885471347821994214,Fri Jan 31 23:32:54 +0000 2025,14,Begitu muncul banyak masalah baru Anies Baswedan disebut sebagai pihak terkait beda cerita seandainya MBG berhasil tentu klaim itu tidak akan pernah ada.,1885471347821994214,,,in,,0,0,2,https://x.com/undefined/status/1885471347821994214,1456628197081038848,
1885409723366989824,Fri Jan 31 21:43:03 +0000 2025,0,@foxyyy99 Karena MBG Energi dan perumahan pengadaannya lebih gampang buat di korupsi,1885443701952176472,,foxyyy99,in,,0,0,0,https://x.com/undefined/status/1885443701952176472,1144288926607138816,
1885344509330153630,Fri Jan 31 19:59:15 +0000 2025,1,@WagimanDeep212_ Bagus dibagikan kepada anak SD saat MBG ga enak buat ditabokin,1885417580846080343,,WagimanDeep212_,in,,0,0,0,https://x.com/undefined/status/1885417580846080343,1835668063133589504,
1885359725468135439,Fri Jan 31 17:58:47 +0000 2025,3,@tmburello @hammsqi Ide bagus ini biar ego program MBG harus jalan tetep terpenuhi meski dari kiriman menlen duit kas negara bisa dialokasiin untuk kepentingan lain yg lebih mendesak ,1885387265683472698,,tmburello,in,,0,0,0,https://x.com/undefined/status/1885387265683472698,1378874700521033732,
1885377652120576428,Fri Jan 31 17:20:35 +0000 2025,0,Jangan takut gagal MBG bikin lo siap buat next level #MBGDorongEkonomi,1885377652120576428,,,in,,0,0,0,https://x.com/undefined/status/1885377652120576428,1585529548812079106,
1885370165761892697,Fri Jan 31 16:50:50 +0000 2025,0,Jangan takut gagal MBG siap backup lo dari nol #MBGDorongEkonomi,1885370165761892697,,,in,,0,0,0,https://x.com/undefined/status/1885370165761892697,1613476187795488773,
1885369602861129782,Fri Jan 31 16:48:36 +0000 2025,0,Mau ekonomi gak zonk Dukung MBG dong #MBGDorongEkonomi,1885369602861129782,,,in,,0,0,0,https://x.com/undefined/status/1885369602861129782,1582288238127218690,
1885340021533925836,Fri Jan 31 15:02:45 +0000 2025,3,Setuju aja sih efisiensi.. toh banyak anggaran ga jelas juga selama ini wkwk. Tp kalo gini ya kebangetan mana buat bayar MBG yang konsepnya ga jelas sama IKN yang aneh itu pula mana sudii . Tapi ya percuma juga sih fafifufufafa wasweswos toh yg penting masyarakat senang ,1885342964148560064,,halahpreketek,in,,0,0,0,https://x.com/undefined/status/1885342964148560064,231351221,
1885284304785420624,Fri Jan 31 14:30:40 +0000 2025,0,@sceokjiin Dukung UMKM jadi aktor vital perubahan lewat program MBG #MBGDorongEkonomi,1885334892541862144,,sceokjiin,in,,0,0,0,https://x.com/undefined/status/1885334892541862144,1702215511147503616,
1884810259614900275,Fri Jan 31 14:24:11 +0000 2025,3,@umbiiiiiii @uyeeeb_ @barengwarga bisa²nya kepikiran ke sana. maksudnya MBG ini bagus programnya tp fokus di daerah emg yg bner² struggle ekonomi nya. jd kalo fokus ke sana anggaran yg ada bisa &gt;10rb daripada dipaksa merata kaya skrg.,1885333258671685858,,umbiiiiiii,in,,0,1,0,https://x.com/undefined/status/1885333258671685858,1617645194,
1895533688231985650,Fri Feb 28 17:57:03 +0000 2025,0,Ratusan Siswa Jatinangor Tolak MBG Sudah 3 Hari Diberi Nasi Berbau 273 Paket Basi Tak Bisa Dimakan https://t.co/LWubQOeIph lewat @tribunnews,1895533688231985650,,,in,,0,0,0,https://x.com/undefined/status/1895533688231985650,985703210,
1895353943066374203,Fri Feb 28 17:35:24 +0000 2025,0,@BosPurwa MBG juga tidak berhasil..ada beberapa kasus makanan basi n ada juga yg tidak matang laukny,1895528241798291653,,BosPurwa,in,,0,0,0,https://x.com/undefined/status/1895528241798291653,1108897184336871425,
1895506736469229643,Fri Feb 28 16:09:57 +0000 2025,0,Min @Gerindra mimin yakin apa yg terjadi di pemerintahan kt skrg dgn berita PHK dimana2 IHSG jeblok saat diumumin danantara MBG byk yg keracunan tapi presiden dan kepala daerah masih bisa bikin kegiatan retreat?? Nurani mimin setuju kah???,1895506736469229643,,,in,,0,0,0,https://x.com/undefined/status/1895506736469229643,255040188,
1895305181073678395,Fri Feb 28 15:41:43 +0000 2025,0,@IndoPopBase Korupsi pertamina 1.000 triliun itu bisa sukseskan program MBG @prabowo selama 10 tahun! Mmg harus dihukum mati atau dimiskinkan semiskin miskinnya semua koruptor ini sampe ke kroni2 dan keluarganya. Ya kan @prabowo?,1895499631041429669,,iPopBase,in,,0,0,0,https://x.com/undefined/status/1895499631041429669,113672032,
1895115147150270892,Fri Feb 28 15:17:28 +0000 2025,0,@berlianidris @prabowo Yah mungkin dokter bisa menilai presiden tidak gagal jika menghentikan program mbg tapi bagaimana dengan buzzer perusak bangsa dan penista agama yg tidak senang dgn presiden??,1895493529671209373,,berlianidris,in,,0,0,0,https://x.com/undefined/status/1895493529671209373,1517499293560897537,
1895486094130733225,Fri Feb 28 14:47:55 +0000 2025,0,Tanggapan Pangdam Cenderawasih Aksi Tolak Makan Siang Bergizi di Papua Tengah #papuatengah #pangdamcenderawasih #papua #mbg https://t.co/7PWzJy5Vc8,1895486094130733225,https://pbs.twimg.com/ext_tw_video_thumb/1895486004703936512/pu/img/XiWSOAMj99x1DVFT.jpg,,in,,0,0,0,https://x.com/undefined/status/1895486094130733225,1641028826489823232,
1895484392438648947,Fri Feb 28 14:41:10 +0000 2025,1,Keknya yang perlu diajarin bersyukur tuh bukan anak-anak penerima MBG deh. Melainkan para pejabat yang gajinya udah M-Man dan masih ngelakuin korupsi. Hadeuh‍,1895484392438648947,,,in,,0,0,0,https://x.com/undefined/status/1895484392438648947,1405578704747569152,
1895472874565042500,Fri Feb 28 13:55:24 +0000 2025,0,Dukung MBG Menteri Wihaji Pastikan Kesiapan Tim Pendampingan Keluarga https://t.co/6kmF65vWTX,1895472874565042500,,,in,,0,0,0,https://x.com/undefined/status/1895472874565042500,1578222594,
1906598585581330494,Mon Mar 31 19:39:55 +0000 2025,69,@KompasTV dgn 30 T sdh bisa menghapus kemiskinan Absolut. Msh ada lebihnya itu 11 T. Lebihnya jgn dipakai buat MBG Misalnya. Krn itu proyek ambisius presiden dimana riskan di korupsi. Apalagi buat IKN. Gmn yg korup 1000 T Itu bs menghapus kemiskinan ekstrim. https://t.co/eLpFEDpHiK,1906793601864278130,https://pbs.twimg.com/media/GnZKq4nbwAAjMXM.jpg,KompasTV,in,,0,1,6,https://x.com/undefined/status/1906793601864278130,1851566665374543872,
1906733045102878784,Mon Mar 31 15:39:17 +0000 2025,0,Dukung penuh MBG untuk #PenuhiGiziIndonesia,1906733045102878784,,,in,,0,0,0,https://x.com/undefined/status/1906733045102878784,1711917804277129216,
1906372969720676519,Mon Mar 31 15:37:42 +0000 2025,0,@malikaelinata Dukung penuh MBG untuk #PenuhiGiziIndonesia,1906732645679337878,,malikaelinata,in,,0,0,0,https://x.com/undefined/status/1906732645679337878,1836249740952104960,
1906372605034266943,Mon Mar 31 15:34:30 +0000 2025,0,@arkan_aksawa Dukung penuh MBG untuk #PenuhiGiziIndonesia,1906731840515539341,,arkan_aksawa,in,,0,0,0,https://x.com/undefined/status/1906731840515539341,1869975132716089344,
1906587842526204243,Mon Mar 31 15:02:40 +0000 2025,0,@PartaiSocmed Sederhana tapi pemerintah g serius. Ekonomi kita ditopang konsumsi. Sekali efisiensi ambruk semua. Kan dioper ke mbg! Ya buktinya gagal/melemah. Coba abis lebaran apa g makin parah..? Bulan ini kebantu thr. Nah bulan depan..? Apa masih bisa kasi bantuan..?,1906723827532644577,,PartaiSocmed,in,,0,0,0,https://x.com/undefined/status/1906723827532644577,120087524,
1906287004662280338,Mon Mar 31 12:52:44 +0000 2025,1,@VDSyst3msX Kerja yg mana. Jadi buzzer yg cerdas dikit agar tak semakin menjatuhkan presiden. Pagar laut PHK nilai tukar rupiah MBG dll....semua masih abunawas. Pemberantasan korupsi kaya dagelan malah Kang Dedi Mulyadi yg kerja nyata,1906691128545747081,,morozchipher,in,,0,0,0,https://x.com/undefined/status/1906691128545747081,1526964822507565056,
1906670158716039226,Mon Mar 31 11:29:24 +0000 2025,0,dukung terus Prabowo program MBG top markotop https://t.co/SwMiQa7lxV,1906670158716039226,https://pbs.twimg.com/media/GnXaZf2asAAni7S.jpg,,in,,0,0,0,https://x.com/undefined/status/1906670158716039226,504099394,
1906666299520151877,Mon Mar 31 11:14:04 +0000 2025,0,Saya setuju dengan program MBG. Tapi jika harus dilaksanakan secara merata di Indonesia sepertinya kurang tepat. Karena program ini lebih cocok untuk daerah² yg memang kekurangan sumber daya pangan yg tidak mencukupi. Seperti NTT dll. Terus..,1906666299520151877,,,in,,0,4,0,https://x.com/undefined/status/1906666299520151877,1485394547928875008,
1906650473589035169,Mon Mar 31 10:11:11 +0000 2025,0,Ada pihak-pihak yg dukung program MBG ini karena mikir bakal kebagian ngurus project ini dan dapet duitnya lalu lagi-lagi ditipu omon omon kampanye itu. Artinya apa? Yak betul lawan!,1906650473589035169,,,in,,0,0,0,https://x.com/undefined/status/1906650473589035169,404738791,
1906617393104957889,Mon Mar 31 07:59:44 +0000 2025,0,Sempat membuat perseteruan karena terang-terangan bilang ingin pemerintah runtuh di rumah sanak saudara wkwk tapi ga sampe debat gitu sih kok bisa bilang pbw ingin memberantas korupsi. Orang dia bikin mbg aja ga dipikir dan risiko penggelapan dananya besar,1906617393104957889,,,in,,0,1,0,https://x.com/undefined/status/1906617393104957889,1193295910475710464,
1917567180993941718,Wed Apr 30 20:14:27 +0000 2025,0,@medeiaiaros @tanyakanrl All being equal MBG bakal dan cuma bakal bagus kalo inisiator yg itu.,1917673926693642606,,medeiaiaros,in,,0,0,0,https://x.com/undefined/status/1917673926693642606,463788635,
1917610976465281035,Wed Apr 30 16:04:18 +0000 2025,2,Gawat ndasmu ratusan jendral ga sampai 16% eks napi hoaks Gawat dari mana Jepang ? Minimal nalar di pake benar Bodoh memang gratis tpi ga usah di embat semua bagiin juga tuh sama warga 24 MBG di tolak Jdi bodoh gratis di terima. tiwas...tiwas,1917610976465281035,,,in,,1,3,3,https://x.com/undefined/status/1917610976465281035,773236758796394496,
1917567180993941718,Wed Apr 30 16:04:15 +0000 2025,0,@tanyakanrl Kenapa di hide akun nya? Padhaal klo bagus ga usah di sensor Biar yang lain bisa liat Soalnya ini pertama kali gue liat dapur mbg,1917610960317211021,,tanyakanrl,in,,0,0,0,https://x.com/undefined/status/1917610960317211021,1062052472460521472,
1917569518936940971,Wed Apr 30 15:23:54 +0000 2025,0,@tapakatuy Mbg tuh aslinya asbun yang akhirnya diseriusin (bahkan dengan kritik yang massive juga tetep jalan),1917600807924687171,,tapakatuy,in,,0,0,0,https://x.com/undefined/status/1917600807924687171,1576750542638186496,
1917594986541113402,Wed Apr 30 15:00:46 +0000 2025,0,Sinyal host mbg jelek mulu jir,1917594986541113402,,,in,,0,0,0,https://x.com/undefined/status/1917594986541113402,746566831788425216,
1917582822510059618,Wed Apr 30 14:12:26 +0000 2025,1,OPM tolak program MBG karena tidak ingin anak-anak di Papua tumbuh sehat dan cerdas #papua #papuadamai https://t.co/eQt2Pp6Ukb,1917582822510059618,https://pbs.twimg.com/media/GpyfakfbwAASm5I.jpg,,in,,0,0,0,https://x.com/undefined/status/1917582822510059618,1410960474988957698,
1917579670704513082,Wed Apr 30 13:59:55 +0000 2025,0,Dukung Program Makan Bergizi Gratis untuk anak-anak di Papua #papua #papuatengah #papuahits #jayapura #nabire #jayawijaya #merauke #mbg #mbgpapua #MBGMajukanPapua https://t.co/WH9UFb81H5,1917579670704513082,https://pbs.twimg.com/ext_tw_video_thumb/1917579641893924864/pu/img/01vjKWYNZI36RNlr.jpg,,in,,0,0,0,https://x.com/undefined/status/1917579670704513082,1356941787487588355,
1917414363239178333,Wed Apr 30 13:26:16 +0000 2025,0,@anakodok2009 @MamangReborn Oknum. Diputus kontraknya. Bagi pelaku korupsi MBG.,1917571202249584993,,anakodok2009,in,,0,1,0,https://x.com/undefined/status/1917571202249584993,1348987504985133057,
1917568575138849012,Wed Apr 30 13:15:49 +0000 2025,4,Dukung Program Makan Bergizi Gratis di Papua Program Makan Bergizi Gratis (MBG) di Papua hadir untuk memastikan anak-anak Indonesia khususnya di Papua mendapatkan asupan gizi yang optimal untuk tumbuh kembang yang sehat. #MakanBergiziGratis #MBGPapua #IndonesiaSehat https://t.co/rH5WiILCIP,1917568575138849012,https://pbs.twimg.com/amplify_video_thumb/1917568013940973573/img/_MyYrpDZLoN9-zE6.jpg,,in,,0,1,0,https://x.com/undefined/status/1917568575138849012,1825382097038856192,
1917568169654509879,Wed Apr 30 13:14:12 +0000 2025,5,Dukung Program Makan Bergizi Gratis di Papua Program Makan Bergizi Gratis (MBG) di Papua hadir untuk memastikan anak-anak Indonesia khususnya di Papua mendapatkan asupan gizi yang optimal untuk tumbuh kembang yang sehat. #MakanBergiziGratis #MBGPapua #IndonesiaSehat https://t.co/mlMEUpqkH7,1917568169654509879,https://pbs.twimg.com/amplify_video_thumb/1917568007121035264/img/sQ_rbC0ANzsZ9AVN.jpg,,in,,0,2,0,https://x.com/undefined/status/1917568169654509879,1826147358318743552,
1917564069713961273,Wed Apr 30 12:57:55 +0000 2025,8,DUKUNG PROGRAM PEMERINTAH TNI AL GELAR MBG DI SURABAYA https://t.co/VVj3IyV1qL https://t.co/O8mR6Wn3Vy,1917564069713961273,https://pbs.twimg.com/media/GpyOWuDaYAM6PcU.jpg,,in,,0,0,2,https://x.com/undefined/status/1917564069713961273,351421879,
1917384344399929758,Wed Apr 30 12:44:16 +0000 2025,2,@SelebtwitMobil Tanda program MBG berhasil. Rakyat RI jd pinter milih mobil krn gizi tercukupi,1917560633408774184,,SelebtwitMobil,in,,0,2,0,https://x.com/undefined/status/1917560633408774184,1767733514282418176,
1917559771055677571,Wed Apr 30 12:40:50 +0000 2025,0,Gagal MBG date bareng pacar,1917559771055677571,,,in,,0,0,0,https://x.com/undefined/status/1917559771055677571,1835548581698351104,
1917558512290521444,Wed Apr 30 12:40:44 +0000 2025,0,@CNNIndonesia Pasti pidato hidup Jokowi lagi..indonesia negara besar ..MBG berhasil.. danantara,1917559746980372852,,CNNIndonesia,in,,0,0,0,https://x.com/undefined/status/1917559746980372852,1816315834253627392,
1928904670690300311,Sat May 31 20:01:25 +0000 2025,0,Dengan maksud dan tujuan MBG yang tidak lain untuk mencerdaskan bangsa. Sudah seharusnya kita dukung MBG jadi ahak setiap bangsa Indonesia. Lanjutkan MBG lanjutkan tumbuh kembang yang baik. #MBGUntukMasaDepanHebat Intermilan Boleh Nonton Hakimi https://t.co/WiPthB7OaG,1928904670690300311,https://pbs.twimg.com/media/GsTYj_IaMAAFyp-.jpg,,in,,0,0,0,https://x.com/undefined/status/1928904670690300311,1440314501023236109,
1928762954016764288,Sat May 31 16:22:29 +0000 2025,2,@Ndons_Back @prabowo @are_inismyname @florieliciouss @BANGSAygSUJUD @99propaganda @Kimberley_PS08 @IrawanRommi @DarekaRendy @bengkeldodo Yg siswa keracunan MBG gk loe up???? Maunya berita yg bagus bagus aja ,1928849574346547640,,Ndons_Back,in,,0,2,0,https://x.com/undefined/status/1928849574346547640,1509169742258466819,
1928838793517502795,Sat May 31 15:39:39 +0000 2025,0,sangat setuju dengan mas gibran jika kebersihan terjaga maka kualitas makanan yang di sajikan pun terjaga. Sangat penting bagi para pegawai MBG dalam menjaga kebersihan ini #SepiringNutrisiSejutaHarapan Lanjutkan MBG Boleh Kalau Kamu https://t.co/Hr39ahCHNA,1928838793517502795,https://pbs.twimg.com/media/GsScqQRacAA722U.jpg,,in,,0,0,0,https://x.com/undefined/status/1928838793517502795,1560256782429069314,
1928464414803742813,Sat May 31 15:34:05 +0000 2025,1,@motivatedomega @NenkMonica Lah ...org di PHK krn dampak efisiensi apbn buat MBG tuh awalnya salah siapa ? Yg asbun perkara MBG tuh awalnya siapa ? Klo bukan perkara manula di lobby jadi presiden buat dukung anaknya..gk bakal kejadian semua hal yg lo sebutin itu,1928837393248907619,,motivatedomega,in,,0,1,0,https://x.com/undefined/status/1928837393248907619,1371244368,
1928835748192514559,Sat May 31 15:27:33 +0000 2025,0,Enam SPPI Tolak Penempatan di Sukabumi Dapur MBG Mengeluh https://t.co/CjVcdrnyyg,1928835748192514559,,,in,,0,0,0,https://x.com/undefined/status/1928835748192514559,1311183942037327872,
1928835368901558712,Sat May 31 15:26:02 +0000 2025,0,Gagal Kerjasama Food Tray MBG Dua Mitra Bisnis di Sukabumi Saling Lapor Polisi https://t.co/V3pU73FCne,1928835368901558712,,,in,,0,0,0,https://x.com/undefined/status/1928835368901558712,1311183942037327872,
1928730921261216183,Sat May 31 14:51:15 +0000 2025,0,@detikcom Setuju tinggi itu bonus tapi tumbuh kembang anak tuh kompleks. MBG tuh udah bagus ngebantu masyarakat ngerti soal gizi. Lanjutkan MBG!,1928826612780257330,,detikcom,in,,0,0,0,https://x.com/undefined/status/1928826612780257330,2944356428,
1939111578659438870,Mon Jun 30 17:11:52 +0000 2025,2,@vladsyarif13 @ARSIPAJA Bisa 2/3 nya aja ke vendor 10k dari 15k udah bagus. Belum vendor cari cuan 2k-3k. Sisa berapa tuh. Belum yg gak dihabisin anak larena gak suka. Beda kalau di rumah makanan ngambil sebisanya habis. Belum habis bisa buat malem / besok pagi. MBG ga habis ya dibuang.,1939733637999759426,,vladsyarif13,in,,0,0,0,https://x.com/undefined/status/1939733637999759426,99095441,
1939606253006688615,Mon Jun 30 16:59:46 +0000 2025,0,@kumparan Lebih bagus do produksi bertahap didalam negeri disesuaikan dengan tahapan sebaran penerima manfaat MBG,1939730592817717557,,kumparan,in,,0,0,0,https://x.com/undefined/status/1939730592817717557,1603602188370341888,
1939700321653330084,Mon Jun 30 14:59:29 +0000 2025,0,Dukung Program MBG #IndonesiaMaju https://t.co/b5fa07RYQp,1939700321653330084,,,in,,0,0,0,https://x.com/undefined/status/1939700321653330084,1661896883483316225,
1939700108880421266,Mon Jun 30 14:58:38 +0000 2025,0,Dukung Program MBG #IndonesiaMaju https://t.co/zfy0dMJzJP,1939700108880421266,,,in,,0,0,0,https://x.com/undefined/status/1939700108880421266,1661896883483316225,
1939671016688767144,Mon Jun 30 14:37:54 +0000 2025,0,@TxtdariHI Tinggal tunggu aja ada berita kasus korupsi MBG entah di tahun kapan ,1939694891086590423,,TxtdariHI,in,,0,0,0,https://x.com/undefined/status/1939694891086590423,1327189960076578816,
1939687583350677861,Mon Jun 30 14:08:52 +0000 2025,0,Mari dukung program MBG https://t.co/LW1yljNGLp,1939687583350677861,https://pbs.twimg.com/media/Gusnkg3WgAA7inA.jpg,,in,,0,0,0,https://x.com/undefined/status/1939687583350677861,1017018298431463424,
1939662774441013424,Mon Jun 30 12:30:17 +0000 2025,0,Gubernur Bengkulu Helmi Hasan menyatakan kesiapan provinsi itu menjadi daerah yang aktif mendukung arah kebijakan nasional dan proyek strategis nasional seperti program Makan Bergizi Gratis (MBG) dan ketahanan pangan nasional.https://t.co/NLUIW4wCLH,1939662774441013424,,,in,,0,0,0,https://x.com/undefined/status/1939662774441013424,423220305,
1939658680271860064,Mon Jun 30 12:14:01 +0000 2025,46,I hate playing defend buat MBG tapi ini sebenernya ide bagus (kalau eksekusinya bener which I doubt). Amerika Serikat melakukan kayak begini pas masa pandemi dan beberapa negara bagian juga tetap memberikan MBG selama libur musim panas. Cuman bentuknya sembako.,1939658680271860064,,,in,,0,2,4,https://x.com/undefined/status/1939658680271860064,1249662133916192768,
1939657339550027876,Mon Jun 30 12:08:41 +0000 2025,1,Bikin gedung ini pasti mahal Chile memboroskan anggaran negara utk bangunan tak guna Cuman kamera raksasa emangnya kalo keliatan galaksi bnyk apaka manusia bs ke sana? Lbh bagus Indonesia gunakan dananya utk MBG Jg buka kran import utk alas makan MBG Sunggu kuweren! ,1939657339550027876,,,in,,0,1,0,https://x.com/undefined/status/1939657339550027876,1366568677592633344,
1939196078102061117,Mon Jun 30 11:37:58 +0000 2025,0,@1200vy5ah3tapy @DS_yantie BGN kembali menegaskan bahwa mereka akan memberikan sanksi yang berat kepada oknum oknum yang membuat nama program mbg ini menjadi jelek Lanjutkan MBG,1939649607505699238,,1200vy5ah3tapy,in,,0,0,0,https://x.com/undefined/status/1939649607505699238,1813050581197725700,
1939594763428130949,Mon Jun 30 08:35:55 +0000 2025,0,@detikcom Kenapa gak dibagikan kepada yang membutuhkan atau jadikan sebagai pelengkap MBG. Atau biar tidak jadi cemburu manusia buat makanan satwa juga bagus. Kasihkan ke bonbin,1939603793861366075,,detikcom,in,,0,0,0,https://x.com/undefined/status/1939603793861366075,1812596576566829056,
1951017341090931153,Thu Jul 31 20:29:16 +0000 2025,0,Mbak2 depan rumah tiap hari berangkat jam 3an gini buat MBG. Kira2 udah abis berapa tolak angin ya ?,1951017341090931153,,,in,,0,0,0,https://x.com/undefined/status/1951017341090931153,54473273,
1951013855817261538,Thu Jul 31 20:15:25 +0000 2025,0,oon girl thing. baru kepikiran jawaban debat pas subuh why didnt i mention pernyataan ahok soal mbg.... padahal blt tuh bisa bgt dikasih lgsg ke masing-masing ortu and much better if their parents cooked the food not uang berangsur yang ada celah korupsi (anyone can),1951013855817261538,,,in,,0,0,0,https://x.com/undefined/status/1951013855817261538,1285621195996409856,
1950249309502398713,Thu Jul 31 16:29:20 +0000 2025,1,@nami_singkat @hermionyyye Keluarga dan teman2ku yg dulu dukung skrg lagi pada sibuk komentarin MBG :)) Kan dari dulu program ini udh dikampanyekan knp ga mikirrr duluu?? ,1950956959076921528,,nami_singkat,in,,0,0,0,https://x.com/undefined/status/1950956959076921528,1567899572130951173,
1950856643023089875,Thu Jul 31 15:43:28 +0000 2025,0,@Tesahyung kesel soalnya mbg skola ak jelek,1950945416020930739,,Tesahyung,in,,0,0,0,https://x.com/undefined/status/1950945416020930739,1646364352960921601,
1950575545365971294,Thu Jul 31 15:35:29 +0000 2025,0,@AP22584666 @BebySoSweet AP22584666 Berdasarkan konteks gambar tampaknya merujuk pada pemerintah Indonesia. Saya setuju ada manfaat seperti program kesehatan gratis (MBG) dan bantuan pangan untuk jutaan warga. Namun kebijakan efisiensi anggaran 2025 dikritik karena memotong tunjangan ASN menimbulkan,1950943407494566179,,AP22584666,in,,0,0,0,https://x.com/undefined/status/1950943407494566179,1720665183188922368,
1950830475167383859,Thu Jul 31 14:29:40 +0000 2025,0,@Maudy_Apain @mickolv_idas @BobbyPatriotCat @prabowo @are_inismyname @florieliciouss @BANGSAygSUJUD @99propaganda @Kimberley_PS08 @IrawanRommi @DarekaRendy Ngapain gue baca TL lu? Penting??? Pemuja buta? MBG ada gue kritik.. Baca aja TL gue.. Kan lu sering caper ke akun gue Jawab aja disini,1950926843873198096,,Maudy_Apain,in,,0,2,0,https://x.com/undefined/status/1950926843873198096,1289954556411969537,
1950913114914033780,Thu Jul 31 13:35:07 +0000 2025,13,Australia Bakal Bantu Program MBG Dukung Prabowo Wujudkan Swasembada Pangan https://t.co/C9s3O4KP9w,1950913114914033780,,,in,,0,1,3,https://x.com/undefined/status/1950913114914033780,1289954556411969537,
1950843885846143203,Thu Jul 31 13:22:15 +0000 2025,0,@ARSIPAJA Makanan Bergizi Gizinya kemana? Pengelolaan MBG diduga bermasalah pendanaannya yang fantastis rawan digerogoti korupsi Tidak ada Evaluasi Perencanaan dan Standarisasi...Proyek Korupsi @prabowo Keracunan Makanan masih terjadi dan Pemerintah tidak berbuat apa-apa,1950909875153756252,,ARSIPAJA,in,,0,0,0,https://x.com/undefined/status/1950909875153756252,64605516,
1950899790386204976,Thu Jul 31 12:42:10 +0000 2025,2,Australia Ingin Bantu Program MBG dan Dukung Swasembada di Indonesia https://t.co/IEEhtjVADD,1950899790386204976,,,in,,0,0,0,https://x.com/undefined/status/1950899790386204976,848614550,
1950860296492360149,Thu Jul 31 12:11:41 +0000 2025,2,@VIVAcoid Habis ini muncul data anak anak menjadi lebih sehat dan tingkat absensi Krn sakit hampir nol persen sejak ada program ini. Tahun depan muncul data rata rata IQ nasional naik drastis Sungguh luar biasa program ini!! Begitulah kira kira statement nyinyir yg gak setuju MBG,1950892116529348820,,VIVAcoid,in,,0,0,1,https://x.com/undefined/status/1950892116529348820,1397457447313231873,
1950879111406108933,Thu Jul 31 11:20:00 +0000 2025,8,Australia Bakal Bantu Program MBG Dukung Prabowo Wujudkan Swasembada Pangan https://t.co/zo1hdsr5ZS,1950879111406108933,,,in,,1,10,1,https://x.com/undefined/status/1950879111406108933,71436318,
1950852189850931326,Thu Jul 31 09:34:48 +0000 2025,2,@nntweetnn Saya setuju ini keterlaluan. Program MBG dimaksudkan tingkatkan gizi anak tapi laporan dari BBC CNN dan sumber lain tunjukkan ribuan siswa keracunan sejak 2025 akibat pengawasan buruk. PPATK blokir rekening juga rugikan rakyat seperti kasus akses dana medis terhambat. Rezim,1950852636741345665,,nntweetnn,in,,0,1,0,https://x.com/undefined/status/1950852636741345665,1720665183188922368,
1962194420360696192,Sun Aug 31 17:28:56 +0000 2025,0,Sekian menit tak menyinggung sama sekali tentang kebijakannya sendiri padahal demonstran muaknya itu akumulatif. Termasuk kebijakan Prabowo yg menuai banyak kritik misalnya Kenaikan pajak MBG Efisiensi anggaran dll.,1962205978868498822,,afi_fillah,in,,0,1,0,https://x.com/undefined/status/1962205978868498822,550753288,
1961431327963521522,Sun Aug 31 16:18:24 +0000 2025,0,@buyungaqua @yappingfess MBG berhasil? Sebanyak itu protes kamu bilang berhasil? Sebanyak itu anak keracunan kamu bilang berhasil? Sekali lagi aku bilang fakta di lapangan yg berbicara kalo kamu buzzer aku gk kaget kamu belain mereka segininya tapi sekali lagi fakta di lapangan yg berbicara paham?,1962188230843064507,,buyungaqua,in,,0,1,0,https://x.com/undefined/status/1962188230843064507,1075989101310967810,
1962173658639778051,Sun Aug 31 15:20:30 +0000 2025,0,Koperasi merah putih MBG beracun Food estate . Sebenarnya banyak program Prabowo yg gagal (dan digagalkan) Tapi para pembantunya gak ada yg melaporkan apa adanya . @Prabowo hidup di engineered skizofernia yg dibuatnya sendiri,1962173658639778051,,,in,,0,0,0,https://x.com/undefined/status/1962173658639778051,784648628,
1961962394755948919,Sun Aug 31 15:19:05 +0000 2025,2,@Heraloebss Dukung padahal dr sejarahnya yg 98 dia kabur dr masalah ke Yordania. Terus skrng selain program kesehatan gratis itu apa yg perlu diapresiasi dr program Prabowo coba sebut. Nyebut MBG gua anggap lu ga sejalan ama apa yg lu tulis diatas,1962173301452943717,,Heraloebss,in,,0,1,0,https://x.com/undefined/status/1962173301452943717,781175338256572416,
1962168918044553665,Sun Aug 31 15:01:40 +0000 2025,1,((merusak fasum berarti menghamburkan uang rakyat)) bagaimana program MBG bapak yg gagal tapi dipaksa tetap jalan itu?????,1962168918044553665,,,in,,0,0,0,https://x.com/undefined/status/1962168918044553665,479443734,
1962167008377831829,Sun Aug 31 14:54:04 +0000 2025,0,静火。Terima kasih Anneth udah bikinin layout bagus versi MBG ini. So happy to be one of the lucky players. @annthtre https://t.co/io1IUCDqND,1962167008377831829,https://pbs.twimg.com/media/GzsEfsIaQAEJOKb.jpg,,in,,2,0,0,https://x.com/undefined/status/1962167008377831829,2148727549,
1962152159925203204,Sun Aug 31 13:55:04 +0000 2025,0,MBG itu hanya akal akalan Prabowo untuk memberikan proyek kepada timsesnya ketika nyapres terbukti dapur MBG dimiliki pengusaha yg dekat dengan Prabowo .MBG syarat korupsi lebih baik dana MBG dialihkan ke program penyerapan tenaga kerja Toh menunya cuma tempe dan telur doang,1962152159925203204,,,in,,0,0,0,https://x.com/undefined/status/1962152159925203204,1609218415423795200,
1962098980449579014,Sun Aug 31 13:50:41 +0000 2025,5,@txtdaritng Bisa bisanya blg Indonesia di ambang kebangkitan saat pajak PBB bbrp daerah naik hingga 1000% PPN naik BPJS mau dinaikkan anggaran pendidikan dipotong untuk MBG Bagi bagi jatah komisaris kepada penjilat korupsi ratusan Triliun menteri dan dewan nirempati,1962151055241953515,,txtdaritng,in,,0,0,1,https://x.com/undefined/status/1962151055241953515,1581529413275258880,
1961431327963521522,Sun Aug 31 13:44:37 +0000 2025,1,@echantukubakso @yappingfess lu yang belum bisa terima fakta apa sengaja tutup mata? buka mata mbak banyak yang udah di jalanin programnya untuk MBG itu dana dari pemerintah udah turun dengan sangat baik tinggal di setiap daerah aja ada yang di korupsi atau tidak dana nya.,1962149530977399158,,echantukubakso,in,,0,1,0,https://x.com/undefined/status/1962149530977399158,1793375177117724676,
1962143363731501161,Sun Aug 31 13:20:07 +0000 2025,0,program wowo ga ada yg bagus mbg ke bukti ngandung minyak babi dan ngabisin duit sampe triliunan alias babi buang buang duit anjg program dia yg lain ingin menciptakan 19jt lapangan kerja mungkin maksud dia buat orang orangnya doang.,1962143363731501161,,,in,,0,0,0,https://x.com/undefined/status/1962143363731501161,1806576522620542976,
1962035794430119956,Sun Aug 31 12:44:42 +0000 2025,0,@Supri_Sinto @sharpandshark MBG IKN dan hutang negara... Udh tau negara ngutang masih banyak yg korupsi.. kan sinting...,1962134449136767255,,,in,,0,0,0,https://x.com/undefined/status/1962134449136767255,1151677745321005057,
1972915513199395016,Tue Sep 30 23:49:57 +0000 2025,0,@AnggiCartwheel bingung dah asli sbnrnya prioritas mbg tuh siapa? yg diduluin yg di kota sekolah2 bagus yg dmna isinya anak2 yg ortunya mampu. yg di pelosok di kampung yg siswanya bnyak dri keluarga miskin smpe miskin bgt smpe skrg blm kebagian mbg,1973173504553136154,,AnggiCartwheel,in,,0,1,0,https://x.com/undefined/status/1973173504553136154,1093961130,
1972651496161608095,Tue Sep 30 23:27:55 +0000 2025,0,@BiLLRaY2019 Ya kalo ini sih ane setuju. MBG lebih baik dialokasikan bagi siswa yang kurang mampu atau mungkin untuk sekolah daerah 3T. Kalo sekolah swasta elit ya jelas ngga level. Maap2 ni ya Pak Prabz.,1973167956843700360,,BiLLRaY2019,in,,0,0,0,https://x.com/undefined/status/1973167956843700360,159095749,
1972823722949325064,Tue Sep 30 23:24:41 +0000 2025,0,@Metro_TV Ini maksudnya mindahin MBG ke kantin sekolah... bagus. Membagi 1 titik 3000 sd 4000 ke titik yg lebih kecil akan mempermudah pengawasan,1973167143152988499,,Metro_TV,in,,0,0,0,https://x.com/undefined/status/1973167143152988499,173773661,
1973044630892765424,Tue Sep 30 23:06:50 +0000 2025,11,@sharpandshark Tuuh Dengerin pak @prabowo #BubarkanBGN #StopMBG Dengan menghentian MBG berarti sudah menyelamatkan APBN dari ancaman KORUPSI TRILLIUNAN RUPIAH. RAKYAT HARUS WASPADA BIAYA PENDIDIKAN MAKIN SUSAH.,1973162650965299576,,sharpandshark,in,,0,0,3,https://x.com/undefined/status/1973162650965299576,1867466746690695168,
1973160993451811190,Tue Sep 30 23:00:15 +0000 2025,0,Ini yang bikin rakyat tidak setuju MBG. Makin sini makin ngawur saja ni pemerintah...,1973160993451811190,,,in,,0,0,0,https://x.com/undefined/status/1973160993451811190,119703900,
1973157325046423595,Tue Sep 30 22:45:40 +0000 2025,4,SERUAN AKSI Koalisi Warga Tolak MBG mengajak bergabung dalam aksi bersama: ️ Rabu 1 Oktober 2025 ⏰ 09.30 12.00 WIB Seberang Istana Negara Jangan lupa bawa: Panci &amp; alat dapur Payung/jas hujan Bekal makanan bergizi yang beneran bergizi #TolakMBG,1973157325046423595,,,in,,0,1,2,https://x.com/undefined/status/1973157325046423595,275838322,
1972641859857186917,Tue Sep 30 22:29:52 +0000 2025,0,@Top8rendusara Setuju bang kalau ada yang salah kita perbaiki.... MBG oke gas,1973153347340480624,,Top8rendusara,in,,0,0,0,https://x.com/undefined/status/1973153347340480624,1866287727123337216,
1983867767335088347,Fri Oct 31 22:54:25 +0000 2025,0,@bakuldimsum_ Gunanya 5jt nih kemarin si paling BGN. Lucunya MBG mah bukan MBG namanya udah jd sesuatu yg ngeracunin anak org. Tp masih ae di gas secara lahan basah untuk korupsi bayangin brp Triliun sehari anggarannya dn yg menikmati para pejabat dan keluarganya jg.,1984393551418151080,,bakuldimsum_,in,,0,0,0,https://x.com/undefined/status/1984393551418151080,1450056695728664576,
1984029913855488383,Fri Oct 31 22:53:41 +0000 2025,0,@ImeldaTheQueen Gali lubang tutup lubang Percuma Purbaya bersih bersih uang korupsi di kumpulkan untuk korupsi proyek yg lebih besar oleh Bos nya ! MBG IKN KCP hak Bandung Surabaya! Londo ireng pesek yg brengsek ! Kasihan rakyat Indo,1984393367510491347,,ImeldaTheQueen,in,,0,0,0,https://x.com/undefined/status/1984393367510491347,1647761274661670912,
1984084196982161772,Fri Oct 31 22:06:49 +0000 2025,0,@tanyarlfes Nyari-nyari alasan untuk refreshing setelah dihujani kritik MBG beracun,1984381571647074396,,tanyarlfes,in,,0,0,0,https://x.com/undefined/status/1984381571647074396,1835668063133589504,
1984326847073837327,Fri Oct 31 18:29:22 +0000 2025,0,MBG ni bisa bagus klo bner2 mateng dipikirin abcdz,1984326847073837327,,,in,,0,0,0,https://x.com/undefined/status/1984326847073837327,1816828930667761664,
1984318452765770121,Fri Oct 31 17:56:00 +0000 2025,0,salut buat Polri yang terus jaga kualitas makanan MBG! Langkah positif dukung program Pak Prabowo. Maju terus demi generasi sehat dan kuat https://t.co/xyPvlOa8KT,1984318452765770121,https://pbs.twimg.com/ext_tw_video_thumb/1984318325783203841/pu/img/9st9riTZRQJ2cDrB.jpg,,in,,0,0,0,https://x.com/undefined/status/1984318452765770121,1570581709,
1984315690736893995,Fri Oct 31 17:45:02 +0000 2025,0,polri emg keren bgt ya! Dukung 100% usaha jaga mutu MBG demi suksesnya langkah hebat Prabowo. Maju terus buat negeri https://t.co/zZXs8POhEM,1984315690736893995,https://pbs.twimg.com/ext_tw_video_thumb/1984315588051910656/pu/img/Qy80zOoaAJLQt7W3.jpg,,in,,0,0,0,https://x.com/undefined/status/1984315690736893995,2617343672,
1984308303070183609,Fri Oct 31 17:15:40 +0000 2025,0,wah mantap Polri turut serta pastikan makanan MBG terjaga kualitasnya. Langkah cerdas dukung Prabowo! Rakyat jadi tambah sehat lanjutkan kerja hebatnya https://t.co/VV2LRQHFZy,1984308303070183609,https://pbs.twimg.com/ext_tw_video_thumb/1984308233306324992/pu/img/ap6a2xkIdI2DtWQK.jpg,,in,,0,0,0,https://x.com/undefined/status/1984308303070183609,111969071,
1984101285843628338,Fri Oct 31 17:07:11 +0000 2025,0,@randomable_ gamau disalahin ya ini g ad yg mau tolak ato berhentiin aj gt d skolahnya g ush trima mbg lgi,1984306167666131377,,randomable_,in,,0,0,0,https://x.com/undefined/status/1984306167666131377,47306348,
1984113229178794404,Fri Oct 31 16:47:04 +0000 2025,0,@noucampline Wah konten bagus..bs dpt 5jt dr MBG,1984301103547371547,,noucampline,in,,0,0,0,https://x.com/undefined/status/1984301103547371547,4922595162,
1984293058272452929,Fri Oct 31 16:15:06 +0000 2025,0,go Polri! Menjaga kualitas makanan MBG itu langkah penting buat dukung Prabowo. Teruskan kerjanya https://t.co/LKjPcvwAQb,1984293058272452929,https://pbs.twimg.com/ext_tw_video_thumb/1984292995890610176/pu/img/BpaJrE0qMDFv90wu.jpg,,in,,0,0,0,https://x.com/undefined/status/1984293058272452929,1016311950979067904,
1984277212875698258,Fri Oct 31 15:12:08 +0000 2025,1,Istana: Tim Koordinasi MBG Bukan Gantikan Peran BGN tapi Dukung Implementasi Program Nasional https://t.co/mEXzBZffcM,1984277212875698258,,,in,,0,0,0,https://x.com/undefined/status/1984277212875698258,1769017497125339136,
1984269504424333676,Fri Oct 31 15:11:17 +0000 2025,0,@liyy____ dukung kajol 2030 megang mbg,1984277000660644301,,,in,,0,0,0,https://x.com/undefined/status/1984277000660644301,1391248938385039363,
1983918997595648096,Fri Oct 31 15:10:42 +0000 2025,1,@noahsebastian__ @landonoffish Trs gongnya ternyata okky jelly drink blm rilis pas dia sd Segitunya belain mbg yg jelek itu,1984276853541187668,,noahsebastian__,in,,0,0,0,https://x.com/undefined/status/1984276853541187668,1195400129743732736,
1983775738525634990,Fri Oct 31 14:43:07 +0000 2025,1,@QueenSilence_ nanti klo sekolah nya ga bagus lalu zero accident MBG pasti kalimat nya jadi gini : percuma siswa dapat MBG klo sekolah nya mau ambruk yakan ?,1984269911355769032,,QueenSilence_,in,,0,1,0,https://x.com/undefined/status/1984269911355769032,1427095335084515333,
1984269171199541741,Fri Oct 31 14:40:11 +0000 2025,0,Keduanya jelek akhlak dan perilaku (kasus belain MBG dan ngatain bocil) penyepong rezim songong final boss. Kata gw mah deserved . Kalau kata orang jawa kapokmu kapan .,1984269171199541741,,,in,,0,0,0,https://x.com/undefined/status/1984269171199541741,1700114956530909184,
1995062956384805102,Sun Nov 30 23:08:55 +0000 2025,0,@mugglew1nss @tubirfess secara garis besar ekonomi tumbuh sama banyak bembenahan di dalam pemerintahan. yang aku sering amati ada di keseriusan ri1 berantas korupsi reformasi di beberapa kementerian terakhir mbg. semua gak perfect cuman kalau di lihat efek jangka panjang bakalan bagus kedepannya,1995268836007067974,,mugglew1nss,in,,3,2,0,https://x.com/undefined/status/1995268836007067974,1264401330040270848,
1995268110946099476,Sun Nov 30 23:06:02 +0000 2025,0,langkah bagus BGN buka hotline bisa bikin masyarakat lebih aktif kasih feedback buat MBG https://t.co/u6WCnQievY,1995268110946099476,https://pbs.twimg.com/media/G7CdxR0bEAAJ0jE.jpg,,in,,0,0,0,https://x.com/undefined/status/1995268110946099476,1381673750,
1995241996643074526,Sun Nov 30 21:22:16 +0000 2025,0,langkah bagus BGN buka hotline. Makin mudah akses info MBG. Keep up the good work Bu Nanik https://t.co/o7cQXQHyr7,1995241996643074526,https://pbs.twimg.com/media/G7CGBLxboAEa2BA.jpg,,in,,0,0,0,https://x.com/undefined/status/1995241996643074526,2272127095,
1994945109453144356,Sun Nov 30 17:04:14 +0000 2025,0,@AirinDatangLagi @prabowo Dukung MBG membantu korban banjir,1995177060747424017,,AirinDatangLagi,in,,0,0,0,https://x.com/undefined/status/1995177060747424017,1283815459792416768,
1995171008089854346,Sun Nov 30 16:40:11 +0000 2025,1,Jenazah numpuk di mesjid ga bisa unt diidentifikasi karena jalan putus dimana mana Satu dua yg kritis berhasil dibawa pakai heli ke pdg Kau @prabowo Kalau ingin proyekan mbg MESTI NONSTOP silahkan!! Minimal biarkan Sumatera dapat bantuan negara lain! https://t.co/FkLQBCOwh3,1995171008089854346,,,in,,0,0,0,https://x.com/undefined/status/1995171008089854346,1915314237058293760,
1994210227063763146,Sun Nov 30 16:27:50 +0000 2025,0,@Jateng_Twit Pasti kolega Gerindra ga setuju Karn usaha MBG mereka ditutup ,1995167899233988749,,Jateng_Twit,in,,0,0,0,https://x.com/undefined/status/1995167899233988749,928118235572011008,
1994912395144335704,Sun Nov 30 15:06:26 +0000 2025,0,@riefsme @susno2g @PurbayaYudhi @KemenkeuRI @DitjenAnggaran @xMBGx @KPK_RI @tribunnews @Kemdikdasmen @KompasTV @tempodotco @prabowo setuju! disekolah2 swasta ttu jauh sblm ada MBG program spt itu sdh berjalan dgn baik tanpa pernah ada kontaminasi racun . jika MBG beracun 11jt% ada yg menyengaja agar program tsb gagal dan berujung utk deskriditkan nama penggagasnya,1995147416451064159,,riefsme,in,,0,0,0,https://x.com/undefined/status/1995147416451064159,1319546397159350272,
1994210227063763146,Sun Nov 30 15:00:11 +0000 2025,1,@Jateng_Twit @elpoghu Setuju banget. Kantin sekolah gulung tikar n pedagang kecil diseputar sekolahan juga bangkrut yg jaya yg jd rekanan MBG untung besar hanya pemodal kuliner itu.,1995145844040089801,,Jateng_Twit,in,,0,0,0,https://x.com/undefined/status/1995145844040089801,1105387569812889601,
1995139125431894053,Sun Nov 30 14:38:18 +0000 2025,0,@eclippseo sptnya mbg di barak bagus,1995140335140540787,,eclippseo,in,,0,0,0,https://x.com/undefined/status/1995140335140540787,1746051264759398400,
1994677564049350832,Sun Nov 30 14:32:46 +0000 2025,0,@QianzyZ Setuju gara² mbg ayam potong di pasar Deket rumah gue kosong ini konyol tapi kenyataan. Karena semua ayamnya di beli dapur mbg jadi ayam di harga nyaris 40k ga mau turun sama kek mau lebaran. Ngebuat kestabilan pangan juga sedikit Morat-marit wkwk,1995138944779075691,,QianzyZ,in,,0,0,0,https://x.com/undefined/status/1995138944779075691,1897150182053339136,
1994723011455586794,Sun Nov 30 14:10:17 +0000 2025,1,@tempodotco Betul. Nyata - NyataKorban keracunan massal MBG - Nyata ilegal logging - Nyata gagal lolos piala dunia - Nyata bungkam terhadap 2 aktivis yang hilang dan ditemukan meninggal - Nyata kerusakan hutan,1995133285882814871,,tempodotco,in,,0,0,0,https://x.com/undefined/status/1995133285882814871,565162548,
1994677564049350832,Sun Nov 30 13:55:27 +0000 2025,0,@QianzyZ Serba salah ya mo diuangkan takut uangnya ga digunakan selayaknya ga diuangkan di korupsi sm onoh makanan mbg nya yg murah2 ajan,1995129551115219361,,QianzyZ,in,,0,0,0,https://x.com/undefined/status/1995129551115219361,1037719116457467904,
2005893447715283410,Tue Dec 30 23:08:01 +0000 2025,0,@Zeefire02 Hapuskan mbg hanya bikin sarang korupsi. Yg punya rata² anggota dewan kabupaten. Alihkan salurkan berupa usng biar orang tuanya yg nyiapin menuh anaknya karena ortu lebih paham dg selera anaknya.,2006140247013314834,,Zeefire02,in,,0,0,0,https://x.com/undefined/status/2006140247013314834,1012647353164095489,
2005266200641916966,Tue Dec 30 23:04:41 +0000 2025,0,@intinyadeh ntar buzzer nya ngomong kritik mbg pergi aja dari indonesia GILAK,2006139406587949509,,intinyadeh,in,,0,0,0,https://x.com/undefined/status/2006139406587949509,91746695,
2006133820853006687,Tue Dec 30 22:42:29 +0000 2025,0,Gila sih korupsinya dimana2. MBG ini jadi bancakan korupsi dari atas sampai bawah.,2006133820853006687,,,in,,0,0,0,https://x.com/undefined/status/2006133820853006687,1240285357897220096,
2005504048175411438,Tue Dec 30 22:15:27 +0000 2025,0,@nidaaah__ @white_lyly @tempodotco Bagus sih klo buat MBG yg 3B (Bumil Balita NP Busui) tapi klo yg sekolah kan agak riskan berpeluang mubazir klo ditinggal pulang kampung &amp; gak diambil,2006127015955456046,,nidaaah__,in,,0,0,0,https://x.com/undefined/status/2006127015955456046,1510484754411683841,
2006126945814061273,Tue Dec 30 22:15:10 +0000 2025,0,baru bangun langsung liat berita aktivis dikirimin bangkai ayam ibu ibu di intimidasi karna kritik mbg sigh,2006126945814061273,,,in,,0,1,0,https://x.com/undefined/status/2006126945814061273,1202799187445727233,
2005893447715283410,Tue Dec 30 22:05:20 +0000 2025,0,@Zeefire02 MBG hanya kedok untuk korupsi makanya tidak ada gizi di MBG sudah bnyk kasus MBG tpi tidk ada tindakan KENAPA?krn MBG milik pejabat!!!,2006124470000312725,,Zeefire02,in,,0,0,0,https://x.com/undefined/status/2006124470000312725,1960597253833547776,
2003395700672069926,Tue Dec 30 20:20:23 +0000 2025,0,@nbpribadi @dita_septian10 @mardiasih Rakyat gak Bayar pajak 1 negara juga bubar ini Rakyat ini atasan presiden gak usah ngejilat rezim terus kalau kerjanya bener mah gpp kerja di bagus-bagusin.... Noh viral menu MBG MINUMAN RASA SUSU ,2006098061315936264,,nbpribadi,in,,0,1,0,https://x.com/undefined/status/2006098061315936264,1886289669782167552,
2005512589271572656,Tue Dec 30 18:49:36 +0000 2025,11,@kangwaqfi2 MBG ini tdk lbh dr ladang utk korupsi krn saat liburan pun mrk ttp membagi2 MBG tujuan nya satu krn mrk ingin dpt keuntungan per porsi sdh jelas memang 1 bln anak tdk makan dr MBG lgs kurang gizi jadi bego yg ada otak kalian yg dungu dan ingin mengkorupsi dana MBG,2006075214116053468,,kangwaqfi2,in,,0,0,1,https://x.com/undefined/status/2006075214116053468,399281533,
2006061113281241351,Tue Dec 30 17:53:34 +0000 2025,0,Infrastruktur siap! Ribuan titik pelayanan gizi disiapkan Polri untuk dukung program MBG. Bukti Polri adaptif dan responsif dukung kebijakan pemerintah. #PolriUntukMasyarakat https://t.co/j5UrEzs7TM,2006061113281241351,,,in,,0,0,0,https://x.com/undefined/status/2006061113281241351,956712330,
2005931173713994133,Tue Dec 30 17:51:39 +0000 2025,3,@rubiagatra Suplai telur yang standar bagus disedot MBG. Dipasaran tinggal sisa-sisa. Swalayan besar mungkin ada tapj juga terbatas.,2006060629703196704,,rubiagatra,in,,0,1,1,https://x.com/undefined/status/2006060629703196704,402732964,
2006011541607284741,Tue Dec 30 17:37:45 +0000 2025,1,@salam4jari Kritik menu MBG pun kena mental sakit!,2006057130902904848,,salam4jari,in,,0,0,0,https://x.com/undefined/status/2006057130902904848,1857590472,
2005903256619299324,Tue Dec 30 17:36:11 +0000 2025,21,@raihanaulia_rar bagian mananya eii...gw nangkepnya ni lagu ngatain yang dukung programnya wowok. ((negri stunting dan kurang gizi)) = woro² mbg pas debat capres. ((pada sok tau dan juga belagu)) = ni kekny yang pas kasus apa ya itu trus pejabatnya bilang jangan sok tau ,2006056735329386548,,raihanaulia_rar,in,,0,2,0,https://x.com/undefined/status/2006056735329386548,1794130067108556800,
2005809904616104114,Tue Dec 30 17:17:38 +0000 2025,1,@FukusimaX @ferizandra Kemarin nemu Komen mbg tuh presiden semua yang rancang padahal pas banyak keracunan bilangnya presiden ga tau apa2. Terus ada lagi yang bilang bantuan bencana tuh pribadi dari presiden pas ku komen kalo semua pribadi berarti negara gagal dia ilang ,2006052068520591473,,FukusimaX,in,,0,0,0,https://x.com/undefined/status/2006052068520591473,1268749532310802432,
1885452300065673243,Fri Jan 31 22:51:35 +0000 2025,0,@w1zardgentleman Pns lagi pada ngeluh penghematan anggaran juga bukan? All in ke makan bergizi gratis kayaknya duitnya lmao,1885460949374738603,,w1zardgentleman,in,,0,1,0,https://x.com/undefined/status/1885460949374738603,1642897824,
1885425933903077596,Fri Jan 31 20:32:26 +0000 2025,0,sumpah ya apa sih urgensi makan bergizi kalo anggaran yg perlu tuh dipotong semua? punya presiden kok bego betul yaallah dosa apa sih gue :(,1885425933903077596,,,in,,0,0,0,https://x.com/undefined/status/1885425933903077596,1111481724423163911,
1885309557661991277,Fri Jan 31 17:40:13 +0000 2025,0,@tempodotco Abis anggaran buat Makan Bergizi Gratis,1885382591324495898,,tempodotco,in,,0,0,0,https://x.com/undefined/status/1885382591324495898,64605516,
1885244181666238845,Fri Jan 31 16:12:06 +0000 2025,0,@tanyarlfes Lu bisa hemat Rp. 7500 lumayan itu kok pada komplen attitude driver jelek lah bau rokok lah mobil kotor lah Itu satu porsi Makan Bergizi Gratis ngasih makan 1 generasi muda penerus bangsa! Kalau ga setuju berarti elu Pe'a dan akan gue TABOK pake otot kawat tulang besi gue!,1885360419180888096,,tanyarlfes,in,,0,0,0,https://x.com/undefined/status/1885360419180888096,1542850505491513346,
1885354410316112131,Fri Jan 31 15:48:14 +0000 2025,0,Senangnya anggaran makan bergizi gratis melonjak jadi 171 Triliun. Semoga manfaatnya bisa sampai ke semua kalangan #MBGDorongEkonomi,1885354410316112131,,,in,,0,0,0,https://x.com/undefined/status/1885354410316112131,1519496298734383104,
1885352509096808500,Fri Jan 31 15:40:40 +0000 2025,0,Ada anggaran 171 Triliun buat makan bergizi gratis. Yuk manfaatkan dukungan ini untuk kesehatan kita #MBGDorongEkonomi,1885352509096808500,,,in,,0,0,0,https://x.com/undefined/status/1885352509096808500,1703686301713874944,
1885351999316906230,Fri Jan 31 15:38:39 +0000 2025,0,Anggaran 171 triliun untuk program makan bergizi gratis adalah langkah maju untuk generasi sehat #MBGDorongEkonomi,1885351999316906230,,,in,,0,0,0,https://x.com/undefined/status/1885351999316906230,1702215511147503616,
1895467452445929510,Fri Feb 28 14:24:39 +0000 2025,1,@prabowo Dimaafkan kalo: Hukum mati para koruptor kalo mau efisiensi anggaran caranya rampingin kabinet bukan nambah staffsus gak guna jangan korbanin pendidikan hanya demi makan bergizi gratis,1895480237867348103,,prabowo,in,,0,0,0,https://x.com/undefined/status/1895480237867348103,1207848126343565313,
1895449673705631897,Fri Feb 28 12:23:12 +0000 2025,0,Kepala Badan Gizi Nasional (BGN) Dadan Hindaya menyatakan bahwa anggaran operasional untuk program Makan Bergizi Gratis (MBG) di daerah tertinggal terdepan dan terluar (3T) sepenuhnya ditanggung oleh Pemerintah Pusat. https://t.co/9fPz9y6Xzl,1895449673705631897,,,in,,0,0,0,https://x.com/undefined/status/1895449673705631897,18071520,
1895419236002271687,Fri Feb 28 10:22:15 +0000 2025,0,Mungkinkah Indonesia Bisa Beralih ke Pembangkit Nuklir di 2032? Anggaran program Makan Bergizi Gratis (MBG) hanya cukup sampai Juni 2025.,1895419236002271687,,,in,,0,1,0,https://x.com/undefined/status/1895419236002271687,1311183942037327872,
1895377693363052739,Fri Feb 28 10:07:08 +0000 2025,0,@AirinDatangLagi Di mana makan bergizi gratis tu ... Di SD atau SMP yg di pedesaan rasanya belum ada .. Sudah puasa nanti libur panjang lagi .. namun MBG tu tak kunjung jua kecuali anggaran nya tetap dan habis ?,1895415430359257377,,AirinDatangLagi,in,,0,0,0,https://x.com/undefined/status/1895415430359257377,1432334199625641984,
1894757656080081193,Fri Feb 28 09:23:54 +0000 2025,0,@dava_hq @TOM5helby eh iya ya.. MBG... juga bunyinya ya... Makan Bergizi Gagal pdhl kt adeknya 2 kali sehari pagi dan siang.MBG...nya . ‼️ https://t.co/UkaTk7nDbv,1895404549298651646,https://pbs.twimg.com/ext_tw_video_thumb/1895404456482889728/pu/img/K2pggUa6x7GumZId.jpg,dava_hq,in,,0,0,0,https://x.com/undefined/status/1895404549298651646,1269299199373217792,
1895051499253969254,Fri Feb 28 05:57:44 +0000 2025,0,@BBCIndonesia Yang dibutuhkan sekali itu pendidikan gratis bukan makan bergizi gratis sebagai alasan untuk efisiensi anggaran (kecuali coklat dan Ijo).,1895352669386277342,,BBCIndonesia,in,,0,0,0,https://x.com/undefined/status/1895352669386277342,1914512449,
1895287883386560734,Fri Feb 28 01:40:18 +0000 2025,0,PELAJAR PAPUA TOLAK MAKAN BERGIZI GRATIS LEBIH MEMILIH SEKOLAH GRATIS. P... https://t.co/rwsTKf4fCo via @YouTube -PAPUA NUKU.,1895287883386560734,,,in,,0,0,0,https://x.com/undefined/status/1895287883386560734,1727048834075783168,
1895265122995839125,Fri Feb 28 00:13:40 +0000 2025,0,ohhhh jd awalnya tuh protes program kerja sama id-jp for makan bergizi. terus org jpg ini protes kek yee kocak disini aja belum bener lu mau bantuin orang,1895266081377526175,,shadowofspring_,in,,0,0,0,https://x.com/undefined/status/1895266081377526175,1424741811617103876,
1895159745734156712,Thu Feb 27 17:11:08 +0000 2025,0,PELAJAR PAPUA TOLAK MAKAN BERGIZI GRATIS LEBIH MEMILIH SEKOLAH GRATIS. P... https://t.co/XYRgdbFNo5 via @YouTube,1895159745734156712,,,in,,0,0,0,https://x.com/undefined/status/1895159745734156712,334895030,
1906647720347242616,Mon Mar 31 15:11:45 +0000 2025,0,@Matarael Disini di beberapa sekolah dana PIP malah dikorupsi ama oknum2..yg di pemerintah? Proyek makan bergizi 3 bulan ga dibayar. Pejabat mobil mewah hotel mewah.. manusia2 kacau mereka para pengemis suara rakyat. Diluar kekuasaan teriak korupsi.Setelah didalam kekuasaan diem itung duit,1906726115873636845,,Matarael,in,,0,0,0,https://x.com/undefined/status/1906726115873636845,1898732980623024128,
1906720127716077876,Mon Mar 31 14:54:44 +0000 2025,0,Kenapa ya rata-rata pengkritik Makan Bergizi Gratis itu kritiknya ngga substansial? Mana analoginya jelek lagi soal meke-up,1906721831090077899,,arja_raihan,in,,0,0,0,https://x.com/undefined/status/1906721831090077899,1229150657350782976,
1906595421230919919,Mon Mar 31 06:48:17 +0000 2025,1,@namdoyan Ngalahin anggaran makan bergizi gratis ntarrr,1906599410492117377,,namdoyan,in,,0,1,0,https://x.com/undefined/status/1906599410492117377,379044585,
1906597783026729305,Mon Mar 31 06:46:42 +0000 2025,0,@arkecrow Kritik thd Prabowo &amp; Gibran muncul dr revisi UU TNI yg tambah peran militer di jabatan sipil dianggap ancam demokrasi. Program makan bergizi gratis ($28M) juga dikecam krn potong anggaran sektor lain &amp; sulit dibiayai. Plus politik dinasti Gibran anak Jokowi dianggap tak,1906599013584945510,,arkecrow,in,,0,0,0,https://x.com/undefined/status/1906599013584945510,1720665183188922368,
1906437110804193447,Sun Mar 30 20:03:21 +0000 2025,0,Pak @prabowo bohong lagi! MBG malah kacau dan hasilnya banyak vendor yang mengundurkan diri. Bahkan negara lain malah berusaha bikin program makan bergizi yang lebih bermutu daripada program Pak Wowo yang gagal total ini. #MakzulkanPrabowoGibran https://t.co/EzS5Kobl90,1906437110804193447,https://pbs.twimg.com/media/GnUGcugasAAFBsP.jpg,,in,,0,0,0,https://x.com/undefined/status/1906437110804193447,1649211953578127360,
1905728602785603768,Sun Mar 30 09:22:33 +0000 2025,0,@gettarol @txtdrimedia Berdasarkan survei terbaru (Maret 2025) mayoritas publik puas dengan kinerja Prabowo-Gibran (78-87 5%) didukung program seperti Makan Bergizi Gratis. Namun UU militer baru (20 Maret 2025) memicu protes dari aktivis dan mahasiswa yang khawatir akan demokrasi. Realitasnya ada,1906275846110748990,,gettarol,in,,0,0,0,https://x.com/undefined/status/1906275846110748990,1720665183188922368,
1906260250854101037,Sun Mar 30 08:20:35 +0000 2025,0,Makan bergizi gratis klien ditambah anggaran dikurangan warasss ?,1906260250854101037,,,in,,0,0,0,https://x.com/undefined/status/1906260250854101037,1271366028933529600,
1906243823052738685,Sun Mar 30 07:15:18 +0000 2025,0,Makan Bergizi Gratis (MBG) di Papua Di tengah tantangan gizi buruk Program MBG hadir untuk memastikan anak-anak dan kelompok rentan di Papua mendapatkan makanan sehat dan bergizi. #MakanBergiziGratis #SehatBersamaMBG #NutrisiLokalPapua #GenerasiCerdasPapua #DukungMBG https://t.co/tkfJfB7Fqf,1906243823052738685,https://pbs.twimg.com/ext_tw_video_thumb/1906243706547785729/pu/img/TuHYUdVAX5Oh09sa.jpg,,in,,0,0,0,https://x.com/undefined/status/1906243823052738685,1881223177462054912,
1906172508589662441,Sun Mar 30 02:31:55 +0000 2025,514,Populisme Program Prabowo Ekonom Ferry Latuhihin menilai proyek makan bergizi gratis pemerintahan Prabowo Subianto terlalu populis. Penyediaan makan siang untuk 82 juta anak tersebut dikerjakan di tengah anggaran negara yang cekak. Ia juga menyebut pembentukan Danantara bisa https://t.co/eQh5jlyCot,1906172508589662441,https://pbs.twimg.com/media/GnQVyrnbsAELLWG.jpg,,in,,5,27,175,https://x.com/undefined/status/1906172508589662441,18129942,
1906148384748314699,Sun Mar 30 00:56:04 +0000 2025,1,Program Makan Bergizi Gratis (MBG) yang diinisiasi oleh Presiden Prabowo merupakan langkah positif dalam mengatasi masalah kekurangan gizi anak-anak di Indonesia khususnya di bagian Timur #MBG #PAPUA #PRESIDEN #INDONESIA #PRABOWO #BBWomenInMusic Jokowi https://t.co/SBmSQENZpI,1906148384748314699,https://pbs.twimg.com/media/GnP_15IbAAAAcKX.jpg,,in,,0,0,0,https://x.com/undefined/status/1906148384748314699,1603727778050113536,
1906148344734605625,Sun Mar 30 00:55:54 +0000 2025,1,Program Makan Bergizi Gratis (MBG) yang diinisiasi oleh Presiden Prabowo merupakan langkah positif dalam mengatasi masalah kekurangan gizi anak-anak di Indonesia khususnya di bagian Timur #MBG #PAPUA #PRESIDEN #INDONESIA #PRABOWO #BBWomenInMusic Jokowi https://t.co/mkHYlOJAMw,1906148344734605625,https://pbs.twimg.com/media/GnP_xoUbcAAV_ko.jpg,,in,,0,0,0,https://x.com/undefined/status/1906148344734605625,1603727778050113536,
1905886336554246569,Sun Mar 30 00:31:31 +0000 2025,0,@CrussaderKnight @Mdy_Asmara1701 @prabowo Survei terbaru menunjukkan tingkat kepuasan publik terhadap pemerintah Prabowo-Gibran sekitar 72 5% meski protes Maret 2025 mungkin sedikit menurunkannya. Faktor utama kepuasan meliputi Program Makan Bergizi Gratis (MBG) yang disukai 72% responden dan respons pemerintah terhadap,1906142209025384701,,CrussaderKnight,in,,0,0,0,https://x.com/undefined/status/1906142209025384701,1720665183188922368,
1906101502521094358,Sat Mar 29 21:57:30 +0000 2025,0,ada lg perihal efisiensi anggaran makan bergizi dll woylah negara kita itu bukan sekecil otak kau ya butuh masa uji coba butuh penyesuaian butuh strategi yg matang dll aku setuju program tsb msh blm merata blm memuaskan blm berhasil tp plislah gasah menghina segitunya,1906103448095121702,,tiraniagestya,in,,0,1,0,https://x.com/undefined/status/1906103448095121702,630850187,
1905764136056959354,Sat Mar 29 21:41:29 +0000 2025,1,@DS_yantie kas negara yg koaong defisit pemerintah yg gagal makan bergizi yg ga berguna phk dimana mana rupiah yg anjlok kenapa rakyat yg kau perangi,1906099418690195602,,DS_yantie,in,,0,0,0,https://x.com/undefined/status/1906099418690195602,122009945,
1906083944417620460,Sat Mar 29 21:19:13 +0000 2025,100,@dingtonpa @txtdrimedia Makan Bergizi gratis? Menurut saya ini program yg masuk akan dan saya setuju sama programnya yang salahnya adalah cara eksekusi yg terbilang terburu² cek VT bag ferry Irwandi deh. Harusnya scra bertahap dan sistematis tapi ini pengen serentak dgn anggaran ga logis,1906093814948982827,,dingtonpa,in,,3,18,1,https://x.com/undefined/status/1906093814948982827,1552970852505092096,
1917376050528674217,Wed Apr 30 14:47:45 +0000 2025,0,@JamesH03518554 Transparansi anggaran yang diterapkan pemerintah membuktikan keseriusan untuk menjaga akuntabilitas dalam program makan bergizi gratis ini,1917591710034755862,,JamesH03518554,in,,0,0,0,https://x.com/undefined/status/1917591710034755862,1893868809012019201,
1917564905302958515,Wed Apr 30 13:01:14 +0000 2025,2,Wakil Menteri Keuangan Suahasil Nazara mengatakan hingga 29 April 2025 realisasi anggaran untuk Makan Bergizi Gratis sudah mencapai Rp 2 3 triliun. #bisnisupdate #update #bisnis #ignews https://t.co/3RGryjDvO3 https://t.co/PZMdY7Rzv1,1917564905302958515,https://pbs.twimg.com/media/GpyO_njXYAI-Qz_.jpg,,in,,0,0,1,https://x.com/undefined/status/1917564905302958515,759692754985242625,
1917113991664701581,Wed Apr 30 11:56:36 +0000 2025,0,@Kanseulir Tata kelola buruk keliru menyalurkan anggaran hingga dugaan penggelapan mewarnai proyek Makan Bergizi Gratis (MBG). Harus segera dihentikan,1917548638408171996,,Kanseulir,in,,0,0,0,https://x.com/undefined/status/1917548638408171996,64605516,
1917451142969319540,Wed Apr 30 11:55:15 +0000 2025,0,@Arie_Kriting Tata kelola buruk keliru menyalurkan anggaran hingga dugaan penggelapan mewarnai proyek Makan Bergizi Gratis (MBG). Harus segera dihentikan,1917548300234023021,,Arie_Kriting,in,,0,0,0,https://x.com/undefined/status/1917548300234023021,64605516,
1917547461524218260,Wed Apr 30 11:51:55 +0000 2025,1,PEMERINTAH akan meningkatkan alokasi anggaran untuk program Makan Bergizi Gratis (MBG) hingga mencapai Rp171 triliun pada kuartal IV 2025 https://t.co/UBrcgt0Mqx,1917547461524218260,,,in,,2,0,0,https://x.com/undefined/status/1917547461524218260,68930552,
1917103921673515194,Wed Apr 30 11:29:27 +0000 2025,0,@grok @FathRasi @BocorAlusPol @grok kenapa @prabowo tidak segan menegur Hasan Nasbi saat berbuat salah tapi segan menegur Deddy Corbuzier saat berbuat salah saat menghardik siswi yg protes makan bergizi gratis (MBG) beberapa waktu yll. Padahal kesalahannya menurut ku sama-sama fatal,1917541807107498207,,grok,in,,0,1,0,https://x.com/undefined/status/1917541807107498207,85031659,
1917537012313149588,Wed Apr 30 11:10:24 +0000 2025,0,Realisasi Anggaran Makan Bergizi Gratis Capai Rp2 3 Triliun https://t.co/EJKcUVt5BI,1917537012313149588,,,in,,0,1,0,https://x.com/undefined/status/1917537012313149588,1578222594,
1917492039643726216,Wed Apr 30 09:19:49 +0000 2025,0,@johnkasettape Bukan kiamat tapi anugerah karena anak-anak bisa makan bergizi gratis mengenai ada masalah mari kita support pemerintah untuk memperbaikinya Lanjutkan MBG,1917509182728855638,,liebesleidliszt,in,,0,0,0,https://x.com/undefined/status/1917509182728855638,758215573721407489,
1917385916366156265,Wed Apr 30 07:00:21 +0000 2025,0,@raaaaapen @txtdrimedia Mayoritas masyarakat Indonesia puas dengan kinerja Wakil Presiden Gibran Rakabuming Raka dengan survei Rumah Politik Indonesia (18-24 April 2025) menunjukkan 79 8% mendukungnya. Kontribusinya dalam pemberantasan korupsi bantuan akar rumput dan program makan bergizi gratis,1917474087208902675,,willyw0nkas,in,,0,3,0,https://x.com/undefined/status/1917474087208902675,1720665183188922368,
1917153132653461772,Tue Apr 29 16:02:27 +0000 2025,2,@sunghars @ARSIPAJA Kalo bisa nafkahin ga masalah mau punya anak 10 biji banyak anak giliran kurang gizi minta makan bergizi gratis ga sanggup nyekolahin minta sekolah gratis ga sanggup berobat minta berobat gratis bikin doang gampang biayain ga sanggup kasian anaknya mrka butuh hidup yg layak,1917248123287880191,,kiastifaq,in,,0,1,0,https://x.com/undefined/status/1917248123287880191,1556886141634113541,
1917226821420216534,Tue Apr 29 14:37:49 +0000 2025,2,Desakan evaluasi hingga menghentikan Makan Bergizi Gratis (MBG) terus mengemuka menyusul terungkapnya sederet masalah dalam program unggulan Prabowo-Gibran ini. Yang terus berulang adalah kasus pelajar keracunan usai menyantap menu MBG di antaranya terjadi di Cianjur Jawa https://t.co/SqW66zd22E,1917226821420216534,https://pbs.twimg.com/media/GptboIAbUAAG4Z-.jpg,,in,,0,0,0,https://x.com/undefined/status/1917226821420216534,124390203,
1917206031639417240,Tue Apr 29 13:15:12 +0000 2025,1,STAF Divisi Riset Indonesia Corruption Watch (ICW) Eva Nurcahyani menyebut program Makan Bergizi Gratis (MBG) hanya menjadi program untuk menghamburkan uang negara. Ia menilai MBG tidak memenuhi standar gizi dan justru berpotensi menjadi pemborosan anggaran.,1917206031639417240,,,in,,0,0,1,https://x.com/undefined/status/1917206031639417240,68930552,
1917199384724558265,Tue Apr 29 12:48:47 +0000 2025,126,Temuan ICW: Proyek Makan Bergizi Gratis di Jakarta Berjalan Buruk https://t.co/lcei2eRNLQ,1917199384724558265,,,in,,2,2,56,https://x.com/undefined/status/1917199384724558265,18129942,
1917189292545421439,Tue Apr 29 12:11:19 +0000 2025,0,@rinncancy Program penghematan anggaran 2025 untuk mendanai Makan Bergizi Gratis terutama memengaruhi sektor pendidikan dengan Rp71 triliun dari anggaran Rp722 6 triliun dialokasikan untuk program ini berpotensi mengurangi dana untuk infrastruktur sekolah atau beasiswa. Sektor pertanian,1917189954683441253,,rinncancy,in,,0,0,0,https://x.com/undefined/status/1917189954683441253,1720665183188922368,
1928709833295016176,Sat May 31 07:07:12 +0000 2025,1,Ingat guess n perlu dipahami Program makan bergizi gratis memiliki tujuan mulia guna meningkatkan gizi anak-² mengenai masalah keracunan terjadi akibat ksalahan dlm pengelolaan makanan jadi bukan MBGnya yg salah. Lanjutkan MBG #MBGUntukMasaDepanHebat . Libur Don CeraVe FOTFOT https://t.co/D7QR42f2l7,1928709833295016176,https://pbs.twimg.com/ext_tw_video_thumb/1928709736867966976/pu/img/rPmfN9nX36_eSRFW.jpg,,in,,0,0,0,https://x.com/undefined/status/1928709833295016176,1307860511317352450,
1928708378756309346,Sat May 31 07:01:25 +0000 2025,0,Emang sengaja masyarakat Indonesia dibikin ga pinter marah bgt ajg anggaran buat pendidikan ga jadi prioritas. Makan bergizi segitu banyak anggaran isine pakanan mambu cuih cuihhhh,1928708378756309346,,,in,,0,0,0,https://x.com/undefined/status/1928708378756309346,1345580967117799428,
1928691349324435538,Sat May 31 05:53:45 +0000 2025,0,melalui Program Makan Bergizi Gratis (MBG) yang diharapkan dapat menjadi solusi nyata bagi masalah gizi anak-anak di seluruh Indonesia termasuk Papua. https://t.co/7RDK5yHoST,1928691349324435538,https://pbs.twimg.com/media/GsQWjyAaMAQGh_w.jpg,,in,,0,0,0,https://x.com/undefined/status/1928691349324435538,1859990476381995008,
1928668947034825103,Sat May 31 04:24:44 +0000 2025,0,Dua program unggulan Presiden Prabowo Subianto makan bergizi gratis (MBG) dan Koperasi Merah Putih disebut-sebut menjadi ancaman bagi keberlanjutan Anggaran Pendapatan dan Belanja Negara (APBN) 2026. https://t.co/pLyzRtvWUe,1928668947034825103,https://pbs.twimg.com/amplify_video_thumb/1928668350634405888/img/EAgIHhK6iuN3VUPU.jpg,,in,,0,1,0,https://x.com/undefined/status/1928668947034825103,238091066,
1928577189865508934,Sat May 31 00:07:18 +0000 2025,1,@anomyhae Pemerintah terus berupaya meningkatkan kualitas SDM melalui Program Makan Bergizi Gratis. MBG diharapkan dapat menjadi solusi nyata bagi masalah gizi anak2 di seluruh Indonesia termasuk Papua. Dengan target menjangkau 82 9 juta anak pada November 2025 Lanjutkan MBG ️ https://t.co/p0WhMFaJFr,1928604159898464386,https://pbs.twimg.com/media/GsPHQy3aMAASWVs.jpg,anomyhae,in,,0,0,0,https://x.com/undefined/status/1928604159898464386,1725413776508497920,
1928432522670809579,Fri May 30 15:48:04 +0000 2025,0,@kumparan Itu makan bergizi gratis di harusnya stoppplah..habisin anggaran yg ada..lebih baik anggarannya buat sekolah gratis daripada makan bergizi gratis,1928478526463758752,,kumparan,in,,0,0,0,https://x.com/undefined/status/1928478526463758752,255978791,
1928269747298386193,Fri May 30 12:35:07 +0000 2025,39,@giIangmahesa Pejabat2 wk2land gemar mengeksploitasi rakyat (dg makan bergizi gratis dan bansos msl) dan gagal mengekplorasi (kemampuan rakyat); shg kemiskinan kebodohan dan keterbelakangan justru bertumbuh dan bertambah.,1928429969270534585,,giIangmahesa,in,,0,1,3,https://x.com/undefined/status/1928429969270534585,1470282034958389249,
1928408242020868181,Fri May 30 11:08:47 +0000 2025,0,Dua program unggulan Presiden Prabowo Subianto makan bergizi gratis (MBG) dan Koperasi Merah Putih disebut-sebut menjadi ancaman bagi keberlanjutan Anggaran Pendapatan dan Belanja Negara (APBN) 2026. https://t.co/M7ADxb5Akx,1928408242020868181,https://pbs.twimg.com/amplify_video_thumb/1928408094675271680/img/owa52vQ3TS_fOwyw.jpg,,in,,0,2,0,https://x.com/undefined/status/1928408242020868181,238091066,
1928074625331728608,Thu May 29 16:31:08 +0000 2025,0,@arciarta @PraharaTemaram @tanyakanrl https://t.co/eyi6ctFlCG Estimasi anggaran MBG 800 M/hari https://t.co/SjHwgfb6GX Random sampling UKT tertinggi FK UNS 30 Juta/semester Kuliah 8 semester= 240 Juta 800 M/240 Juta = 3.333 Alias 1 hari MBG = menguliahkan 3.333 mahasiswa UKT tertinggi di UNS selama 8 semester,1928126976440533461,,arciarta,in,,0,0,0,https://x.com/undefined/status/1928126976440533461,336971816,
1927575431525372333,Thu May 29 06:15:32 +0000 2025,0,@kompascom Sedari awal gue kritik keras MAKAN GRATIS. PENDIDIKAN GRATIS harusnya! Tapi yah bgnilah realita bangsa ini cukup dibujuk makan gratis yg bertukar jadi makan pagi gratis tuker lagi jadi makan bergizi gratis proyek bau amis korupsi. Sasaran mencerdaskan bangsa lewat makan gratis.,1927972053312831662,,kompascom,in,,0,1,0,https://x.com/undefined/status/1927972053312831662,1173636633213595656,
1927965547947344018,Thu May 29 05:49:41 +0000 2025,0,ANGGARAN MAKAN BERGIZI GRATIS TAHUN DEPAN MENINGKAT JADI RP217 T TARGET 82 9 JUTA PENERIMA https://t.co/YgjNYwqYVG,1927965547947344018,https://pbs.twimg.com/media/GsGCbQEWcAAUacd.jpg,,in,,0,0,0,https://x.com/undefined/status/1927965547947344018,1686276192352272384,
1927956747001458853,Thu May 29 05:14:42 +0000 2025,0,Anggaran makan bergizi gratis tahun depan meningkat jadi Rp 217 T target 82 9 Juta Penerima https://t.co/3Bh6gVaSU3,1927956747001458853,https://pbs.twimg.com/media/GsF6cdWX0AA8Gwj.jpg,,in,,0,0,0,https://x.com/undefined/status/1927956747001458853,2506280550,
1927948964101231002,Thu May 29 04:43:47 +0000 2025,0,Mungkin suatu hari nanti akan ada cerita: Aneka Korupsi di prog. MBG bahkan Korupsi Sisa Makanan dari prog. MBG -- itu pun jika program ini berjalan mulus &amp; angka korban keracunan berhasil ditekan. https://t.co/hmjVwu8GwW,1927948964101231002,,,in,,0,0,0,https://x.com/undefined/status/1927948964101231002,830271932318617600,
1927946806605881374,Thu May 29 04:35:12 +0000 2025,0,Anggaran makan bergizi gratis tahun depan meningkat jadi Rp 217 T target 82 9 Juta Penerima https://t.co/zmOYWz2386,1927946806605881374,https://pbs.twimg.com/media/GsFxZsxaUAIc4DP.jpg,,in,,0,0,0,https://x.com/undefined/status/1927946806605881374,1844360750170865665,
1939680184170590606,Mon Jun 30 13:39:28 +0000 2025,0,Program Makan Bergizi Gratis Dikepung Risiko Korupsi Sistemik Transparency International Indonesia https://t.co/xGn72rKrRy,1939680184170590606,,,in,,0,0,0,https://x.com/undefined/status/1939680184170590606,1577775916435898369,
1939549458259484846,Mon Jun 30 05:00:00 +0000 2025,4,Pemerintah mempercepat penyaluran Makan Bergizi Gratis (MBG) kepada 82 9 juta penerima.⁣ ⁣ Untuk apa saja? Berikut penjelasannya!⁣ ⁣ &gt;&gt; https://t.co/Op2uERfNjX #MBG #MakanGratis #Pangan #Pemerintah #Anggaran #MakanBergiziGratis #Gizi https://t.co/9H9fE0JG5t,1939549458259484846,https://pbs.twimg.com/media/GuoUXiTXoAAA4Rf.jpg,,in,,1,24,2,https://x.com/undefined/status/1939549458259484846,135795460,
1939247569902931984,Sun Jun 29 09:03:33 +0000 2025,0,@cityoftaeyong Program Makan Bergizi Gratis (MBG) menuai kritik karena beberapa alasan. 1. Biaya tinggi mencapai Rp350 triliun dianggap membebani anggaran negara dengan penyaluran dana hanya &lt;3% hingga Juni 2025. 2. Logistik bermasalah seperti keamanan pangan dan kualitas rendah termasuk,1939248363201007961,,cityoftaeyong,in,,1,0,0,https://x.com/undefined/status/1939248363201007961,1720665183188922368,
1939159531763966150,Sun Jun 29 03:10:34 +0000 2025,0,Pak @prabowo Coba audit dulu anggaran program makan bergizi gratis baru Omon-omon masalah perang lawan korupsi. https://t.co/XFomac6d34,1939159531763966150,https://pbs.twimg.com/media/GulHTXoXIAAz6jh.jpg,,in,,0,0,0,https://x.com/undefined/status/1939159531763966150,3719816714,
1938922124443611586,Sat Jun 28 11:27:12 +0000 2025,0,Pemerintah akan menambah anggaran sebesar Rp50 triliun untuk mempercepat pelaksanaan Program Makan Bergizi Gratis (MBG). Hal ini disampaikan Menteri Koordinator Bidang Pangan Zulkifli Hasan dalam konferensi pers di Jakarta Kamis (26/6). https://t.co/Jg54P5brBS https://t.co/Ez3Vtekixt,1938922124443611586,https://pbs.twimg.com/media/GuhvZWoX0AAmCp0.jpg,,in,,1,1,0,https://x.com/undefined/status/1938922124443611586,70600007,
1938901067623969006,Sat Jun 28 10:03:32 +0000 2025,1,Dorong Gizi Anak dan Ekonomi Lokal Anggaran MBG Ditingkatkan Pemerintah resmi menambah anggaran Program Makan Bergizi Gratis (MBG) sebesar Rp50 triliun #ProgramMakanBergiziGratis #GiziAnakIndonesia #EkonomiLokal #StuntingTurun #PemerintahIndonesia #BeritaTerkini https://t.co/AHscJQspSe,1938901067623969006,https://pbs.twimg.com/ext_tw_video_thumb/1938900991044136960/pu/img/AbYsYgKX9w1lchXe.jpg,,in,,0,1,0,https://x.com/undefined/status/1938901067623969006,1609994497555062785,
1938900257934598346,Sat Jun 28 10:00:19 +0000 2025,2,Dorong Gizi Anak dan Ekonomi Lokal Anggaran MBG Ditingkatkan Pemerintah resmi menambah anggaran Program Makan Bergizi Gratis (MBG) sebesar Rp50 triliun guna mempercepat cakupan bantuan pangan bergizi untuk anak-anak di seluruh Indonesia. #ProgramMakanBergiziGratis https://t.co/1SCT4Ozy4g,1938900257934598346,https://pbs.twimg.com/ext_tw_video_thumb/1938900174811611136/pu/img/vujbF2RN4989N3pW.jpg,,in,,0,1,0,https://x.com/undefined/status/1938900257934598346,1765665336152739840,
1938745239151484957,Sat Jun 28 04:34:51 +0000 2025,0,@abu_waras @prabowo Yang tidak perlu makan bergizi gratis TDK bermanfaat dan hanya jadi bancakan para pemburu rente dan jadi ladang korupsi ,1938818352086163684,,abu_waras,in,,0,1,0,https://x.com/undefined/status/1938818352086163684,230692266,
1938804147933061387,Sat Jun 28 03:38:24 +0000 2025,0,Pemerintah Tambah Anggaran Makan Bergizi Gratis Rp50 Triliun #MasakiniNews https://t.co/lTdREQMVbU,1938804147933061387,,,in,,0,2,0,https://x.com/undefined/status/1938804147933061387,1109744327767408640,
1938024412038721733,Sat Jun 28 01:54:27 +0000 2025,0,@Ge_En_Pe @ARSIPAJA Bertahap dan hanya masalah waktu saja agar semua dapat yuk dukung lanjutkan mbg https://t.co/dQ3jRNpDsp,1938777988797211123,,Ge_En_Pe,in,,0,0,0,https://x.com/undefined/status/1938777988797211123,758215573721407489,
1938024412038721733,Fri Jun 27 10:58:06 +0000 2025,0,@aditbarda @ARSIPAJA Yth. @ARSIPAJA Program Makan Bergizi Gratis (MBG) adalah langkah strategis pemerintah untuk memajukan SDM Indonesia menuju Indonesia Emas 2045. Dengan anggaran Rp171 triliun MBG menargetkan 82 9 juta penerima termasuk anak sekolah dan ibu hamil untuk atasi stunting dan,1938552411016302940,,aditbarda,in,,0,0,0,https://x.com/undefined/status/1938552411016302940,1720665183188922368,
1938513481441091848,Fri Jun 27 08:29:49 +0000 2025,0,Program Makan Bergizi Gratis (MBG) adalah janji unggulan Prabowo-Gibran. Tapi sejak fase uji coba dimulai tanda-tanda kegagalan justru mulai terlihat. Berikut 5 indikasi bahwa MBG bisa jadi bukan solusi tapi sumber masalah baru.,1938515096948674585,,Maimuniqo,in,,0,1,0,https://x.com/undefined/status/1938515096948674585,1115106057842348032,
1938513481441091848,Fri Jun 27 08:29:39 +0000 2025,0,Benarkah Program Makan Bergizi Gratis (MBG) Prabowo Gagal Sejak Awal?,1938515055227842758,,Maimuniqo,in,,0,2,0,https://x.com/undefined/status/1938515055227842758,1115106057842348032,
1938427559185928280,Fri Jun 27 02:41:59 +0000 2025,0,Makan Bergizi Gratis Pengangguran . 19 Juta Lapangan Pekerjaan itu adanya di luar negeri tidak di Indonesia. Kira kira 121 Triliun anggaran MBG kalau dipakai untuk bikin usaha pabrik / industri bisa menyerap berapa juta orang? Dan dari jutaan orang tadi bisa menghidupi berapa https://t.co/NbgzNU1nd3,1938427559185928280,https://pbs.twimg.com/media/Guatl2FbEAE186l.jpg,,in,,0,0,0,https://x.com/undefined/status/1938427559185928280,226416224,
1938403360685887550,Fri Jun 27 01:05:49 +0000 2025,1,Alasan Anggaran Makan Bergizi Gratis Ditambah Jadi Rp 121 T https://t.co/OKFqdT6b1B,1938403360685887550,,,in,,0,0,0,https://x.com/undefined/status/1938403360685887550,135795460,
1950765611623334218,Thu Jul 31 03:48:59 +0000 2025,0,Munculnya ketimpangan layanan dan rendahnya kualitas makanan jadi salah satu masalah utama pelaksanaan MBG yang justru tak sesuai dengan tujuan utamanya yaitu memberikan makanan bergizi . https://t.co/EEI3WSp37J,1950765611623334218,,,in,,0,0,0,https://x.com/undefined/status/1950765611623334218,1521159020,
1950375794502750727,Wed Jul 30 22:52:24 +0000 2025,0,@Luckisme89 @ARSIPAJA Oppa mari saya jelaskan isu-isu parah pemerintah Indonesia 2025 berdasarkan fakta: - MBG (Makan Bergizi Gratis): Program Januari 2025 picu ratusan kasus keracunan siswa di berbagai daerah seperti NTT dan Bogor akibat pengawasan buruk (sumber: BPOM BBC). - Data pribadi:,1950690971592913243,,,in,,0,0,0,https://x.com/undefined/status/1950690971592913243,1720665183188922368,
1950213786159440317,Wed Jul 30 19:06:25 +0000 2025,0,@andy_dhann2897 @prabowo Bahkan saya bisa beranggapan program makan bergizi gratis ini akan gagal jika performa mentri koperasi merah putih mentri perdagangan dan pertanian tdk optimal krn hulunya dsitu Ibarat tuning mesin perlu stel celah klep timing gear stel bospom timing pengapian dll. https://t.co/u7zPraKdQF,1950634101570253034,https://pbs.twimg.com/media/GxILX8ha0AEd84b.jpg,ariprachmanhkm,in,,0,0,0,https://x.com/undefined/status/1950634101570253034,1496337448515043330,
1950463968394592505,Wed Jul 30 15:27:23 +0000 2025,1,@LemonAndAtilla @M45Broo_ Tentu saja dong minimal ya ini salah satu alasan paling minimal kenapa milih 01 atau 03 bisa lebih baik ga akan ada efisiensi anggaran di banyak sektor hanya untuk menutupi kebutuhan Makan Siang Gratis yang katanya bergizi itu Alasan maksimal tentu saja masih banyak ,1950578981134070255,,LemonAndAtilla,in,,0,3,0,https://x.com/undefined/status/1950578981134070255,61513114,
1950448339310592295,Wed Jul 30 06:48:16 +0000 2025,1,sliweran di timeline soal negara2 pd nyalain sirine tsunami sementara itu universe lainnya masih sibuk makan bergizi dan anggaran bencana 0 rupiah,1950448339310592295,,,in,,0,0,0,https://x.com/undefined/status/1950448339310592295,160875573,
1950423290239148041,Wed Jul 30 05:08:44 +0000 2025,2,Program Makan Bergizi Gratis. Sepanjang gunakan pendekatan proyek masalah akan lebih banyak muncul. Alternatifnya dananya berikan pada pada orang tua untuk urusan gizi anak pemerintah bantu edukasi gizi. https://t.co/aFitKr8ktc,1950423290239148041,https://pbs.twimg.com/ext_tw_video_thumb/1950423269510959106/pu/img/ajNyb2mm7RuMKNoO.jpg,,in,,0,0,2,https://x.com/undefined/status/1950423290239148041,1392091212018978817,
1950128908323750091,Wed Jul 30 03:39:37 +0000 2025,0,@IckurM @MurtadhaOne1 Perbandingan antara anggaran konsumsi rapat menteri Rp 171 ribu per orang dan bantuan makan bergizi gratis (MBG) Rp 10 ribu per anak memang sering jadi polemik tapi sebenarnya konteks dan tujuan penggunaan anggarannya sangat berbeda. Dana konsumsi rapat menteri ditetapkan untuk,1950400866558607680,,IckurM,in,,0,0,0,https://x.com/undefined/status/1950400866558607680,1882198073168080896,
1950174378349449687,Tue Jul 29 12:39:38 +0000 2025,0,@prabowo coba bayangin kalo anggaran polisi yg 173 trilyun itu buat bayarin makan bergizi gratis atau sekolah n kuliah gratis. namamu akan haruuummm ,1950174378349449687,,prabowo,in,,0,0,0,https://x.com/undefined/status/1950174378349449687,1322606417082150912,
1950094986428465398,Tue Jul 29 07:24:10 +0000 2025,0,Danramil 01/Sidomukti melaksanakan pengeceken pendampingan dan pemantauan Kegiatan TRIAL (Uji Coba) Makan Sehat Bergizi (MSB) dengan Anggaran dari Yayasan Sendiri Dalam Tujuan Untuk Membiasakan Relawan Dapur sebagai Persiapan Operasional SPPG ke Depannya di SPPG Mandiri YYS https://t.co/ZZFSldqxiJ,1950094986428465398,https://pbs.twimg.com/media/GxAhC-GbUAQZ_pF.jpg,,in,,0,0,0,https://x.com/undefined/status/1950094986428465398,1863818009615470592,
1950093004292968533,Tue Jul 29 07:16:46 +0000 2025,0,Pertemuan ini menjadi ruang dialog strategis dalam mendukung efektivitas penyaluran dan pengelolaan anggaran untuk sejumlah program prioritas daerah seperti Tunjangan Penghasilan Guru Program Makan Bergizi Gratis Sekolah Rakyat Sekolah Garuda &amp; pengelolaan Sekolah Kedinasan.,1950093124304351479,,djpbntt,in,,0,1,0,https://x.com/undefined/status/1950093124304351479,1032514370104750080,
1949457242329342402,Mon Jul 28 05:05:44 +0000 2025,18,@detikcom Mirip program gagal lainnnya. MBG (Makan Bergizi Gratis) Koperasi merah putih program 3 juta rumah program 19 jt lapangan pekerjaan. Yang sukses cuma program bagi-bagi jabatan dan program rangkap-rangkap jabatan.,1949697759126094129,,detikcom,in,,0,2,0,https://x.com/undefined/status/1949697759126094129,1608346153204191232,
1949643393333903617,Mon Jul 28 01:29:42 +0000 2025,0,Mari satukan langkah untuk melawan stunting dan malnutrisi pada anak-anak. Program Makan Bergizi Gratis adalah komitmen kita untuk menciptakan generasi yang sehat dan bebas dari masalah gizi. #MakanBergiziGratis #GiziAnakIndonesia #AntiStunting #GenerasiSehat https://t.co/UyhgkeBYPD,1949643393333903617,https://pbs.twimg.com/media/Gw6GVW1akAAMNdO.jpg,,in,,0,0,0,https://x.com/undefined/status/1949643393333903617,1884465149270241280,
1949358629855060097,Sun Jul 27 08:00:56 +0000 2025,0,@_memoryusang Program MBG tujuannya makan agar sehat otak cerdas tapi lama2 berubah jadi makan biar kenyang ujung2nya hardolin banyak masalah dananya dikorupsi trus makanan basi ada blatungnya ada yang keracunanlah dsb artinya MBG harus diganti Jadi MBS makan bergizi sehat https://t.co/LeCRjTIxzm,1949379461755056499,https://pbs.twimg.com/tweet_video_thumb/Gw2WPG6bUAAKj0f.jpg,_memoryusang,in,,0,0,0,https://x.com/undefined/status/1949379461755056499,1790929976000462848,
1949373185704779912,Sun Jul 27 07:35:59 +0000 2025,20,Wakil Ketua Komisi IX DPR RI Fraksi PDI Perjuangan Charles Honoris mengkritisi pelaksanaan program Makan Bergizi Gratis (MBG) terus menimbulkan masalah di sejumlah daerah yang menyebabkan ratusan siswa keracunan. Padahal program ini didukung oleh anggaran yang sangat besar. https://t.co/JhfiLCaOxk,1949373185704779912,https://pbs.twimg.com/media/Gw2QeI2bsAA5Pjh.jpg,,in,,0,0,4,https://x.com/undefined/status/1949373185704779912,153407983,
1949330438406983696,Sun Jul 27 04:46:07 +0000 2025,0,Makan Bergizi Gratis program mubazir Sarang korupsi Pangkal bencana Mebuktikan rakyat Indonesia miskin,1949330438406983696,,,in,,0,0,1,https://x.com/undefined/status/1949330438406983696,1607417828,
1961849884157632879,Sun Aug 31 04:31:44 +0000 2025,0,@tvOneNews Minta maaf paling klasik Bikin dong pernyataan Ok tuntutan rakyat kami akan sampaikan Perampasan aset korupsi Hapusnprogram makan bergizi dengan pendidikan gratis Makzulkan Gibran adili Jokowi Jika tidak saya akan mundur dr dpr,1962010390570861018,,tvOneNews,in,,0,0,0,https://x.com/undefined/status/1962010390570861018,1824151807821750272,
1903288170864685176,Sun Aug 31 02:04:43 +0000 2025,0,@Blues_321lagi Makan bergizi buruk banyak yg sakit perut,1961973392686686464,,Blues_321lagi,in,,0,0,0,https://x.com/undefined/status/1961973392686686464,720057806,
1961640017773916352,Sat Aug 30 11:48:06 +0000 2025,0,@ARSIPAJA MBG unfaedah... Project ini membuka lahan korupsi. Makanya ada makanan ala kadarnya makanan yang bisa meracuni maknan yang jauh dari kata bergizi. MBG juga tidak mnyentuh SEMUA SATUAN PENDIDIKAN. Apakah makan MBG bisa sehat setahun??? Tetapi mmbuka ladang CUAN.,1961757820736651595,,ARSIPAJA,in,,0,1,0,https://x.com/undefined/status/1961757820736651595,743097477822222336,
1961751315320877223,Sat Aug 30 11:22:15 +0000 2025,0,Lebih anarkis mana daripada babat hutan meracuni anak lewat makan bergizi membunuh sipil korupsi eksploitasi alam.,1961751315320877223,,,in,,0,0,0,https://x.com/undefined/status/1961751315320877223,986776223702401024,
1961742875563339809,Sat Aug 30 10:48:43 +0000 2025,0,2025: Korupsi Kebijakan baru gak ngotak Pajak naik Anggaran pendidikan dipotong Makan bergizi gratis abal Abal Bansos tidak tepat sasaran Lowongan kerja dipersempit Alam rusak sebab ditambang Pembunuhan disengaja Oknum jahat merajalela Kebenaran dibungkam #IndonesiaGelap2025,1961742875563339809,,,in,,0,0,0,https://x.com/undefined/status/1961742875563339809,1524610887729905664,
1961714396578926745,Sat Aug 30 08:57:11 +0000 2025,0,Menurut kamu apakah program Makan Bergizi Gratis ini bisa jadi solusi permanen untuk atasi masalah gizi di Indonesia? #gasssnow #Kemendagri #MakanBergiziGratis,1961714806370767354,,alineadotid,in,,0,0,0,https://x.com/undefined/status/1961714806370767354,354168059,
1961706868621103218,Sat Aug 30 08:26:06 +0000 2025,0,Oke program Makan Bergizi Gratis Koperasi Desa tanggul raksasa pantai utara Jawa ibu kota baru dan segera melunasi utang2 itu sangat bagus manfaatnya untuk masa mendatang. Tapi jangan lupa untuk merealisasikan itu semua Anda sampai harus melakukan efisiensi anggaran...,1961706983528304852,,HILARlO,in,,0,1,0,https://x.com/undefined/status/1961706983528304852,82550378,
1961691326107496811,Sat Aug 30 07:23:53 +0000 2025,0,Lagi ada masalah? Jangan baper mending makan. Lagi ada makan bergizi gratis? Wah rezeki nomplok! #gasssnow https://t.co/OH05pQSmOD,1961691326107496811,https://pbs.twimg.com/media/GzlT20QbIAA3_Kp.jpg,,in,,0,0,0,https://x.com/undefined/status/1961691326107496811,1672183177711063040,
1961681562690355692,Sat Aug 30 06:45:05 +0000 2025,0,Program Makan Bergizi Gratis di Paron Ngawi terhenti setelah dua hari. DPRD soroti makanan basi hingga sertifikasi halal dapur mitra. https://t.co/tQBeww1hh5,1961681562690355692,,,in,,0,0,0,https://x.com/undefined/status/1961681562690355692,1404018642,
1961640017773916352,Sat Aug 30 04:49:28 +0000 2025,0,@tqdrlaziz @ARSIPAJA Program MBG (Makan Bergizi Gratis) dimulai dengan uji coba skala kecil seperti dapur SPPG yang melayani sekitar 3.000 orang per hari untuk mengidentifikasi tantangan seperti logistik dan distribusi. Setelah mengatasi itu melalui penambahan ribuan dapur dan anggaran lebih besar ,1961652465247687057,,XTAHD,in,,0,0,0,https://x.com/undefined/status/1961652465247687057,1720665183188922368,
1972617357702119840,Tue Sep 30 17:08:25 +0000 2025,0,@tempodotco JANGAN TURUN KE JALAN! JANGAN DEMO! JANGAN AKSI TOLAK MAKAN BERGIZI GRATIS! JANGAN KAYA NEPAL!,1973072451744522422,,tempodotco,in,,0,0,0,https://x.com/undefined/status/1973072451744522422,69229632,
1973062466583023729,Tue Sep 30 16:28:44 +0000 2025,1,Ombudsman RI menemukan adanya sejumlah Sumber Daya Manusia (SDM) yang bertugas pada Satuan Pelayanan Pemenuhan Gizi (SPPG) dapur Makan Bergizi Gratis Anggota Ombudsman RI Yeka Hendra Fatika mengungkapkan salah satu contoh masalah yang terjadi adalah terkait pembayaran honor. https://t.co/SojR2G1bQU,1973062466583023729,https://pbs.twimg.com/media/G2G52iVbgAA2Tn4.jpg,,in,,0,0,0,https://x.com/undefined/status/1973062466583023729,1944141329082331138,
1972617357702119840,Tue Sep 30 15:49:11 +0000 2025,0,@tempodotco bukannya diperbaiki malah cari pembenaran? harusnya 0% tok pak gak boleh ada koma. tujuannya makan bergizi kalo ada yg keracunan mah artinya gagal mencapai tujuannya,1973052512941863371,,tempodotco,in,,0,0,0,https://x.com/undefined/status/1973052512941863371,142201368,
1973044979527540785,Tue Sep 30 15:22:19 +0000 2025,0,@triwahyuutama15 Program Makan Bergizi Gratis (MBG) di APBN 2026 dialokasikan sebesar Rp 335 triliun. Dana ini ditargetkan untuk 82 9 juta penerima manfaat termasuk ibu hamil menyusui balita dan siswa PAUD hingga SMA. Prioritas utama: intervensi gizi (75% anggaran) dan digitalisasi sistem,1973045753909305434,,triwahyuutama15,in,,0,1,0,https://x.com/undefined/status/1973045753909305434,1720665183188922368,
1973044979527540785,Tue Sep 30 15:19:15 +0000 2025,0,@grok jelaskan anggaran program Makan Bergizi Gratis (MBG) pada Anggaran Pendapatan dan Belanja Negara (APBN) 2026!,1973044979527540785,,grok,in,,0,1,0,https://x.com/undefined/status/1973044979527540785,373848200,
1973020838346752005,Tue Sep 30 14:14:55 +0000 2025,0,@kompascom Semoga Program andalan Presiden Prabowo (Makan bergizi gratis ) tak kan jdkn /lahirkan Yaqut -Yaqut berikutnya .. 335 T itu bkn anggaran remeh temeh tentu byk Setan berkeliaran incar dana tsbt Pengawasan ? Mimpi Tuhan saja mereka tipu dg Sumpah dibawah kitab suci .,1973028791913226542,,MahadewaDharne,in,,0,0,0,https://x.com/undefined/status/1973028791913226542,1846542536602697728,
1973006337316688082,Tue Sep 30 12:45:42 +0000 2025,10,Ombudsman RI mengungkap delapan masalah besar dalam penyelenggaraan Program Makan Bergizi Gratis (MBG) serta menemukan empat bentuk maladministrasi yang dinilai mengancam keberhasilan program prioritas Presiden Prabowo Subianto tersebut. Baca di sini: https://t.co/5nzRPPU1fU https://t.co/vabLgOdrMH,1973006337316688082,https://pbs.twimg.com/media/G2GGzMKaYAE10mQ.jpg,,in,,1,2,4,https://x.com/undefined/status/1973006337316688082,23343960,
1972995843872690269,Tue Sep 30 12:38:06 +0000 2025,1,@SUARAKRISTEN1 @txtdrimedia Berikut kronologi singkat penghentian Dapur MBG di Makassar berdasarkan laporan berita: 1. Program Makan Bergizi Gratis (MBG) diluncurkan pemerintah dengan anggaran awal Rp10.000 per porsi untuk makanan bergizi siswa. 2. Kebijakan memotong anggaran menjadi Rp6.500 per porsi ,1973004427704647947,,SUARAKRISTEN1,in,,0,1,0,https://x.com/undefined/status/1973004427704647947,1720665183188922368,
1973003867605672203,Tue Sep 30 12:35:53 +0000 2025,6,Sudahkah MBG tepat sasaran? Galih Sulistyaningra praktisi pendidikan dasar menilai program Makan Bergizi Gratis belum menyentuh akar masalah. Menurutnya intervensi seharusnya memberdayakan orang tua bukan sekadar memberi makan karena proses distribusinya rawan dan tidak https://t.co/jmKMkpQVa8,1973003867605672203,https://pbs.twimg.com/amplify_video_thumb/1973003693256810496/img/-dsfLT1Xi2xN2RNd.jpg,,in,,0,4,1,https://x.com/undefined/status/1973003867605672203,23343960,
1973002387381182754,Tue Sep 30 12:30:00 +0000 2025,4,Menteri Keuangan (Menkeu) Purbaya Yudhi Sadewa mendatangi Kantor Badan Gizi Nasional (BGN) untuk mengawasi langsung penyerapan anggaran. Menkeu Purbaya menyatakan akan memonitor ketat permintaan tambahan anggaran sebesar Rp28 triliun untuk program Makan Bergizi Gratis (MBG) pada https://t.co/LB6tmpVFWv,1973002387381182754,https://pbs.twimg.com/amplify_video_thumb/1972998509973676032/img/2uSM3UeC2PPGOP1c.jpg,,in,,0,1,0,https://x.com/undefined/status/1973002387381182754,57261519,
1972997855372808527,Tue Sep 30 12:11:59 +0000 2025,0,Korban bukan masalah prosentase ya Pak Bos. Apa ini yang dikatakan MAKAN BERGIZI? Kok banyak yang keracunan??? https://t.co/BcWaZhXNSK,1972997855372808527,https://pbs.twimg.com/media/G2F_F_zboAEKYjW.jpg,,in,,0,0,0,https://x.com/undefined/status/1972997855372808527,1528215624190545921,
1972966147852050813,Tue Sep 30 11:43:03 +0000 2025,0,@SUARAKRISTEN1 @KompasTV Berdasarkan data dari Badan Gizi Nasional dan laporan terkini (seperti BBC dan Kompas) anggaran per porsi Makan Bergizi Gratis adalah Rp 10.000 per siswa sama untuk SD SMP dan SMA.,1972990570449797574,,SUARAKRISTEN1,in,,0,0,0,https://x.com/undefined/status/1972990570449797574,1720665183188922368,
1972966147852050813,Tue Sep 30 11:39:31 +0000 2025,0,@SUARAKRISTEN1 @KompasTV Menurut data dari Badan Gizi Nasional dan laporan terkini (seperti Kompas dan BBC) anggaran per porsi untuk program Makan Bergizi Gratis adalah Rp 10.000 per siswa. Awalnya direncanakan Rp 15.000 tapi disesuaikan karena keterbatasan anggaran 2025 yang total Rp 71 triliun untuk,1972989682456973819,,SUARAKRISTEN1,in,,0,1,0,https://x.com/undefined/status/1972989682456973819,1720665183188922368,
1972976799446708358,Tue Sep 30 10:48:19 +0000 2025,44,Makan Bergizi Gratis: Bayang-Bayang Gagal ala Food Estate https://t.co/gM1S30PobQ,1972976799446708358,,,in,,1,7,8,https://x.com/undefined/status/1972976799446708358,30201110,
1972949548550005191,Tue Sep 30 09:00:02 +0000 2025,0,Ketua Badan Anggaran (Banggar) DPR RI Said Abdullah mengusulkan pemerintah menyediakan dapur di sekolah untuk program Makan Bergizi Gratis (MBG). #beritanasional #SPPG #MBG #beritaterkini https://t.co/86x97GQFyQ,1972949548550005191,,,in,,0,0,0,https://x.com/undefined/status/1972949548550005191,1769451991124832257,
1983827499911147873,Fri Oct 31 23:06:01 +0000 2025,2,@Jelajah513 @AiraNtiePuspa Yang dulu diberi makan bergizi sekarang ada yang koar koar tolak Suharto dijadikan pahlawan,1984396472318918871,,Jelajah513,in,,0,1,0,https://x.com/undefined/status/1984396472318918871,2518915579,
1984151163168813255,Fri Oct 31 06:51:15 +0000 2025,2,Makan Bergizi Gratis merupakan investasi jangka panjang untuk memutus mata rantai stunting yang merupakan masalah lintas generasi #MakanBergiziGratis #ManfaatMBG #CegahStunting #DukungMBG #IndonesiaEmas20 https://t.co/XmF8Wcwpkc,1984151163168813255,https://pbs.twimg.com/media/G4ke972a8AAVyFq.jpg,,in,,0,5,0,https://x.com/undefined/status/1984151163168813255,1565711358880268289,
1984150842069676268,Fri Oct 31 06:49:59 +0000 2025,1,Makan Bergizi Gratis merupakan investasi jangka panjang untuk memutus mata rantai stunting yang merupakan masalah lintas generasi #MakanBergiziGratis #ManfaatMBG #CegahStunting #DukungMBG #IndonesiaEmas20 https://t.co/UT9oJs9tEU,1984150842069676268,https://pbs.twimg.com/media/G4kerRqa8AEPIGk.jpg,,in,,0,4,0,https://x.com/undefined/status/1984150842069676268,600541704,
1984137129086333081,Fri Oct 31 05:55:29 +0000 2025,0,Pemerintah Pastikan Anggaran Program Makan Bergizi Gratis Aman #MBG #fyp https://t.co/7MI02V3AOB,1984137129086333081,https://pbs.twimg.com/media/G4kSMxxbkAA5X_k.jpg,,in,,0,0,0,https://x.com/undefined/status/1984137129086333081,1396752346860818433,
1984137025461842037,Fri Oct 31 05:55:05 +0000 2025,0,Pemerintah Pastikan Anggaran Program Makan Bergizi Gratis Aman #MBG #fyp https://t.co/VpH4Cosy6S,1984137025461842037,https://pbs.twimg.com/media/G4kSGvvbQAAAVf6.jpg,,in,,0,0,0,https://x.com/undefined/status/1984137025461842037,1586638869327331330,
1984125961290576139,Fri Oct 31 05:11:07 +0000 2025,0,Porsi menu Makan Bergizi Gratis (MBG) yang tersisa tak terbuang sia-sia. Makanan tersebut dibagikan kepada masyarakat yang lebih membutuhkan. Inilah wujud nyata semangat gotong royong dan kepedulian sosial dalam setiap langkah program ini. 🇮🇩 #MakanBergiziGratis https://t.co/rQntpIaG01,1984125961290576139,https://pbs.twimg.com/ext_tw_video_thumb/1984125919657914374/pu/img/g-6_sOgOxnlfH6er.jpg,,in,,0,0,0,https://x.com/undefined/status/1984125961290576139,1598186106230448129,
1984107635352928764,Fri Oct 31 03:58:17 +0000 2025,0,Program MBG aslinya bagus. Yakali ngasih makan bergizi anak-anak sekolah dianggep jelek dan ga guna. Yg bikin jelek kan eksekusinya. Makanya patut diapresiasi kalo ada MBG di kota lain yg eksekusinya bagus. Seneng dengerinnya juga.,1984107635352928764,,,in,,0,0,0,https://x.com/undefined/status/1984107635352928764,208444540,
1982012685278707745,Fri Oct 31 03:48:31 +0000 2025,0,@p3h2022 @afrkml Iya gagal jantung memang bikin darah numpuk di vena naikin tekanan dan cairan bocor ke jaringan paru-paru sesak napas kaki atau perut edema. Ini tahap kongesti sering dari kerusakan miokard atau katup. Jaga jantungmu dengan olahraga rutin makan bergizi hindari rokok dan,1984105177927057540,,p3h2022,in,,0,0,0,https://x.com/undefined/status/1984105177927057540,1720665183188922368,
1984094042515501484,Fri Oct 31 03:04:17 +0000 2025,45,TIDAK ADA YANG TERSISA DAN SIA-SIA DARI PROGRAM MAKAN BERGIZI PRESIDEN PRABOWO POV : Ketika ada sisa Porsi makanan bergizi gratis yang masih utuh karena ada anak yang absen atau tidak masuk para guru di sekolah memilih untuk membagikanya ke mereka yang membutuhkan Sementara https://t.co/rcJ7shOW2U,1984094042515501484,https://pbs.twimg.com/media/G4jrBDOa8AIJOFJ.jpg,,in,,4,12,19,https://x.com/undefined/status/1984094042515501484,1251824880967774208,
1983434419877884111,Fri Oct 31 02:31:38 +0000 2025,0,@ommi_siregar Anggaran Program Makan Bergizi Gratis (MBG) pada tahun 2026 diproyeksikan sebesar Rp335 triliun hingga Rp355 triliun. ,1984085825832071498,,ommi_siregar,in,,0,0,0,https://x.com/undefined/status/1984085825832071498,817063317072023553,
1984025267640443171,Thu Oct 30 22:30:59 +0000 2025,0,Makan Bergizi Gratis merupakan investasi jangka panjang untuk memutus mata rantai stunting yang merupakan masalah lintas generasi #MakanBergiziGratis #ManfaatMBG #CegahStunting #DukungMBG #IndonesiaEmas20 https://t.co/0ENR50nKBk,1984025267640443171,https://pbs.twimg.com/media/G4isdSfb0AAZoSN.jpg,,in,,0,0,0,https://x.com/undefined/status/1984025267640443171,1415336621331734532,
1983925170558361792,Thu Oct 30 15:53:14 +0000 2025,0,Bagus sekali komitmen pemerintah untuk zero tolerance terhadap masalah di program Makan Bergizi Gratis! Ini menunjukkan keseriusan menjaga kesehatan anak sekolah. sebaiknya ada **sistem pelaporan real-time** dari sekolah ke pusat agar potensi masalah bisa dideteksi lebih cepat.,1983925170558361792,,,in,,0,0,0,https://x.com/undefined/status/1983925170558361792,740105373621751808,
1983769130923934142,Thu Oct 30 05:33:12 +0000 2025,0,Efisiensi anggaran yang signifikan dialokasikan kembali untuk program prioritas seperti layanan dasar pendidikan dan makan bergizi gratis cara ampuh melawan kemiskinan kebodohan #BPTaskinDukungPrabowonomics,1983769133008482711,,tarjingok,in,,0,1,0,https://x.com/undefined/status/1983769133008482711,1882987949538897920,
1983716785884164605,Thu Oct 30 02:05:12 +0000 2025,2,Tim Koordinasi Penyelenggaraan Program Makan Bergizi Gratis (MBG) bentukan Presiden Prabowo Subianto akan menggunakan anggaran pusat dan daerah untuk bekerja. Baca di: https://t.co/M5G19SgpWP. | #APBN #MakanBergiziGratis https://t.co/s0I1tPQ98w,1983716785884164605,https://pbs.twimg.com/media/G4eT5dpa8AQeqg9.jpg,,in,,0,0,2,https://x.com/undefined/status/1983716785884164605,23343960,
1983536635674509316,Wed Oct 29 14:09:20 +0000 2025,0,Kasus berulang ini menunjukkan bahwa program Makan Bergizi Gratis (MBG) gagal di titik paling dasar: keamanan pangan. Apa gunanya klaim bergizi kalau distribusinya amburadul pengawasan longgar dan pemasoknya dipilih karena kedekatan bukan kualitas? - @CNNIndonesia,1983536635674509316,,,in,,1,0,0,https://x.com/undefined/status/1983536635674509316,2648720479,
1983404703905096135,Wed Oct 29 05:25:05 +0000 2025,0,At cost itu kalau kurang ditambah kalau lebih disimpan di rekening. Kepala BGN menegaskan anggaran Makan Bergizi Gratis (MBG) dibayar sesuai harga modal (at cost) bukan untuk cari untung. Jadi berapapun harga bahan bakunya itu yang dibayar. Transparan dan akuntabel 🇮🇩 https://t.co/JQdFmSHWqM,1983404703905096135,https://pbs.twimg.com/media/G4Z4DrGbQAA7ZzD.jpg,,in,,0,0,0,https://x.com/undefined/status/1983404703905096135,1401752915803402240,
1995100624950903060,Sun Nov 30 12:00:30 +0000 2025,0,Wild opinion: Pulau Jawa Makan Bergizi Gratis Pulau Sumatra tidak makan sama sekali karena anggaran bencananya untuk Makan Bergizi Gratis.,1995100624950903060,,,in,,0,0,0,https://x.com/undefined/status/1995100624950903060,1610553231524126720,
1994677564049350832,Sun Nov 30 11:27:55 +0000 2025,2,@kunfayakun_jadi @QianzyZ maaf maaf ya tanpa bantuan MBG pun anak2 gue masih di kasih makan sehat bekal tiap hari dengan menu yg bergizi jadi kalo seandainya di kasih anggaran tiap bulan udah pasti bakal lebih baik bekal nya. anda suudzon sekali jirrr,1995092424759341292,,kunfayakun_jadi,in,,0,8,0,https://x.com/undefined/status/1995092424759341292,1753738582190325760,
1995014903661564108,Sun Nov 30 06:19:53 +0000 2025,0,Melihat anggaran yang mereka pangkas habis-habisan demi proyek makan bergizi yang ujungnya bisnis ngisi kantong sendiri ini wallahi bakalan bersaksi di akhirat nanti atas kedzaliman pemerintahan ini.,1995014903661564108,,,in,,0,0,0,https://x.com/undefined/status/1995014903661564108,1360559508175474688,
1994834479605846115,Sat Nov 29 18:22:56 +0000 2025,0,INI ANGGARAN KETAHANAN BENCANA DIPOTONG JADI 0 CUMA BUAT MBG? PROGRAM YANG BUAT KERACUNAN RIBUAN ANAK? YANG SPPGNYA BANYAKAN PUNYA PEJABAT DAN KERABATNYA? YANG AHLI GIZI DIDIEMIN DOANG ITU PADAHAL NAMA PROGRAM MAKAN BERGIZI GRATIS? GILAAAAAA ANCUR DAH,1994834479605846115,,,in,,0,1,0,https://x.com/undefined/status/1994834479605846115,1005488367037894656,
1994559444760629552,Sat Nov 29 16:54:09 +0000 2025,1,@denni_sauya mas gibran dokumen kem ppkf 2026 nunjukin anggaran ketahanan bencana direncanain jd nol rupiah. saat aceh-sumatera hancur krn mitigasi lemah knp anggaran ini turun 100%? apa nyawa rakyat lbh murah dr makan bergizi gratis? mana prioritas bapak? https://t.co/QRsqfm7swk,1994812135449530490,https://pbs.twimg.com/media/G67_A6ga8AAcVxq.jpg,denni_sauya,in,,0,1,0,https://x.com/undefined/status/1994812135449530490,1870894567802929152,
1994627567945748770,Sat Nov 29 04:40:45 +0000 2025,0,Tunai itu enak buat yang hobi magic trick. Uang masuk Lalu menghilang seperti kasus Korupsi Partai Merah haha MBG Prioritas Prabowo mah nggak pake sulap-sulapan.https://t.co/erZspniHTS,1994627567945748770,,,in,,0,0,0,https://x.com/undefined/status/1994627567945748770,372755696,
1994618285061812304,Sat Nov 29 04:03:52 +0000 2025,0,Menjamin gizi anak berarti memastikan tata kelola bersih. Karena itu MBG Prioritas Prabowo menghindari penyaluran tunai agar tidak membuka ruang risiko seperti contoh Korupsi Partai Merah yang pernah mencuat. @Ary_PrasKe2 @MurtadhaOne1 @03__nakula https://t.co/G5NzoSlAox,1994618285061812304,,,in,,0,0,0,https://x.com/undefined/status/1994618285061812304,1932945563907207168,
1994617999123517557,Sat Nov 29 04:02:43 +0000 2025,0,Program MBG Prioritas Prabowo menegaskan pentingnya pengawasan. Publik tentu tidak ingin pengelolaan gizi anak kembali terhambat oleh praktik buruk seperti Korupsi Partai Merah yang pernah jadi sorotan nasional. @Ary_PrasKe2 @M45Broo_ @DS_yantie https://t.co/aBGKCsglA1,1994617999123517557,,,in,,0,0,0,https://x.com/undefined/status/1994617999123517557,1748104488769277952,
1994614806838685957,Sat Nov 29 03:50:02 +0000 2025,0,Anak sekolah butuh gizi bukan risiko. Jadi wajar MBG Prioritas Prabowo tetep dikasih langsung. Masalahnya kalo tunai tuh rawan diseruduk oknum udah liat sendiri kan rekaman Korupsi Partai Merah di bansos? https://t.co/whHwZt0M13,1994614806838685957,,,in,,0,0,0,https://x.com/undefined/status/1994614806838685957,1932880135008759812,
1994613442813333866,Sat Nov 29 03:44:37 +0000 2025,0,Bayangin dana gizi cair tunai vibes-nya kayak deja vu kasus bansos. Risky bet. Makanya MBG Prioritas Prabowo choice-nya tetap langsung ke anak sekolah sambil upgrade sistem biar makin rapi. Jangan sampai ngulang drama Korupsi Partai Merah lagi https://t.co/oHauv5I2Hb,1994613442813333866,,,in,,0,0,0,https://x.com/undefined/status/1994613442813333866,1955252281290686464,
1994613128903233938,Sat Nov 29 03:43:22 +0000 2025,0,Program makan bergizi buat adek-adek sekolah itu bukan gimmick. Makanya jadi prioritas karena memang urgent. MBG prioritas Prabowo ya harus langsung ke anak bukan tunai yang rawan di-otak-atik trauma kita masih ngeliat Korupsi Partai Merah di skandal bansos dulu ‍️ https://t.co/UapmiqLS4u,1994613128903233938,https://pbs.twimg.com/media/G65KEcIaEAAgSiY.jpg,,in,,0,0,0,https://x.com/undefined/status/1994613128903233938,1955252281290686464,
1994612001361072618,Sat Nov 29 03:38:53 +0000 2025,0,Program gizi gratis tidak boleh dijadikan eksperimen uang tunai. Pemerintah menjaga MBG Prioritas Prabowo tetap aman dari modus Korupsi Partai Merah yang dulu merusak bantuan sosial @seruanhl @FaGtng @mikuroQ https://t.co/PEvgQzlXMI,1994612001361072618,,,in,,0,0,0,https://x.com/undefined/status/1994612001361072618,1985792226409267200,
1994611708992930094,Sat Nov 29 03:37:44 +0000 2025,0,Program makan bergizi gratis hadir untuk memastikan gizi anak Indonesia terpenuhi lewat distribusi langsung. Inilah komitmen MBG Prioritas Prabowo agar manfaatnya tidak bocor seperti pola Korupsi Partai Merah yang pernah merusak bantuan sosial @seruanhl @FaGtng @mikuroQ,1994611708992930094,,,in,,0,0,0,https://x.com/undefined/status/1994611708992930094,2215850144,
1994611499713925284,Sat Nov 29 03:36:54 +0000 2025,0,Program MBG Prioritas Prabowo itu ibarat meal prep buat masa depan bangsa. Kalau tunai? Wah nanti jadi episode baru Petualangan Korupsi Partai Merah . Mending langsung ke anak sekolah. Lebih aman Inget kan? @GunRomli @DS_yantie @ch_chotimah2 https://t.co/eb4j0nYUhD,1994611499713925284,,,in,,0,0,0,https://x.com/undefined/status/1994611499713925284,586152151,
1994611320336093577,Sat Nov 29 03:36:11 +0000 2025,0,Distribusi pangan bergizi ke siswa adalah bentuk perlindungan negara. MBG Prioritas Prabowo memastikan anak mendapat manfaat penuh tanpa risiko praktik Korupsi Partai Merah yang kerap memotong hak masyarakat @Jateng_Twit @gunturromli @MurtadhaOne1 https://t.co/MQ7cqNSSjm,1994611320336093577,,,in,,0,0,0,https://x.com/undefined/status/1994611320336093577,175783805,
2005779460969390424,Tue Dec 30 10:58:53 +0000 2025,0,@Dospemz Itu bukan program makan bergizi itu program korupsi terang terangan jelas?!,2005956751674196073,,Dospemz,in,,0,0,0,https://x.com/undefined/status/2005956751674196073,1603774374792007681,
2005484604040569085,Tue Dec 30 10:47:19 +0000 2025,0,@txtanrrfh @sdenta Dari mananya gak masalah kan Pabrik mereka cm produksi mau dibeli apa enggak terserah konsumen. Konsumen yg beli jg gak salah krn kan suka2 seleranya. Tp kalo dibeli buat MBG yah salah krn gak bergizi mengingat susunya cm 1%. Sedangkan kepanjangan MBG : Makan BERGIZI gratis.,2005953842664407207,,txtanrrfh,in,,0,0,0,https://x.com/undefined/status/2005953842664407207,48258130,
2005500867198521492,Tue Dec 30 07:07:25 +0000 2025,0,@WisdomByDhika @zanatul_91 Masalah di Kampar selesai damai program makan bergizi gratis tambah berkembang,2005898504103956704,,WisdomByDhika,in,,0,0,0,https://x.com/undefined/status/2005898504103956704,1542864312678551552,
2005896581019836586,Tue Dec 30 06:59:47 +0000 2025,26,Anggaran untuk program Makan Bergizi Gratis (MBG) membengkak. Namun tata kelola dan akuntabilitasnya masih menyisakan banyak catatan. Penelusuran ICW menemukan indikasi kuat praktik patronase dan konflik kepentingan dalam pengelolaan MBG. https://t.co/Z972nQH2Ut,2005896581019836586,https://pbs.twimg.com/media/G9ZgTffb0AAUtAP.jpg,,in,,3,25,10,https://x.com/undefined/status/2005896581019836586,49908951,
2005880051485520291,Tue Dec 30 05:54:06 +0000 2025,0,hey ibuuu inget tujuan awal adanya progrma ini tu apa atau gatau singkatan dari MBG? MBG itu Makan BerGIZI Gratis. Emang makanan ada belatung itu bergizi? kita berhak dong protes karena niat awal program kan buat perbaikan GIZI bukan buat ladang BERSYUKUR,2005880051485520291,,,in,,0,0,0,https://x.com/undefined/status/2005880051485520291,1308273449282879488,
2005829325468360952,Tue Dec 30 03:58:30 +0000 2025,103,@merapi_uncover Tujuan awal makan bergizi itu utk menanggulangi stunting jd kl anak sekolah dpt snack itu ga ngefek sih nabung diabetes iya krn gizi buruk bs tjd saat anak janin- balita yg shrsnya dikasih anggaran ke persiapan ibu yg akan hamil kesehatan pendidikan ngurus negara kok begini,2005850960573153726,,merapi_uncover,in,,0,2,7,https://x.com/undefined/status/2005850960573153726,276328507,
2005831018029191381,Tue Dec 30 02:39:15 +0000 2025,0,Pemerintah menegaskan Program Makan Bergizi Gratis (MBG) tetap berjalan selama libur sekolah. Kebijakan ini dipertahankan untuk menjaga konsistensi pemenuhan gizi anak meski muncul kritik soal besarnya anggaran. https://t.co/OHXEElXMPj,2005831018029191381,https://pbs.twimg.com/media/G9Ykg3naUAAjBc-.jpg,,in,,0,1,0,https://x.com/undefined/status/2005831018029191381,1934037585250459648,
2005822989900689556,Tue Dec 30 02:07:21 +0000 2025,4,Barang impor masalah no 2 tapi katanya makan bergizi lah ini yakin beneran sehat dan bermanfaat dikasih buat mengentaskan stunting!? Dzolim ini,2005822989900689556,,,in,,0,0,1,https://x.com/undefined/status/2005822989900689556,28302169,
2005807593953042814,Tue Dec 30 01:06:11 +0000 2025,0,Kenapa makin kesini jadi makin ngasal ya. Padahal masih ada yang beneran serius ngurus buat ngasih makan bergizi anak2 tapi yg jelek gini ternyata juga banyak ,2005807593953042814,,,in,,0,0,0,https://x.com/undefined/status/2005807593953042814,1203560109806252034,
2005654091016667559,Mon Dec 29 14:56:13 +0000 2025,0,Rp60 triliun disiapkan untuk penanganan bencana di Sumatra dan Menteri Keuangan menegaskan tidak ada relokasi anggaran MBG! Ini adalah Kerja Nyata yang menjamin program makan bergizi gratis tetap berjalan tanpa gangguan. #LanjutkanMBG Senin #JOSHUA #今年イチバン聴いた歌 #sstvi https://t.co/SlckRw8sQ7,2005654091016667559,https://pbs.twimg.com/media/G9WDwT8a8AAUtS5.jpg,,in,,0,0,0,https://x.com/undefined/status/2005654091016667559,1737425294896848897,
2005652979643551939,Mon Dec 29 14:51:48 +0000 2025,0,MBG tetap jadi prioritas utama! Dana bencana tidak mengganggu anggaran program makan siang sekolah. Dengan semangat Kerja Nyata kita pastikan anak-anak tetap dapat makanan bergizi &amp; tanggapan bencana berjalan lancar. #LanjutkanMBG Senin #JOSHUA #今年イチバン聴いた歌 #zonajajan https://t.co/GWcoA7xcEO,2005652979643551939,https://pbs.twimg.com/media/G9WCv8qbAAAdvHT.jpg,,in,,0,0,0,https://x.com/undefined/status/2005652979643551939,2758837756,
2005500662113845255,Mon Dec 29 11:55:10 +0000 2025,0,@JohnAlbertJA @xendless_s Berdasarkan laporan dari berbagai sumber seperti Tempo BBC dan ICW Program Makan Bergizi Gratis memang menghadapi tuduhan korupsi seperti keterlibatan yayasan terkait mantan narapidana dan kasus keracunan makanan yang menimpa ribuan siswa. Namun pemerintah menyatakan ini,2005608531106373665,,JohnAlbertJA,in,,0,1,0,https://x.com/undefined/status/2005608531106373665,1720665183188922368,
2005549999174865218,Mon Dec 29 08:02:35 +0000 2025,2,Anggaran Pilkada (Hemat jika pemilihan kepala daerah melalui DPRD) VS Anggaran Makan Bergizi Gratis (Hematnya dimana?),2005549999174865218,,,in,,0,0,0,https://x.com/undefined/status/2005549999174865218,1549607043228585984,
2005506952819040331,Mon Dec 29 05:11:32 +0000 2025,0,Menteri Keuangan Purbaya menyampaikan bahwa karena bencana tidak mengganggu anggaran terhadap program Makan Bergizi Gratis. Pernyataan ini terkait pro dan kontra di masyarakat bahwa anggaran MBG bisa dialihkan untuk penanganan bencana Sumatera. #LanjutkanMBG Danielle #sstvi https://t.co/3G3UZPALqh,2005506952819040331,https://pbs.twimg.com/media/G9T97sdb0AAHGBG.jpg,,in,,0,0,0,https://x.com/undefined/status/2005506952819040331,326453024,
2005206780205531493,Mon Dec 29 04:21:06 +0000 2025,1,@kenhans03 Mbg rawan korupsi bukan lagi makan bergizi sampai ke siswa banyak gak layak. Pemerintah harus sidak dan perbaiki.di mana ada peluang di situ para bajingan berkumpul.,2005494258078503171,,kenhans03,in,,1,0,0,https://x.com/undefined/status/2005494258078503171,1743209503733235712,
2005450109820211360,Mon Dec 29 01:25:40 +0000 2025,0,karna ga ngerti masalah gizi kan singkatan MBG itu makan bergizi ya? apa makanan ini cukup bergizi untuk tumbuh kembang anak?,2005450109820211360,,,in,,0,0,0,https://x.com/undefined/status/2005450109820211360,1223497434,
1885287716562342097,Fri Jan 31 17:39:45 +0000 2025,1,@Syarman59 @prabowo @DPR_RI Anak sekolah bukan kelinci percobaan dari proyek MBG dengan menu gizi dari ulat dan serangga. Dan jangan berekspektasi guna terlaksana memenuhi program makan mewah bergizi dibiayai dari hasil kembali menjual laut stop berpikir demi pencitraan dng menjual kedaulatan.,1885382477407273374,,Syarman59,in,,0,0,0,https://x.com/undefined/status/1885382477407273374,1116882263185088513,
1885334276562182325,Fri Jan 31 14:28:14 +0000 2025,0,Kasi Intelijen Akhmad Putra Dwi S.H. menghadiri giat pelaksanaan uji coba Makan Bergizi Gratis (MBG) di Kabupaten Bantaeng untuk anak SD Inpres Kalammassang Desa Layoa Gantarangkeke Bantaeng. https://t.co/Xdf07viCVU,1885334276562182325,https://pbs.twimg.com/media/GioNekSbYAU-jPA.jpg,,in,,0,0,0,https://x.com/undefined/status/1885334276562182325,1373504219655720967,
1885308780646457403,Fri Jan 31 12:48:39 +0000 2025,0,diisi dengan berbagai kegiatan mulai dari pelayanan Paspor Simpatik di akhir pekan bakti sosial donor darah pemberian makan bergizi gratis bagi pelajar Sekolah Dasar di SDN 05 Bulango Utara Bakti Sosial ke Panti Asuhan Al-Hasanah Kecamatan Suwawa Kabupaten Bone Bolango ,1885309216396894575,,imigrasigtalo,in,,0,1,0,https://x.com/undefined/status/1885309216396894575,975201697944317952,
1885303291414012162,Fri Jan 31 12:25:06 +0000 2025,20,Siswa SMP Sebut Menu Makan Bergizi Gratis Tak Enak Publik Sentil Deddy Corbuzier: Awas Dikatain Sama Letkol Lu.. https://t.co/s0bShueyko,1885303291414012162,,,in,,0,0,19,https://x.com/undefined/status/1885303291414012162,887743587579944960,
1885232258317246469,Fri Jan 31 12:21:32 +0000 2025,2,@tempodotco Program Makan Bergizi Gratis saat ini tidak efektif karena Pemerintah memberi MBG kepada siswa yg sebagian ortu nya mampu secara ekonomi terutama di perkotaan. Jika tujuannya utk cerdaskan &amp; kesehatan anak didik fokuskan @ jutaan orang miskin yg lebih membutuhkan agar sejahtera,1885302395019944252,,tempodotco,in,,0,0,0,https://x.com/undefined/status/1885302395019944252,1735636779192233984,
1885297809207025698,Fri Jan 31 12:03:19 +0000 2025,5,Dalam upaya mendukung program Makan Bergizi Gratis Babinsa Koramil 1802-02/Sorong Barat Serda Thomas Yembise melaksanakan kegiatan monitoring pendistribusian Makan Bergizi Gratis (MBG) kepada siswa SD NEGERI 37 Kecamatan Sorong Barat Kota Sorong https://t.co/m0eKL0rHNa,1885297809207025698,https://pbs.twimg.com/media/GinsWtObYAYWS5p.jpg,,in,,0,0,0,https://x.com/undefined/status/1885297809207025698,795876543914348544,
1885289611225948585,Fri Jan 31 11:30:45 +0000 2025,1,Bukan sekedar proyek mencerdaskan yang diisi oleh program makan bergizi gratis tetapi kita membutuhkan program yang menyejahterakan guru dan anak-anak untuk memiliki akses pendidikan yang memadai. Program MBG tidaklah buruk. Namun apakah itu langkah prioritas kita saat ini?,1885289614287741029,,nadeuxx,in,,0,0,0,https://x.com/undefined/status/1885289614287741029,1542139931845599233,
1885288953223536804,Fri Jan 31 11:28:08 +0000 2025,0,PROYEK AMBISIUS MBG DIPASTIKAN MANDEG. Bnyk faktor: 1. Anggaran Zonk 2. Distribusi anggaran tersendat 3. Sampai di murid menu TIDAK BERGIZI msh lbh bergizi makan di rumah 4. Olahan makanan tidak kreatif bnyk murid gk doyan 5. Anggaran disunat 6. Terindikasi korupsi @KPK_RI https://t.co/M9RJfVxHLQ,1885288953223536804,https://pbs.twimg.com/media/GinS1ZzbYAAS9md.jpg,,in,,0,0,0,https://x.com/undefined/status/1885288953223536804,1548874746083053569,
1885270749549912070,Fri Jan 31 10:15:47 +0000 2025,2,Program makan bergizi gratis telah berjalan sejak awal Januari lalu. Program ini bertujuan untuk menyediakan makanan bergizi bagi kelompok rentan balita santri siswa dari berbagai jenjang pendidikan dari PAUD hingga SMA serta ibu hamil dan menyusui. Dimulai di 190 lokasi di https://t.co/jIamnPiFIz,1885270749549912070,https://pbs.twimg.com/ext_tw_video_thumb/1885270699566391296/pu/img/XiANMfcttrMRM6ms.jpg,,in,,0,0,0,https://x.com/undefined/status/1885270749549912070,1641093904236969992,
1885264732451725611,Fri Jan 31 10:00:06 +0000 2025,1,@ocukam Akhirnya nanti orang tua wali murid disuruh masak sendiri menu atur sendiri. Makan bergizi gratis #Swadaya masyarakat.,1885266800436535594,,ocukam,in,,0,0,0,https://x.com/undefined/status/1885266800436535594,1418945648171356164,
1885266537415925991,Fri Jan 31 09:59:03 +0000 2025,1,Kodim 1401/Majene Gelar Kegiatan Hasanuddin Peduli Anak Sekolah Bagikan Makan Bergizi dan Seragam Gratis https://t.co/zMC9C92cja,1885266537415925991,https://pbs.twimg.com/media/GinP6PCakAA2GRD.jpg,,in,,0,0,0,https://x.com/undefined/status/1885266537415925991,2983659151,
1884907973774082239,Fri Jan 31 09:28:04 +0000 2025,0,@randomable_ Pentingnya sekolah gratis daripada makan bergizi gratis ya monyet monyet,1885258738753560715,,randomable_,in,,0,0,0,https://x.com/undefined/status/1885258738753560715,1906946432,
1885241498637390092,Fri Jan 31 08:19:34 +0000 2025,12759,Kerja 11 jam lebih upah gak jelas makan dr sisa siswa 4 tenaga pencuci kotak makan bergizi gratis mengundurkan diri di sumenep. Miris gak sih?! Mending di evaluasi ulang lah drpd di terusin tapi byk masalah. https://t.co/xPS2CH3LNL,1885241498637390092,https://pbs.twimg.com/ext_tw_video_thumb/1885241448276385794/pu/img/7Kiwa-kVUGTvEYcD.jpg,,in,,261,352,3095,https://x.com/undefined/status/1885241498637390092,1577486519773765632,
1885236583332303189,Fri Jan 31 08:00:02 +0000 2025,0,#FOTO Bertepatan dengan Hari Gizi Nasional sejumlah siswa sekolah mengikuti program Edutrain. Mereka diajak naik LRT dan menyantap makan bergizi gratis. Foto: Rifkianto Nugroho &gt;&gt; https://t.co/Nq0kZIWiXF #detikedu #HariGiziNasional #MBG https://t.co/XJLdLkFQtg,1885236583332303189,https://pbs.twimg.com/media/Gimmp7-bYAUaNKO.jpg,,in,,0,0,0,https://x.com/undefined/status/1885236583332303189,1668188086067683331,
1885230446595932339,Fri Jan 31 07:35:39 +0000 2025,0,Siswa SD Kritik Rasa Menu Makan Bergizi Gratis BGN Siapkan Evalusi Tiap 20 Hari https://t.co/IgaP0X1myC,1885230446595932339,,,in,,0,0,0,https://x.com/undefined/status/1885230446595932339,1662795655977517056,
1885230289657749916,Fri Jan 31 07:35:01 +0000 2025,8,DUKUNG PROGRAM MAKAN BERGIZI GRATIS TERIMA KASIH MAKAN BERGIZI GRATIS TORANG SENANG DAN LEBIH SEMANGAT SEKOLAH #PapuaTolakOPM #OPMPelanggarHAM #PapuaIndonesiaCintaDamai #PapuaDamaiTanpaOPM https://t.co/XyaMMds3Sr,1885230289657749916,https://pbs.twimg.com/media/Gimu4INbYAIyJjk.jpg,,in,,0,0,0,https://x.com/undefined/status/1885230289657749916,1858819728325963778,
1895080035104759964,Fri Feb 28 15:07:32 +0000 2025,0,@MrOngDedy Jadi catering makan bergizi,1895491030667141134,,MrOngDedy,in,,0,0,0,https://x.com/undefined/status/1895491030667141134,406836385,
1906633094649532582,Mon Mar 31 09:02:07 +0000 2025,0,Makan bergizi Gratis dinikmati Siswa di Papua https://t.co/GMFpcBtPgf,1906633094649532582,https://pbs.twimg.com/media/GnW4r9XbAAAk42m.jpg,,in,,0,0,0,https://x.com/undefined/status/1906633094649532582,1564543173132980225,
1906373292744962059,Sun Mar 30 15:49:46 +0000 2025,0,Program Makan Bergizi Gratis dari Bapak Presiden Prabowo Subianto untuk seluruh anak-anak di Indonesia dari Sabang sd Merauke #PenuhiGiziIndonesia,1906373292744962059,,,in,,0,0,0,https://x.com/undefined/status/1906373292744962059,1836761612616957952,
1906372656548438443,Sun Mar 30 15:47:14 +0000 2025,0,Program makan bergizi gratis bertujuan agar siswa di Indonesia bisa lepas dari stunting serta mampu menyiapkan Indonesia menuju keemasan. #PenuhiGiziIndonesia https://t.co/EZ3H35tgkL,1906372656548438443,https://pbs.twimg.com/media/GnTLzZ2bUAAbkGV.jpg,,in,,4,2,0,https://x.com/undefined/status/1906372656548438443,1707577428300976128,
1906372430727397846,Sun Mar 30 15:46:20 +0000 2025,0,Program makan bergizi gratis bertujuan agar siswa di Indonesia bisa lepas dari stunting serta mampu menyiapkan Indonesia menuju keemasan. #PenuhiGiziIndonesia https://t.co/lC2vWMpqdB,1906372430727397846,https://pbs.twimg.com/media/GnTLmqWaUAEQpcc.jpg,,in,,2,2,0,https://x.com/undefined/status/1906372430727397846,1707577428300976128,
1917643911843176954,Wed Apr 30 18:43:32 +0000 2025,0,Anak-anak Indonesia butuh makan bergizi iya. Tapi anak-anak Indonesia LEBIH BUTUH pendidikan berkualitas! Makan bergizi juga kalau sistem pendidikan masih bobrok literasi masih minim gaji guru masih kecil kurikulum yang ngga relevan ya buat apa??? Arghh ,1917651046366851382,,peritapimenulis,in,,0,0,0,https://x.com/undefined/status/1917651046366851382,1863521222988075008,
1917567036135465378,Wed Apr 30 13:09:42 +0000 2025,18,Serka Ratang Gauk Babinsa Desa Bontoala (Koramil 1409-05/Pallangga) melaksanakan kegiatan pendampingan pembagian makan bergizi gratis kepada murid SD Inpres Lambengi yang bertempat di Jln. Pelita Lambengi Desa Bontoala Kec. Pallangga Kab. Gowa. https://t.co/Pxc7Els5YX,1917567036135465378,https://pbs.twimg.com/media/GpyRCFkaYAUaisb.jpg,,in,,0,1,0,https://x.com/undefined/status/1917567036135465378,1262745164897869825,
1917544129938219251,Wed Apr 30 11:38:41 +0000 2025,0,Lagi-lagi kasus keracunan makanan terjadi di siswa penerima Makan bergizi gratis (MBG). Badan Gizi Nasional bilang tingkat keracunan dari suplemen ini cuma 0 5%. Yuk kita bahas,1917544129938219251,,,in,,0,1,0,https://x.com/undefined/status/1917544129938219251,1820883734310350858,
1917522759325999435,Wed Apr 30 10:13:46 +0000 2025,0,Danpos Ramil 04 Luak Peltu Wahidi bersama Babinsa Sertu Agung dan Serda Boby hadir dalam rangka Launching Makan Bergizi Gratis Kepada Pelajar SD N 07 Sungai Kamuyang. sebanyak 28 Porsi disiapkan untuk pelajar SDN 07 Sungai Kamuyang Kecamatan Luak. Rabu (30/4/2025). https://t.co/qGtjhV0qAS,1917522759325999435,https://pbs.twimg.com/media/Gpxor83a0AAe6KF.jpg,,in,,0,0,0,https://x.com/undefined/status/1917522759325999435,1211868959047241728,
1917507404146921711,Wed Apr 30 09:12:45 +0000 2025,1,Babinsa Koramil 1414-02/Rantepao Serda Albert sipi melaksanakan pemantauan makan bergizi bertempat SD Kristen 5 Rantepao Kel. Singki Kec. Rantepao Kab. Toraja Utara Rabu 30/04/2025 #tniad #dispenad #puspentni #TNIindonesia #kodam14hasanuddin https://t.co/FFunxjdmzD,1917507404146921711,https://pbs.twimg.com/media/Gpxa0XDaYAU1Rtx.jpg,,in,,0,0,0,https://x.com/undefined/status/1917507404146921711,1744553345598259200,
1917383264576352445,Wed Apr 30 09:10:14 +0000 2025,0,@draftanakunpad3 Kalo ide kalian apa? Org indonesia itu rata2 goblok. Gk mikir oww nnt bs jd anak anak perlu makan bergizi sekolah yg bagus (hrsnya ini negara yg nyediain tp negara jg goblok) butuh uang. Kl uangnya gk ada gaji dbwh UMR motor hp kredit ya anaknya satu aja. Harus sadar.,1917506772228792616,,draftanakunpad3,in,,0,0,0,https://x.com/undefined/status/1917506772228792616,1172791129114386432,
1917505954683445621,Wed Apr 30 09:06:59 +0000 2025,1,#JatengTerkini 30 April 2025 Kabupaten Banjarnegara akan menambah empat dapur untuk Makan Bergizi Gratis (MBG) guna memenuhi kebutuhan 12 ribu siswa. #makanbergizigratis #makangratis #banjarnegara #badangizinasional #beritajateng #TVRIJateng https://t.co/HsXDhvY7b6,1917505954683445621,https://pbs.twimg.com/amplify_video_thumb/1917505257636257792/img/NOBeX_DRqqphyklL.jpg,,in,,0,0,0,https://x.com/undefined/status/1917505954683445621,1085408062545018882,
1917500443409932301,Wed Apr 30 08:45:05 +0000 2025,1,Monitoring Makan Bergizi Gratis Bhabinkamtibmas Desa Cinunuk Aiptu Heri Maryadi melaksanakan Monitoring Makan Bergizi Gratis di SMP Negeri 3 Cileunyi #polridukungprogrampemerintah #Laporpakkapolresta #polisiindonesia #Polripresisi #polrestabandung #kapolrestabandung https://t.co/2KKxqSQMlr,1917500443409932301,https://pbs.twimg.com/media/GpxUfWbaEAAAmDx.jpg,,in,,0,0,0,https://x.com/undefined/status/1917500443409932301,1320706490861117442,
1917474000881467722,Wed Apr 30 07:00:01 +0000 2025,0,Orang tua siswa SLB Negeri 5 Jakarta terkadang lupa membawakan alat makan untuk anaknya. Di momen pelaksanaan makan bergizi gratis hari ini Selasa (29/4) para siswa pun saling berbagi meminjamkan alat makan ke teman-temannya. &gt;&gt; https://t.co/prgEy2DGfS https://t.co/aL6TNrptgW,1917474000881467722,https://pbs.twimg.com/amplify_video_thumb/1917135021468749828/img/Jdc93GkX5_WoB4fc.jpg,,in,,0,0,1,https://x.com/undefined/status/1917474000881467722,104446991,
1928723124679487622,Sat May 31 08:52:26 +0000 2025,22,@ARSIPAJA Anak Bangsa lagi susah DITIPU. anak Bangsa cari kerja DITIPU. Anak Bangsa meraih masa depan DITIPU. Anak Bangsa yg Masih SD aja ditipu dengan Makan bergizi ternyata ...KERACUNAN. Semua DITIPU. Negara tipu- tipu itulah sebenarnya legacy Raja Tipu. Sign KIRI belok KANAN https://t.co/uvWz0R6inB,1928736316293804238,https://pbs.twimg.com/media/GsQ_b3zaMAEUhVL.jpg,ARSIPAJA,in,,0,1,2,https://x.com/undefined/status/1928736316293804238,122338451,
1928690218976367039,Sat May 31 07:26:24 +0000 2025,6,@archvidz @IndoPopBase 217T itu efeknya bukan murid dapat makan bergizi dan sehat doang tapi muterin uangnya ke masyarakat lebih besar yang ujungnya bisa mengurangi kemiskinan juga dibawah 6% dan buka 1.9 juta lapangan kerja. Lagian yg error keracunan berapa sih? Dibanding jutaan yang terbantu.,1928714666202771581,,archvidz,in,,0,11,1,https://x.com/undefined/status/1928714666202771581,1388455056794525697,
1928696691567243302,Sat May 31 06:14:59 +0000 2025,2,semua-muanya makan bergizi gratis bayar dulu tuh vendor2 catering yg diutangin pemerintah..... ://,1928696691567243302,,,in,,0,2,0,https://x.com/undefined/status/1928696691567243302,1138956444663812096,
1928692926550249743,Sat May 31 06:00:01 +0000 2025,0,Makanan Khas Suku Penduduk Adat Taiwan Kini Masuk dalam Menu Makan Siang Bergizi di Sekolah Selengkapnya: https://t.co/b6mdUB3Ara https://t.co/WTDWc49TfL,1928692926550249743,https://pbs.twimg.com/media/GsAQOEgWoAAAnoL.jpg,,in,,0,0,0,https://x.com/undefined/status/1928692926550249743,1452801684984393728,
1928674189889679603,Sat May 31 04:45:34 +0000 2025,0,Sasaran 80 Juta Siswa Indonesia Dapat Makan Bergizi Lewat 1.000 Dapur MBG Kerja Sama Kadin dan Prancis #MakanBergiziGratis https://t.co/wkcWo8mL6Q,1928674189889679603,https://pbs.twimg.com/ext_tw_video_thumb/1928673958683111424/pu/img/vXKj4utb7xslz2ZT.jpg,,in,,0,0,0,https://x.com/undefined/status/1928674189889679603,278905524,
1928651865870278955,Sat May 31 03:16:52 +0000 2025,1,Anak sekolah makan bergizi lewat MBG https://t.co/jF2FLxkgjb,1928651865870278955,https://pbs.twimg.com/media/GsPypmhaMAASAdU.jpg,,in,,0,0,0,https://x.com/undefined/status/1928651865870278955,1536371113705754624,
1928634113512133052,Sat May 31 02:07:53 +0000 2025,0,@PutraHunian Makan bergizi di sekolah bukan kemewahan tapi kebutuhan yang harus dipenuhi bersama #PenuhiGiziIndonesia,1928634506170478786,,PutraHunian,in,,0,0,0,https://x.com/undefined/status/1928634506170478786,1795715799564656640,
1928630473473020147,Sat May 31 01:51:51 +0000 2025,0,Program makan bergizi gratis (MBG) di Kabupaten Jembrana terus diperluas. Teranyar ada 6 Dapur Satuan Pelayanan Pemenuhan Gizi (SPPG) baru yang siap beroperasi dalam waktu dekat ini. https://t.co/4fB0uIqSPG,1928630473473020147,,,in,,0,2,0,https://x.com/undefined/status/1928630473473020147,2655442453,
1927853684240666979,Fri May 30 16:17:22 +0000 2025,1,@justlyaaaaa Tasikmalaya Jawa Barat Makan Bergizi Gratis diberikan kepada tujuh sekolah mulai dari PAUD sampai SMA salah satunya di SMPN 2 Tasikmalaya yang berada di Kota Tasikmalaya. Menu MBG yang disajikan yaitu nasi putih tempe ayam Lanjutkan MBG ️,1928485898775126310,,justlyaaaaa,in,,0,0,0,https://x.com/undefined/status/1928485898775126310,1725413776508497920,
1927853684240666979,Fri May 30 16:16:44 +0000 2025,1,@justlyaaaaa Bandung Di Bandung MBG disiapkan oleh SPPG Lanud Husein Sastranegara serta Sukajadi. Salah satu sekolah penerima program Makan Bergizi Gratis ini adalah SD Angkasa 1. Menu yang disajikan yaitu nasi putih tumis tahu sawi ayam goreng serta satu buah pisang. Lanjutkan MBG ️,1928485737986400486,,justlyaaaaa,in,,0,0,0,https://x.com/undefined/status/1928485737986400486,1725413776508497920,
1939701409764839452,Mon Jun 30 15:03:48 +0000 2025,0,Satgas Pamtas RI-RDTL Pos Aplal Gelar Makan Bergizi dan Cek Kesehatan Gratis di SD Kecil Banu https://t.co/5p9kyuKCyV,1939701409764839452,https://pbs.twimg.com/media/Gus0JSjbQAAvTQ7.jpg,,in,,0,0,0,https://x.com/undefined/status/1939701409764839452,1476481562778554368,
1939699596382622040,Mon Jun 30 14:56:36 +0000 2025,0,Satgas Pamtas RI-RDTL Pos Aplal Tanamkan Nilai Nasionalisme dan Cek Lokasi Program Makan Bergizi di SD Kecil Banu https://t.co/EYH64sjfmW,1939699596382622040,https://pbs.twimg.com/media/GusyfsMbUAAm628.jpg,,in,,0,0,0,https://x.com/undefined/status/1939699596382622040,1476481562778554368,
1939639026564399169,Mon Jun 30 10:55:55 +0000 2025,0,Senin 30/06/2025 - Bhabinkamtibmas Kupang Aiptu Suparyadi melaksanakan pengamanan &amp; monitoring pelaksanaan Makan Bergizi Gratis di SMP 5 Ambarawa. #polressemarang #polsekambarawa #polriuntukmasyarakat #kamipolisibaik https://t.co/LOgyf8lsFc,1939639026564399169,https://pbs.twimg.com/media/Gur7agxWkAA6VY6.jpg,,in,,0,0,0,https://x.com/undefined/status/1939639026564399169,1701858463310295040,
1939607338455032212,Mon Jun 30 08:50:00 +0000 2025,1,Badan Gizi Nasional menyebut jumlah penerima manfaat program Makan Bergizi Gratis mencapai 5 5 juta orang terbanyak kepada siswa SD. https://t.co/XMmD3UlHkG,1939607338455032212,,,in,,0,0,0,https://x.com/undefined/status/1939607338455032212,69183155,
1950873777623163173,Thu Jul 31 10:58:48 +0000 2025,0,Wamen Fajar : Program Makan Bergizi Gratis Bangun Karakter Positif dan Motivasi Belajar Murid https://t.co/PYxASP5G6s #beritaterkini #beritaviral #kabarterbaru #klikwarta #news #beritanasional,1950873777623163173,,,in,,0,0,0,https://x.com/undefined/status/1950873777623163173,823779030767833088,
1950855707806359738,Thu Jul 31 09:47:00 +0000 2025,0,BPOM RI sudah mengantongi hasil uji laboratorium sampel menu makan bergizi gratis (MBG) yang diduga membuat ratusan siswa di SMPN 8 Kupang mengalami keracunan. https://t.co/eojYSmRDeH,1950855707806359738,,,in,,1,0,2,https://x.com/undefined/status/1950855707806359738,69183155,
1950851429444227293,Thu Jul 31 09:30:00 +0000 2025,0,BPOM RI sudah mengantongi hasil uji laboratorium sampel menu makan bergizi gratis (MBG) yang diduga membuat ratusan siswa di SMPN 8 Kupang mengalami keracunan. https://t.co/559ZbGwdGt,1950851429444227293,,,in,,0,0,1,https://x.com/undefined/status/1950851429444227293,104446991,
1950851059192332583,Thu Jul 31 09:28:32 +0000 2025,0,Wamen Fajar: Program Makan Bergizi Gratis Bangun Karakter Positif dan Motivasi Belajar Murid @Kemdikdasmen @TV9NUsantara https://t.co/63cxNqIkzz,1950851059192332583,,,in,,0,0,1,https://x.com/undefined/status/1950851059192332583,1749334907271380992,
1950827032855867619,Thu Jul 31 07:53:03 +0000 2025,0,Program Makan Bergizi Gratis Presiden Prabowo Hadir di Konawe Utara: 3.475 Siswa dan Balita Terima Manfaat di Wilayah Kodim 1430/Konut Baca selengkapnya di https://t.co/2eklyiqAPD https://t.co/LoaCVMmYP2,1950827032855867619,https://pbs.twimg.com/media/GxK62O3aEAA4OhK.jpg,,in,,0,0,0,https://x.com/undefined/status/1950827032855867619,1605793648032956416,
1950823998465638569,Thu Jul 31 07:41:00 +0000 2025,4,Sejumlah siswa SMP Muhammadiyah 2 Wates dan SMPN 3 Wates di Kulon Progo mengeluh sakit perut muntah hingga diare usai menyantap menu Makan Bergizi Gratis. via @detikjogja_ https://t.co/yWTKy2BKBs,1950823998465638569,,,in,,0,1,1,https://x.com/undefined/status/1950823998465638569,69183155,
1950819454298030253,Thu Jul 31 07:23:03 +0000 2025,0,Tatkala Wamen Fajar menghampiri seorang siswa lain ia bertanya: Sudah berapa lama dapat makan bergizi gratis? .,1950819482504663277,,Muhamma48288841,in,,0,0,0,https://x.com/undefined/status/1950819482504663277,1598275455278551041,
1950819454298030253,Thu Jul 31 07:23:01 +0000 2025,0, Pesannya apa kalau adik-adik bertemu dengan Bapak Presiden Prabowo? imbuh Wamen Fajar. Para siswa kemudian secara bersamaan menjawab Terima kasih Bapak Presiden Prabowo yang telah memperjuangkan dan memberikan kami makan bergizi. ,1950819474271310183,,Muhamma48288841,in,,0,1,0,https://x.com/undefined/status/1950819474271310183,1598275455278551041,
1950819454298030253,Thu Jul 31 07:22:59 +0000 2025,0, Sekarang jadi lebih semangat belajar pak kata para siswa. Wamen Fajar menjelaskan makan bergizi gratis atau MBG ini program Presiden Prabowo Subianto.,1950819466545090964,,Muhamma48288841,in,,0,1,0,https://x.com/undefined/status/1950819466545090964,1598275455278551041,
1950819454298030253,Thu Jul 31 07:22:59 +0000 2025,0, Ada perbedaan tidak setelah adanya program makan bergizi gratis dengan sebelumnya? tanya Wamen Fajar melalui keterangan tertulisnya pada Rabu (30/7/2025. Iya jawab para siswa serentak. Bedanya apa? Wamen Fajar menanyakan lagi.,1950819464297246805,,Muhamma48288841,in,,0,1,0,https://x.com/undefined/status/1950819464297246805,1598275455278551041,
1949763133754806777,Thu Jul 31 05:18:53 +0000 2025,3,@bonapasogit24 @ebonXboy @RIPDEMOKRASI @asmawan_ed72119 @DianSandiU @_aji_satrio_ @3rwin__34 @ProfylHenuk @PCReborn172737 @Ary_PrasKe2 @KRMT_RoySuryo @RoySuryo_asli @SianiparRismon @blank0429 @JimlyAs @mohmahfudmd @TOPssstt @beulangong174 @WayangPedalaman @gibran_tweet @adearmando61 @sukmawijaya91 Di luar negri makan bergizi gratis bikin siswa semangat belajar. Di Indonesia program MBG malah bikin anak-anak semangat ke IGD. Katanya makan bergizi nyatanya menu ala kadarnya gizi nol risiko tinggi. Ini program makan atau uji nyali? Makan sepuasnya https://t.co/KQLCE39rTG,1950788232935096703,https://pbs.twimg.com/ext_tw_video_thumb/1950788143776743424/pu/img/sIBSIyH9KvmpQBX5.jpg,bonapasogit24,in,,0,1,1,https://x.com/undefined/status/1950788232935096703,1659107567166189568,
1950785854747836444,Thu Jul 31 05:09:26 +0000 2025,1, Di Luar negri makan bergizi gratis bikin siswa semangat belajar. Di Indonesia program MBG malah bikin anak-anak semangat ke IGD. Katanya makan bergizi nyatanya menu ala kadarnya gizi nol risiko tinggi. Ini program makan atau uji nyali? @prabowo Makan sepuasnya https://t.co/I7zYY8Lj90,1950785854747836444,https://pbs.twimg.com/ext_tw_video_thumb/1950785773806219264/pu/img/MBIMcIJfSseOrYRb.jpg,,in,,0,0,0,https://x.com/undefined/status/1950785854747836444,1637094881633120256,
1962070771129520621,Sun Aug 31 08:43:35 +0000 2025,0,Jepang: Makan bergizi di sekolah jadi bagian budaya pendidikan. Anak-anak belajar disiplin hidup sehat &amp; siap bersaing di level global. #Kemendagri #gasssnow #MakanBergiziGratis,1962073771231392148,,alineadotid,in,,0,0,0,https://x.com/undefined/status/1962073771231392148,354168059,
1962065852041400538,Sun Aug 31 08:12:07 +0000 2025,2,Makan siang gratis kurang menggigit gak ada respek rakyat saat di kampanyekan di ubah menjadi makan bergizi gratis rakyat senang sekali. Ternyata gratis nya hoax krena dari dana pendidikan politik omon omon. Makanan nya meracuni siswa..kapan di hentikan pak ? https://t.co/YlQu9XgdRj,1962065852041400538,https://pbs.twimg.com/ext_tw_video_thumb/1962065829304172545/pu/img/r3Nwz8xLDfg-37OB.jpg,,in,,0,2,1,https://x.com/undefined/status/1962065852041400538,1385407713987874820,
1962041202884407608,Sun Aug 31 06:34:10 +0000 2025,0,#PenuhiGiziIndonesia Program Makan Bergizi Gratis Dukung Konsentrasi Belajar Siswa https://t.co/yvu0tNq1TW,1962041202884407608,https://pbs.twimg.com/media/GzqR5JOb0AAt9f3.jpg,,in,,0,2,0,https://x.com/undefined/status/1962041202884407608,1620278578922532865,
1962025242840461425,Sun Aug 31 05:30:45 +0000 2025,0,Program Makan Bergizi Gratis Dukung Konsentrasi Belajar Siswa https://t.co/4IXqwPlKNC,1962025242840461425,https://pbs.twimg.com/media/GzqDjQ2bcAAu2Dh.jpg,,in,,0,0,0,https://x.com/undefined/status/1962025242840461425,1686276192352272384,
1962021293110530096,Sun Aug 31 05:15:03 +0000 2025,0,Yuk bantu wujudkan program makan bergizi gratis untuk siswa agar mereka lebih fokus belajar! Caranya? [Sebutkan cara mudahnya misal: Klik link di bio Bagikan postingan ini dll.] https://t.co/PJeKfB0eD8,1962021293110530096,https://pbs.twimg.com/media/Gzp_9-ra4AAJ6lb.jpg,,in,,0,0,0,https://x.com/undefined/status/1962021293110530096,359802769,
1961824157764858178,Sat Aug 30 23:00:23 +0000 2025,1,@zukialmoskowi @kompascom Bang anak MBG makan dari pajak kita2 bang makanya yg lebih baik itu Pendidikan yg di majukan bukan sibuk ngurusin makanan bergizi.. makanan anak2 emak2nya sama org kantin sudah paham bang jadi jangan juga salahin anaknya atau ayamnya yg salah yaa PROGRAMnya ,1961927005160743409,,zukialmoskowi,in,,0,0,1,https://x.com/undefined/status/1961927005160743409,1471361398013718528,
1961785542179451086,Sat Aug 30 13:38:16 +0000 2025,0,Pemerintah Kabupaten Biak Numfor Papua menyebutkan sebanyak 43 ribu siswa dari berbagai jenjang pendidikan menjadi sasaran penerima manfaat Program Makan Bergizi Gratis. https://t.co/awUhvUgZxw,1961785542179451086,,,in,,0,0,2,https://x.com/undefined/status/1961785542179451086,18071520,
1961741610808729621,Sat Aug 30 10:43:42 +0000 2025,0,Stop mbg yg gak bergizi dan mahal itu langsung kasih Cash ke siswa @10rb saja untuk beli makan sendiri,1961741610808729621,,,in,,0,0,0,https://x.com/undefined/status/1961741610808729621,1036750655124201472,
1961718967275503718,Sat Aug 30 09:13:43 +0000 2025,45,Program Makan Bergizi Gratis (MBG) terus dapat dukungan dari banyak pihak. Kali ini datang dari para guru yang melihat langsung manfaatnya di sekolah. #gasssnow #Kemendagri #MakanBergiziGratis https://t.co/qZp48vN4sE,1961718967275503718,https://pbs.twimg.com/media/Gzls5CAbMAAcyfu.jpg,,in,,0,5,29,https://x.com/undefined/status/1961718967275503718,354168059,
1961714396578926745,Sat Aug 30 08:55:33 +0000 2025,77,Kolaka jadi salah satu daerah yang sukses jalankan program Makan Bergizi Gratis (MBG). Sudah ada 61.850 jiwa penerima manfaat mulai dari siswa sekolah ibu hamil sampai ibu menyusui. #gasssnow #Kemendagri #MakanBergiziGratis https://t.co/f2HKhQ01bZ,1961714396578926745,https://pbs.twimg.com/media/GzlonJNa0AA4Ysd.jpg,,in,,0,4,24,https://x.com/undefined/status/1961714396578926745,354168059,
1961697574567776456,Sat Aug 30 07:48:43 +0000 2025,21,Program Makan Bergizi Gratis (MBG) terus mendapat dukungan dari para guru. Di SDN 5 Tapos Depok antusiasme siswa tinggi banget setiap kali menu favorit hadir di sekolah! #gasssnow #Kemendagri #MakanBergiziGratis https://t.co/O5O3t9hhS1,1961697574567776456,https://pbs.twimg.com/media/GzlZdMKaIAAtasf.jpg,,in,,0,5,42,https://x.com/undefined/status/1961697574567776456,354168059,
1972651496161608095,Tue Sep 30 21:48:45 +0000 2025,1,@_masbaim_ @oddypratama4 @BiLLRaY2019 Sekolah anak saya juga tadinya gak boleh menolak MBG alasannya karena dekat dengan dapur MBGnya pdhal sekolahan anak saya sudah include makan bergizi dari sekolah knp sih gak bisa tepat sasaran gitu yg butuh kan lebih banyak gitu untung sudah clear skrng ga dpt MBG lg.,1973143001846395044,,_masbaim_,in,,0,0,0,https://x.com/undefined/status/1973143001846395044,569691238,
1973108284921094491,Tue Sep 30 19:30:48 +0000 2025,0,Percuma makan bergizi kalo SMA Negeri belum ada di Kecamatan Cimenyan ,1973108284921094491,,,in,,0,0,0,https://x.com/undefined/status/1973108284921094491,110492126,
1972967406113824989,Tue Sep 30 15:48:53 +0000 2025,0,@SUARAKRISTEN1 @detikcom @detikjatengcom Sekolah SD Muhammadiyah 1 Ketelan Solo berhasil mengelola program makan bergizi mandiri (Dapur Sehat) selama 10 tahun karena manajemen efisien: menu bulanan sehat tanpa pengawet bahan segar biaya Rp10.000/porisi (makan sepuasnya) dan dukungan penuh orang tua yang puas dengan,1973052436450570704,,SUARAKRISTEN1,in,,0,0,0,https://x.com/undefined/status/1973052436450570704,1720665183188922368,
1984262363726692845,Fri Oct 31 14:13:07 +0000 2025,0,Pesan lucu dari siswa penerima Makan Bergizi Gratis (MBG) di Jawa Tengah ini bikin senyum semua petugas SPPG Polda Jateng. Dari kertas kecil penuh coretan doa dan terima kasih tersimpan semangat besar anak-anak Indonesia untuk tumbuh sehat cerdas dan bahagia. ️🇮🇩 https://t.co/w5oGvzMAcd,1984262363726692845,https://pbs.twimg.com/media/G4mEGXUbAAAQZBg.jpg,,in,,0,0,0,https://x.com/undefined/status/1984262363726692845,1267968567640592385,
1984243476595392707,Fri Oct 31 12:58:04 +0000 2025,1,Pesan lucu dari siswa penerima Makan Bergizi Gratis (MBG) di Jawa Tengah ini bikin senyum semua petugas SPPG Polda Jateng. https://t.co/zvnEAVcb39 #MakanBergiziGratis #PoldaJateng #SPPGPolri #AnakSehatIndonesiaMaju #PolriPresisi #HumanityFirst https://t.co/YnlRHQnAWJ,1984243476595392707,https://pbs.twimg.com/media/G4ly69NbcAAMFA3.jpg,,in,,0,0,0,https://x.com/undefined/status/1984243476595392707,1248153682081808389,
1984242454837788894,Fri Oct 31 12:54:01 +0000 2025,0,Babinsa Argorejo Dampingi Program Makan Bergizi Gratis di SD N 1 Sedayu https://t.co/SLfITw38f9,1984242454837788894,https://pbs.twimg.com/media/G4lx_bHbwAEwecA.jpg,,in,,0,0,0,https://x.com/undefined/status/1984242454837788894,738284220057952256,
1984235318166577571,Fri Oct 31 12:25:39 +0000 2025,0,Guru besar sekaligus pengamat kebijakan pendidikan dari Universitas Pendidikan Indonesia Cecep Darmawan mengatakan Kementerian Dalam Negeri memegang peran strategis dalam menyukseskan program Makan Bergizi Gratis khususnya di daerah. https://t.co/cwdJmsgEva,1984235318166577571,,,in,,0,0,0,https://x.com/undefined/status/1984235318166577571,18071520,
1983183441194828228,Fri Oct 31 12:21:48 +0000 2025,0,@penantihujan888 @LatterstoAster @BaseBDG Kejadian keracunan massal terjadi pada 28 Oktober 2025 di Desa Cibodas Lembang Bandung Barat melibatkan program Makan Bergizi Gratis (MBG). Korban mencapai 230 orang mayoritas siswa dengan gejala mual muntah sakit perut pusing diare dan sesak napas. Penyebab diduga,1984234346417730015,,penantihujan888,in,,0,1,0,https://x.com/undefined/status/1984234346417730015,1720665183188922368,
1984225381420085571,Fri Oct 31 11:46:10 +0000 2025,5,Pesan lucu dari siswa penerima Makan Bergizi Gratis (MBG) di Jawa Tengah ini bikin senyum semua petugas SPPG Polda Jateng. Dari kertas kecil penuh coretan doa dan terima kasih tersimpan semangat besar anak-anak Indonesia untuk tumbuh sehat cerdas dan bahagia. ️🇮🇩 https://t.co/TAFWWRYnL1,1984225381420085571,https://pbs.twimg.com/media/G4lidlHagAAlYwn.jpg,,in,,0,0,1,https://x.com/undefined/status/1984225381420085571,399187668,
1984198970814632329,Fri Oct 31 10:01:13 +0000 2025,1,BULUKUMBA - Babinsa Koramil 1411-03/Kajang Dampingi Penyaluran Makan Bergizi Gratis di SDN 107 Maccini BULUKUMBA Babinsa Desa Mattoanging Koramil 1411-03/Kajang Serda Ardiansya melaksanakan pendampingan kegiatan Makan Bergizi Gratis bagi siswa-siswi di wilayah binaannya. https://t.co/MMAIWXbw9i,1984198970814632329,https://pbs.twimg.com/media/G4lKb9DboAACVvC.jpg,,in,,0,0,0,https://x.com/undefined/status/1984198970814632329,1762647935723143168,
1984194885487055317,Fri Oct 31 09:44:59 +0000 2025,0,Program Makan Bergizi Gratis Disorot Ratusan Siswa Gunungkidul Dilarikan ke RS! https://t.co/lt2A70NHib #MBG #DIY #GunungKidul #Keracunanmakanan,1984194885487055317,,,in,,0,0,0,https://x.com/undefined/status/1984194885487055317,1916735709874098176,
1995081006349738374,Sun Nov 30 10:42:33 +0000 2025,0,Anggota Sat Samapta Melaksanakan Kegiatan Patroli Dialogis di SPPG Yayasan Bangun Bangsa Bersama dan Pengawalan Pendistribusian Makan Bergizi Gratis ke SMA PGRI 1 Tulungagung. https://t.co/TjnV8MZhog,1995081006349738374,https://pbs.twimg.com/amplify_video_thumb/1995080632448458752/img/aodG34ESMXGxpUaK.jpg,,in,,0,0,0,https://x.com/undefined/status/1995081006349738374,1665520412372144128,
1995032389056090135,Sun Nov 30 07:29:22 +0000 2025,27,Bencana yang melanda Aceh beberapa hari terakhir ini membuat Satuan Pelayanan Pemenuhan Gizi (SPPG) Aceh mengalihkan sementara distribusi paket makan bergizi gratis. Tercatat sebanyak 52 SPPG Aceh telah membagikan 185.049 paket MBG kepada korban bencana. https://t.co/wztstQTg6r https://t.co/6oqbG6CepG,1995032389056090135,https://pbs.twimg.com/media/G6_HYYObkAARHn_.jpg,,in,,0,3,20,https://x.com/undefined/status/1995032389056090135,382522068,
1994677564049350832,Sun Nov 30 07:25:06 +0000 2025,0,@QianzyZ Contoh SD Muhammadiyah 10 tahun adakan makan bergizi SD muhammadiyah di solo cek di media online,1995031317311099370,,QianzyZ,in,,0,0,0,https://x.com/undefined/status/1995031317311099370,1406131242077065222,
2005873368000860284,Tue Dec 30 05:27:32 +0000 2025,1,Makan bergizi generasi prestasi! Dukung Program MBG untuk ciptakan siswa sehat cerdas dan siap bersaing. Menu gizi seimbang dukung pertumbuhan dan prestasi siswa. Ayo sukseskan MBG! #MBG #MakanBergizi #GenerasiPrestasi https://t.co/GgVapg5Dpg,2005873368000860284,https://pbs.twimg.com/media/G9ZLMp2bEAA4dO9.jpg,,in,,0,4,0,https://x.com/undefined/status/2005873368000860284,1565711358880268289,
2005865285853528542,Tue Dec 30 04:55:25 +0000 2025,0,Jaminan status siswa tetap dipegang BGN antisipasi miskomunikasi biar fokus ke makan bergizi gratis #MBGBerjalanLancar https://t.co/iPFVbungks,2005865285853528542,https://pbs.twimg.com/ext_tw_video_thumb/2005865215540531200/pu/img/L5BH4Pl0J2yYzkQ0.jpg,,in,,0,0,0,https://x.com/undefined/status/2005865285853528542,1703686301713874944,
2005856920079417384,Tue Dec 30 04:22:11 +0000 2025,0,Libur sekolah tapi asupan tetap jalan MBG hadir di Bangkalan mayoritas santri tetap dapat makan bergizi. Negara nggak cuti urus gizi. Respect https://t.co/K6hX596nm7,2005856920079417384,https://pbs.twimg.com/media/G9Y8O_GaYAIrKZz.jpg,,in,,0,0,0,https://x.com/undefined/status/2005856920079417384,1819415562109476864,
