conversation_id_str,created_at,favorite_count,full_text,id_str,image_url,in_reply_to_screen_name,lang,location,quote_count,reply_count,retweet_count,tweet_url,user_id_str,username
1885353514903408921,2025-01-31 15:44:40+00:00,0,PLN sebagai BUMN terus mendukung penuh program Makan Bergizi Gratis (MBG) dari Pemerintah ini dengan memastikan pasokan listrik andal di 238 titik Satuan Pelayanan Pemenuhan Gizi (SPPG) di 31 provinsi. #AstaCitaPemerintah #MakanBergiziGratis #AnakGenerasiEmas #PLNDukungMBG https://t.co/fQi5UM24ZO,1885353514903408921,https://pbs.twimg.com/media/GiofBh-bYAEW4Il.jpg,,in,,0,0,0,https://x.com/undefined/status/1885353514903408921,1640706090630529024,
1885314898940559660,2025-01-31 13:11:14+00:00,1,Solusi permodalan UMKM maju bersama MBG! #IndonesiaEmas #PresidenPrabowo #MakanBergiziGratis #bergizigratis #cegahstunting https://t.co/tR1qoeQQGT,1885314898940559660,https://pbs.twimg.com/ext_tw_video_thumb/1885314667842854917/pu/img/TUORoTs_4sB7dYk9.jpg,,in,,0,0,0,https://x.com/undefined/status/1885314898940559660,1752875492750106624,
1885307226564534690,2025-01-31 12:40:44+00:00,1,Solusi permodalan UMKM maju bersama MBG! #IndonesiaEmas #PresidenPrabowo #MakanBergiziGratis #bergizigratis #cegahstunting #planecrash #FireAid #แก๊งโอริโอ้ https://t.co/pd2jzcYuZY,1885307226564534690,https://pbs.twimg.com/media/Gin0quVbYAQnhNv.jpg,,in,,0,0,0,https://x.com/undefined/status/1885307226564534690,1752875492750106624,
1885295383238369764,2025-01-31 11:53:41+00:00,0,Mensos Tegaskan Program MBG Dongkrak Perekonomian Lokal https://t.co/nVDwKb2kN6 #MakanBergiziGratis #SaifullahYusuf #GusIpul #kemensosRI,1885295383238369764,,,in,,0,0,0,https://x.com/undefined/status/1885295383238369764,1183693365449084928,
1885284176070664208,2025-01-31 11:09:09+00:00,0,Epi mengatakan standar gizi dalam menu MBG sudah dipantau oleh Deputi Pemantauan Pengawasan berdasarkan standar dari Kementerian Kesehatan untuk setiap jenjang usia penerima MBG. #makanbergizigratis #mbg #gizi https://t.co/NB0x03PNUq,1885284176070664208,,,in,,0,0,0,https://x.com/undefined/status/1885284176070664208,18071520,
1885280048795836560,2025-01-31 10:52:45+00:00,0,Banyak Mitra Mundur Lantaran Telat Bayar Filep Minta BGN Evaluasi Program MBG https://t.co/4HHNo0V4h5 #mbg,1885280048795836560,,,in,,0,0,0,https://x.com/undefined/status/1885280048795836560,1782209858835726336,
1885260359826891199,2025-01-31 09:34:30+00:00,0,Program makan bergizi gratis sumbang pertumbuhan ekonomi nasional #PenuhiGiziIndonesia #MakanBergiziGratis https://t.co/Y5IqQMVIzU,1885260359826891199,https://pbs.twimg.com/media/GinKTk_bYAAjT6-.jpg,,in,,0,0,0,https://x.com/undefined/status/1885260359826891199,1854456665241976832,
1885257127239049266,2025-01-31 09:21:40+00:00,0,Kepala Badan Gizi Nasional Dadan Hindayana menyebut serangga bisa jadi opsi untuk protein di program Makan Bergizi Gratis (MBG). Berikut kata MUI terkait pandangan Islam dalam mengonsumsi serangga. #MakanBergiziGratis #MUI #Serangga https://t.co/MEm5jCQZdP,1885257127239049266,https://pbs.twimg.com/ext_tw_video_thumb/1885256196816556032/pu/img/aNemVdvU8s62La41.jpg,,in,,0,0,0,https://x.com/undefined/status/1885257127239049266,1611693874933792768,
1885253329456152948,2025-01-31 09:07:27+00:00,1,Kunjungan ini turut didampingi oleh Tenaga Ahli Utama Deputi V KSP Joko Irianto serta jajaran pemerintah daerah dan pemangku kepentingan terkait. #MBG #MakanBergiziGratis #KSP,1885253552081432717,,KSPgoid,in,,0,0,0,https://x.com/undefined/status/1885253552081432717,772689620576395264,
1885253051248005529,2025-01-31 09:05:28+00:00,0,Makan bergizi adalah fondasi utama dalam membangun generasi sehat cerdas dan produktif. Program makan bergizi gratis bukan hanya tentang menyediakan makanan tetapi juga tentang memberikan kesempatan bagi semua orang #IndonesiaSehat #DukungMBG #MakanBergiziGratis #SukseskanMBG https://t.co/E7ZwtxkMIu,1885253051248005529,https://pbs.twimg.com/media/GinDpowbYAIaHU_.jpg,,in,,0,0,0,https://x.com/undefined/status/1885253051248005529,1706468133786341376,
1885240712570298606,2025-01-31 08:16:26+00:00,3,Makan gizi gratis hari ini wilayah Jakarta Utara #AwasiMBG #MakanBergiziGratis @barengwarga https://t.co/SIK5JPt7Sa,1885240712570298606,https://pbs.twimg.com/media/Gim4blRbYAAyJH0.jpg,,in,,0,0,2,https://x.com/undefined/status/1885240712570298606,813716421075038208,
1885236374296785365,2025-01-31 07:59:12+00:00,0,Rp 171 Triliun untuk #MakanBergiziGratis: #SriMulyani Ajak Bank Dukung Program #Prabowo https://t.co/YfwmyUzhUZ,1885236374296785365,,,in,,0,0,0,https://x.com/undefined/status/1885236374296785365,1371736773563273220,
1885231918096277680,2025-01-31 07:41:29+00:00,0,Pemerintah berkomitmen untuk terus mencetak SDM unggul Bangsa Indonesia melalui Program Makan Bergizi Gratis tidak hanya sekadar memberikan makanan bergizi. #MakanBergiziGratis #PenggerakEkonomi #IndonesiaEmas2045 https://t.co/BdnpTUWScc,1885231918096277680,https://pbs.twimg.com/media/GimwcDQa0AAD7RR.jpg,,in,,0,0,0,https://x.com/undefined/status/1885231918096277680,1691014514731581441,
1885230995190014261,2025-01-31 07:37:49+00:00,1,Dukung UMKM MBG berjalan tanpa beban! #MakanBergiziGratis https://t.co/RHNlyYWdiL,1885230995190014261,https://pbs.twimg.com/media/GimvmGbagAAuncz.jpg,,in,,0,0,0,https://x.com/undefined/status/1885230995190014261,1718927709001461760,
1885219328649527320,2025-01-31 06:51:28+00:00,1,Ketua Komite III DPD RI Dr. Filep Wamafma respon terkait mitra Program Makan Bergizi Gratis yang mundur karena keterlambatan pembayaran oleh Pemerintah. Filep minta BGN segera evaluasi sistem pembayaran agar program ini dapat berjalan dengan lancar. #dpdri #komiteIII #MBG #BGN https://t.co/DMUJRWTU7C,1885219328649527320,https://pbs.twimg.com/media/Gimk_FtbgAAPsJS.jpg,,in,,0,7,1,https://x.com/undefined/status/1885219328649527320,977870468,
1885218274646122602,2025-01-31 06:47:16+00:00,0,Pemerintah berkomitmen untuk terus mencetak SDM unggul Bangsa Indonesia melalui Program Makan Bergizi Gratis tidak hanya sekadar memberikan makanan bergizi tetapi juga bertujuan untuk membangun generasi muda produktif #MakanBergiziGratis #PenggerakEkonomi #IndonesiaEmas2045 https://t.co/LWQPMOFJE3,1885218274646122602,https://pbs.twimg.com/media/GimkBqobYAA45v6.jpg,,in,,0,1,0,https://x.com/undefined/status/1885218274646122602,1603264295051022336,
1885213163656012013,2025-01-31 06:26:58+00:00,2,Anggarkan Rp306 69 T Program MBG Disebut akan Buka Banyak Lapangan Pekerjaan Program makan bergizi gratis (MBG) diyakini mampu mendorong perputaran ekonomi di Tanah Air. Salah satunya dengan menciptakan banyak lapangan pekerjaan baru.#MBG #makanbergizigratis #srimulyani https://t.co/9MC5WDW5M6,1885213163656012013,https://pbs.twimg.com/ext_tw_video_thumb/1885210480232587269/pu/img/TTZyltpVqb8-XcWj.jpg,,in,,0,0,2,https://x.com/undefined/status/1885213163656012013,68930552,
1895561829239382444,2025-02-28 19:48:52+00:00,0,Sukseskan Makan Bergizi Gratis #makanbergizigratis #mbg #papua https://t.co/YJhnYwvANO,1895561829239382444,https://pbs.twimg.com/ext_tw_video_thumb/1895561765083365381/pu/img/6HGst_WjEuZkr7qd.jpg,,in,,0,0,0,https://x.com/undefined/status/1895561829239382444,1866324824601321472,
1895561617490002089,2025-02-28 19:48:02+00:00,0,Program Makan Bergizi Gratis #makanbergizigratis #mbg #papua https://t.co/o23mkDN5Xj,1895561617490002089,https://pbs.twimg.com/media/Gk5jPRQWEAANG0C.jpg,,in,,0,0,0,https://x.com/undefined/status/1895561617490002089,1866324824601321472,
1895519800274927751,2025-02-28 17:01:52+00:00,0,Pemerintah saat ini sedang bersih2. Tetap percaya proses percayakan sepenuhnya pada Pak Presiden Prabowo dan Mas Wapres Gibran. #KerjaNyata #MBG #LaporMasWapres #TimeWillTell,1895519800274927751,,,in,,0,0,0,https://x.com/undefined/status/1895519800274927751,822538494,
1895500087108960357,2025-02-28 15:43:32+00:00,21,Program Makan Bergizi Gratis merupakan program prioritas Pemerintah Indonesia yang sejalan dengan program SGDs. Jadi kita semua harus dukung dan pastikan seluruh anak Indonesia mendapatkan manfaat ini! #makangratis #makanbergiziuntukmasadepan #mbg #prabowo https://t.co/Yj2fsYJAHc,1895500087108960357,https://pbs.twimg.com/media/Gk4rSLJXYAAUevf.jpg,,in,,0,1,0,https://x.com/undefined/status/1895500087108960357,1629861539963633664,
1895497828543156241,2025-02-28 15:34:33+00:00,2,Kepala Badan Gizi Nasional (BGN) Dadan Hindayana memastikan bahwa program Makan Bergizi Gratis (MBG) akan tetap berjalan selama bulan Ramadan. Di mana akan ada makanan yang dibawa pulang ke rumah. #mbg #makanbergizigratis #lip6alv https://t.co/5TxLgFAV5R,1895497828543156241,https://pbs.twimg.com/media/Gk4pNNYWoAAamiz.jpg,,in,,0,2,0,https://x.com/undefined/status/1895497828543156241,47596019,
1895492084020465976,2025-02-28 15:11:44+00:00,0,Polri bersama Badan Gizi Nasional (BGN) dan Yayasan Kemala Bhayangkari (YKB) mengadakan uji coba masak dan distribusi Makan Bergizi Gratis di SPPG Pejaten (Jaksel) dan Cipinang (Jaktim). #MakanBergiziGratis #SPPGPejaten #SPPGCipinang #PolriPeduli #BGN #KemalaBhayangkari https://t.co/Vjo75bQEjT,1895492084020465976,https://pbs.twimg.com/ext_tw_video_thumb/1895492006895648768/pu/img/x5Ne9AqwY7GcMpCs.jpg,,in,,0,0,0,https://x.com/undefined/status/1895492084020465976,745261413183041536,
1895467975345643556,2025-02-28 13:35:56+00:00,0,Selama Ramadhan MBG di Kebumen Tetap Ada Makanan Bisa Dibawa Pulang #pemkabkebumen #mbg https://t.co/ODb1TI1two,1895467975345643556,,,in,,0,0,0,https://x.com/undefined/status/1895467975345643556,894811194917232640,
1895389248909648051,2025-02-28 08:23:06+00:00,0,Dukung program makan bergizi gratis untuk generasi yang lebih sehat dan cerdas! Karena setiap anak berhak tumbuh dengan nutrisi yang cukup. Mari bersama wujudkan masa depan yang lebih baik! #MakanBergiziGratis #SehatCerdasBersama https://t.co/yZewP8N2Et,1895389248909648051,https://pbs.twimg.com/media/Gk3GePpbQAATHaj.jpg,,in,,0,0,0,https://x.com/undefined/status/1895389248909648051,1706468133786341376,
1895370852981456901,2025-02-28 07:10:00+00:00,0,Program MBG Serap Susu Hasil Koperasi #Mbg #jumat #prabowo #jatim #programprioritas #koperasi #lpdb #susu #beritanasional https://t.co/5IyvDfJiJ2,1895370852981456901,,,in,,0,0,0,https://x.com/undefined/status/1895370852981456901,1769451991124832257,
1895370230135955926,2025-02-28 07:07:31+00:00,6,Makan Bergizi Gratis Tetap Berjalan di Bulan Ramadan @kompascom #MakanBergiziGratis #RamadanBerkah #GenerasiSehatKuat #DukungGiziUntukAnak #AnakSehatAnakCerdas #MasaDepanCerah #BerbagiKebaikan https://t.co/zXnvQOs4l8,1895370230135955926,https://pbs.twimg.com/amplify_video_thumb/1895370064855212033/img/Hnve4BHFgOfqB4r0.jpg,,in,,0,5,0,https://x.com/undefined/status/1895370230135955926,1826147358318743552,
1895370059490730491,2025-02-28 07:06:51+00:00,0,Anak Anak Papua Menikmati Program Makan Bergizi Gratis #makanbergizi #makanbergizigratis https://t.co/DXUEBu6e75,1895370059490730491,https://pbs.twimg.com/ext_tw_video_thumb/1895369983200280576/pu/img/kFxkM3EKZgt8_SN9.jpg,,in,,0,0,0,https://x.com/undefined/status/1895370059490730491,1669547248487899137,
1895365722861379989,2025-02-28 06:49:37+00:00,6,Antusias Murid Saat Pengecekan Program Makan Bergizi Gratis oleh Wakil Presiden Kebahagiaan terlihat di wajah para murid sa! @kompascom #MakanBergiziGratis #AnakSehatAnakCerdas #DukungGiziUntukAnak #MasaDepanCerah #PendidikanUntukSemua #BerbagiKebaikan https://t.co/fUaikmuHfe,1895365722861379989,https://pbs.twimg.com/amplify_video_thumb/1895365413011140608/img/nV6BcQi6MUARTzoM.jpg,,in,,0,5,0,https://x.com/undefined/status/1895365722861379989,1826147358318743552,
1895362766036467973,2025-02-28 06:37:52+00:00,0,MBG tetap jalan selama Ramadhan makanannya untuk buka puasa #Makanbergizigratis https://t.co/TCgLGQefsR,1895362766036467973,https://pbs.twimg.com/media/Gk2uYddXUAAJq4x.jpg,,in,,0,0,0,https://x.com/undefined/status/1895362766036467973,1564543173132980225,
1895360229795340558,2025-02-28 06:27:47+00:00,0,Pemerintah berkomitmen untuk terus mencetak SDM unggul Bangsa Indonesia melalui Program Makan Bergizi Gratis untuk membangun generasi muda yang sehat dan produktif #MakanBergiziGratis #PenggerakEkonomi #IndonesiaEmas2045 #TingkatkanGiziIndonesia https://t.co/JOPEkIwZs9,1895360229795340558,https://pbs.twimg.com/media/Gk2sFHcb0AAkf90.jpg,,in,,0,0,0,https://x.com/undefined/status/1895360229795340558,1725402791131459584,
1895359918296965309,2025-02-28 06:26:33+00:00,6,Antusias Murid Saat Pengecekan Program Makan Bergizi Gratis oleh Wakil Presiden @kompas #MakanBergiziGratis #AnakSehatAnakCerdas #DukungGiziUntukAnak #MasaDepanCerah #PendidikanUntukSemua #BerbagiKebaikan https://t.co/hXQZj8JVJD,1895359918296965309,https://pbs.twimg.com/amplify_video_thumb/1895359072209391616/img/htMB9elQHEmK8WQX.jpg,,in,,0,5,0,https://x.com/undefined/status/1895359918296965309,1825382097038856192,
1895353990759739521,2025-02-28 06:03:00+00:00,0,Makan bergizi gratis penting untuk tumbuh kembang anak. Selama bulan Ramadhan program ini tetap berjalan. #Prabowo #Gibran #MakanBergiziGratis https://t.co/WKO84MjFgn,1895353990759739521,https://pbs.twimg.com/media/Gk2mZpvXkAAf_Fv.jpg,,in,,0,0,0,https://x.com/undefined/status/1895353990759739521,1861650435058368512,
1895353825382514770,2025-02-28 06:02:24+00:00,1,MBG membantu meningkatkan kualitas hidup masyarakat! #MBGIndonesia #MakanBergiziGratis https://t.co/3mf0pDJSk9,1895353842163949999,https://pbs.twimg.com/media/Gk2l-56aoAEazfj.jpg,dLinda16,in,,0,0,1,https://x.com/undefined/status/1895353842163949999,1021970643070476288,
1895349685491290280,2025-02-28 05:45:53+00:00,1,Momen menggemaskan! Seorang siswa SD menulis surat cinta untuk Pak Prabowo sebagai ungkapan terima kasih atas program makan bergizi gratis. Bukti bahwa perhatian dan kepedulian bisa menyentuh hati anak-anak Indonesia. #MakanBergiziGratis #AnakIndonesiaSehat https://t.co/FkZ6SYTHvK,1895349685491290280,https://pbs.twimg.com/ext_tw_video_thumb/1895349550195306496/pu/img/r5HVIRFL8inbrbgp.jpg,,in,,0,0,0,https://x.com/undefined/status/1895349685491290280,1707219824823484416,
1895343327853322626,2025-02-28 05:20:37+00:00,0,Program Makan Bergizi Gratis untuk mempercepat penurunan kasus stunting di Papua. #MakanBergiziGratis #MBGDorongEkonomi #MBGPapua #PapuaViral #ElonMusk #GrandeFratello #DukungSwasembadaPangan,1895343327853322626,,,in,,0,0,0,https://x.com/undefined/status/1895343327853322626,1564552057754828800,
1895338490176372964,2025-02-28 05:01:24+00:00,0,BGN pastikan program MBG tetap berjalan selama Ramadan dengan mekanisme berbeda. Kepala BGN Dadan mengatakan pihaknya masih mematangkan konsep distribusi makanan bagi siswa yang berpuasa maupun tidak. Selengkapnya klik https://t.co/7eduCudGFh #mbg #ramadan #menu #puasa https://t.co/6YHWxAtS98,1895338490176372964,https://pbs.twimg.com/media/Gk2YK6vXsAAKUd-.jpg,,in,,0,0,0,https://x.com/undefined/status/1895338490176372964,1055797120853135360,
1895071232602825125,2025-02-28 03:58:23+00:00,0,@recehtapisayng Program MBG Fondasi Generasi Papua Berkualitas #MBG #MakanBergiziGratis #PapuaBarat https://t.co/lghsXVrY89,1895322630099739035,https://pbs.twimg.com/media/Gk2J1ByaoAQd7G8.jpg,recehtapisayng,in,,0,0,0,https://x.com/undefined/status/1895322630099739035,1413436646423293955,
1895305199646056918,2025-02-28 02:49:07+00:00,0,Makanan bergizi merupakan investasi untukmasa depan cemerlang! Program MBG hadir untuk memastikan setiap anak mendapatkan asupan nutrisi yang cukup demi generasi Indonesia yang lebih sehat dan kuat! #PenuhiGiziIndonesia #MakanBergiziGratis https://t.co/pZ0Mhci7aT,1895305199646056918,https://pbs.twimg.com/media/Gk15vkYWMAA5yyl.jpg,,in,,0,2,0,https://x.com/undefined/status/1895305199646056918,1808073768344117248,
1895304839682498630,2025-02-28 02:47:41+00:00,0,Dengan Program Makan Bergizi Gratis (MBG) kita pastikan setiap anak Indonesia mendapatkan nutrisi terbaik. Dukung terus agar tidak ada lagi anak yang kelaparan! #PenuhiGiziIndonesia #MakanBergiziGratis https://t.co/qLyJVy7Iae,1895304839682498630,https://pbs.twimg.com/media/Gk15qm7aoAkWnwI.jpg,,in,,0,3,0,https://x.com/undefined/status/1895304839682498630,1808073768344117248,
1906852709552263395,2025-03-31 23:35:29+00:00,1,Presiden Prabowo berharap anak Indonesia semakin kuat melalui adanya program MBG #ProgramMBG #MakanBergiziGratis #DukungMBG #IndonesiaEmas2045 https://t.co/QBh87YBDWj,1906852882688950397,https://pbs.twimg.com/media/GnaAlyzbEAAOpaH.jpg,HYulianda27992,in,,0,0,0,https://x.com/undefined/status/1906852882688950397,1704064771530899456,
1906852709552263395,2025-03-31 23:34:48+00:00,1,Program MBG Meningkatkan Kemampuan Akademis Generasi Muda Indonesia #ProgramMBG #MakanBergiziGratis #DukungMBG #IndonesiaEmas2045 https://t.co/rtbJCSVuFM,1906852709552263395,https://pbs.twimg.com/media/GnaARjSaMAAGuzS.jpg,,in,,0,1,0,https://x.com/undefined/status/1906852709552263395,1704064771530899456,
1906722542083051709,2025-03-31 14:57:33+00:00,1,Program Makan Bergizi Gratis (MBG) yang diinisiasi oleh Presiden Prabowo merupakan langkah positif dalam mengatasi masalah kekurangan gizi anak-anak di Indonesia khususnya di bagian Timur #MBG #PAPUA #PRESIDEN #INDONESIA #PRABOWO Gerak Selamat Lebaran https://t.co/y8rw7OCXGh,1906722542083051709,https://pbs.twimg.com/media/GnYKCTeaAAA4kwg.jpg,,in,,0,0,0,https://x.com/undefined/status/1906722542083051709,1603727778050113536,
1906722413737582818,2025-03-31 14:57:03+00:00,1,PROGRAM MAKAN BERGIZI GRATIS BENTUK NYATA PEMERINTAH SELAMATKAN GENERASI EMAS KHUSUSNYA DI TANAH PAPUA JADI MARI TONG DUKUNG SAMA-SAMA JANGAN MAU TERPROVOKASI #PRABOWO #PAPUA #MBG Gerak Selamat Lebaran https://t.co/zpOMwlEoBr,1906722413737582818,https://pbs.twimg.com/ext_tw_video_thumb/1906722356732768256/pu/img/k3AkqUI1oU7A0aPF.jpg,,in,,0,0,0,https://x.com/undefined/status/1906722413737582818,1603727778050113536,
1906718751078379807,2025-03-31 14:42:30+00:00,2,Dukung Pemerintah optimasi tata kelola anggaran makan bergizi gratis untuk sejahterakan masyarakat #MBG https://t.co/fUAe5jdMOZ,1906718751078379807,https://pbs.twimg.com/media/GnYGmU4a4AAxGKN.jpg,,in,,0,1,0,https://x.com/undefined/status/1906718751078379807,1564500742769356800,
1906666916661621075,2025-03-31 11:16:31+00:00,0,Lebaran ieu rada ngabret euy punten tos 2 porsi yamin baso #thankgod #mbg #eidmubarak #eidnggakena,1906666916661621075,,,in,,0,0,0,https://x.com/undefined/status/1906666916661621075,70360455,
1917711803263639899,2025-04-30 22:47:15+00:00,0,@berbagiwawasanp Program MBG merupakan solusi jangka panjang untuk mendukung pendidikan dan kualitas hidup anak-anak Indonesia. #PenuhiGiziIndonesia #MakanBergiziGratis,1917712380219514937,,berbagiwawasanp,in,,0,0,0,https://x.com/undefined/status/1917712380219514937,1727701094846070784,
1928952742581620749,2025-05-31 23:12:26+00:00,0,Tokoh Pemuda Raja Ampat Dukung Program Makan Bergizi Gratis. - #MakanBergiziGratis #PapuaBaratDaya #KotaSorong #Sorong #SorongSelatan #maybrat #Tambrauw #RajaAmpat https://t.co/9I95OoK1J1,1928952742581620749,https://pbs.twimg.com/media/GsUERVPaMAElDtt.jpg,,in,,0,0,0,https://x.com/undefined/status/1928952742581620749,1358751432128663554,
1928950737267986696,2025-05-31 23:07:19+00:00,0,@berbagiwawasanp Keterlibatan dunia internasional menunjukkan kredibilitas dan potensi Program MBG di tingkat global. #PenuhiGiziIndonesia #MakanBergiziGratis,1928951455580663965,,berbagiwawasanp,in,,0,0,0,https://x.com/undefined/status/1928951455580663965,1727701094846070784,
1928950892230770845,2025-05-31 23:07:00+00:00,0,@berbagiwawasanp MBG adalah langkah konkret dalam mempercepat pencapaian tujuan pembangunan berkelanjutan. #PenuhiGiziIndonesia #MakanBergiziGratis,1928951375037153662,,berbagiwawasanp,in,,0,0,0,https://x.com/undefined/status/1928951375037153662,1727701094846070784,
1928950892230770845,2025-05-31 23:05:05+00:00,0,Pemerintah menunjukkan komitmen tinggi dalam membangun sumber daya manusia melalui MBG. #PenuhiGiziIndonesia #MakanBergiziGratis,1928950892230770845,,,in,,0,1,0,https://x.com/undefined/status/1928950892230770845,1701958085193961472,
1928950737267986696,2025-05-31 23:04:28+00:00,0,Program MBG merupakan kebijakan strategis yang harus terus diperkuat guna membentuk generasi unggul. #PenuhiGiziIndonesia #MakanBergiziGratis,1928950737267986696,,,in,,0,1,0,https://x.com/undefined/status/1928950737267986696,1701958085193961472,
1928948250574295385,2025-05-31 23:02:14+00:00,0,@updatecakrawala Investasi gizi = investasi generasi unggul! #PenuhiGiziIndonesia #MakanBergiziGratis,1928950173549334949,,updatecakrawala,in,,0,0,0,https://x.com/undefined/status/1928950173549334949,1843912990514683904,
1928947950509490651,2025-05-31 23:02:06+00:00,0,@updatecakrawala Terobosan besar untuk kemajuan masyarakat! #PenuhiGiziIndonesia #MakanBergiziGratis,1928950140959703220,,updatecakrawala,in,,0,0,0,https://x.com/undefined/status/1928950140959703220,1843912990514683904,
1928947660095897915,2025-05-31 23:01:57+00:00,0,@updatecakrawala Harus terus didukung! Anak-anak layak mendapatkan gizi terbaik! #PenuhiGiziIndonesia #MakanBergiziGratis,1928950104867627016,,updatecakrawala,in,,0,0,0,https://x.com/undefined/status/1928950104867627016,1843912990514683904,
1928947415970726363,2025-05-31 23:01:48+00:00,0,@updatecakrawala Menuju 2045 dimulai dari piring makan anak-anak hari ini! #PenuhiGiziIndonesia #MakanBergiziGratis,1928950067353825678,,updatecakrawala,in,,0,0,0,https://x.com/undefined/status/1928950067353825678,1843912990514683904,
1928947105973858587,2025-05-31 23:01:36+00:00,0,@updatecakrawala Bangga jadi bagian dari generasi yang peduli gizi anak bangsa! #PenuhiGiziIndonesia #MakanBergiziGratis,1928950013683437574,,updatecakrawala,in,,0,0,0,https://x.com/undefined/status/1928950013683437574,1843912990514683904,
1939829009195647225,2025-06-30 23:30:50+00:00,0,Program MBG menjadi langkah strategis untuk pemenuhan gizi dan mencegah stunting menyongsong generasi unggul. #MakanBergiziGratis #ManfaatMBG #CegahStunting #DukungMBG #IndonesiaEmas2045 https://t.co/kUkHc1BFhE,1939829009195647225,https://pbs.twimg.com/media/GuuoMnEXEAA0Vsq.jpg,,in,,0,1,0,https://x.com/undefined/status/1939829009195647225,1603264295051022336,
1939824202078736764,2025-06-30 23:11:44+00:00,1,Program MBG Wujudkan Generasi Unggul. #MakanBergiziGratis #ManfaatMBG #CegahStunting #DukungMBG #IndonesiaEmas2045 https://t.co/Q36KaOyeiV,1939824202078736764,https://pbs.twimg.com/media/Guuj1PjbkAAaF6z.jpg,,in,,0,1,0,https://x.com/undefined/status/1939824202078736764,1704064771530899456,
1939680707980480560,2025-06-30 23:01:44+00:00,0,@arifbalikpapan1 Ketika Bansos dihentikan banyak rakyat kelaparan bansos pun dikorupsi #MBG yang baru berjalan baru kemarin sudah di korupsi dan #MBG dilakukan Random / acak @prabowo tidak tau karena #ABS,1939821686813319295,,wibisonoys,in,,0,0,0,https://x.com/undefined/status/1939821686813319295,1604088193196109826,
1951009636712149245,2025-07-31 21:12:18+00:00,0,@xphilip10 @multibank_io The $MBG token is heating up! Now trading at2 with a solid +9.37% 24h gain. Backed by @multibank_io and powered by a massive $440M buyback &amp; burn program momentum is building fast. Load your bags before liftoff! #MBG,1951028168640569767,,IevelXIX,en,,0,0,0,https://x.com/undefined/status/1951028168640569767,1244583679185354753,
1951011593766010908,2025-07-31 20:06:26+00:00,12,Good night fam Rest up the grind continues tomorrow. Building the future one block at a time with $MBG. Dream big stay sharp. #GN #MBG #CryptoFam @multibank_io @KaitoAI https://t.co/G2d63zzZLM,1951011593766010908,https://pbs.twimg.com/media/GxNisQfWkAEUE8w.jpg,,en,,0,11,1,https://x.com/undefined/status/1951011593766010908,1244583679185354753,
1950958713730163024,2025-07-31 16:36:19+00:00,1, Exciting news! The $MBG Utility Token of MultiBank Group is now live on LBank! Dive into the future of finance and explore its benefits. Join us on this innovative journey! Check it out here: https://t.co/RAW8f4AKwl #MBG #MultiBankGroup #Crypto https://t.co/lmQxggFFlE,1950958713730163024,,,en,,0,0,0,https://x.com/undefined/status/1950958713730163024,1516169226804936707,
1950928548853674392,2025-07-31 16:11:10+00:00,1,@biggestbirdorg @KaitoAI @multibank_io I love what #MBG is building. Bringing changes to the world of finance.,1950952386404421701,,biggestbirdorg,en,,0,0,0,https://x.com/undefined/status/1950952386404421701,1854891558539042816,
1950924163553571064,2025-07-31 14:43:36+00:00,0,@RWAwatchlist_ If you're not holding $MBG you're missing the RWA play backed by real infrastructure. $29B AUM 17+ licenses $35B+ daily volume and a $3B real estate tokenization deal already live. This isn t just another RWA token it s the standard. #MBG #RWAs #Tokenization,1950930350621786621,,RWAwatchlist_,en,,0,0,0,https://x.com/undefined/status/1950930350621786621,1431876126113091584,
1950851897016893604,2025-07-31 14:40:07+00:00,0,@kerlve @multibank_io Spot on. $MBG isn t fighting for relevance it launched with it. Post-TGE strength isn t a fluke it s the result of real-world scale built-in liquidity and 20+ years of TradFi muscle. Fundamentals &gt; hype every time. #MBG #RWAs #DeFiMeetsTradFi,1950929474490335673,,kerlve,en,,0,0,0,https://x.com/undefined/status/1950929474490335673,1431876126113091584,
1950874824307306782,2025-07-31 14:33:13+00:00,0,@Celes_tine__ @multibank_io Exactly most tokens get rocked after an airdrop but $MBG held like it had a floor made of concrete. That s what happens when you ve got real backing real burn mechanics and real utility from day one. You can feel the difference. #MBG #BuiltDifferent,1950927735200883036,,Celes_tine__,en,,0,0,0,https://x.com/undefined/status/1950927735200883036,1431876126113091584,
1950912480005279906,2025-07-31 14:30:23+00:00,0,@chiamaka_asogwa @multibank_io This is the difference between holding a hype coin and holding infrastructure. $MBG isn t just another DeFi play it s a regulated revenue-generating machine backed by one of TradFi s biggest players. Real utility. Real backing. Real future. #MBG #RWAs #BuiltDifferent,1950927022538330570,,chiamaka_asogwa,en,,0,0,0,https://x.com/undefined/status/1950927022538330570,1431876126113091584,
1950845006035763638,2025-07-31 14:28:53+00:00,1,@juicyrayzz @multibank_io @KaitoAI This isn t noise it s signal. $MBG is showing what happens when real TradFi weight meets on-chain utility. Price action backed by purpose not hype. From fee utility to RWA exposure this isn t just a breakout it's a blueprint. #MBG #RWAs #CryptoUtility,1950926646506086696,,juicyrayzz,en,,0,1,0,https://x.com/undefined/status/1950926646506086696,1431876126113091584,
1950890090907029677,2025-07-31 14:04:54+00:00,0,@CryptoLios Volume-backed moves are the ones that matter and $MBG is moving with purpose. Structure s clean trend s intact and the fundamentals are only getting stronger. New highs don t scare us they confirm us. #MBG #RWA,1950920609061298369,,CryptoLios,en,,0,0,0,https://x.com/undefined/status/1950920609061298369,1431876126113091584,
1950919531767193910,2025-07-31 14:01:53+00:00,1,@multibank_io This is what real backing looks like. $MBG isn t just riding the RWA wave it s fueling it with 20+ years of TradFi firepower. Global reach live infrastructure and serious capital flow. Not a trend. A foundation. #MBG #RWAs,1950919850236485739,,multibank_io,en,,0,0,0,https://x.com/undefined/status/1950919850236485739,1431876126113091584,
1950879802732224727,2025-07-31 14:01:10+00:00,0,@ZeusCrypto_ Same here RWAs are where real wealth meets real tech. And with tokens like $MBG bringing regulation yield and TradFi reach on-chain this isn t just opportunity it s a shift. #RWAs #MBG,1950919670879711677,,ZeusRWA,en,,0,0,0,https://x.com/undefined/status/1950919670879711677,1431876126113091584,
1950915495210746076,2025-07-31 14:00:40+00:00,0,@Overdose_AI Easy pick: $MBG Backed by a $29B TradFi giant 17+ global licenses real revenue live staking and a $3B real estate tokenization deal already signed. Not just low cap undervalued infrastructure. Holding this one all 2025 and beyond. #MBG #RWAs,1950919543460917439,,Overdose_AI,en,,0,0,0,https://x.com/undefined/status/1950919543460917439,1431876126113091584,
1950847496546025685,2025-07-31 13:58:35+00:00,0,@MuriscoOfficial @multibank_io This isn t a roadmap dream it s execution in motion. $MBG is bringing TradFi muscle to blockchain rails: ️ $35B+ daily volume ️ $3B tokenized real estate deal ️ 2M+ clients + 17 licenses With @multibank_io at the helm this is how you bridge worlds for real. #MBG #RWAs,1950919019978236201,,MuriscoOfficial,en,,0,0,0,https://x.com/undefined/status/1950919019978236201,1431876126113091584,
1950883824549740713,2025-07-31 13:57:50+00:00,0,@Dylan_HODL Then you re looking for $MBG. Backed by a $29B TradFi giant 17+ licenses live staking RWA infrastructure and real utility from day one. Not just impossible to ignore impossible to replicate. #MBG #RWAs #BuiltDifferent,1950918833394614383,,Dylan_HODL,en,,0,0,0,https://x.com/undefined/status/1950918833394614383,1431876126113091584,
1950821948638015675,2025-07-31 13:53:07+00:00,0,@multibank_io @Zak_MBG @hackernoon Massive move. When the CEO of a $29B TradFi giant speaks on $MBG RWA deals and the crypto bridge it s not just talk it s signal. This is where legacy meets innovation. Let s build. #MBG #RWAs #TradFiMeetsDeFi,1950917646171656250,,multibank_io,en,,0,0,0,https://x.com/undefined/status/1950917646171656250,1431876126113091584,
1950859280942551440,2025-07-31 13:51:58+00:00,0,@multibank_io Most tokens start with a whitepaper $MBG started with 20 years of financial dominance. From Irvine to a global powerhouse MultiBank s track record isn t hype it s history. That legacy now lives on-chain. #MBG #BuiltOnTrust,1950917353547690186,,multibank_io,en,,0,0,0,https://x.com/undefined/status/1950917353547690186,1431876126113091584,
1950889273013739795,2025-07-31 13:41:44+00:00,0,@multibank_io Real utility real value real warnings. $MBG isn t playing around this is the real deal backed by real-world finance. Always use official links. The revolution s on but stay sharp out there. ️ #MBG #CryptoWithBackbone,1950914781520757145,,multibank_io,en,,0,0,0,https://x.com/undefined/status/1950914781520757145,1431876126113091584,
1962221180083110278,2025-08-31 18:29:20+00:00,2,Perluas Peran UMKM dalam Program MBG Diharapkan Mampu Tingkatkan Ekonomi Lokal #MBG https://t.co/DXPks0lEPC,1962221180083110278,https://pbs.twimg.com/amplify_video_thumb/1962221108780052480/img/puUtptXLWlEBcayS.jpg,,in,,0,145,12,https://x.com/undefined/status/1962221180083110278,2377352785,
1962221127595622742,2025-08-31 18:29:07+00:00,0,Program MBG Perkuat UMKM dan Ekonomi Maros #MBG https://t.co/BbqOMpkutM,1962221127595622742,https://pbs.twimg.com/media/Gzs1tgCboAAXYpG.jpg,,in,,0,135,9,https://x.com/undefined/status/1962221127595622742,2377352785,
1962191050883375605,2025-08-31 16:29:36+00:00,0,Real #MBG ga pake nipu rakyat BTW L I hope every buzzer pemerintah that paid with duit rakyat rot in hell,1962191050883375605,,,en,,0,0,0,https://x.com/undefined/status/1962191050883375605,1010027975989817344,
1962127644415197489,2025-08-31 12:17:39+00:00,1,The real revolution isn t TradFi vs DeFi it s when both converge to build a financial system that works for everyone. $MBG @multibank_io is making that future real #MBG #DeFi,1962127644415197489,,,en,,0,0,0,https://x.com/undefined/status/1962127644415197489,870428073640022016,
1962092022258663597,2025-08-31 09:57:56+00:00,0,Nah menurutmu dampak paling besar apa yang bisa dirasakan masyarakat kalau program makan gratis benar-benar dijalankan di Indonesia? Drop pendapatmu di kolom komentar! #Kemendagri #gasssnow #MakanBergiziGratis,1962092482889757068,,alineadotid,in,,0,0,0,https://x.com/undefined/status/1962092482889757068,354168059,
1962092022258663597,2025-08-31 09:57:33+00:00,0,Kalau program ini diterapkan di Indonesia bisa jadi langkah strategis untuk mencegah stunting meningkatkan daya saing global dan menyiapkan generasi emas 2045. #Kemendagri #gasssnow #MakanBergiziGratis,1962092386835927267,,alineadotid,in,,0,0,0,https://x.com/undefined/status/1962092386835927267,354168059,
1962092022258663597,2025-08-31 09:57:07+00:00,0,Sekolah bukan cuma tempat belajar tapi juga ruang untuk memastikan anak-anak dapat asupan gizi seimbang setiap hari. #Kemendagri #gasssnow #MakanBergiziGratis,1962092276517335108,,alineadotid,in,,0,0,0,https://x.com/undefined/status/1962092276517335108,354168059,
1962092022258663597,2025-08-31 09:56:45+00:00,0,Program ini bukan sekadar bikin perut kenyang tapi terbukti efektif meningkatkan kecerdasan &amp; kesehatan anak secara global. #Kemendagri #gasssnow #MakanBergiziGratis,1962092184276222179,,alineadotid,in,,0,0,0,https://x.com/undefined/status/1962092184276222179,354168059,
1962092022258663597,2025-08-31 09:56:06+00:00,22,Ternyata negara maju seperti Jepang dan negara berkembang dengan ekonomi besar seperti Brasil sudah lama menerapkan program makan gratis di sekolah. #Kemendagri #gasssnow #MakanBergiziGratis https://t.co/2rG90dFioH,1962092022258663597,https://pbs.twimg.com/media/GzrAS4sagAAhRcU.jpg,,in,,0,4,24,https://x.com/undefined/status/1962092022258663597,354168059,
1961989361203093853,2025-08-31 03:08:10+00:00,0,Pemerintah memastikan anggaran Program Makan Bergizi Gratis (MBG) tetap aman dan terjaga penggunaannya. Pengawasan ketat dan perencanaan yang transparan menjadi dasar dalam menjaga efektivitas program bagi masyarakat. #DukungProgramMBG #DukungMBG #MakanBergiziGratis https://t.co/sD7toXECMA,1961989361203093853,https://pbs.twimg.com/media/Gzpi7STaIAAp3vW.jpg,,in,,0,0,0,https://x.com/undefined/status/1961989361203093853,1564440581606035456,
1961972018804576390,2025-08-31 01:59:15+00:00,0,Dengan MBG tak ada anak yang tertinggal ️ #PeduliGizi #MBG https://t.co/0gjQr3ktAs,1961972018804576390,https://pbs.twimg.com/media/GzpTJwTakAAXdjT.jpg,,in,,1,0,0,https://x.com/undefined/status/1961972018804576390,1573146367283056641,
1961971837216362882,2025-08-31 01:58:32+00:00,0,Mari dukung MBG untuk Indonesia sehat dan kuat! 🇮🇩 #MakanBergiziGratis https://t.co/uVPRFfdXLq,1961971837216362882,https://pbs.twimg.com/media/GzpS_M2aEAAxuuK.jpg,,in,,0,0,0,https://x.com/undefined/status/1961971837216362882,1573146367283056641,
1961969508551463271,2025-08-31 01:49:17+00:00,0,Lebih dari sekadar memasak ini tentang membangun masa depan. Bergabunglah dengan program MBG dan jadilah bagian dari perubahan positif yang membawa pertumbuhan ekonomi daerah. #MBG #KulinerBerkualitas #MajuBersama #EkonomiKreatif https://t.co/dtu9INMo3w,1961969508551463271,https://pbs.twimg.com/media/GzpQ3udaoAEhIpb.jpg,,in,,0,0,0,https://x.com/undefined/status/1961969508551463271,1863415316816277504,
1961969468625781154,2025-08-31 01:49:07+00:00,0,Menciptakan koki-koki andal membangkitkan ekonomi daerah. Program MBG adalah jembatan bagi para calon pengusaha kuliner untuk meraih sukses dan berkontribusi nyata bagi komunitas. #MBG #SuksesMuda #GerakanEkonomi #InovasiKuliner https://t.co/BNJsc4F7uU,1961969468625781154,https://pbs.twimg.com/media/GzpQ1W5bEAEx_YZ.jpg,,in,,0,0,0,https://x.com/undefined/status/1961969468625781154,1863415316816277504,
1961963368262336533,2025-08-31 01:24:53+00:00,0,Program Makan Bergizi Gratis Menjamin Setiap Anak Mendapatkan Asupan yang Sehat dan Seimbang. #MBG #MakanBergiziGratis #AnakSehatBangsaKuat #GiziUntukSemua https://t.co/1a5eBz3B4y,1961963368262336533,https://pbs.twimg.com/media/GzpLSCiboAA2qVF.jpg,,in,,0,0,0,https://x.com/undefined/status/1961963368262336533,1686026054681370625,
1961958358065545274,2025-08-31 01:04:58+00:00,0,MBG hadir sebagai solusi gizi anak sekaligus penggerak ekonomi daerah. Dari desa hingga kota manfaatnya dirasakan nyata oleh masyarakat. #MBG #MBGKalteng #Kalteng https://t.co/00PdeID50T,1961958358065545274,https://pbs.twimg.com/media/GzpGurIaEAE2idk.jpg,,in,,0,0,0,https://x.com/undefined/status/1961958358065545274,1568463142723940354,
1961956335110799779,2025-08-31 00:57:52+00:00,0,Program Makan Bergizi Gratis hadir untuk penuhi kebutuhan gizi anak sejak dini meningkatkan kesehatan dan daya saing generasi muda. Langkah nyata menuju Indonesia Emas 2045! #MakanBergiziGratis #GenerasiSehat #IndonesiaEmas https://t.co/JHlkTfWKHb,1961956572361568460,https://pbs.twimg.com/media/GzpE_jAbAAAn6xl.jpg,iamindrimut,in,,0,0,0,https://x.com/undefined/status/1961956572361568460,1714457389787938816,
1961956133050163347,2025-08-31 00:56:08+00:00,6,Perekonomian daerah tumbuh positif dengan adanya #MBG https://t.co/hdAXlqPPdG,1961956133050163347,https://pbs.twimg.com/media/GzpEtLSbAAAY8G0.jpg,,in,,0,5,1,https://x.com/undefined/status/1961956133050163347,1536371113705754624,
1961948125863739765,2025-08-31 00:24:19+00:00,2,Program Makan Bergizi Gratis tidak hanya menjamin kecukupan gizi anak-anak tapi juga berkontribusi mencetak generasi unggul menuju Indonesia Emas 2045. #MakanBergiziGratis #IndonesiaEmas2045 #GiziAnak #GenerasiUnggul https://t.co/rTJU6zbVxZ,1961948125863739765,https://pbs.twimg.com/media/Gzo9bDVaUAA_MIu.jpg,,in,,0,1,0,https://x.com/undefined/status/1961948125863739765,1787755137920036864,
1961944617731191106,2025-08-31 00:10:22+00:00,0,Program Makan Bergizi Gratis dapat membantu meningkatkan kemampuan belajar dan konsentrasi anak-anak #MakanBergiziGratis #ManfaatMBG #CegahStunting #DukungMBG #IndonesiaEmas20 https://t.co/O67BPXQMss,1961944617731191106,https://pbs.twimg.com/media/Gzo6Obqb0AA_BSi.jpg,,in,,0,0,0,https://x.com/undefined/status/1961944617731191106,1415336621331734532,
1961944573040840827,2025-08-31 00:10:12+00:00,0,Program MBG penuhi asupan gizi anak bangsa #MakanBergiziGratis #ManfaatMBG #CegahStunting #DukungMBG #IndonesiaEmas20 https://t.co/ikXY9N4VTT,1961944573040840827,https://pbs.twimg.com/media/Gzo6L2Ta8AAF1_f.jpg,,in,,0,0,0,https://x.com/undefined/status/1961944573040840827,1415336621331734532,
1961944523732664626,2025-08-31 00:10:00+00:00,0,Dukung Program Makan Bergizi Gratis #MakanBergiziGratis #ManfaatMBG #CegahStunting #DukungMBG #IndonesiaEmas20 https://t.co/P6xXuEZRHC,1961944523732664626,https://pbs.twimg.com/media/Gzo6I7GaAAARiL3.jpg,,in,,0,0,0,https://x.com/undefined/status/1961944523732664626,1415336621331734532,
1961944469236019428,2025-08-31 00:09:47+00:00,0,Program MBG bantu tingkatkan gizi anak-anak Indonesia #MakanBergiziGratis #ManfaatMBG #CegahStunting #DukungMBG #IndonesiaEmas20 https://t.co/adRM0urNS9,1961944469236019428,https://pbs.twimg.com/media/Gzo6ExnaEAA-J7K.jpg,,in,,0,0,0,https://x.com/undefined/status/1961944469236019428,1415336621331734532,
1961724826676314291,2025-08-30 10:10:16+00:00,0,@KongBTC Tokenized real estate with 8% APY daily sounds like a game-changer! Got questions about the $MBG token though... #MBG #tokenizedrealestate,1961733200717471751,,KongBTC,en,,0,0,0,https://x.com/undefined/status/1961733200717471751,1689405593398792192,
1961727401710461235,2025-08-30 09:47:14+00:00,1,MBG MERUPAKAN INVESTASI MASA DEPAN DENGAN GIZI CUKUP ANAK-ANAK TUMBUH OPTIMAL CERDAS DAN SIAP JADI SDM UNGGUL YANG BERSAING DI TINGKAT GLOBAL. #MakanBergiziGratis #GenerasiEmas #IndonesiaMaju https://t.co/V2jcQzF5XM,1961727401710461235,https://pbs.twimg.com/media/Gzl0rQRbYAAffbf.jpg,,in,,0,0,0,https://x.com/undefined/status/1961727401710461235,1564483903963836417,
1961724720723964073,2025-08-30 09:36:35+00:00,1,Program Makan Bergizi Gratis mendukung tumbuh kembang anak secara optimal sebagai fondasi bagi terwujudnya Generasi Emas Indonesia 2045. #MakanBergiziGratis #GenerasiEmas #IndonesiaMaju https://t.co/zNcfXJlm9T,1961724720723964073,https://pbs.twimg.com/media/GzlyPJ-aYAA2cZC.jpg,,in,,0,0,0,https://x.com/undefined/status/1961724720723964073,1564483903963836417,
1961723637905698963,2025-08-30 09:32:16+00:00,1,Program Makan Bergizi Gratis sebagai fondasi bagi terwujudnya Generasi Emas Indonesia 2045. #MakanBergiziGratis #GenerasiEmas #IndonesiaMaju https://t.co/vgTZCEegP5,1961723637905698963,https://pbs.twimg.com/media/GzlxQMKbQAA09Qh.jpg,,in,,0,0,0,https://x.com/undefined/status/1961723637905698963,1564483903963836417,
1961721801660358789,2025-08-30 09:24:59+00:00,1,Program Makan Bergizi Gratis mendukung tumbuh kembang anak secara optimal #MakanBergiziGratis #GenerasiEmas #IndonesiaMaju https://t.co/bE4pbVb0LO,1961721801660358789,https://pbs.twimg.com/media/GzlvlRobcAAX5S1.jpg,,in,,0,0,0,https://x.com/undefined/status/1961721801660358789,1564483903963836417,
1961718967275503718,2025-08-30 09:16:12+00:00,0,Kalau menurut kalian apa program ini bisa jadi solusi buat masalah gizi anak Indonesia? Yuk diskusi #gasssnow #Kemendagri #MakanBergiziGratis,1961719594558931414,,alineadotid,in,,0,0,0,https://x.com/undefined/status/1961719594558931414,354168059,
1961718967275503718,2025-08-30 09:15:59+00:00,0,Dukungan guru jadi bukti kalau MBG berdampak nyata. Pemerintah pun berharap distribusinya bisa makin luas ke siswa ibu hamil dan ibu menyusui. #gasssnow #Kemendagri #MakanBergiziGratis,1961719537633751410,,alineadotid,in,,0,0,0,https://x.com/undefined/status/1961719537633751410,354168059,
1961718967275503718,2025-08-30 09:15:45+00:00,0,Menurut Dian MBG bukan cuma soal makan gratis. Program ini juga bikin anak lebih semangat belajar karena kebutuhan gizinya terpenuhi. #gasssnow #Kemendagri #MakanBergiziGratis,1961719477407748148,,alineadotid,in,,0,0,0,https://x.com/undefined/status/1961719477407748148,354168059,
1961696100391563587,2025-08-30 07:42:51+00:00,0,Makan sehat gratis adalah protokol dasar biar generasi nggak gampang error. #gasssnow #mbg https://t.co/xeVXoGXQCd,1961696100391563587,https://pbs.twimg.com/media/GzlYMiWbIAAJvUL.jpg,,in,,0,0,0,https://x.com/undefined/status/1961696100391563587,1665976202409177088,
1961695093867614668,2025-08-30 07:38:51+00:00,1,Program Makan Bergizi Gratis mendukung tumbuh kembang anak secara optimal. #MakanBergiziGratis #GenerasiEmas #IndonesiaMaju https://t.co/SfdQCkQGke,1961695093867614668,https://pbs.twimg.com/media/GzlXSjDacAEKvc7.jpg,,in,,0,0,0,https://x.com/undefined/status/1961695093867614668,1524941291272171520,
1961694726790549961,2025-08-30 07:37:24+00:00,0,Sepiring sehat gratis itu cara sederhana buat masa depan lebih tangguh. #gasssnow #mbg https://t.co/6AyVPHE3wn,1961694726790549961,https://pbs.twimg.com/media/GzlW8eDbkAQVpNI.jpg,,in,,0,0,0,https://x.com/undefined/status/1961694726790549961,1665939558347993088,
1961690742596022312,2025-08-30 07:21:34+00:00,0,Kalau gizi terjamin pikiran pun jadi senjata yang susah ditaklukkan. #gasssnow #mbg https://t.co/VesHhMYzom,1961690742596022312,https://pbs.twimg.com/media/GzlTUzTbkAkkXNA.jpg,,in,,0,0,0,https://x.com/undefined/status/1961690742596022312,1661982229558616065,
1961687469159825681,2025-08-30 07:08:33+00:00,0,Kadang musuh terbesar bukan orang lain tapi perut kosong. MBG paham betul soal itu. #gasssnow #mbg https://t.co/lcYktynw5d,1961687469159825681,https://pbs.twimg.com/media/GzlQWVObkAIgeAK.jpg,,in,,0,0,0,https://x.com/undefined/status/1961687469159825681,1677206275371970560,
1961685503729934587,2025-08-30 07:00:45+00:00,0,Temukan Nasi Basi dan Penggunaan Saos Kemasan di MBG Pemkab Situbondo Langsung Rapat Evaluasi https://t.co/YkPjcOAfh8 #MakanBergiziGratis #MBG #PemkabSitubondo #SPPG,1961685503729934587,,,in,,0,0,0,https://x.com/undefined/status/1961685503729934587,1272427767942926337,
1961320770946453529,2025-08-30 06:36:00+00:00,0,@prabowo Pak presiden #rakyatindonesia sengsara &amp; lapar tapi kalian ngak mau tau hanya di jogetin aj lapangan kerja minim pajak kalian naikan 12% buang - buang anggaran #MBG #IKN #PNS perbaikan hanya omon - omon besok soan ke @jokowi rakyat menangis bayar listrik PAM kontrakan dll,1961679275779862779,,prabowo,in,,0,0,0,https://x.com/undefined/status/1961679275779862779,1081271199341076481,
1962100537073262834,2025-08-31 10:31:33+00:00,0,Bagi mereka rasa lelah terbayar lunas setiap kali melihat senyum anak-anak saat menerima makanan bergizi. Inilah wujud investasi untuk mencetak generasi emas Indonesia. #gasssnow #Kemendagri #MakanBergiziGratis,1962100942725373960,,alineadotid,in,,0,0,0,https://x.com/undefined/status/1962100942725373960,354168059,
1962100537073262834,2025-08-31 10:31:08+00:00,0, Menu harus seimbang bergizi tapi juga bikin anak-anak lahap. Itu tantangan sekaligus motivasi kata Saepullah. Semangat tim dapur ini jadi bukti nyata MBG bukan sekadar program. #gasssnow #Kemendagri #MakanBergiziGratis,1962100837033050614,,alineadotid,in,,0,0,0,https://x.com/undefined/status/1962100837033050614,354168059,
1962100537073262834,2025-08-31 10:30:34+00:00,0,Koordinasi antar tim jadi kunci. Mulai dari distribusi bahan baku pembagian tugas masak hingga diskusi rutin bersama ahli gizi untuk menentukan menu bergizi dan disukai anak-anak. #gasssnow #Kemendagri #MakanBergiziGratis,1962100694464532886,,alineadotid,in,,0,0,0,https://x.com/undefined/status/1962100694464532886,354168059,
1962100537073262834,2025-08-31 10:30:18+00:00,1,Saepullah Chef Dapur MBG Kebayunan bilang tantangan terbesar adalah soal manajemen waktu. Bahan baku seperti ayam harus datang tepat waktu. Kalau lewat jam tiga sore proses masak bisa terganggu. #gasssnow #Kemendagri #MakanBergiziGratis,1962100627200479722,,alineadotid,in,,0,0,0,https://x.com/undefined/status/1962100627200479722,354168059,
1962100537073262834,2025-08-31 10:29:56+00:00,18,Para pekerja dapur program Makan Bergizi Gratis (MBG) berjuang keras setiap hari memasak ribuan porsi untuk anak-anak Indonesia. Meski melelahkan mereka bangga bisa ikut membangun masa depan bangsa. #gasssnow #Kemendagri #MakanBergiziGratis https://t.co/KAgY6wvhtM,1962100537073262834,https://pbs.twimg.com/media/GzrH6wobsAAlcRF.jpg,,in,,1,16,35,https://x.com/undefined/status/1962100537073262834,354168059,
1962070771129520621,2025-08-31 08:49:05+00:00,0,Menurut kalian langkah apa yang paling penting biar MBG di Indonesia sukses bawa dampak nyata? Pengawasan? Kualitas gizi? Kolaborasi pusat &amp; daerah? Drop pendapatmu #Kemendagri #gasssnow #MakanBergiziGratis,1962075154550517952,,alineadotid,in,,0,0,0,https://x.com/undefined/status/1962075154550517952,354168059,
1962070771129520621,2025-08-31 08:44:11+00:00,0,Program ini bukan sekadar ngasih makan . Tapi investasi masa depan buat lahirin generasi unggul yang sehat &amp; pintar. #Kemendagri #gasssnow #MakanBergiziGratis,1962073923992133748,,alineadotid,in,,0,0,0,https://x.com/undefined/status/1962073923992133748,354168059,
1973160849922838817,2025-09-30 22:59:40+00:00,3,Mantan Ketua Mahkamah Konstitusi Mahfud MD menilai program Makan Bergizi Gratis (MBG) tak jelas tata kelolanya dan perlu perbaikan. Selain itu Mahfud juga menpertanyakan kepastian hukumnya. Baca di sini: https://t.co/yErkvy57n7 / #MahfudMD #MakanBergiziGratis https://t.co/w8aAWpt34y,1973160849922838817,https://pbs.twimg.com/media/G2ITL8aawAADJ6o.jpg,,in,,0,1,3,https://x.com/undefined/status/1973160849922838817,23343960,
1973153533349470543,2025-09-30 22:30:36+00:00,0,MBG= Makan Beracun Gratis Makan Burger Gratis Makan Bersubsidi Gratis ....... #MakanBergiziGratis #KeracunanMBG https://t.co/xjQqub9Cdf,1973153533349470543,https://pbs.twimg.com/media/G2IL_XTaIAQsyd4.jpg,,in,,0,0,0,https://x.com/undefined/status/1973153533349470543,1849620217170886657,
1973095589685698931,2025-09-30 18:40:21+00:00,0,Ganti Pimpinan #BGN dengan Ahli2nya di bidang kesehatan &amp; gizi/di bidang tata boga agar evaluasi-koreksi #ProyekMBG dilakukan benar Pak @prabowo! Cc: @puanmaharani_ri @DPR_RI @kemenkopmk @Abe_Mukti @Kemdikdasmen @KemenkesRI #MBG #IndonesiaGelap #IndonesiaCemas2045 #NKRI,1973095589685698931,,,in,,0,0,0,https://x.com/undefined/status/1973095589685698931,131439573,
1973090295651709265,2025-09-30 18:19:19+00:00,1,Polsek Teluk Nibung monitoring kegiatan Makan Bergizi Gratis (MBG) oleh SPPG Mitra Mandiri Yayasan Al Muslimun Nusantara. Penerima: 3.946 org ️ Menu bergizi untuk siswa bumil busui &amp; balita Kegiatan aman &amp; lancar #PolriPresisi #MBG #TanjungBalai https://t.co/fP5QNYl0pV,1973090295651709265,https://pbs.twimg.com/ext_tw_video_thumb/1973090266333716481/pu/img/oCx6KrWwRsopuCKA.jpg,,in,,0,0,0,https://x.com/undefined/status/1973090295651709265,1852436707796545536,
1973053441615270098,2025-09-30 15:52:52+00:00,0,Katanya sih Makan Bergizi Gratis tapi dapet susu bisa dihitung pake jari. Jangka Februari-September siswanya sendiri yang bilang jarang bgt dapet susu #mbg #makanbergizigratis #bgntutupdapurbermasalah,1973053441615270098,,,in,,0,0,0,https://x.com/undefined/status/1973053441615270098,1241172487636783104,
1973043750185390236,2025-09-30 15:14:23+00:00,4, Cucu saya juga keracunan MBG di Jogja. Cucu ponakan. Jadi saya punya keponakan keponakan saya punya anak namanya Ihsan ujar Mahfud. Saat keracunan cucunya sempat dirawat di rumah sakit. #MBG #BGN #PrabowoSubianto #MahfudMD,1973043754606211274,,Metro_TV,in,,0,2,1,https://x.com/undefined/status/1973043754606211274,57261519,
1973041835804442922,2025-09-30 15:06:45+00:00,1,Insiden keracunan siswa diduga usai menyantap sajian Makan Bergizi Gratis (MBG) kembali terjadi di wilayah Jawa Barat. #mbg https://t.co/r5MewiOWuu,1973041835804442922,,,in,,0,2,2,https://x.com/undefined/status/1973041835804442922,456426648,
1973003234336989505,2025-09-30 12:33:22+00:00,33,Ombudsman RI menemukan adanya penyimpangan dalam pengadaan bahan baku Program Makan Bergizi Gratis (MBG) khususnya beras premium. Baca di sini: https://t.co/ALhfXCIXyX ~TA #MakanBergiziGratis #Ombudsman https://t.co/sZmsINAzRo,1973003234336989505,https://pbs.twimg.com/media/G2GD-oTbIAAh3kr.jpg,,in,,3,7,11,https://x.com/undefined/status/1973003234336989505,23343960,
1973001940943728661,2025-09-30 12:28:13+00:00,0,Penyebab Makanan MBG Basi Hingga Sebabkan Keracunan Massal Diungkap Sultan HB X #MBG #SultanHBX #MakananMBG #KeracunanMBG #KeracunanMassalMBG #MakananMBGBasi https://t.co/6TzAea4nG8,1973001940943728661,,,in,,0,0,0,https://x.com/undefined/status/1973001940943728661,1177104115148578816,
1972998211263762924,2025-09-30 12:13:24+00:00,0, MAHKOTA338 Putaran Scatter Letusan Maxwin 1000x - - - #MakanBergiziGratis #DewasaSampaikanAspirasi oleh2 dari internasional Berpendapat Dengan Baik Trade $CELB Aceh berikan layanan publik Pancasila https://t.co/PQhhjwkcTB,1972998211263762924,https://pbs.twimg.com/media/G2F_YtUakAET3Uz.jpg,,in,,0,0,0,https://x.com/undefined/status/1972998211263762924,1909164176620347392,
1972997885706092613,2025-09-30 12:12:07+00:00,1, Pemerintah berkomitmen memperkuat Program Makan Bergizi Gratis (MBG)! Kemendagri bersama Kemenko PMK Kemenkes BGN dan Pemda membahas strategi perbaikan program Makan Bergizi Gratis. MBG terus disempurnakan untuk anak-anak Indonesia! 🇮🇩 #MBG #GenerasiSehat https://t.co/p1s2nyk8KM,1972997885706092613,https://pbs.twimg.com/ext_tw_video_thumb/1972997794077315072/pu/img/zZsNgjUf1Kj1zC3I.jpg,,in,,0,5,0,https://x.com/undefined/status/1972997885706092613,1113646305585188864,
1972996192725614887,2025-09-30 12:05:23+00:00,2,Kasus dugaan keracunan Makanan Bergizi Gratis (MBG) terjadi di Pasar Rebo Selasa (30/09/2025). Sebanyak 20 siswa SDN di Pasar Rebo diduga mengalami keracunan setelah menyantap menu MBG. #BGN #MBG #ProgramPrioritasMBG https://t.co/9FcD57KRSo,1972996192725614887,https://pbs.twimg.com/media/G2F9ktYbkAESfaR.jpg,,in,,2,3,3,https://x.com/undefined/status/1972996192725614887,57261519,
1972978968904274269,2025-09-30 10:56:57+00:00,0,#SPPG Malang Pakis Berbagi Tips Menyiapkan #MBG Aman Bagi Siswa https://t.co/fesuFll95u #Makanbergizi #SPPGMalangPakis,1972978968904274269,,,in,,0,0,0,https://x.com/undefined/status/1972978968904274269,1272427767942926337,
1972978769146323320,2025-09-30 10:56:09+00:00,0,Guru diminta jadi PIC distribusi Makan Bergizi Gratis (MBG) dengan insentif Rp100 ribu/hari. P2G mengingatkan: hati-hati tanggung jawab berat &amp; bisa ganggu waktu ajar. BGN: ini bentuk apresiasi. #MBG #Guru #BGN https://t.co/enjjJloymk,1972978769146323320,,,in,,0,0,0,https://x.com/undefined/status/1972978769146323320,2911375412,
1973172857783112165,2025-09-30 23:47:23+00:00,0,Heboh! Wartawan Ngaku Dicekik Oknum Keamanan Dapur MBG di Jaktim #News #MBG #wartawan #oknum https://t.co/r6y7i5HDfC,1973172857783112165,,,in,,0,0,0,https://x.com/undefined/status/1973172857783112165,1686130618021920770,
1973168496923320676,2025-09-30 23:30:04+00:00,1,Ombudsman Ungkap Penyimpangan MBG: Beras Premium Jadi Medium https://t.co/dEvVxB2EfO #MakanBergiziGratis,1973168496923320676,,,in,,1,1,0,https://x.com/undefined/status/1973168496923320676,43799886,
1973040801795162261,2025-09-30 21:43:55+00:00,0,@Degrees_OFC @Greesel_JKT48 #IceLearn #IcelBelajar #MBG alias Mari Belajar with Greesel,1973141785808609756,,Degrees_OFC,in,,0,0,1,https://x.com/undefined/status/1973141785808609756,1778546526006153216,
1973075947495592167,2025-09-30 17:22:24+00:00,0,Kemenkes siapkan ahli gizi untuk melindungi anak anak. Pemngawasan terhadap gizi sangat diperlukan agar anak anak tetap aman mengkonsumsi #mbg #gasssnow https://t.co/CHvWZHMvbd,1973075970543190137,https://pbs.twimg.com/media/G2HF9hyacAA4rCG.jpg,glitecs,in,,0,1,8,https://x.com/undefined/status/1973075970543190137,1209134781071364096,
1973075947495592167,2025-09-30 17:22:23+00:00,0,Dukungan dan kolaborasi semua pihak dalam program MBG sangat dibutuhkan untuk kesuksesan MBG itu sendiri. #mbg #gasssnow https://t.co/x8vP5DJmbY,1973075966340853877,https://pbs.twimg.com/media/G2HFuT4aIAUTFI8.jpg,glitecs,in,,0,1,11,https://x.com/undefined/status/1973075966340853877,1209134781071364096,
1973075947495592167,2025-09-30 17:22:21+00:00,0,Desentralisasi kewenangan membuat respon lebih cepat dan efektif. Pemda memiliki perangkat ksehatan yang bisa bergerak cepat menekan risiko #mbg #gasssnow https://t.co/bdHacR71fh,1973075961357709807,https://pbs.twimg.com/media/G2HFg8GaIAUZg3K.jpg,glitecs,in,,0,1,0,https://x.com/undefined/status/1973075961357709807,1209134781071364096,
1973075947495592167,2025-09-30 17:22:20+00:00,0,Kolaborasi pusat dan daerah dalam program MBG sangat dibutuhkan agar masalah keracunan makanan bisa teratasi dengan baik #mbg #gasssnow https://t.co/vDiiefK9om,1973075956861694011,https://pbs.twimg.com/media/G2HFVgYaIAAU4l4.jpg,glitecs,in,,0,1,0,https://x.com/undefined/status/1973075956861694011,1209134781071364096,
1973075947495592167,2025-09-30 17:22:19+00:00,0,Pelibatan Pemda harus seara terencana dan terpadu agar bisa dilakukan deteksi ini terhadap kasus keracunan makanan MBG #mbg #gasssnow https://t.co/XomlebNZB0,1973075952226935167,https://pbs.twimg.com/media/G2HFIUeaQAAyWvr.jpg,glitecs,in,,0,1,0,https://x.com/undefined/status/1973075952226935167,1209134781071364096,
1973074562255294527,2025-09-30 17:16:48+00:00,0,Tidak ada anak yang boleh kalah hanya karena perutnya kosong MBG memastikan tidak ada lagi kesenjangan gizi di sekolah-sekolah. Setiap anak berhak punya energi untuk mengejar cita-cita #DukungMBG #MakanBergiziGratis,1973074562255294527,,,in,,0,0,0,https://x.com/undefined/status/1973074562255294527,876550718961860608,
1973074366607839687,2025-09-30 17:16:34+00:00,0,Menkes Budi Gunadi Sadikin menegaskan Kemenkes menyiapkan dukungan ahli gizi untuk program MBG. Ini untuk memastikan agar kasus keracunan makanan tidak terjadi lagi #mbg #gassnow https://t.co/K6BCseOmH3,1973074504990535729,https://pbs.twimg.com/media/G2HEhIuaIAEJpdx.jpg,sabilanilaa,in,,0,0,6,https://x.com/undefined/status/1973074504990535729,1782045381926572032,
1973074366607839687,2025-09-30 17:16:33+00:00,3,Pola co-governance seperti saat Covid 19 adalah model terbaik untuk MBG. Pusat tetapkan stadnar Pemda awasi pelaksanaan harian agar aman dan sesuai kebutuhan #mbg #gasssnow https://t.co/iRXiUnpTdu,1973074500855160930,https://pbs.twimg.com/media/G2HEKcPaIAI7TDo.jpg,sabilanilaa,in,,0,1,11,https://x.com/undefined/status/1973074500855160930,1782045381926572032,
1973074366607839687,2025-09-30 17:16:32+00:00,0,Desentralisasi kewenangan membuat respon lebih cepat dan efektif. Pemda memiliki perangkat kesehatan yang bisa bergerak cepat menekan risiko #mbg #gasssnow https://t.co/XgOUmHko6z,1973074495805046823,https://pbs.twimg.com/media/G2HD8wlaIAIBHra.jpg,sabilanilaa,in,,0,1,0,https://x.com/undefined/status/1973074495805046823,1782045381926572032,
1973074366607839687,2025-09-30 17:16:03+00:00,0,Covid 19 jadi cermin keterlibatan Pemda kunci sukses MBG. Kolaborasi pusat dan daerah adalah kunci agar MBG tidak hanya memberi makanan sehat tapi juga menjamin keselamatan anak anak Indonesia #mbg #gasssnow https://t.co/uBHbPyKyge,1973074375151853773,https://pbs.twimg.com/media/G2HBk8PbYAAEg2Q.jpg,sabilanilaa,in,,0,1,0,https://x.com/undefined/status/1973074375151853773,1782045381926572032,
1973074366607839687,2025-09-30 17:16:02+00:00,0,BGN harus melibatkan Pemda untuk mengawasi MBG agar masalah bisa termitigasi dengan baik #mbg #gasssnow https://t.co/6qRTV3Ng5s,1973074371070812440,https://pbs.twimg.com/media/G2HBaTYaIAIv86v.jpg,sabilanilaa,in,,0,1,0,https://x.com/undefined/status/1973074371070812440,1782045381926572032,
1973074366607839687,2025-09-30 17:16:01+00:00,13,Unutk mengatasi kasus keracunan makanan MBG @prabowo mesti ambil langkah taktis sih dan melakukan mitigasi masalah #mbg @gasssnow https://t.co/uXoqF6llI1,1973074366607839687,https://pbs.twimg.com/media/G2HBKFXaIAAzHVx.jpg,,in,,0,3,12,https://x.com/undefined/status/1973074366607839687,1782045381926572032,
1979693049451319806,2025-10-18 23:36:18+00:00,0,Presiden Prabowo bertekad agar MBG mencapai Zero Error tanpa kasus keracunan dengan peralatan dapur terbaik dan kebiasaan sehat seperti cuci tangan sebelum makan. Komitmen nyata demi generasi sehat dan kuat . #MBG #LanjutkanMBG Timothy #ENHYPEN Banser #2025MAMAVOTE #CORTIS https://t.co/Ffzbw9v728,1979693049451319806,https://pbs.twimg.com/media/G3lIVjUW4AACqe7.jpg,,in,,0,0,0,https://x.com/undefined/status/1979693049451319806,1804674220389249024,
1979691403476353096,2025-10-18 23:29:46+00:00,0,Indonesia lagi keren banget sih 🇮🇩 Program Makan Bergizi Gratis (MBG) udah tembus 36 2 JUTA penerima manfaat! Bayangin negara kita sekarang bisa kasih makan setara 7x Singapura tiap hari #MBG #LanjutkanMBG Timothy #ENHYPEN #2025MAMAVOTE #SEVENTEEN I VOTE rejuran #CORTIS zona https://t.co/4P8oDRsliA,1979691403476353096,https://pbs.twimg.com/media/G3lG1xJW0AAeCKF.jpg,,in,,0,0,0,https://x.com/undefined/status/1979691403476353096,1804674220389249024,
1978694871687823623,2025-10-18 21:49:47+00:00,0,@01Koramil MBG upaya nyata dalam mengurangi masalah gizi buruk. #makanbergizigratis #nawacita #makanbergizi https://t.co/Utrt6iu27T,1979666242329100466,https://pbs.twimg.com/media/G3kv8XyWYAACyNc.jpg,Cahayam46075895,in,,0,0,0,https://x.com/undefined/status/1979666242329100466,1630259743926403073,
1978694871687823623,2025-10-18 21:49:28+00:00,0,@01Koramil MBG bukan sekedar program tapi harapan anak-anak Indonesia. #makanbergizigratis #nawacita #makanbergizi https://t.co/3AL80yT7ib,1979666163664822682,https://pbs.twimg.com/media/G3kv3vKXYAACP8_.jpg,Cahayam46075895,in,,0,0,0,https://x.com/undefined/status/1979666163664822682,1630259743926403073,
1978694871687823623,2025-10-18 21:49:17+00:00,0,@01Koramil Anak sekolah perut kenyang orak terbang dulu PR sambil nahan lapar sekaran? sarapan gratis dulu baru fokus belajar. #makanbergizigratis #nawacita #makanbergizi https://t.co/slgu1gmOY8,1979666116520837451,https://pbs.twimg.com/media/G3kv1DSWgAAZ3WI.jpg,01Koramil,in,,0,3,0,https://x.com/undefined/status/1979666116520837451,1630259743926403073,
1979659861513404870,2025-10-18 21:24:25+00:00,0,Operasional Dapur MBG Dihentikan Sementara Pasca 426 Siswa SMAN 1 Yogyakarta Keracunan #MakanBergiziGratis https://t.co/uozhZD4Bf2,1979659861513404870,https://pbs.twimg.com/amplify_video_thumb/1979659831041511424/img/dujp8IBgsHXgc28K.jpg,,in,,0,25,3,https://x.com/undefined/status/1979659861513404870,2377352785,
1979659835881988341,2025-10-18 21:24:19+00:00,0,Penghentian Sementara Dapur MBG Setelah Insiden Keracunan di SMAN 1 Yogyakarta #MakanBergiziGratis https://t.co/0a0G4tB6kO,1979659835881988341,https://pbs.twimg.com/media/G3kqH7AWoAALosr.jpg,,in,,0,24,4,https://x.com/undefined/status/1979659835881988341,2377352785,
1978354365858468027,2025-10-18 20:02:00+00:00,0,@perupadata MBG Sejalan Dengan Visi Indonesia Emas 2045 #MBG #MakanBergiziGratis #PapuaBarat #Prabowo https://t.co/cEyolf9ukJ,1979639119056891940,https://pbs.twimg.com/media/G3kXOxcXUAIaZU8.png,perupadata,in,,0,0,0,https://x.com/undefined/status/1979639119056891940,1413436646423293955,
1979577943363129410,2025-10-18 15:58:55+00:00,0,Pentingnya program MBG untuk masa depan #FaktaIndonesia #MakanBergiziGratis #ManfaatMakanBergiziGratis #DukungProgramMakanBergiziGratis https://t.co/YdeqdBtx7W,1979577943363129410,https://pbs.twimg.com/media/G3jfpfVWUAAPgPG.jpg,,in,,0,0,0,https://x.com/undefined/status/1979577943363129410,1615863108630728705,
1979577900027523286,2025-10-18 15:58:44+00:00,0,MBG adalah langkah nyata membangun generasi sehat #MakanBergiziGratis #GenerasiSehat #IndonesiaEmas https://t.co/VphBeterL7,1979577900027523286,https://pbs.twimg.com/media/G3jfm83XUAA4D21.jpg,,in,,0,0,0,https://x.com/undefined/status/1979577900027523286,1615863108630728705,
1979577852678078914,2025-10-18 15:58:33+00:00,0,MBG buat anak lebih fokus belajar #MakanBergiziGratis #GenerasiSehat #IndonesiaEmas https://t.co/edeYUC2lOD,1979577852678078914,https://pbs.twimg.com/media/G3jfkLjW8AAgOxw.jpg,,in,,0,0,0,https://x.com/undefined/status/1979577852678078914,1615863108630728705,
1979577777130287131,2025-10-18 15:58:15+00:00,0,Perut terisi belajar pun berisi! #MakanBergiziGratis #GenerasiSehat #IndonesiaEmas https://t.co/oIkKk8j4CS,1979577777130287131,https://pbs.twimg.com/media/G3jff28WcAEtKXo.jpg,,in,,0,0,0,https://x.com/undefined/status/1979577777130287131,1615863108630728705,
1979577740878819706,2025-10-18 15:58:06+00:00,0,MBG Pondasi masa depan cerah #MakanBergiziGratis #GenerasiSehat #IndonesiaEmas https://t.co/G9bDcUveZL,1979577740878819706,https://pbs.twimg.com/media/G3jfdoAXQAEHi9j.jpg,,in,,0,0,0,https://x.com/undefined/status/1979577740878819706,1615863108630728705,
1979577693495787715,2025-10-18 15:57:55+00:00,0,Bersama dukung program MBG #MakanBergiziGratis #GenerasiSehat #IndonesiaEmas https://t.co/SMcZVcPyDy,1979577693495787715,https://pbs.twimg.com/media/G3jfa6lW8AAwacO.jpg,,in,,0,0,0,https://x.com/undefined/status/1979577693495787715,1615863108630728705,
1979577656615268469,2025-10-18 15:57:46+00:00,0,MBG anak sehat Indonesia hebat #FaktaIndonesia #MakanBergiziGratis #DukungMakanBergiziGratis #DukungProgramMakanBergiziGratis https://t.co/2MwqY1a4Oa,1979577656615268469,https://pbs.twimg.com/media/G3jfYxIXsAAU9CE.jpg,,in,,0,0,0,https://x.com/undefined/status/1979577656615268469,1615863108630728705,
1979575925265342973,2025-10-18 15:50:53+00:00,0,Ayok gasss guysssss #makanbergizigratis #mbg #kawalmbg #prabowo #badangizinasional https://t.co/b9pFzG5GDv,1979575925265342973,https://pbs.twimg.com/media/G3jdzdFXMAALxo-.jpg,,in,,0,0,0,https://x.com/undefined/status/1979575925265342973,1973002988303335424,
1970662548916838679,2025-10-18 15:50:04+00:00,0,@grok @bachrum_achmadi @prabowo @mohmahfudmd @mbg @PurbayaYudhi #Mbg program tai kebo @grok #tskingNote No Viral No Justice siapa yang berani viralkan program yang ditangani mayoritas Purna Polri dan TNI serta Tim Berkeringat @prabowo @grok ???,1979575719341748639,,grok,in,,0,1,0,https://x.com/undefined/status/1979575719341748639,1604088193196109826,
1979575644146237510,2025-10-18 15:49:46+00:00,0,Jadi kamu tim pro atau kontra? #makanbergizigratis #mbg #kawalmbg #prabowo #badangizinasional https://t.co/bz86Q7wuMS,1979575644146237510,https://pbs.twimg.com/media/G3jdjNrW4AARkz3.jpg,,in,,0,0,0,https://x.com/undefined/status/1979575644146237510,1973002988303335424,
1979575166872272990,2025-10-18 15:47:53+00:00,0,Skema anggaran MBG. #makanbergizigratis #mbg #bgn #kawalmbg https://t.co/PxBXxjNlTb,1979575166872272990,https://pbs.twimg.com/media/G3jdHIeXkAAmzon.jpg,,in,,0,0,0,https://x.com/undefined/status/1979575166872272990,1973002988303335424,
1979574860268671441,2025-10-18 15:46:40+00:00,0,Ketika Mbappe makan MBG #kawalmbg #mbg #makanbergizigratis https://t.co/7fYAK8qA6G,1979574860268671441,https://pbs.twimg.com/amplify_video_thumb/1979574683457523712/img/1LkCbGPC4sImgLKJ.jpg,,in,,0,0,0,https://x.com/undefined/status/1979574860268671441,1973002988303335424,
1970662548916838679,2025-10-18 15:44:37+00:00,0,@grok @bachrum_achmadi @prabowo @mohmahfudmd @mbg @PurbayaYudhi Setiap bahas #MBG emosi Saya memuncak @grok Saya anggap ini Kedunguan yang nyata @prabowo krn janji kampanye tidak rasional apalagi bicara #SPPG daerah terpencil piye lek nglakoni bagaimana jalankanya Justru anak2 daerah terpencil menjadi anak2 yg teraniaya @PurbayaYudhi,1979574344742478239,,wibisonoys,in,,0,1,1,https://x.com/undefined/status/1979574344742478239,1604088193196109826,
1979566258342572346,2025-10-18 15:12:29+00:00,2,Apresiasi untuk SPPG POLRI MBG jadi aman dan sehat #police #poldalampung #mbg https://t.co/fHXduAQjAk,1979566258342572346,https://pbs.twimg.com/ext_tw_video_thumb/1979566217204559872/pu/img/kaHfZLcdeCeSWhYa.jpg,,in,,0,0,0,https://x.com/undefined/status/1979566258342572346,1977624868549246976,
1979452158660825313,2025-10-18 07:39:05+00:00,1,Gubernur DIY Sultan Hamengku Buwana X (HB X) menilai beban tugas yang diberikan kepada Satuan Pelayanan Pemenuhan Gizi (SPPG) terlalu berat. Baca selengkapnya di sini : https://t.co/b1thoTPbhL #MBG #SPPG #DIY #Gubernur #wewearvvon #YandriSusantoTOP Timothy What You Want,1979452158660825313,,,in,,0,0,0,https://x.com/undefined/status/1979452158660825313,1910555103087779842,
1979437196403970523,2025-10-18 07:31:54+00:00,0,@satriohendri #MBG dan #KDMP Hanya bancaan anggaran menciptakan Hilirisasi korupsi,1979450350773112853,,wibisonoys,in,,0,0,0,https://x.com/undefined/status/1979450350773112853,1604088193196109826,
1979437196403970523,2025-10-18 07:24:04+00:00,0,@satriohendri Sudah saya Diksi lama #KDMP sama dengan #MBG program ambisius dan tidak rasional karena SDM Penyelenggara orang2 korup &amp; kita belum bisa kliuar dari #ZonaNegeriKorup permainan Fee proyek pengadaan barang dan jasa menjadi sebuah keniscayaan Intuisi saya Valid @satriohendri,1979448378196136138,,satriohendri,in,,0,1,0,https://x.com/undefined/status/1979448378196136138,1604088193196109826,
1979444486100127764,2025-10-18 07:08:36+00:00,0,Anak sehat bangsa kuat! Program Makan Bergizi Gratis jadi langkah nyata mencetak generasi unggul Indonesia Emas. #MakanBergiziGratis #GenerasiSehatCerdas #DukungProgramMBG #IndonesiaEmas2045 https://t.co/cLsvKlkq9f,1979444486100127764,https://pbs.twimg.com/media/G3hmQ3xX0AAjlrS.jpg,,in,,0,0,0,https://x.com/undefined/status/1979444486100127764,1090195233260748800,
1979442325429588256,2025-10-18 07:06:20+00:00,1,@Imamu_Sheka @multibank_io &gt; $MBG is cooking something massive! RWA narrative just getting started early believers gonna make it big! #RWA #MBG,1979443917490643370,,Imamu_Sheka,en,,0,0,1,https://x.com/undefined/status/1979443917490643370,1754800424211623936,
1979434787866816673,2025-10-18 06:30:04+00:00,0,YLKI Sebut Kasus Keracunan Massal MBG Sudah Masuk Kategori KLB Apa Alasannya? https://t.co/xyohxnFVmi #MakanBergiziGratis,1979434787866816673,,,in,,0,0,0,https://x.com/undefined/status/1979434787866816673,43799886,
1979430565859528855,2025-10-18 06:13:20+00:00,0,Kalau setiap daerah punya semangat kayak MBG Indonesia bakal makin kuat dari akar rumputnya. Bukan cuma tumbuh tapi berdaulat. #MBG #BangunDariBawah #KerjaNyataUntukRakyat https://t.co/FLVzZjNBo6,1979430578962469043,https://pbs.twimg.com/media/G3hZnZSWYAEQkAe.jpg,Maulianurrahma,in,,0,0,0,https://x.com/undefined/status/1979430578962469043,348948154,
1979426403423777253,2025-10-18 05:56:45+00:00,0,Program Makan Bergizi Gratis tidak hanya menyehatkan generasi muda tetapi juga menggerakkan roda ekonomi lokal melalui pemberdayaan petani peternak dan pelaku UMKM pangan. #MakanBergiziGratis #EkonomiLokal #GenerasiSehat https://t.co/7Q56AS4hfI,1979426403423777253,https://pbs.twimg.com/media/G3hV0HlXAAAvdrM.jpg,,in,,0,0,0,https://x.com/undefined/status/1979426403423777253,1917036872892841984,
1979425798181523657,2025-10-18 05:54:20+00:00,0,Makan Bergizi Gratis: Investasi masa depan bangsa. Setuju? Bagikan pendapatmu! #MakanBergiziGratis #InvestasiBangsa https://t.co/ONuaRuaNIU,1979425798181523657,https://pbs.twimg.com/media/G3hVRanXwAAWw3I.jpg,,in,,0,0,0,https://x.com/undefined/status/1979425798181523657,359802769,
1979336467844600005,2025-10-17 23:59:22+00:00,5,Program Makan Bergizi Gratis (MBG) hadir untuk memastikan setiap anak Indonesia tumbuh sehat dan cerdas. Dengan gizi seimbang di sekolah generasi muda disiapkan jadi SDM unggul yang kuat produktif dan berdaya saing tinggi demi masa depan bangsa. ️🇮🇩 #MakanBergiziGratis https://t.co/RrbyxMSVK6,1979336467844600005,https://pbs.twimg.com/ext_tw_video_thumb/1979336412248817664/pu/img/xo7gSbn3MJDMTSwe.jpg,,in,,0,1,4,https://x.com/undefined/status/1979336467844600005,1598186106230448129,
1979335303094768076,2025-10-17 23:54:45+00:00,0,Gizi terpenuhi anak makin pintar dan semangat belajar.#MBG #AnakSehat #IndonesiaTerang https://t.co/gwLWrZrxY0,1979335303094768076,https://pbs.twimg.com/media/G3gC9_tWwAAS3u9.jpg,,in,,0,0,0,https://x.com/undefined/status/1979335303094768076,1366903075890335744,
1979335272589595104,2025-10-17 23:54:37+00:00,6,Anak yang bergizi belajar lebih fokus dan berprestasi.#MBG #AnakSehat #IndonesiaTerang https://t.co/RF0jJCuS1N,1979335272589595104,https://pbs.twimg.com/media/G3gC8PfWkAAv0w1.jpg,,in,,0,6,1,https://x.com/undefined/status/1979335272589595104,1366903075890335744,
1979331353377476848,2025-10-17 23:39:03+00:00,3,Mahasiswa UGM turun tangan bikin microgreens dari mikroalga buat dukung program Makan Bergizi Gratis (MBG)! Biar gizinya naik tapi tetap aman dikonsumsi. Udah keren solutif lagi #MBG #AnakMudaBerinovasi https://t.co/JCsoeOSEQg,1979331353377476848,https://pbs.twimg.com/media/G3f_XR9XgAAdV4h.jpg,,in,,0,0,2,https://x.com/undefined/status/1979331353377476848,1405048231571034114,
1979329303193227395,2025-10-17 23:30:54+00:00,0,Gizi baik hari ini adalah pondasi bangsa yang kuat esok hari #MBG #BangsaSehat https://t.co/FUWuEJV9IH,1979329303193227395,https://pbs.twimg.com/media/G3f9guQW0AA9APT.jpg,,in,,0,0,0,https://x.com/undefined/status/1979329303193227395,1150816207,
1979325276401340477,2025-10-17 23:14:54+00:00,0,Mahasiswa UGM kembangkan inovasi pangan dari mikroalga untuk dukung program Makan Bergizi Gratis! Solusi gizi masa depan dimulai dari laboratorium kampus. #MBG #MBGJalanTerus #MakanBergiziGratis #LanjutkanMBG RIP Timothy Sabtu Jule Pagiii asta cita Transmart #2025MAMAVOTE https://t.co/DA8aP6KFxA,1979325276401340477,https://pbs.twimg.com/media/G3f513CWsAAJpBX.jpg,,in,,0,0,0,https://x.com/undefined/status/1979325276401340477,1897709688281874434,
1979324731255066752,2025-10-17 23:12:44+00:00,0,IFSR mencatat 411 daerah di Indonesia berhasil jalankan program Makan Bergizi Gratis (MBG) tanpa satu pun insiden keracunan. Bukti sistem keamanan pangan makin kuat! #MBG #MBGJalanTerus #MakanBergiziGratis #LanjutkanMBG RIP Timothy Sabtu Jule Pagiii asta cita Transmart https://t.co/PTblNFr0Fh,1979324731255066752,https://pbs.twimg.com/media/G3f5WLRXMAAmbZ-.jpg,,in,,0,0,0,https://x.com/undefined/status/1979324731255066752,1897709688281874434,
1979222492561707468,2025-10-17 16:26:29+00:00,6,Apresiasi Ning Lia untuk Prabowo-Gibran: Kepemimpinan Gebrakan Nyata di Tahun Pertama Dr. Lia Istifhama apresiasi 1 tahun pertama pemerintahan. Baca selengkapnya........ https://t.co/JLxShKYGd7 #Prabowo #MBG #DPDRI #NingLia #Senator https://t.co/5t4ECu2oL6,1979222492561707468,https://pbs.twimg.com/media/G3ecXlEX0AcgttV.jpg,,in,,0,0,5,https://x.com/undefined/status/1979222492561707468,1899675637260152832,
1979218154082783548,2025-10-17 16:09:14+00:00,0,Program MBG Serap Nyaris 1 Juta Tenaga Kerja Dongkrak Ekonomi Lokal https://t.co/q44rtnAfVm #BGN #MBG #Prabowo #ekonomi #pekerjaan #bitvonline,1979218154082783548,,,in,,0,0,0,https://x.com/undefined/status/1979218154082783548,1641028826489823232,
1979216632703512729,2025-10-17 16:03:11+00:00,2, @multibank_io is bridging TradFi + Web3 in a big way: launching $MBG tokenizing $3B in real estate with MAG &amp; Mavryk backed by $29B in assets &amp; major volume. Waitlist is live. Token Genset: July 22 2025. Don t miss this utility play. #MBG #MultiBank #RWA #Web3 #Crypto,1979216632703512729,,,en,,0,1,0,https://x.com/undefined/status/1979216632703512729,1593636269489377281,
1892124139789389830,2025-10-17 15:49:09+00:00,0,@prabowo @OmbudsmanRI137 @DPR_RI @BPOM_RI @komnas_anak @DPDRI @bpkri @KemenkesRI @BPKN_RI @riekediahp @cakimiNOW @KPAI_official @KPK_RI @Abe_Mukti @Kemdikdasmen @KejaksaanRI @kpp_pa @setkabgoid @KemensetnegRI @KemenkeuRI @idai_tweets @MBG_Watch 17/10/2025 12 siswa SD di kediren Lambeyan Magetan keracunan #MBG https://t.co/I5LI1SNqJI,1979213098457403831,,shintaeffendi,in,,0,6,0,https://x.com/undefined/status/1979213098457403831,46523425,
1892124139789389830,2025-10-17 15:40:54+00:00,0,@prabowo @OmbudsmanRI137 @DPR_RI @BPOM_RI @komnas_anak @DPDRI @bpkri @KemenkesRI @BPKN_RI @riekediahp @cakimiNOW @KPAI_official @KPK_RI @Abe_Mukti @Kemdikdasmen @KejaksaanRI @kpp_pa @setkabgoid @KemensetnegRI @KemenkeuRI @idai_tweets @MBG_Watch 13 Siswa SD Margamulya tasikmalaya Jabar keracunan #MBG,1979211024789123465,,shintaeffendi,in,,0,1,0,https://x.com/undefined/status/1979211024789123465,46523425,
1892124139789389830,2025-10-17 15:30:19+00:00,0,@prabowo @OmbudsmanRI137 @DPR_RI @BPOM_RI @komnas_anak @DPDRI @bpkri @KemenkesRI @BPKN_RI @riekediahp @cakimiNOW @KPAI_official @KPK_RI @Abe_Mukti @Kemdikdasmen @KejaksaanRI @kpp_pa @setkabgoid @KemensetnegRI @KemenkeuRI @idai_tweets @MBG_Watch 15/10/2025 426 siswa SMAN 1 yogyakarta keracunan #MBG berdampak menolak porsi makanan keesokan harinya (16/10/2025) https://t.co/bXZhxnuunp,1979208359308915102,https://pbs.twimg.com/media/G3ePbQnWAAAT5Id.jpg,shintaeffendi,in,,0,6,0,https://x.com/undefined/status/1979208359308915102,46523425,
1979166705172558159,2025-10-17 12:44:48+00:00,0,Presiden perintahkan kepada BGN meniru SPPG Polri. Banyak yang belum tau : SPPG Polri sudah wajibkan rapid test makanan MBG. Hasilnya zero kasus keracunan. Inilah bukti Polri bukan menjaga jalanan tapi juga menjaga pangan rakyat. #polriuntuknegeri #SPPG #makanbergizigratis https://t.co/4UnqgWW5No,1979166705172558159,https://pbs.twimg.com/ext_tw_video_thumb/1979166282613231617/pu/img/9p9voDSjCeMiOPSA.jpg,,in,,0,0,0,https://x.com/undefined/status/1979166705172558159,1628997092957093894,
1979136632797151499,2025-10-17 11:55:24+00:00,0,@MrWhaleREAL You already know dips don t scare believers they build positions #RWA #MVRK #MBG #ESX,1979154275956674918,,MrWhale,en,,0,1,0,https://x.com/undefined/status/1979154275956674918,1431876126113091584,
1979153818592907278,2025-10-17 11:53:35+00:00,0,5 7 juta warga Jateng sudah nikmati program Makan Bergizi Gratis! SPPG terus bertambah makin banyak pelajar ibu &amp; balita merasakan manfaatnya. Baca detail https://t.co/enxbrvBrK3 #MBG #SPPG #JawaTengah #GiziAnak #KetahananPangan #Gratis #InovasiPangan,1979153818592907278,,,in,,0,0,0,https://x.com/undefined/status/1979153818592907278,927190686985678849,
1979144967701631414,2025-10-17 11:18:25+00:00,0,Kapolri resmikan 32 &amp; groundbreaking 27 SPPG di Jateng. Langkah nyata dukung makan bergizi gratis Presiden Prabowo untuk jutaan pelajar! Baca selengkapnya https://t.co/ebLkdJSjNC #SPPG #MBG #Kapolri #PresidenPrabowo #Jateng #GiziAnak #PendidikanMaju,1979144967701631414,,,in,,0,0,0,https://x.com/undefined/status/1979144967701631414,927190686985678849,
1979140915135680836,2025-10-17 11:02:19+00:00,0,Pemkab Magetan tetap berkomitmen meningkatkan kualitas hidup masyarakat #MagetanPeduli #KualitasHidup #MBG https://t.co/QxWpKg1zbR,1979140915135680836,https://pbs.twimg.com/media/G3dSKh3XUAAoFDA.jpg,,in,,0,0,0,https://x.com/undefined/status/1979140915135680836,1712303753855160320,
1979130401978487183,2025-10-17 10:20:32+00:00,0,MBG menggerakkan ekonomi dan meningkatkan gizi pada anak #MBG #Ekonomi https://t.co/Z1g3KuRlnC,1979130401978487183,https://pbs.twimg.com/media/G3dIk8FXAAEuvRO.jpg,,in,,0,0,0,https://x.com/undefined/status/1979130401978487183,1324490377,
1979130020565315793,2025-10-17 10:19:02+00:00,0,Nasi Goreng Telur Ceplok Jadi Menu Serentak #MBG di Hari Ulang Tahun #Prabowo https://t.co/J0NPdYPjlP #HariUlangTahunPrabowo #MenuSerentakMBG #NasiGorengTelurCeplok,1979130020565315793,,,in,,0,0,0,https://x.com/undefined/status/1979130020565315793,1272427767942926337,
1979128370945278021,2025-10-17 10:12:28+00:00,0,MAKAN BERGIZI GRATIS SETIAP JUMAT SIANG DI TAMBAKSARI SURABAYA #makanbergizigratis #mbg #prabowo https://t.co/sYIDwUhv5U,1979128370945278021,https://pbs.twimg.com/ext_tw_video_thumb/1979128176954494977/pu/img/NkYuhgWOlZhxx3xc.jpg,,in,,0,0,0,https://x.com/undefined/status/1979128370945278021,1737471380101197824,
1979127884372460015,2025-10-17 10:10:32+00:00,0,Kapolres Karangasem AKBP Joseph Edward Purba S.H. S.I.K. M.H. menyaksikan langsung proses distribusi Makan Bergizi Gratis (MBG) di SDN 1 Ulakan Manggis dalam proses Uji Coba Jumat (17/10) #PolresKarangasem #MBG #SPPG #PolriPeduli #PolriMelayani https://t.co/hFMbyc1t3g,1979127884372460015,https://pbs.twimg.com/media/G3dGTqmXAAAMqRK.jpg,,in,,0,0,0,https://x.com/undefined/status/1979127884372460015,918683660248793088,
1979123013611356217,2025-10-17 09:51:11+00:00,0,Cerita Siswa SMAN 1 Yogyakarta Trauma Usai Keracunan Massal MBG #MBG #KeracunanMBG #SMAN1Yogyakarta https://t.co/d5smKKzUJ2,1979123013611356217,,,in,,0,4,0,https://x.com/undefined/status/1979123013611356217,1177104115148578816,
1979119837398868293,2025-10-17 09:38:34+00:00,0,Makan Bergizi Gratis Korupsi yang Dilegalisasi https://t.co/qeEeO59lNU #makanbergizigratis #beritaterkini,1979119837398868293,,,in,,0,0,0,https://x.com/undefined/status/1979119837398868293,1889341854396948482,
1979118498094739496,2025-10-17 09:33:14+00:00,0,Program makan bergizi gratis jadi tumpuan peningkatan ekonomi daerah #EkonomiLokal #MBG #PembangunanDaerah https://t.co/eWLuCT7fOX,1979118498094739496,https://pbs.twimg.com/media/G3c9xrPXkAA8qO5.jpg,,in,,0,0,0,https://x.com/undefined/status/1979118498094739496,1711972481895198720,
1979116926434709635,2025-10-17 09:27:00+00:00,0,Makan bergizi hari ini generasi kuat di masa depan. Dukung Program Makan Bergizi Gratis untuk Indonesia yang sehat dan cerdas! #MakanBergiziGratis #GenerasiSehatCerdas #DukungProgramMBG #IndonesiaMaju https://t.co/Ld4SPYREq7,1979116926434709635,https://pbs.twimg.com/media/G3c8WatWsAAvj01.jpg,,in,,0,0,0,https://x.com/undefined/status/1979116926434709635,1090195233260748800,
1979111726801977642,2025-10-17 09:06:20+00:00,0,Pemkab Magetan jaga kesejahteraan masyarakat lewat program bergizi gratis #Kesejahteraan #MBG #MagetanSehat https://t.co/GJC643NIym,1979111726801977642,https://pbs.twimg.com/media/G3c3mtFXsAA6P-0.jpg,,in,,0,0,0,https://x.com/undefined/status/1979111726801977642,1712306406509207552,
1979110547091263865,2025-10-17 09:01:39+00:00,1,Doni Gobay mendukung program MBG di Papua #MakanBergiziGratis #MakanBergiziGratisBantuUMKM #MBGPapua https://t.co/HM7BpSdr5W,1979110547091263865,https://pbs.twimg.com/media/G3c2jQ_W4AATKdu.jpg,,in,,0,0,0,https://x.com/undefined/status/1979110547091263865,1775536487343464448,
1979110458557652992,2025-10-17 09:01:18+00:00,1,Makan bergizi gratis di Papua mengurangi stunting #MakanBergiziGratis #MakanBergiziGratisBantuUMKM #MBGPapua https://t.co/bamFgVvK9B,1979110458557652992,https://pbs.twimg.com/media/G3c2ePTXUAApslr.jpg,,in,,0,0,0,https://x.com/undefined/status/1979110458557652992,1775536487343464448,
1979110270958977025,2025-10-17 09:00:33+00:00,1,Program MBG merupakan bentuk upaya kepedulian pemerintah terhadap kesehatan anak Papua #MakanBergiziGratis #MakanBergiziGratisBantuUMKM #MBGPapua https://t.co/rsMaN41JI2,1979110270958977025,https://pbs.twimg.com/media/G3c2TYfWIAA_OmM.jpg,,in,,0,0,0,https://x.com/undefined/status/1979110270958977025,1775536487343464448,
1979110068282171600,2025-10-17 08:59:45+00:00,1,Dukung upaya pemerintah meningkatkan kesehatan dan gizi anak melalui program MBG di Papua. #MakanBergiziGratis #MakanBergiziGratisBantuUMKM #MBGPapua https://t.co/II942hL3Y6,1979110068282171600,https://pbs.twimg.com/media/G3c2HeXW0AA6cy6.jpg,,in,,0,0,0,https://x.com/undefined/status/1979110068282171600,1775536487343464448,
1979108552368062555,2025-10-17 08:53:43+00:00,0,Cek Fakta: Menteri Keuangan Tarik Dana MBG Rp71 Triliun? Jangan Mudah Percaya! #mentrikeuangan #MBG #Nasional https://t.co/nQWhPes2x2,1979108552368062555,,,in,,0,0,0,https://x.com/undefined/status/1979108552368062555,1935402459104690179,
1979104670405550365,2025-10-17 08:38:18+00:00,1,BGN memberikan ultimatum satu minggu kepada pengelola dapur Program Makan Bergizi Gratis (MBG) di Cisarua Kabupaten Bandung Barat Jawa Barat. Baca selengkapnya disini : https://t.co/9mFWYmJIee #bgn #mbg #higeinitas #cisarua #jawabarat #StrayKids Transmart Jule Pendek Jumat,1979104670405550365,,,in,,0,0,0,https://x.com/undefined/status/1979104670405550365,1946058193559494656,
1979103012124578002,2025-10-17 08:31:42+00:00,1,Gizi cukup = semangat belajar meningkat. Bersama program makan bergizi gratis kita bentuk generasi cerdas dan kuat! #MakanBergiziGratis #AnakSehatIndonesiaHebat #GiziUntukMasaDepan #GenerasiEmasIndonesia #DukungProgramBaik https://t.co/WF1deyNe0T,1979103012124578002,https://pbs.twimg.com/media/G3cvs4WWkAAriLb.jpg,,in,,0,0,0,https://x.com/undefined/status/1979103012124578002,1296263815533756416,
1979102982814994484,2025-10-17 08:31:35+00:00,1,Mari jaga dan dukung program makan bergizi gratis bersama! #MakanBergiziGratis #AnakSehatIndonesiaHebat #GiziUntukMasaDepan #GenerasiEmasIndonesia #DukungProgramBaik https://t.co/94hfrFQGDp,1979102982814994484,https://pbs.twimg.com/media/G3cvrJyWgAAQWys.jpg,,in,,0,0,0,https://x.com/undefined/status/1979102982814994484,1296263815533756416,
1979102952733446185,2025-10-17 08:31:28+00:00,1,Tak ada lagi anak belajar dalam keadaan lapar. Program makan gratis di sekolah jadi bukti kepedulian yang nyata. #MakanBergiziGratis #AnakSehatIndonesiaHebat #GiziUntukMasaDepan #GenerasiEmasIndonesia #DukungProgramBaik https://t.co/H788D8iAGj,1979102952733446185,https://pbs.twimg.com/media/G3cvpZ5XIAATwfV.jpg,,in,,0,0,0,https://x.com/undefined/status/1979102952733446185,1296263815533756416,
1979102922547093566,2025-10-17 08:31:21+00:00,1,Dari desa sampai kota anak-anak kini punya hak yang sama atas gizi seimbang. Terima kasih untuk komitmen pemerintah! #MakanBergiziGratis #AnakSehatIndonesiaHebat #GiziUntukMasaDepan #GenerasiEmasIndonesia #DukungProgramBaik https://t.co/OcaDQ7JzWR,1979102922547093566,https://pbs.twimg.com/media/G3cvnoeXUAAQIez.jpg,,in,,0,0,0,https://x.com/undefined/status/1979102922547093566,1296263815533756416,
1979102890586206483,2025-10-17 08:31:13+00:00,1,Program makan bergizi gratis adalah wujud nyata kehadiran negara untuk anak-anak Indonesia. #MakanBergiziGratis #AnakSehatIndonesiaHebat #GiziUntukMasaDepan #GenerasiEmasIndonesia #DukungProgramBaik https://t.co/cejoqyjKHi,1979102890586206483,https://pbs.twimg.com/media/G3cvlx6WcAAukYU.jpg,,in,,0,0,0,https://x.com/undefined/status/1979102890586206483,1296263815533756416,
1979097429908795449,2025-10-17 08:09:31+00:00,1,Program Makan Bergizi Gratis memberikan energi baru bagi anak-anak demi menyongsong masa depan yang sukses dan berguna. Dukung terus Program MBG! #ManfaatMakanBergiziGratis #MakanBergiziGratis #ProgramMakanBergiziGratis #DukungProgramMakanBergiziGratis https://t.co/G3EVMhgNlE,1979097429908795449,https://pbs.twimg.com/media/G3cqn7nWoAE8QMa.jpg,,in,,0,0,0,https://x.com/undefined/status/1979097429908795449,1713751914977120256,
1979091868328825130,2025-10-17 07:47:25+00:00,0,Anak sehat masa depan kuat Program Makan Bergizi Gratis hadir membawa harapan bagi generasi penerus bangsa. #ManfaatMakanBergiziGratis #MakanBergiziGratis #ProgramMakanBergiziGratis #DukungProgramMakanBergiziGratis https://t.co/eThLE6n7fi,1979091868328825130,https://pbs.twimg.com/amplify_video_thumb/1979091805644681216/img/EoXaoykC4sOdRxcQ.jpg,,in,,0,0,0,https://x.com/undefined/status/1979091868328825130,1862733525700542464,
1979091044756054275,2025-10-17 07:44:09+00:00,0,Dari satu piring bergizi lahir jutaan mimpi anak bangsa Mari dukung bersama Program Makan Bergizi Gratis! #MakanBergiziGratis #DukungProgramMakanBergiziGratis #ManfaatMakanBergiziGratis #ProgramMakanBergiziGratis https://t.co/jFKtld4IsY,1979091044756054275,https://pbs.twimg.com/amplify_video_thumb/1979090959783636992/img/6hvzbLjfbgA1Izj_.jpg,,in,,0,0,0,https://x.com/undefined/status/1979091044756054275,1862733525700542464,
1979090850534531474,2025-10-17 07:43:23+00:00,0,Gizi seimbang masa depan gemilang Dukung terus Program MBG untuk wujudkan generasi sehat dan cerdas Indonesia! #ProgramMakanBergiziGratis #MakanBergiziGratis #DukungProgramMakanBergiziGratis #ManfaatMakanBergiziGratis https://t.co/UKod1KtwLU,1979090850534531474,https://pbs.twimg.com/amplify_video_thumb/1979090755088957440/img/6e-xw4YAc5pqN007.jpg,,in,,0,0,0,https://x.com/undefined/status/1979090850534531474,1862733525700542464,
1979089711193796877,2025-10-17 07:38:51+00:00,5,MBG Bikin Siswa Purworejo Semangat Sekolah Adelia Ingin Menu Lebih Bervariasi / #MakanBergiziGratis https://t.co/2rcjNeZTbS,1979089711193796877,,,in,,1,14,2,https://x.com/undefined/status/1979089711193796877,23343960,
1979087798826340646,2025-10-17 07:31:15+00:00,0,Wamen LH Diaz Hendropriyono: Program MBG bagus untuk anak-anak memperhatikan gizi dan pengelolaan sampah yang baik. MBG jadi contoh #MBG #LanjutkanMBG https://t.co/n7DViHaTlO,1979087798826340646,https://pbs.twimg.com/media/G3ch24TXwAAYwo7.jpg,,in,,0,0,0,https://x.com/undefined/status/1979087798826340646,4186505238,
1979084368930050258,2025-10-17 07:17:37+00:00,0,Menu Spesial Nasi Goreng Telur Ceplok Serentak di Seluruh Indonesia Demi Rayakan Ulang Tahun Prabowo #mbg #nasigoreng #ulangtahun #beritaterkini https://t.co/aaX8zkmJA0,1979084368930050258,,,in,,0,0,0,https://x.com/undefined/status/1979084368930050258,1892110442090332162,
1979076970152435952,2025-10-17 06:48:13+00:00,1,Jumat mbg menjaga Jule komitmen untuk indonesia #MakanBergiziGratis #MBG #SPPGPolri #DapurMBG #KeracunanMBG #KedaulatanPangan https://t.co/Yn7MySooBf,1979076970152435952,,,in,,1,4,1,https://x.com/undefined/status/1979076970152435952,1431639249854500865,
1979075332125663304,2025-10-17 06:41:43+00:00,1,Makan Bergizi Gratis memberikan energi baru bagi anak-anak Indonesia. #ManfaatMakanBergiziGratis #MakanBergiziGratis #ProgramMakanBergiziGratis https://t.co/fxNm8TBOuV,1979075332125663304,https://pbs.twimg.com/media/G3cWhokWgAAdTGd.jpg,,in,,0,0,0,https://x.com/undefined/status/1979075332125663304,1524941291272171520,
1979075136067125587,2025-10-17 06:40:56+00:00,1,Insiden keracunan terjadi di SMA 1 Jogja setelah 426 siswa mengalami gejala yang menunjukkan tanda keracunan. Ikuti Update Di WA https://t.co/AJVtZe7LzC Cek Berita Lengkapnya https://t.co/2wcIxCpH9Q #terbarusiar #mbg Jule Banten Jumat we really did #ZEROBASEONE,1979075136067125587,,,in,,0,0,0,https://x.com/undefined/status/1979075136067125587,1910714333224722436,
1984397289511899373,2025-10-31 23:09:16+00:00,0,Kenapa SPPG menjadi ajang kekerasan fisik? @dadanHindayana #MBG @nanikdeyang #WakaBGN #PresidenRI,1984397289511899373,,,in,,0,1,0,https://x.com/undefined/status/1984397289511899373,212808227,
1984361954551767527,2025-10-31 20:48:52+00:00,0,Program MBG bukan sekadar makan gratis tetapi investasi gizi untuk masa depan bangsa. Dari dapur inklusif hingga zonasi Solo yang konsisten MBG hadir untuk membentuk generasi sehat cerdas dan berdaya saing. ️ #MBG #MakanBergiziGratis #AnakSehatBangsaKuat #GiziUntukSemua https://t.co/01LZ6zXcSv,1984361954551767527,https://pbs.twimg.com/media/G4nern1aYAAuIWo.jpg,,in,,0,1,0,https://x.com/undefined/status/1984361954551767527,1310067302541320192,
1984307312194908630,2025-10-31 17:11:44+00:00,0,Program Makan Bergizi Gratis tidak hanya memenuhi kebutuhan gizi bagi anak tetapi juga telah banyak memberdayakan UMKM lokal di seluruh wilayah Indonesia. #ProgramMBG #MBG #MakanBergiziGratis #UMKM #EkonomiMaju https://t.co/uVf7fLII2l,1984307312194908630,https://pbs.twimg.com/amplify_video_thumb/1984306797495402498/img/f6aDWoOnG6ZFjJbB.jpg,,in,,0,0,0,https://x.com/undefined/status/1984307312194908630,789113948,
1984296902121382254,2025-10-31 16:30:22+00:00,1,Monitoring MBG SPPG Mitra Mandiri Tanjung Balai berhasil layani 3.943 penerima manfaat dengan menu bergizi seimbang. Terus dukung program gizi sehat! #MBG #TanjungBalai https://t.co/7QmQg2nJM8,1984296902121382254,https://pbs.twimg.com/media/G4mjhEPbgAA2P-1.jpg,,in,,0,0,0,https://x.com/undefined/status/1984296902121382254,1852436707796545536,
1984295884369396045,2025-10-31 16:26:19+00:00,0,Mobil untuk MBG Angkut Babi dan Ayam di Nias BGN Bakal Lapor Polisi https://t.co/GL2JwFYDA9 #makanbergizigratis #BABI #viral https://t.co/mEkKqM2lRP,1984295884369396045,https://pbs.twimg.com/amplify_video_thumb/1984295209203904512/img/o0-ViV1QQ_MKLVEq.jpg,,in,,0,0,0,https://x.com/undefined/status/1984295884369396045,243040577,
1984295709617619226,2025-10-31 16:25:38+00:00,0,Wabup Pidie Jaya Minta Maaf Usai Pukul Kepala SPPG Akui Kesilapan https://t.co/CRfrfea5cK #MBG #PidieJaya #SPPG #WakilBupati #memukul #bitvonline,1984295709617619226,,,in,,0,0,0,https://x.com/undefined/status/1984295709617619226,1641028826489823232,
1984281309376848248,2025-10-31 15:28:24+00:00,0,ga six pixs dlu hp dan jiwa raga lg rusak #sad #mbg,1984281309376848248,,,in,,0,0,0,https://x.com/undefined/status/1984281309376848248,1234148859170807809,
1984276015393513830,2025-10-31 15:07:22+00:00,0,Lauk MBG Berlendir Jadi Sorotan Plh Kepsek SMPN 2 Medan Tutup Mulut? https://t.co/GyrXYOmdbh #MBG #Medan #Prabowo #SMPNegeri2 #SPPG #tidaklayak #bitvonline,1984276015393513830,,,in,,0,0,0,https://x.com/undefined/status/1984276015393513830,1641028826489823232,
1984272789784928373,2025-10-31 14:54:33+00:00,0,Pemerintah optimis Program Makan Bergizi Gratis (MBG) akan mencapai target 82 9 juta penerima manfaat pada akhír tahun 2025. #MBG #MakanBergiziGratis https://t.co/Nr4L1LtXn6,1984272789784928373,https://pbs.twimg.com/media/G4mNlhma4AAMcdv.jpg,,in,,0,0,0,https://x.com/undefined/status/1984272789784928373,1556558331031932928,
1984271106354868598,2025-10-31 14:47:52+00:00,0,BGN telah memiliki 13.347 SPPG aktif sehingga optimis dapat mencapai target 82 9 juta penerima manfaat. #MakanBergiziGratis #MBG https://t.co/R3qM4fE3mj,1984271106354868598,https://pbs.twimg.com/media/G4mMDi7agAArTaf.jpg,,in,,0,0,0,https://x.com/undefined/status/1984271106354868598,1556552401993101314,
1984268673750888736,2025-10-31 14:38:12+00:00,1,Tim Koordinasi MBG Dinilai Bisa Dukung Kolaborasi tapi Ada Risikonya ~AM #MBG https://t.co/kupdkB0BLP,1984268673750888736,,,in,,0,0,0,https://x.com/undefined/status/1984268673750888736,23343960,
1995168635049099694,2025-11-30 16:30:45+00:00,1,Hadirnya makan bergizi gratis menunjukkan komitmen kuat untuk meningkatkan kesehatan anak-anak Aceh. Yuk dukung bersama agar setiap anak mendapatkan hak gizi yang layak! #GiziAnakAceh #MakanBergiziGratis #AcehSehat https://t.co/fV1eWpUn4N,1995168635049099694,https://pbs.twimg.com/media/G7BDTL7aMAAyPw_.jpg,,in,,0,0,0,https://x.com/undefined/status/1995168635049099694,1318801452614049792,
1995168608566255909,2025-11-30 16:30:39+00:00,1,Ketika anak-anak mendapatkan makanan bergizi konsentrasi dan kesehatan mereka meningkat. Program makan bergizi gratis menjadi dorongan penting bagi kualitas pendidikan di Aceh #GiziAnakAceh #MakanBergiziGratis #AcehSehat https://t.co/LcwNAyR3pb,1995168608566255909,https://pbs.twimg.com/media/G7BDRqJaUAAl6Rt.jpg,,in,,0,0,0,https://x.com/undefined/status/1995168608566255909,1318801452614049792,
1995168578803499051,2025-11-30 16:30:32+00:00,1,Makan bergizi gratis memberi harapan baru untuk memperbaiki status gizi anak-anak Aceh. Menu sehat setiap hari membantu mereka tumbuh optimal dan lebih aktif belajar #GiziAnakAceh #MakanBergiziGratis #AcehSehat https://t.co/Pt1AdBuuBW,1995168578803499051,https://pbs.twimg.com/media/G7BDP7RbMAAkbYa.jpg,,in,,0,0,0,https://x.com/undefined/status/1995168578803499051,1318801452614049792,
1995168552727576832,2025-11-30 16:30:26+00:00,1,Dengan hadirnya makan bergizi gratis anak-anak Aceh kini lebih terlindungi dari risiko kekurangan gizi. Nutrisi lengkap setiap hari adalah pondasi masa depan yang lebih cerah #GiziAnakAceh #MakanBergiziGratis #AcehSehat https://t.co/WAPBA9hDFl,1995168552727576832,https://pbs.twimg.com/media/G7BDOcHb0AE0IW_.jpg,,in,,0,0,0,https://x.com/undefined/status/1995168552727576832,1318801452614049792,
1995168516769800362,2025-11-30 16:30:17+00:00,1,Program makan bergizi gratis menjadi angin segar bagi anak-anak Aceh memastikan mereka mendapat nutrisi yang cukup untuk tumbuh sehat dan cerdas. Langkah sederhana dampaknya besar #GiziAnakAceh #MakanBergiziGratis #AcehSehat https://t.co/Mol27IVgmT,1995168516769800362,https://pbs.twimg.com/media/G7BDMTRbUAE5OCk.jpg,,in,,0,0,0,https://x.com/undefined/status/1995168516769800362,1318801452614049792,
1995165413253263474,2025-11-30 16:17:57+00:00,1,MBG memang bukan makanan mewah tapi justru jadi alternatif nyata untuk meningkatkan kesejahteraan siswa dan masyarakat. Sederhana terjangkau dan penuh manfaat. #MBG #MakananBergizi #ProgramSekolah #SehatBersama #GiziUntukBangsa #KesejahteraanSiswa #SolusiMasyarakat https://t.co/TMMJGSjoPD,1995165413253263474,https://pbs.twimg.com/amplify_video_thumb/1995164307198521344/img/f51ln47fRCc7ebCh.jpg,,in,,0,1,0,https://x.com/undefined/status/1995165413253263474,1765665336152739840,
1995159817032441863,2025-11-30 15:55:43+00:00,0,Kodim 0820 dukung launching dapur MBG tingkatkan gizi pelajar Probolinggo #TNI #MBG #Probolinggo Simak selengkapnya disini https://t.co/xQmEcY97Cd https://t.co/SHt6XRXGan,1995159817032441863,https://pbs.twimg.com/media/G7A7R51aMAAaLee.jpg,,in,,0,0,0,https://x.com/undefined/status/1995159817032441863,3193875739,
1995116022966480929,2025-11-30 13:01:41+00:00,1,Program Makan Bergizi Gratis (MBG) terus menunjukkan dampak positif yang kuat tidak hanya dalam pemenuhan gizi anak dan ibu hamil tetapi juga dalam membangun ekosistem ekonomi lokal yang lebih hidup dan inklusif. #MakanBergiziGratis #opinimerdeka https://t.co/bJMNtJckkc,1995116022966480929,https://pbs.twimg.com/media/G7ATcxDagAA_KE4.jpg,,in,,0,0,0,https://x.com/undefined/status/1995116022966480929,1629861539963633664,
1995113784650715376,2025-11-30 12:52:48+00:00,0,Program makan bergizi gratis memastikan setiap anak Indonesia mendapat asupan gizi seimbang agar tumbuh sehat kuat dan cerdas. Komitmen negara hadir nyata demi masa depan generasi penerus. #MakanBergiziGratis #AnakIndonesia #GiziSeimbang #IndonesiaMaju https://t.co/u33EEQ5Off,1995113784650715376,https://pbs.twimg.com/media/G7ARagaXYAA_Gmj.jpg,,in,,0,0,0,https://x.com/undefined/status/1995113784650715376,1366085646,
1995113438775791964,2025-11-30 12:51:25+00:00,0,MBG untuk seluruh siswa tanpa perbedaan. Menu bergizi setiap hari jadi kunci pemerataan gizi dan kesehatan anak bangsa. #MBG #GiziUntukSemua #IndonesiaMaju #AnakSehat https://t.co/1hRQqmPGDZ,1995113438775791964,https://pbs.twimg.com/media/G7ARGZcWEAA5a18.jpg,,in,,0,0,0,https://x.com/undefined/status/1995113438775791964,1366085646,
1855992911172956469,2025-12-30 23:34:48+00:00,0,@prabowo @kab_kulonprogo @DivHumas_Polri mencetak generasi bangsa yang sehat dan unggul. Hal ini diperkuat dengan peresmian dan operasional SPPG Polri Argorejo Sedayu Bantul (Senin 29 Desember 2025) sebagai role model Program Makan Bergizi Gratis (#MBG) menuju #GenerasiEmas 2045. #PolriUntukMasyarakat #SPPGPolri,2006146986492199157,,PoldaJogja,in,,0,1,0,https://x.com/undefined/status/2006146986492199157,818341300797722624,
2006141178350116891,2025-12-30 23:11:43+00:00,1,Gizi seimbang mendukung pertumbuhan kecerdasan dan kesehatan generasi muda Papua. #MakanBergiziGratis #PapuaSehat #GenerasiEmasPapua https://t.co/SeWGbytgHU,2006141178350116891,https://pbs.twimg.com/media/G9c-xTAaYAAd51h.jpg,,in,,0,0,0,https://x.com/undefined/status/2006141178350116891,535622435,
2006129751111414017,2025-12-30 22:26:19+00:00,0,Program Makan Bergizi Gratis adalah langkah nyata membangun generasi sehat cerdas dan kuat. Gizi yang baik hari ini adalah fondasi masa depan bangsa. Mari kita dukung MBG demi anak-anak Indonesia yang lebih berkualitas. #DukungMBG #MakanBergiziGratis #MBGUntukRakyat https://t.co/D7OG2uyzo7,2006129751111414017,https://pbs.twimg.com/media/G9c0YKXbAAA3_5Z.jpg,,in,,0,0,0,https://x.com/undefined/status/2006129751111414017,1635048890641821697,
2006101385582887228,2025-12-30 20:33:36+00:00,0,Gizi baik hari ini masa depan bangsa lebih cerah esok hari Program Makan Bergizi Gratis (MBG) hadir untuk memastikan setiap anak Indonesia tumbuh sehat cerdas dan siap membangun negeri. #IndonesiaTerang #MBG https://t.co/pf73vlsBPZ,2006101385582887228,https://pbs.twimg.com/media/G9calEQbIAAi-Wv.jpg,,in,,0,0,0,https://x.com/undefined/status/2006101385582887228,1366903075890335744,
2006101361432354923,2025-12-30 20:33:30+00:00,0,Sinergi Pangan Kalteng melalui Makan Bergizi Gratis anak-anak Indonesia tumbuh sehat cerdas dan siap meraih cita-cita. #IndonesiaTerang #MBG https://t.co/JwkO8PniJ0,2006101361432354923,https://pbs.twimg.com/media/G9cajqxaYAADbn2.jpg,,in,,0,0,0,https://x.com/undefined/status/2006101361432354923,1366903075890335744,
2005893447715283410,2025-12-30 19:01:12+00:00,0,@Zeefire02 Trnyata #mbg yg dijanjikan untuk diberikan meski libur NATARU hnyalah jajanan pasargk sampek gocap #makananbergizigratis @badangizinasional_ri #BadanGiziNasional @KemenkesRI @KemenkeuRI @KPK_RI @MediaKonsumenID,2006078130587619484,,Zeefire02,in,,0,0,0,https://x.com/undefined/status/2006078130587619484,69863450,
2005994004824089020,2025-12-30 13:26:54+00:00,0,2 2 juta porsi MBG disalurkan ke Aceh pascabencana. Mari kita selalu kawal Program MBG untuk Indonesia lebih baik @Forum_MBG #MakanBergiziGratis #UMKMDukungMBG #PenuhiGiziIndonesia #MBGDorongEkonomi https://t.co/8K384JSpyJ,2005994004824089020,https://pbs.twimg.com/media/G9a44-haYAMM4_i.jpg,,in,,0,0,0,https://x.com/undefined/status/2005994004824089020,712098428910751748,
2005992831660503068,2025-12-30 13:22:15+00:00,0,MBG menyalurkan 2 2 juta lebih porsi untuk wilayah Aceh. Mari kita selalu kawal Program MBG untuk Indonesia lebih baik @Forum_MBG #MakanBergiziGratis #UMKMDukungMBG #PenuhiGiziIndonesia #MBGDorongEkonomi https://t.co/riwYXXVzvl,2005992831660503068,https://pbs.twimg.com/media/G9a31NobQAAyPlf.jpg,,in,,0,0,0,https://x.com/undefined/status/2005992831660503068,712098428910751748,
1884846538163130608,2025-01-31 23:57:34+00:00,0,@fiantora90 @BaseAnakFK Kalau dilihat dari logika berfikir ini salah sih. Ga runtut alurnya salah besar dalam menentukan tujuan. Pertama saya tanya tujuan Makan Bergizi Gratis itu untuk apa? Apakah itu sudah menjadi cita-cita terjauh yang pantas untuk dijadikan prioritas utama?,1885477554007793867,,fiantora90,in,,0,1,0,https://x.com/undefined/status/1885477554007793867,1766096502806790144,
1885476476595953770,2025-01-31 23:53:17+00:00,0,gpp yg penting anak² dpt MAKAN BERGIZI GRATIS mau angkutan umum mahal gas melon susah bbm subsidi langka pajak naik. Ga masalah,1885476476595953770,,,in,,0,0,0,https://x.com/undefined/status/1885476476595953770,1638513057969106944,
1885471604681101619,2025-01-31 23:33:55+00:00,6,Program Makan Bergizi Gratis (MBG) Polres Nganjuk. #spripimpoldajatim #divhumaspolri #humaspoldajatim #polisi #polresnganjuk #kapolresnganjuk #siswantoro14 #polisinganjuk #semangatmelayani #bolokuompolisi #wayahelaporkapolres #babinkamtibmasnganjuk #jumatberkah https://t.co/U4YbDRbwPb,1885471604681101619,https://pbs.twimg.com/ext_tw_video_thumb/1885471341442457600/pu/img/Jdlh-lunsqpWEp05.jpg,,in,,10,0,1,https://x.com/undefined/status/1885471604681101619,1616965643768860673,
1884913647623041184,2025-01-31 23:21:48+00:00,0,@daddyyuki Mending dananya buat makan siang gratis yang bergizi itu,1885468555417890818,,daddyyuki,in,,0,0,0,https://x.com/undefined/status/1885468555417890818,1299684401748402176,
1885467139886469406,2025-01-31 23:16:11+00:00,0,Fulan mengusulkan french fries + cheeseburger McD jadi menu program makan bergizi gratis,1885467139886469406,,,in,,0,0,0,https://x.com/undefined/status/1885467139886469406,1218676287922814976,
1895609676831625452,2025-02-28 22:59:00+00:00,5,Heru Tjahjono Gelar Sosialisasi Program Makan Bergizi Gratis di Desa Campurdarat #bahlillahadalia #kuningkeren #golkarindonesia #partaigolkar #golkarpedia https://t.co/vspBphjVAf,1895609676831625452,,,in,,0,0,40,https://x.com/undefined/status/1895609676831625452,721898354502930433,
1895299044286800257,2025-02-28 21:26:43+00:00,0,@Putra_Adi_YM @BilanganGanjil Makan bergizi gratis untuk anak sekolahan anggarannya dipaksakan sampai kebijakan efisiensi anggaran diperlakukan yg berdampak ke sektor lain soal melegalkan LGBT fitnahanmu sangan keji apakah kau buzzerp hewan ternak mulyono?,1895586453012553991,,Putra_Adi_YM,in,,0,0,0,https://x.com/undefined/status/1895586453012553991,1676506118145843200,
1895584866944893298,2025-02-28 21:20:25+00:00,0,Setelah bikin menu buat makan bergizi gratis kluarga nyuruh bikin menu sahur dan berbuka selama ramadhan Curiga ntar suami jg nyuruh bikin ,1895584866944893298,,,in,,0,0,0,https://x.com/undefined/status/1895584866944893298,1260578220824502280,
1895566000994861326,2025-02-28 20:05:27+00:00,2,jangan lupa sahur yaaa banyakin minum air nya biar ga dehidrasi makan makanan bergizi juga okeyy (tapi yang mak lu masakin/masak sendiri/beli) soalnya ga ada program sahur makanan bergizi gratis,1895566000994861326,,,in,,0,1,0,https://x.com/undefined/status/1895566000994861326,1882147165583380481,
1895550452005208122,2025-02-28 19:03:40+00:00,0,Program makan bergizi gratis tetap berjalan di bulan Ramadan dengan mekanisme baru yang lebih fleksibel dan ramah lingkungan. Simak bagaimana kebijakan ini diterapkan agar tetap bermanfaat bagi pelajar di bawah ini! #idncitizen #promedia https://t.co/Sx8OEc2EgW,1895550452005208122,,,in,,0,0,0,https://x.com/undefined/status/1895550452005208122,1702957163059257344,
1895535799741137119,2025-02-28 18:05:26+00:00,1,Babinsa Kel. Podorejo Koramil 09/Ngaliyan Sertu Edy Prastawa melaksanakan komsos dengan Tim BGN bersama para staf kelurahan wilayah Kec Ngaliyan dan Kec Mijen membahas progam makan gratis bergizi bagi anak-anak sekolah diwilayah masing-masing. https://t.co/mzRz2VRrku,1895535799741137119,https://pbs.twimg.com/media/Gk5Lw6BXgAAel3G.jpg,,in,,0,0,0,https://x.com/undefined/status/1895535799741137119,1501038186390192129,
1895529187903217683,2025-02-28 17:39:10+00:00,0,https://t.co/vq3odzCBzd Polri bersama Badan Gizi Nasional (BGN) serta Yayasan Kemala Bhayangkari (YKB) melakukan uji coba kegiatan masak serta distribusi Makan Berrgizi Gratis hari ini. #BGN #sppg #polripresisi #polriindonesia #polisi,1895529187903217683,,,in,,0,0,0,https://x.com/undefined/status/1895529187903217683,1507307226058223618,
1895107054718931205,2025-02-28 17:03:53+00:00,0,@falla_adinda Harga air mineralnya jauh lebih mahal euii dari Makan Bergizi Gratis. Mungkin lebih lebih bergizi qir mineralnya ketimbang makanan yg lagi di bagi2kan ke sebagian anak sekolah.,1895520309564043516,,falla_adinda,in,,0,0,0,https://x.com/undefined/status/1895520309564043516,1504116396590264320,
1895515732173341099,2025-02-28 16:45:42+00:00,0,Halo #SobATRBPN Presiden RI Prabowo Subianto telah meluncurkan Program Makan Bergizi Gratis (MBG) merupakan inisiatif nyata untuk meningkatkan kesejahteraan masyarakat serta mengatasi tantangan gizi buruk dan stunting di Indonesia. https://t.co/plm56nK4Ig,1895515732173341099,,,in,,0,0,0,https://x.com/undefined/status/1895515732173341099,970515707451531264,
1895510501653962930,2025-02-28 16:26:33+00:00,1,Selain itu juga dijelaskan bagaimana OJK membantu pemerintah mensukseskan program-program prioritas seperti makan bergizi gratis dan rumah murah dari sisi keuangan.,1895510913421296018,,anindyabakrie,in,,0,1,0,https://x.com/undefined/status/1895510913421296018,45871100,
1906857041307877537,2025-03-31 23:52:00+00:00,0,Kehangatan Prabowo di Halal Bihalal Istana Salami Warga dan Terima Kasih Makan Bergizi Gratis https://t.co/uzLzwUUeGq,1906857041307877537,,,in,,0,0,0,https://x.com/undefined/status/1906857041307877537,1442722911475814408,
1906276904736612862,2025-03-31 23:36:26+00:00,1,@Anggajaya26 @AirinDatangLagi @islah_bahrawi @TOM5helby @StefanAntonio__ @barengwarga @KangManto123 @HumorJonTampan @WagimanDeep212_ @Anak__Ogi @ruhulanakgaul @jonrus18 @Marbot_Udien @DS_yantie @AntoniusCDN Jangan negatif thingking dulu mungkin mau diganti tulisannya dengan kalimat Makan bergizi gratis .. ,1906853123337203948,,Anggajaya26,in,,0,0,0,https://x.com/undefined/status/1906853123337203948,1500083183630811138,
1906205179143143922,2025-03-31 23:08:39+00:00,1,@bumnbersatu @koharramadi81 @Andiarief__ @jokowi @prabowo @kemenhub151 Berarti si Prabowo gak punya malu lah rakyatnya suruh ngemis ngemis makan bergizi gratis padahal negara kita kaya raya. Saya sih gak berharap tiket mudik gratis saya berharap harga tiket yg normal standar kalau naik ya jangan sampai 3 kali lipat harganya,1906846129926578380,,bumnbersatu,in,,0,1,0,https://x.com/undefined/status/1906846129926578380,1771257340521771011,
1905943413096079708,2025-03-31 23:01:30+00:00,1,@TheCurut007 Coba dicek respon masyarakat Indonesia 78% apakah respon puas di MAKAN BERGIZI GRATIS jgn dulu OMON-OMON terlalu banyak sanjungan terhadap suatu pimpinan hanya menyenangkan para meminta jd wakil menteri atau di perusahaan BUMN.,1906844331048333340,,TheCurut007,in,,0,0,0,https://x.com/undefined/status/1906844331048333340,1547040164366585857,
1906842421675299311,2025-03-31 22:53:55+00:00,3,Maafkan diri ini bila belum setransparan penyusunan RUU TNI. Masih banyak salah seperti pendirian Danantara. Acap berkata kasar &amp; mengucap ndasmu. Teriring salam &amp; kehangatan yg dapat memenuhi raga seperti makan bergizi gratis. Oke gas di hari kemenangan. Selamat idulfitri 1446H.,1906842421675299311,,,in,,0,1,0,https://x.com/undefined/status/1906842421675299311,434944655,
1906728540613054470,2025-03-31 22:11:46+00:00,1,@dinowornever iyah pas indo dapetnya mtbg (makan tidak bergizi gratis) ,1906831815593394406,,,in,,0,0,0,https://x.com/undefined/status/1906831815593394406,1139502760880037893,
1906287004662280338,2025-03-31 22:06:47+00:00,0,@RafeyPrincess @VDSyst3msX Survei menunjukkan kepuasan publik thd pemerintahan Prabowo-Gibran sekitar 70-80% didukung oleh program Makan Bergizi Gratis &amp; pengendalian harga. Litbang Kompas Cigmark dll konsisten melaporkan angka tinggi ini dg metodologi kredibel. Walau ada kritik soal pelaksanaan tren,1906830560271450221,,,in,,0,0,0,https://x.com/undefined/status/1906830560271450221,1720665183188922368,
1905960946901954612,2025-03-31 19:37:42+00:00,0,@kupas_kupas @Bambangmulyonoo Ya iyalah... Loe minta juga paling gw arahin ke Makan Bergizi Gratis...,1906793042251854196,,pengkordaw,in,,0,1,0,https://x.com/undefined/status/1906793042251854196,3086120982,
1906316528720773136,2025-03-31 17:47:47+00:00,0,@10PersenOrang @intinyadeh @IntinyaDah Rupiah melemah karena kekhawatiran fiskal dari program Makan Bergizi Gratis (Rp71T) meski GDP tumbuh 5%. Kalau Anies jadi presiden Indonesia bisa fokus pada pertumbuhan inklusif pendidikan dan kesejahteraan sosial dengan kebijakan luar negeri seimbang kurangi https://t.co/nXeRA43bsK,1906765379776524568,https://pbs.twimg.com/media/Gmq54W5a0AAZoCX.jpg,aniesbaswedang,in,,0,0,0,https://x.com/undefined/status/1906765379776524568,1720665183188922368,
1906760865883488334,2025-03-31 17:29:50+00:00,0,Anjingg Sarawak aja bisa begini kita malah makan bergizi gratis pantek,1906760865883488334,,,in,,0,0,0,https://x.com/undefined/status/1906760865883488334,1383782093063217159,
1906746308381081917,2025-03-31 16:32:00+00:00,1,INI PROGRAM BAGUS yang harus di dukung cuma harus di perbaiki bidang pendidikan di indonesia apa kabar guru honorer apa kabar sekolah sekolah harus di perbaiki makan bergizi gratis rakyat di pelosok tanah air menuggu program ini . https://t.co/JvMPDxJtc7,1906746308381081917,https://pbs.twimg.com/media/GnYfpzFaIAIeLuO.jpg,,in,,0,0,0,https://x.com/undefined/status/1906746308381081917,1543486471188803585,
1906740481356341507,2025-03-31 16:08:50+00:00,0,Mari dukung makan bergizi gratis untuk meningkatkan kualitas hidup anak-anak di Indonesia #PenuhiGiziIndonesia https://t.co/BEMwUYb5jN,1906740481356341507,https://pbs.twimg.com/media/GnYaWtMaYAAc62e.jpg,,in,,1,0,0,https://x.com/undefined/status/1906740481356341507,1869975132716089344,
1906740412133306395,2025-03-31 16:08:34+00:00,0,Dengan adanya program Makan Bergizi Gratis anak-anak kini memiliki kesempatan untuk tumbuh lebih baik #PenuhiGiziIndonesia https://t.co/k5GsnAK54c,1906740412133306395,https://pbs.twimg.com/media/GnYaS1obcAE0mL0.jpg,,in,,1,0,0,https://x.com/undefined/status/1906740412133306395,1869975132716089344,
1906740160987050153,2025-03-31 16:07:34+00:00,0,Program makan bergizi gratis bertujuan agar siswa di Indonesia bisa lepas dari stunting serta mampu menyiapkan Indonesia menuju keemasan. #PenuhiGiziIndonesia https://t.co/X37LSJaV6C,1906740160987050153,https://pbs.twimg.com/media/GnYaBbQbEAA-p3l.jpg,,in,,1,0,0,https://x.com/undefined/status/1906740160987050153,1869975132716089344,
1906736767568683492,2025-03-31 15:54:05+00:00,0,Warga Antusias Halalbihalal dengan Prabowo Ucapkan Terima Kasih atas Program Makan Bergizi Gratis https://t.co/iSbWlE8odS,1906736767568683492,,,in,,0,0,0,https://x.com/undefined/status/1906736767568683492,1484521354842247169,
1906733141957726418,2025-03-31 15:39:41+00:00,0,Program makan bergizi gratis bertujuan untuk meningkatkan gizi anak-anak Indonesia #PenuhiGiziIndonesia,1906733141957726418,,,in,,0,0,0,https://x.com/undefined/status/1906733141957726418,1711917804277129216,
1917730433963549162,2025-04-30 23:58:59+00:00,0,SIARAN PERS ITWASUM Rockefeller Foundation-Asian Development Bank Kunjungi SPPG Polri di Pejaten Perwakilan organisasi nirlaba Rockefeller Foundation dan Asian Development Bank mengunjungi dapur Satuan Pelayanan Pemenuhan Gizi (SPPG) untuk Makan Bergizi Gratis (MBG) di Pejaten https://t.co/v2ejEPSlRO,1917730433963549162,https://pbs.twimg.com/media/Gp0lqO-aYAMmQA-.jpg,,in,,0,0,0,https://x.com/undefined/status/1917730433963549162,1825543790427623424,
1917705015415951773,2025-04-30 22:17:59+00:00,2,🇮🇩🇯🇵 Kerja Sama Indonesia Jepang: Dorong Kesejahteraan Lewat Gizi! Indonesia dorong peningkatan ekspor CPO ke Jepang Jepang tawarkan kontribusi untuk pemenuhan kebutuhan susu nasional Semua untuk mendukung Program Makan Bergizi Gratis (MBG),1917705015415951773,,,in,,0,0,0,https://x.com/undefined/status/1917705015415951773,965431874301472768,
1917695455586312661,2025-04-30 21:40:00+00:00,0,Usut Tuntas Sengkuni Yang Sabotase dan Bikin Kacau Program Makan Bergizi Gratis https://t.co/tNhmFDWgyT,1917695455586312661,,,in,,0,0,0,https://x.com/undefined/status/1917695455586312661,853782937782714368,
1917512199779803312,2025-04-30 21:09:37+00:00,0,@Kong_x_kongg @randomable_ Sebenarnya cukup Indonesia Negara Kaya Raya Dengan Sumber Daya Alam Melimpah Aja Sik.. Yang Lainya makan bergizi Gratis,1917687810615828729,,Kong_x_kongg,in,,0,1,0,https://x.com/undefined/status/1917687810615828729,206334620,
1917682871734616305,2025-04-30 20:50:00+00:00,0,Kemenkeu melaporkan terjadi percepatan realisasi anggaran Makan Bergizi Gratis. #bisnisupdate #update #bisnis #text https://t.co/C3gy0PfIF2,1917682871734616305,,,in,,0,0,0,https://x.com/undefined/status/1917682871734616305,759692754985242625,
1917665308841763187,2025-04-30 19:40:12+00:00,0,Program Makan Bergizi Gratis dapat membantu meningkatkan kemampuan belajar dan konsentrasi anak-anak. https://t.co/mDzLlwsjzH,1917665308841763187,https://pbs.twimg.com/media/GpzqbUFaYAM0PHC.jpg,,in,,0,0,0,https://x.com/undefined/status/1917665308841763187,1458957413764141072,
1917643911843176954,2025-04-30 18:36:51+00:00,0,Makanya kapan ya pemerintah SADAR instead of Makan Bergizi Gratis mendingan menggelontorkan 117 triliun buat pendidikan termasuk kursus dan pelatihan buat kerja? Uang sebanyak itu HARUSNYA bisa dipake buat memberdayakan pengangguran termasuk perempuan dan lansia!,1917649366002852133,,peritapimenulis,in,,0,1,0,https://x.com/undefined/status/1917649366002852133,1863521222988075008,
1917648183511114061,2025-04-30 18:32:09+00:00,0,makin kesini makin kesana dari stunting -&gt; makanan bergizi gratis -&gt; penting makan -&gt; asal ga mati gpp RUSAK,1917648183511114061,,,in,,0,0,0,https://x.com/undefined/status/1917648183511114061,1451381933833736196,
1917492320397844788,2025-04-30 18:26:36+00:00,1,@neVerAl0nely Sementara anggaran besar di keluarkan negara untuk makan bergizi gratis. ,1917646784748478768,,neVerAl0nely___,in,,0,0,0,https://x.com/undefined/status/1917646784748478768,2457103525,
1917634553927327872,2025-04-30 17:38:00+00:00,0,Makan Bergizi Gratis Untuk Generasi Muda Papua #papua #makanbergizigratis #anakbangsa https://t.co/gUPbtfNpTv,1917634553927327872,https://pbs.twimg.com/ext_tw_video_thumb/1917634521090121729/pu/img/PHC8HWAa-2SiNko2.jpg,,in,,0,0,0,https://x.com/undefined/status/1917634553927327872,1866324824601321472,
1917632423871013278,2025-04-30 17:30:03+00:00,0,Dari dapur rakyat untuk masa depan bangsa. Makan bergizi gratis bukan hanya soal makanan tapi tentang harapan kesehatan dan keadilan sosial. #JatimMakanBergizi #GiziGratisUntukAnak #MasaDepanLebihSehat #JawaTimurPeduli https://t.co/fktIF3rqfl,1917632553286262862,https://pbs.twimg.com/media/GpzMpPTbMAAS9wr.jpg,DindaP1805,in,,0,0,0,https://x.com/undefined/status/1917632553286262862,1582557889201569792,
1917632423871013278,2025-04-30 17:29:54+00:00,0,Tidak ada anak yang belajar dalam keadaan lapar. Program makan bergizi gratis adalah langkah nyata menuju pendidikan yang lebih adil dan merata. #PendidikanBergizi #GiziUntukPrestasi #JatimSejahtera #AyoDukungProgramGizi https://t.co/MbhWADEZXJ,1917632518171550107,https://pbs.twimg.com/media/GpzMnM9aYAAYRc3.jpg,DindaP1805,in,,0,0,0,https://x.com/undefined/status/1917632518171550107,1582557889201569792,
1917632423871013278,2025-04-30 17:29:46+00:00,0,Isi perut isi semangat belajar! Dengan program makan bergizi gratis generasi muda Jawa Timur siap tumbuh cerdas dan kuat. #MakanGratisJatim #GiziSeimbang #SekolahTanpaLapar #JatimPeduli https://t.co/jeYEdlJivO,1917632483178471704,https://pbs.twimg.com/media/GpzMlMuaYAQ6GSt.jpg,DindaP1805,in,,0,0,0,https://x.com/undefined/status/1917632483178471704,1582557889201569792,
1928896542812905974,2025-05-31 19:29:07+00:00,0,DARI AWAL KITA SEMUA BUTUH NYA SEKOLAH/KULIAH GRATIS BUKAN MAKAN SIANG BERGIZI ANJAYY,1928896542812905974,,,in,,0,0,0,https://x.com/undefined/status/1928896542812905974,1489833482524459011,
1928750436334579992,2025-05-31 14:09:43+00:00,0,@PPICKROME Makan bergizi gratis bukan gagal buktinya berjalan. Gass Lanjutkan mbg,1928816162726621278,,PPICKROME,in,,1,0,0,https://x.com/undefined/status/1928816162726621278,758215573721407489,
1928816125510299794,2025-05-31 14:09:34+00:00,53,Mari dukung program Makan Bergizi Gratis untuk membangun generasi yang lebih kuat lebih cerdas dan lebih berkualitas! #MakanBergiziGratis #GenerasiSehatBerkualitas #GiziUntukPrestasi https://t.co/PfmgDna7mN,1928816125510299794,https://pbs.twimg.com/media/GsSICqcbIAAZGO1.jpg,,in,,1,0,0,https://x.com/undefined/status/1928816125510299794,1604201558736273408,
1928807174668452203,2025-05-31 13:34:00+00:00,0,Makan Bergizi Gratis Tingkatkan Perekonomian Lokal Papua https://t.co/37phS4kSte,1928807174668452203,https://pbs.twimg.com/media/GsR_5UsaQAAGZ3W.jpg,,in,,0,0,0,https://x.com/undefined/status/1928807174668452203,1291552109180026880,
1928791448104681805,2025-05-31 12:42:08+00:00,0,@manjiirro makanlah sebelum km dikasih makan bergizi gratis itu by,1928794122531307551,,manjiirro,in,,0,0,0,https://x.com/undefined/status/1928794122531307551,1680344102976757760,
1928788243031703965,2025-05-31 12:18:54+00:00,1,Program Makan Bergizi Gratis (MBG) yang digagas pemerintah untuk memastikan anak-anak Papua tumbuh sehat dan bersemangat dalam belajar. https://t.co/xTDJbaIZp2,1928788275029840212,https://pbs.twimg.com/media/GsRutvBaMAIzKdS.jpg,Ninaninabudiman,in,,0,1,0,https://x.com/undefined/status/1928788275029840212,1736994760303513600,
1928786305896296892,2025-05-31 12:11:05+00:00,0,Pastikan anak dapat asupan bergizi lewat program Makan Bergizi gratis https://t.co/DlntMUs7yl,1928786305896296892,https://pbs.twimg.com/media/GsRs6xVboAAeQ2c.jpg,,in,,0,0,0,https://x.com/undefined/status/1928786305896296892,812305110,
1928786292814250027,2025-05-31 12:11:01+00:00,0,Makan Bergizi gratis untuk anak supaya tumbuh optimal dan selalu aktif https://t.co/yNQWldIVBM,1928786292814250027,https://pbs.twimg.com/media/GsRs55KaMAIYnso.jpg,,in,,0,0,0,https://x.com/undefined/status/1928786292814250027,812305110,
1928783591829295335,2025-05-31 12:07:25+00:00,0,@namyejunse gemess bgt bingkisan ultahnya makan malam bergizi gratis ya,1928785384554770444,,namyejunse,in,,0,1,0,https://x.com/undefined/status/1928785384554770444,1560087511229050881,
1928653879920701934,2025-05-31 11:30:00+00:00,6,@PreciosaKanti Lha kok SD SMP SMA gratis segala..makan bergizi gratis aja budget kembang kempis ,1928775968140709977,,PreciosaKanti,in,,0,3,0,https://x.com/undefined/status/1928775968140709977,1358050106990186497,
1939730006089023857,2025-06-30 16:57:26+00:00,0,Dukung Program Makan Bergizi Gratis RI Impor 1 Juta Ekor Sapi Perah https://t.co/s7rWLEIJbA,1939730006089023857,,,in,,0,0,0,https://x.com/undefined/status/1939730006089023857,1927644306711748608,
1939728604105252987,2025-06-30 16:51:52+00:00,0,Program makan bergizi gratis penuhi gizi anak-anak menuju Indonesia Emas 2045 #PenuhiGiziIndonesia https://t.co/S6chTF2u0o,1939728604105252987,https://pbs.twimg.com/media/GutM4YZbYAAvWnm.jpg,,in,,0,0,0,https://x.com/undefined/status/1939728604105252987,1882667125250363393,
1939728564070621460,2025-06-30 16:51:42+00:00,0,Program makan bergizi gratis penuhi gizi anak-anak #PenuhiGiziIndonesia https://t.co/g6yzMfTvVw,1939728564070621460,https://pbs.twimg.com/media/GutM2B4boAAnLV-.jpg,,in,,0,0,0,https://x.com/undefined/status/1939728564070621460,1882667125250363393,
1939728496919761188,2025-06-30 16:51:26+00:00,0,MBG Penuhi Gizi Anak Indonesia lebih dari 650.000 anak sekolah mendapatkan makan bergizi gratis #PenuhiGiziIndonesia https://t.co/Cheyw9HdkN,1939728496919761188,https://pbs.twimg.com/media/GutMyHqa0AAoeda.jpg,,in,,0,0,0,https://x.com/undefined/status/1939728496919761188,1882667125250363393,
1939728309161763072,2025-06-30 16:50:41+00:00,0,Makan Bergizi Gratis Bantu Penuhi Kadar Gizi Anak Indonesia #PenuhiGiziIndonesia https://t.co/Je2Ke6R5Mf,1939728309161763072,https://pbs.twimg.com/media/GutMnJtbMAAm4wg.jpg,,in,,0,0,0,https://x.com/undefined/status/1939728309161763072,1882667125250363393,
1939728273908600991,2025-06-30 16:50:33+00:00,0,Makan bergizi gratis bantu penuhi kadar gizi anak #PenuhiGiziIndonesia https://t.co/O4wQDB5ynj,1939728273908600991,https://pbs.twimg.com/media/GutMlHXboAM9N_P.jpg,,in,,0,0,0,https://x.com/undefined/status/1939728273908600991,1882667125250363393,
1939716810238288297,2025-06-30 16:05:00+00:00,1,Program Makan Bergizi Gratis (MBG) tetap berjalan selama 6 hari di masa libur sekolah. Distribusi makanan akan dilakukan 2 kali dalam seminggu. https://t.co/OINKco0sDL,1939716810238288297,,,in,,0,1,0,https://x.com/undefined/status/1939716810238288297,69183155,
1939714680806912023,2025-06-30 15:56:32+00:00,0,MBG bikin anak-anak makin sehat &amp; pinter! Program Makan Bergizi Gratis ini gokil banget bantu lahirin generasi cemerlang yang siap cetak prestasi. #MakanBergiziGratis #GenerasiCemerlang #IndonesiaMaju https://t.co/czSzvKLBZS,1939714680806912023,https://pbs.twimg.com/media/GutANZKa0AEv4Ft.jpg,,in,,0,0,0,https://x.com/undefined/status/1939714680806912023,1686276192352272384,
1939714205575446770,2025-06-30 15:54:39+00:00,0,Program Makan Bergizi Gratis mendukung kesehatan dan kecerdasan anak sehingga membantu membentuk generasi yang cemerlang dan berprestasi. #MakanBergiziGratis #GenerasiCemerlang #IndonesiaMaju https://t.co/ClqIBXzX5e,1939714205575446770,https://pbs.twimg.com/media/Gus_yRQbsAANFZ7.jpg,,in,,0,0,0,https://x.com/undefined/status/1939714205575446770,1868038567202861058,
1951063126218256750,2025-07-31 23:31:12+00:00,1,Dengan adanya Makan Bergizi Gratis angka stunting dapat ditekan dan kualitas hidup anak Papua meningkat #papua #papuatengah #papuahits #jayapura #nabire #jayawijaya #merauke #mbg #mbgpapua #MBGMajukanPapua https://t.co/Syk8FTmnTp,1951063126218256750,https://pbs.twimg.com/media/GxORkCmaIAYzwfl.jpg,,in,,0,0,0,https://x.com/undefined/status/1951063126218256750,1356941787487588355,
1951057499987255764,2025-07-31 23:08:51+00:00,0,Jamin Pola Hidup Sehat Program Makan Bergizi Gratis Hadir di Bengkulu Utara https://t.co/nS5KnYoaTS,1951057499987255764,,,in,,0,0,0,https://x.com/undefined/status/1951057499987255764,1369734116191608833,
1951056082417385840,2025-07-31 23:03:13+00:00,0,Masyarakat Manokwari Selatan Antusias Sambut Program Makan Bergizi Gratis di Papua Barat https://t.co/xuYR4xGtQ3,1951056082417385840,,,in,,0,0,0,https://x.com/undefined/status/1951056082417385840,1369734116191608833,
1951044737110254020,2025-07-31 22:18:08+00:00,0,Program Makan Bergizi Gratis Membuat Anak-anak Papua Tumbuh Sehat Dan Cerdas https://t.co/hSNCEiN6LM,1951044737110254020,https://pbs.twimg.com/media/GxOA2AuawAE6aFr.jpg,,in,,0,0,0,https://x.com/undefined/status/1951044737110254020,1357068553669603328,
1950766009914429443,2025-07-31 21:42:05+00:00,0,@AirinDatangLagi Apa itu pendidikan lbh baik MAKAN BERGIZI GRATIS ( BERACUN ),1951035666319679902,,AirinDatangLagi,in,,0,0,0,https://x.com/undefined/status/1951035666319679902,1321774693259472897,
1951033964803572167,2025-07-31 21:35:20+00:00,1,SINERGITAS STAKEHOLDERS ADALAH KUNCI KEBERHASILAN PROGRAM MAKAN BERGIZI GRATIS DI PAPUA. https://t.co/9Vqycif4Se,1951033964803572167,https://pbs.twimg.com/media/GxN3DWQWAAANpOT.jpg,,in,,0,1,0,https://x.com/undefined/status/1951033964803572167,1649383603413954561,
1950985293341008260,2025-07-31 18:37:31+00:00,0,makan bergizi gratis itu duit rakyat anjing lu semua mau aja ditipu sama pemerintah pake embel embel gratis lu kira itu MBG pake duit prab apaa cape bangett anjing ngetik kaya gini monyet,1950989214868447400,,ttalggiboii,in,,0,1,0,https://x.com/undefined/status/1950989214868447400,1836217809401212928,
1950963298356326468,2025-07-31 16:54:32+00:00,0,Dukung Program Makan Bergizi Gratis Ajinomoto Sebarkan Edukasi ke Berbagai Kota https://t.co/MSpAOJTHzu,1950963298356326468,,,in,,0,0,0,https://x.com/undefined/status/1950963298356326468,79130206,
1950951170245058619,2025-07-31 16:28:13+00:00,1,@pdfeverr Pokoknya intinya bem u ngomong kalo bakal terus mengkritisi kebijakan kabinet prabowo gibran terus mention makan bergizi gratis juga kak,1950956678255616378,,pdfeverr,in,,0,0,0,https://x.com/undefined/status/1950956678255616378,1291620976182980609,
1950956464853651758,2025-07-31 16:27:22+00:00,0,Gudang Vodca PIK terbesar di Asia Tenggara tarif import 0% free cukai minuman Russia Vodca America Vodca 🇺🇸🇮🇩🇷🇺CRS littlestar Louvre REDLINE RUSSIA Kremlin Ontel Army KOMCAD 3 Program Nasional Pemerintah(sekolah rakyat makan bergizi gratis ontelarmy KOMCAD) https://t.co/X1n8aj2FF7,1950956464853651758,https://pbs.twimg.com/media/GxMwj4AasAA9gfi.jpg,,in,,0,0,0,https://x.com/undefined/status/1950956464853651758,970670063370977281,
1950938511860711701,2025-07-31 15:16:08+00:00,1,Kementerian PANRB memiliki peran penting dalam percepatan Program Makan Bergizi Gratis melalui pemenuhan SDM dan redistribusi ASN demi kelancaran program ini. Ayo dukung Program Pemerintah karena setiap anak Indonesia berhak tumbuh optimal! https://t.co/S2Yb55Kxx6,1950938537768919525,https://pbs.twimg.com/media/GxMgQmfb0AEtlRN.jpg,kempanrb,in,,0,0,0,https://x.com/undefined/status/1950938537768919525,1240689786,
1950938511860711701,2025-07-31 15:16:02+00:00,6,Anak-anak sehat menentukan masa depan kuat untuk Indonesia. Yuk simak langkah Kementerian PANRB dalam mendukung program Makan Bergizi Gratis! https://t.co/C9Bo0NxInH,1950938511860711701,https://pbs.twimg.com/media/GxMgPKbbMAAsBZr.jpg,,in,,0,1,1,https://x.com/undefined/status/1950938511860711701,1240689786,
1950926394508411294,2025-07-31 14:34:56+00:00,0,@idextratime Sekolah di indo aja ada makan bergizi gratis,1950928167243268327,,idextratime,in,,0,0,0,https://x.com/undefined/status/1950928167243268327,1895303622998794242,
1962282951770866076,2025-08-31 22:34:47+00:00,2,Program Makan Bergizi Gratis di Kota Malang Masih Jalan Tersendat - https://t.co/d8fLK7tQxR https://t.co/bzibm5TSU8,1962282951770866076,https://pbs.twimg.com/media/Gztt8atagAAr7kB.jpg,,in,,0,0,0,https://x.com/undefined/status/1962282951770866076,1809520327137062915,
1961805335829602526,2025-08-31 18:26:02+00:00,0,@sighyam Warga juga bisa kesini ya .. ayo kita rapatkan barisan sebagai team Makan Bergizi Tidak Beracun Gratis https://t.co/9rQgJ4wlsp,1962220348797309224,,sighyam,in,,0,0,0,https://x.com/undefined/status/1962220348797309224,1826963084814274560,
1962219389937504321,2025-08-31 18:22:15+00:00,1,Lagian di era kayak gini mana ada sih makan gratis MBG akal akalan doang padahal ibarat kata lu bayar pajak buat biayain makan bergizi yang belum tentu lu kedapetan. Baru nyadar kan? WKWKWK,1962219399211000293,,cchiatos,in,,0,0,0,https://x.com/undefined/status/1962219399211000293,1196647051582328832,
1962219389937504321,2025-08-31 18:22:14+00:00,2,Dan sekarang presiden lu ngidein mau ada Makan Bergizi GRATIS layaknya masyarakat yang tergiur sama hal 'gratis' bikin dia bingung lah pengeluaran bertambah sampe triliunan pemasukannya dari mana? otomatis semua pajak dinaikkin. Giliran pajak naik masyarakatnya marah.,1962219394580545881,,cchiatos,in,,0,1,0,https://x.com/undefined/status/1962219394580545881,1196647051582328832,
1961987308946661565,2025-08-31 17:39:04+00:00,0,@putradigant0202 @ARSIPAJA Berdasarkan RAPBN 2026 anggaran pendidikan direncanakan Rp757 8 triliun (naik 9 8% dari outlook 2025) dengan alokasi besar untuk program seperti Makan Bergizi Gratis. Anggaran kesehatan Rp244 triliun (naik 15 8%) difokuskan pada jaminan kesehatan dan penurunan stunting.,1962208531987456179,,putradigant0202,in,,0,0,0,https://x.com/undefined/status/1962208531987456179,1720665183188922368,
1962178283925319776,2025-08-31 15:38:53+00:00,1,Program Makan Bergizi Gratis (MBG) hadir sebagai langkah nyata mencetak generasi sehat cerdas dan tangguh. Ayo dukung MBG demi masa depan anak-anak Indonesia yang lebih gemilang! #DukungMBG #GenerasiEmas #AnakSehatPintar https://t.co/TWmjuk8SOh,1962178283925319776,https://pbs.twimg.com/media/GzsOwCSbIAAiGBG.jpg,,in,,0,4,0,https://x.com/undefined/status/1962178283925319776,1565711358880268289,
1962095963067281680,2025-08-31 15:19:48+00:00,0,@prabowo bacot ndut. aku belum dapet makan bergizi gratis,1962173481669513486,,prabowo,in,,0,0,0,https://x.com/undefined/status/1962173481669513486,1674743491,
1962074166557061253,2025-08-31 15:03:28+00:00,0,@KangManto123 menjarah rumah orang sebenarnya ada ilmu tapi apa dikata orang lebih milih makan bergizi gratis ,1962169373030052024,,KangManto123,in,,0,0,0,https://x.com/undefined/status/1962169373030052024,1647592356026392577,
1962162672016961553,2025-08-31 14:36:50+00:00,0,abis ngulik ttg mbg (makan bergizi gratis) yg bikin tercengang,1962162672016961553,,,in,,0,0,0,https://x.com/undefined/status/1962162672016961553,1364507610750197761,
1962161300475441616,2025-08-31 14:33:44+00:00,0,Kusebut 3 saja program Prabowo yang sekarang astagfirullah eksekusinya: 1. Makan Bergizi Gratis (ladang korupsi banyak siswa keracunan food tray import dan tidak sesuai standard) 2. Koperasi Merah Putih (sejak kapan koperasi disurut ngutang ke Bank?; belum lagi apotek plasma ..,1962161890668531926,,iimmaaaa,in,,0,1,0,https://x.com/undefined/status/1962161890668531926,328832580,
1961855783894954478,2025-08-31 14:13:36+00:00,0,@Dahnilanzar 8.Reformasi sistem pemilu dan kepartaian yang menguntungkan oligarki dan menciptakan oligarki baru 9.Hapuskan program Makan Bergizi Gratis (MBG) yang merusak alokasi dana pendidikan 10.Turunkan pajak-pajak bagi masyarakat bawah dan naikkan pajak bagi kalangan atas (elit),1962156822288323011,,Dahnilanzar,in,,0,0,0,https://x.com/undefined/status/1962156822288323011,292826573,
1962138772876976509,2025-08-31 13:01:52+00:00,0,Makan bergizi gratis memberi manfaat positif bagi anak bangsa https://t.co/PJV9Avclzm,1962138772876976509,https://pbs.twimg.com/media/Gzrq0NEbcAAZHUa.jpg,,in,,0,0,0,https://x.com/undefined/status/1962138772876976509,564578290,
1973171047123063234,2025-09-30 23:40:12+00:00,0,Makan Bergizi Gratis Mencerdaskan Generasi Emas Papua. #PapuaBaratDaya #DukungMakanBergiziGratis https://t.co/95DmMDNSPd,1973171047123063234,https://pbs.twimg.com/media/G2IcmO4bAAAjPVZ.jpg,,in,,0,0,0,https://x.com/undefined/status/1973171047123063234,1358751432128663554,
1973168514077999222,2025-09-30 23:31:09+00:00,0,@Zaindamai @ChatGPTGoneWild @PerekonomianRI @Gerindra @RadioElshinta Ya Ombudsman RI menemukan penyimpangan di Program Makan Bergizi Gratis (MBG): beras yang dibeli sebagai premium ternyata kualitas medium di SPPG Cimahpar Bogor. Ini kasus terisolasi (hanya 34 dari 8.450 unit) lolos cek karena kurang pengawasan. Sumber: Kompas Tempo CNN,1973168773516734617,,Zaindamai,in,,0,0,0,https://x.com/undefined/status/1973168773516734617,1720665183188922368,
1972553672988180760,2025-09-30 23:19:26+00:00,1,@CNNIndonesia @desmodromici1 Orang tua nenek moyang kita dulu tinggal di pegunungan yang gak pernah mengenal makan bergizi gratis tapi pada sehat sehat dan pintar pintar dan ada juga yang umur di atas 100 tahun sekarang katanya makan bergizi tapi racun,1973165823549419924,,CNNIndonesia,in,,0,0,0,https://x.com/undefined/status/1973165823549419924,1740227034964721664,
1973161212650332371,2025-09-30 23:01:07+00:00,0,Pemerintah Provinsi Kalimantan Timur (Kaltim) memastikan kualitas mutu program Makan Bergizi Gratis (MBG) tetap terjaga. https://t.co/EMBomyRciX,1973161212650332371,,,in,,0,0,0,https://x.com/undefined/status/1973161212650332371,103551225,
1973159878161211864,2025-09-30 22:55:49+00:00,12,Wali murid Sekolah Dasar Islam Terpadu Al Izzah Kota Serang menolak Program Makan Bergizi Gratis (MBG) yang diterapkan di sekolah mereka... Mereka menilai program tersebut tidak tepat sasaran karena mayoritas siswa berasal dari keluarga berada yang mampu membayar biaya https://t.co/SszBfwM5Jf,1973159878161211864,https://pbs.twimg.com/media/G2ISc7ibwAExFvA.jpg,,in,,0,0,6,https://x.com/undefined/status/1973159878161211864,80559922,
1973158025566576706,2025-09-30 22:48:27+00:00,1,Dulu...Saat Indonesia merdeka di tahun 1945 dapat dikatakan semua hal belum siap...terpenting merdeka dulu. Kini... Makan Bergizi Gratis (MBG) juga begitu..banyak yang belum siap &amp; sesuai standar.. penting jalan dulu...setelah ada banyak korban keracunan baru dibenahi ini.. itu.,1973158025566576706,,,in,,0,0,0,https://x.com/undefined/status/1973158025566576706,548162595,
1973014200437096562,2025-09-30 22:00:26+00:00,0,@MariaAlkaff_ Penyunatan anggaran yg bgitu besar akhirnya jdnya bkn Makan Bergizi Gratis tp Makan Berkurang Gizinya,1973145940342243551,,MariaAlkaff_,in,,0,2,0,https://x.com/undefined/status/1973145940342243551,1053271569877749760,
1973141137931247812,2025-09-30 21:41:21+00:00,0,Sekitar 20 siswa SD Negeri Ungaran 01 Kabupaten Semarang mengalami mual dan muntah setelah menyantap menu Makan Bergizi Gratis (MBG) pada Selasa (30/9/2025). 20 Siswa SD di Ungaran Diduga Keracunan MBG https://t.co/wEpuRAno5J,1973141137931247812,https://pbs.twimg.com/media/G2IBDDeaIAsteFz.png,,in,,0,0,0,https://x.com/undefined/status/1973141137931247812,53713023,
1973135521464590597,2025-09-30 21:19:02+00:00,0,Seorang balita dilaporkan menjadi salah satu korban keracunan Makan Bergizi Gratis (MBG) di Garut Jawa Barat Kondisinya memprihatinkan hingga perlu dirujuk ke rumah sakit. Kabar tersebut dibenarkan Bupati Garut Syakur Amin. Syakur menyebut balita berjenis kelamin perempuan https://t.co/T1LhgYxeaU,1973135521464590597,https://pbs.twimg.com/media/G2H728paIAAra-S.png,,in,,0,0,0,https://x.com/undefined/status/1973135521464590597,53713023,
1973134669286887445,2025-09-30 21:15:38+00:00,0,Puluhan pelajar SD di perbatasan Indonesia-Malaysia tepatnya di pulau Sebatik Kab. Nunukan Kalimantan Utara Selasa (30/9/2025) dilarikan ke Puskesmas karena diduga keracunan Makan Bergizi Gratis (MBG) dengan gejala muntaber https://t.co/aDBiuxzryc,1973134669286887445,https://pbs.twimg.com/media/G2H7OOZaIAQsl4q.png,,in,,0,0,0,https://x.com/undefined/status/1973134669286887445,53713023,
1972937854507700729,2025-09-30 21:05:20+00:00,0,@kumparan Kenapa ngeyel program makan bergizi gratis diteruskan..ato ujung ujungnya pembengkakan anggaran ya bos..,1973132073977389215,,kumparan,in,,0,0,0,https://x.com/undefined/status/1973132073977389215,1505689255418691584,
1973017623991558149,2025-09-30 20:24:01+00:00,0,@NurRohi03920969 @kompascom Halo! MBG (Makan Bergizi Gratis) adalah program pemerintah Indonesia untuk kasih makan siang bergizi gratis ke anak sekolah tujuannya tingkatkan gizi &amp; SDM. Gus Yahya lagi ingetin pelaksana supaya hati-hati prioritaskan kesehatan anak. Soal teman Mossad itu mungkin sindiran,1973121677522616791,,NurRohi03920969,in,,0,1,0,https://x.com/undefined/status/1973121677522616791,1720665183188922368,
1973094995516334148,2025-09-30 18:37:59+00:00,0,Makan Bergizi Gratis di Bengkalis Dikeluhkan Menu Basi hingga Berbelatung @prabowo @Gerindra @Lambe_Turah https://t.co/C87ShEmqDO,1973094995516334148,,,in,,0,0,0,https://x.com/undefined/status/1973094995516334148,1159262678,
1973094858819518622,2025-09-30 18:37:28+00:00,0,Insiden itu bermula ketika para wartawan berusaha mencari tahu lokasi dapur SPPG yang disebut-sebut menjadi tempat penyajian makanan bagi siswa SDN 01 Gedong. https://t.co/ni5k9TnA3L,1973094863584342094,,suaramerdeka,in,,0,0,0,https://x.com/undefined/status/1973094863584342094,219527452,
1973090696463626498,2025-09-30 18:20:54+00:00,0,Berkah MBG Makan Bergizi Gratis di sekolah dasar Kota Solok Sumatera Barat. Telah terlaksana lebih dari 20 kali. https://t.co/bchpBO1mfH,1973090696463626498,https://pbs.twimg.com/ext_tw_video_thumb/1973090678419890176/pu/img/vtL4slWJUjWaq4Ey.jpg,,in,,0,0,0,https://x.com/undefined/status/1973090696463626498,1124925890,
1984402506793816285,2025-10-31 23:30:00+00:00,7,Siswa penerima makan bergizi gratis atau MBG di Jawa Tengah menyelipkan permintaan menu dan terima kasih ke Presiden Prabowo dengan cara yang unik. Simak berita selengkapnya hanya di https://t.co/6JJAT1Pjug #HardNews_Viral #FlashOne #CariBeritaditvOne #MBG #JawaTengah https://t.co/2Ba3ZNCIIe,1984402506793816285,https://pbs.twimg.com/amplify_video_thumb/1984353943473061888/img/vkCnJTSS3Zb_XpGp.jpg,,in,,0,4,1,https://x.com/undefined/status/1984402506793816285,55507370,
1984397807730770082,2025-10-31 23:11:20+00:00,0,BGN Latih Relawan Penjamah Makanan Pastikan Kualitas Program Makan Bergizi Gratis di Gorontalo https://t.co/TP4Y9V5D3a https://t.co/DWMYFdN0qM,1984397807730770082,https://pbs.twimg.com/media/G4n_SlybQAI9UuS.png,,in,,0,0,0,https://x.com/undefined/status/1984397807730770082,1758376920406966272,
1984396116566425714,2025-10-31 23:04:37+00:00,0,Pemerintah optimis program makan bergizi gratis akan mencapai target penerimaan manfaat pada akhir tahun https://t.co/MuMGZVZbzp,1984396116566425714,https://pbs.twimg.com/media/G4n9v_QbgAAwmfG.jpg,,in,,1,0,0,https://x.com/undefined/status/1984396116566425714,714238358332051456,
1984395926044356991,2025-10-31 23:03:51+00:00,0,Presiden Prabowo Subianto bentuk tim koordinasi lintas kementerian dukung program makan bergizi gratis https://t.co/0Y4YYzhqrJ,1984395926044356991,https://pbs.twimg.com/media/G4n9k_WbQAQcfro.jpg,,in,,1,0,0,https://x.com/undefined/status/1984395926044356991,714238358332051456,
1984388014773334391,2025-10-31 22:32:25+00:00,0,Program makan bergizi gratis memastikan setiap anak tumbuh sehat cerdas dan siap menjadi pemimpin masa depan Indonesia https://t.co/sAyUaGretq,1984388014773334391,https://pbs.twimg.com/media/G4n2YiZbYAAjS3w.jpg,,in,,0,0,0,https://x.com/undefined/status/1984388014773334391,1401213133,
1984387886293369097,2025-10-31 22:31:54+00:00,0,Makan bergizi gratis adalah komitmen negara untuk menjamin hak dasar anak atas makanan yang layak dan masa depan yang lebih cerah. https://t.co/eg7F160It8,1984387886293369097,https://pbs.twimg.com/media/G4n2RChbQAUaFHP.jpg,,in,,0,0,0,https://x.com/undefined/status/1984387886293369097,1401213133,
1984381965332828595,2025-10-31 22:08:23+00:00,0,BGN Asah Kompetensi Relawan Gizi Jaga Kualitas Makan Bergizi Gratis di Timur Indonesia https://t.co/bqKraO26O8 https://t.co/6iqPgUHaq1,1984381965332828595,https://pbs.twimg.com/media/G4nw4cGbQAAwLFf.png,,in,,0,0,0,https://x.com/undefined/status/1984381965332828595,1840377191168958464,
1984381856624833023,2025-10-31 22:07:57+00:00,0,Ratusan Petugas Gizi Dilatih BGN Siapkan Garda Terdepan Program Makan Bergizi Gratis https://t.co/Rnvvvzwe0f https://t.co/P4kPnkXmfo,1984381856624833023,https://pbs.twimg.com/media/G4nwyFXagAA0LIY.png,,in,,0,0,0,https://x.com/undefined/status/1984381856624833023,1758376920406966272,
1984359743633469701,2025-10-31 20:40:05+00:00,0,Rekaman video yg menunjukkan belatung dalam ompreng Makan Bergizi Gratis (MBG) viral di media sosial. Dalam video terlihat belatung bergerak ke masakan mi yang ada disebelahnya. Kejadian terjadi di salah satu Madrasah Aliyah Negeri (MAN) yang ada di Bangkalan Madura Jawa Timur https://t.co/6F8FX7JVaT,1984359743633469701,https://pbs.twimg.com/media/G4ncRVPaYAE84Q5.png,,in,,0,0,0,https://x.com/undefined/status/1984359743633469701,53713023,
1984340457921589740,2025-10-31 19:23:27+00:00,0,Halloo #SahabatData Pada tanggal 23-24 Oktober 2025 BPS Kabupaten Nganjuk telah melaksanakan Pelatihan Survei Baseline Monitoring dan Evaluasi Program Makan Bergizi Gratis (MBG) Tahap 2 lhoo... Kegiatan pelatihan wajib dilakukan sebelum melakukan kegiatan survei agar data yang https://t.co/Z4fMkTfcKl,1984340457921589740,https://pbs.twimg.com/amplify_video_thumb/1984340264149004288/img/rMP6qUR3pFuZyoiy.jpg,,in,,0,1,0,https://x.com/undefined/status/1984340457921589740,1221991764866715648,
1984339468636365000,2025-10-31 19:19:34+00:00,0,menjadi prioritas pemerintah. Delapan agenda pembangunan nasional yang menjadi prioritas Pemerintah : ketahanan pangan energi program makan bergizi gratis pendidikan bermutu kesehatan berkualitas pembangunan desa dan UMKM pertahanan semesta serta percepatan investasi dan,1984339483186380975,,bpskabnganjuk,in,,0,1,0,https://x.com/undefined/status/1984339483186380975,1221991764866715648,
1995276351683850428,2025-11-30 23:38:47+00:00,0,mandiri dengan makan bergizi gratis ? kualik wo ,1995276351683850428,,,in,,0,0,0,https://x.com/undefined/status/1995276351683850428,116378447,
1995254321269846150,2025-11-30 22:11:14+00:00,0,kenapa ya banyak orang yg ga bisa bedain antara makan BERGIZI gratis sama makan gratis wkwkwk aduh kocak bgt kadang mau mikir buzzer tapi ada orang yg secara sukarela belain pemerintah wkwkkw,1995254321269846150,,,in,,0,0,0,https://x.com/undefined/status/1995254321269846150,1986027117877088257,
1994805250210107657,2025-11-30 16:21:45+00:00,0,@Catatan_ali7 ANGGARAN nya Abis Buat MAKAN BERGIZI GRATIS,1995166369747493283,,Catatan_ali7,in,,0,0,0,https://x.com/undefined/status/1995166369747493283,2665568558,
1995156387144565118,2025-11-30 15:42:05+00:00,1,Program Makan Bergizi Gratis Resmi Hadir di Muara Ciujung Barat https://t.co/hkcUiPINKv,1995156387144565118,,,in,,0,0,0,https://x.com/undefined/status/1995156387144565118,1813669578200981504,
1995142764527550787,2025-11-30 14:47:57+00:00,5,Hasil Kajian Sementara Halo Sobat Gizi! Divisi Kajian Isu Kegizian Formazi FKM Unhas mengkaji pelaksanaan program Makan Bergizi Gratis dan SPPG di Kota Makassar. Forum diskusi menghasilkan rekomendasi perbaikan program dari perspektif gizi. Scan QR untuk lihat hasil lengkapnya https://t.co/uraqpXztzY,1995142764527550787,https://pbs.twimg.com/media/G7ArSzFa4AAgeuJ.jpg,,in,,0,0,0,https://x.com/undefined/status/1995142764527550787,1780441781152387072,
1995138372722172137,2025-11-30 14:30:30+00:00,37,Banjir besar melanda wilayah Sumatera memaksa sekolah-sekolah tutup dan ribuan keluarga mengungsi. Di tengah situasi darurat ini ratusan dapur Makan Bergizi Gratis (MBG) bergerak cepat menyalurkan ratusan ribu paket makanan ke wilayah yang terisolasi. #detikcom #banjirsumut https://t.co/8cMTdf6bj7,1995138372722172137,https://pbs.twimg.com/amplify_video_thumb/1995136042131980288/img/ekL_fVSd1_A2gtVK.jpg,,in,,3,7,10,https://x.com/undefined/status/1995138372722172137,69183155,
1995134958852329607,2025-11-30 14:16:56+00:00,0,SMA Negeri 1 Nabire ikut dapat makan bergizi gratis dan ini bikin happy banget. Senang lihat akses gizi makin merata hingga Papua. Semoga makin banyak sekolah yang ikut biar generasi makin sehat. https://t.co/hP782gdOcD https://t.co/Qo8oFVFXsL,1995134958852329607,https://pbs.twimg.com/media/G7Akl_GaIAAbIjz.png,,in,,24,0,0,https://x.com/undefined/status/1995134958852329607,1718450879517675520,
1995121028414980169,2025-11-30 13:21:35+00:00,0,support BGN 100%! Klop bgt tuh hotline untuk sukseskan Program Makan Bergizi Gratis https://t.co/b6tUW3M3ct,1995121028414980169,https://pbs.twimg.com/media/G7AX_59boAAwbG4.jpg,,in,,0,0,0,https://x.com/undefined/status/1995121028414980169,1010747130,
2006139076743778464,2025-12-30 23:03:22+00:00,0,Bagi anak-anak di daerah terpencil program Makan Bergizi Gratis bukan sekadar makanan tapi harapan #PenuhiGiziIndonesia https://t.co/CuPAl29RfX,2006139076743778464,https://pbs.twimg.com/media/G9c8O1pagAADzpo.jpg,,in,,0,0,0,https://x.com/undefined/status/2006139076743778464,1965018398703951872,
2006139021857096154,2025-12-30 23:03:09+00:00,0,Program Makan Bergizi Gratis (MBG) tidak hanya berdampak pada peningkatan gizi anak tetapi juga mendorong perputaran ekonomi lokal melalui pelibatan UMKM dan petani setempat. #PenuhiGiziIndonesia https://t.co/4l7pgy2GCA,2006139021857096154,https://pbs.twimg.com/media/G9c8MlyaUAAsZli.jpg,,in,,0,0,0,https://x.com/undefined/status/2006139021857096154,1965018398703951872,
2006138954836320324,2025-12-30 23:02:53+00:00,0,Program Makan Bergizi Gratis merupakan wujud nyata kepedulian Pemerintah terhadap masa depan anak bangsa #PenuhiGiziIndonesia https://t.co/2VBVNt1kQs,2006138954836320324,https://pbs.twimg.com/media/G9c8KquaYAQdqwD.jpg,,in,,0,0,0,https://x.com/undefined/status/2006138954836320324,1935165050320470018,
2006138852373610613,2025-12-30 23:02:29+00:00,0,Dari desa-desa di pegunungan Papua hingga pelosok Nusa Tenggara Makan Bergizi Gratis telah menjadi bukti nyata kehadiran negara untuk anak-anak bangsa. #PenuhiGiziIndonesia https://t.co/SxXPBCbX0y,2006138852373610613,https://pbs.twimg.com/media/G9c8GmEboAAu2eQ.jpg,,in,,0,0,0,https://x.com/undefined/status/2006138852373610613,1935165050320470018,
2006076249375150554,2025-12-30 18:53:43+00:00,0,Nama program Makan BERGIZI Gratis (MBG) tapi kuantiti protein dalam susu 1 gram je Matlamat dah baik untuk bantu kanak2 dapat nutrisi tapi terhalang oleh korupsi Satu pengajaran yang besar buat para pembuat polisi,2006076249375150554,,,in,,0,0,0,https://x.com/undefined/status/2006076249375150554,1242870655676076033,
1884907967017075182,2025-01-31 23:49:33+00:00,0,@Twillight_Loid Report sekali ya mending kasi uang tunai saja ke setiap anak2 Indonesia biar masing2 ortu beli/masak makan bergizi buat anaknya. Saya yakin sekali bahwa program makan bergizi ini lahan cari = untung V untung alias korupsi.,1885475539416482198,,Twillight_Loid,in,,0,0,0,https://x.com/undefined/status/1885475539416482198,1695647266412093440,
1885459661027266955,2025-01-31 22:46:27+00:00,2,Dengan adanya program makan bergizi di Papua anak anak sangat terbantu #makansianggratis #makanbergizi #papuaviral #Papua #LoveIsland #LaCasaDeLosFamososCol #ネトフリでタイプロ https://t.co/SWUaF2zEh8,1885459661027266955,https://pbs.twimg.com/media/Gip_kbmbYAIqxSv.jpg,,in,,0,0,0,https://x.com/undefined/status/1885459661027266955,1775536487343464448,
1885448465813299662,2025-01-31 22:01:58+00:00,0,MARI DUKUNG PROGRAM PEMERINTAH Makan Bergizi Gratis membantu anak-anak di Papua untuk tumbuh cerdas dan sehat. #MakanBergizi #GiziIndonesia #Makangratis #Gizi #MBG https://t.co/OvEiVK2H6C,1885448465813299662,https://pbs.twimg.com/media/Gip1YwhbYAAhM6y.jpg,,in,,0,0,0,https://x.com/undefined/status/1885448465813299662,1356777967502774272,
1885435587106398351,2025-01-31 21:10:48+00:00,1,Dukung Program Makan Bergizi Gratis untuk anak-anak di Papua #papua #papuatengah #papuahits #jayapura #nabire #jayawijaya #merauke https://t.co/puA4SJcnra,1885435587106398351,https://pbs.twimg.com/media/GippqvCaoAAd9yq.jpg,,in,,0,0,0,https://x.com/undefined/status/1885435587106398351,1356941787487588355,
1885312075985281251,2025-01-31 20:36:05+00:00,0,@tempodotco Perekonomian indonesia membanggakan kata menteri perekonomian. . Hingga untuk program makan siang gratis anak anak sekolah akan dibuka peluang dengan menu makan daun kelor ulat dan serangga bergizi?,1885426850203394511,,tempodotco,in,,0,0,0,https://x.com/undefined/status/1885426850203394511,1116882263185088513,
1885361647117885794,2025-01-31 19:44:24+00:00,10,@DivHumas_Polri Program makan Bergizi gratis sdh ada yg urus Pak Polisi fokus saja melindungi rakyat tangkap penjahat Begara pagar Laut hrs prioritas pnyelidikan n sgr tetapkan tersangka,1885413843863822826,,DivHumas_Polri,in,,0,0,0,https://x.com/undefined/status/1885413843863822826,218092863,
1885408301476991171,2025-01-31 19:31:35+00:00,0,dan semua ini dilakukan demi jalannya program makan bergizi gratis (tapi gaenak) dan proyek mega besar di tengah hutan itu bener-bener pemerintahan yang skill issue,1885410618922197449,,stephfahrry,in,,0,0,0,https://x.com/undefined/status/1885410618922197449,1133998200405159936,
1885401137316278746,2025-01-31 18:53:54+00:00,0,Program makan bergizi gratis bikin semangat UMKM pangan membara bikin kesejahteraan meningkat #MBGDorongEkonomi,1885401137316278746,,,in,,0,0,0,https://x.com/undefined/status/1885401137316278746,1818897541649645571,
1885398958404764121,2025-01-31 18:45:15+00:00,0,Program makan bergizi gratis memperkuat kemandirian ekonomi masyarakat. #MBGDorongEkonomi,1885398958404764121,,,in,,0,0,0,https://x.com/undefined/status/1885398958404764121,1703686301713874944,
1885398363824378201,2025-01-31 18:42:53+00:00,0,Program makan bergizi gratis itu bisa jadi titik awal bangkitnya ekonomi dan UMKM kita. Lets go #MBGDorongEkonomi,1885398363824378201,,,in,,0,0,0,https://x.com/undefined/status/1885398363824378201,1696052361540894720,
1895595916129943782,2025-02-28 22:04:19+00:00,0,Program Makan Bergizi membuat Anak Papua Tumbuh sehat dan Cerdas #VisiPresidenPrabowo #FoodEstate #SwasembadaPangan #KetahananPangan #IndonesiaTanpaImpor #PenuhiGiziIndonesia #MakanBergiziGratis https://t.co/w21tvf7tu0,1895595916129943782,https://pbs.twimg.com/ext_tw_video_thumb/1895595849503154176/pu/img/p5_XIINML15FT1ik.jpg,,in,,0,0,0,https://x.com/undefined/status/1895595916129943782,1237838586,
1895506224864800920,2025-02-28 16:07:55+00:00,0,Lagi-lagi di program makan siang bergizi gratis! Disuguhin daging mentah!! Teganya. Bukannya bergizi anak nanti malah sakit dan cacingan. https://t.co/IQ17KtVBUq,1895506224864800920,https://pbs.twimg.com/media/Gk4w3bBXAAAqRyI.jpg,,in,,0,0,0,https://x.com/undefined/status/1895506224864800920,3032152165,
1895501195671941289,2025-02-28 15:47:56+00:00,0,sumpahh gue selalu mikir kalau program mbg (makan bergizi gratis) yg dibuat prabowo sebagus lo catering sama yellowfit kitchen WOW banget gaksii ‍‍ kyk itu baru beneran mbg yaa tp gituudehhh itukan ga murahh yaaa wakk berapa juta anak sklh di indo + blm di korupsi ,1895501195671941289,,,in,,1,0,0,https://x.com/undefined/status/1895501195671941289,1477847220468682752,
1906732970075169205,2025-03-31 15:39:00+00:00,0,Program makan bergizi gratis berdampak besar terhadap perkembangan generasi muda Indonesia #PenuhiGiziIndonesia,1906732970075169205,,,in,,0,0,0,https://x.com/undefined/status/1906732970075169205,1711917804277129216,
1906727019930407423,2025-03-31 15:37:23+00:00,3,@neVerAl0nely Program makan bergizi gratis itu mesti nya mengcover ini ,1906732563152228561,,neVerAl0nely___,in,,0,1,0,https://x.com/undefined/status/1906732563152228561,1619610144580542467,
1917632434847260790,2025-04-30 17:29:35+00:00,0,Program makan bergizi gratis (MBG) terbukti dapat mengakselerasi tumbuh kembang anak demi masa depan Papua yang lebih cemerlang! #papuaindonesia #papuadamai #opmpapuabiadab https://t.co/QtGqVka6vy,1917632434847260790,https://pbs.twimg.com/media/GpzMhaLXsAA26B8.jpg,,in,,0,0,0,https://x.com/undefined/status/1917632434847260790,1708392427076087808,
1917632423871013278,2025-04-30 17:29:32+00:00,0,Setiap anak berhak tumbuh sehat! Program makan bergizi gratis di Jawa Timur hadir untuk memastikan anak-anak sekolah mendapatkan asupan yang cukup dan sehat setiap hari. #MakanBergiziGratis #JawaTimurSehat #AnakHebat #GiziUntukMasaDepan https://t.co/c6J0ATckGk,1917632423871013278,https://pbs.twimg.com/media/GpzMhu4bMAAjBfA.jpg,,in,,0,3,0,https://x.com/undefined/status/1917632423871013278,1582557889201569792,
1916097091816050842,2025-04-30 16:25:34+00:00,0,@MorphoMenelausX Opini goblok. 0 5%itu ga cuma angka itu bocah ada nyawanya. Judulnya makan bergizi gratis udah gizinya ga ada malah ngeracunin. Cuma orang sakit jiwa yg belain nih program tolol.,1917616324559397010,,MorphoMenelausX,in,,0,0,0,https://x.com/undefined/status/1917616324559397010,1700114956530909184,
1917606606373843342,2025-04-30 15:46:57+00:00,1,PROGRAM MAKAN BERGIZI GRATIS BENTUK NYATA PEMERINTAH SELAMATKAN GENERASI EMAS KHUSUSNYA DI TANAH PAPUA JADI MARI TONG DUKUNG SAMA-SAMA JANGAN MAU TERPROVOKASI #PRABOWO #PAPUA #MBG https://t.co/xvBXjppiT8,1917606606373843342,https://pbs.twimg.com/amplify_video_thumb/1917606554087612417/img/k0jKba7b95mpoODX.jpg,,in,,0,0,0,https://x.com/undefined/status/1917606606373843342,1603727778050113536,
1917606491059822894,2025-04-30 15:46:29+00:00,1,PROGRAM MAKAN BERGIZI GRATIS BENTUK NYATA PEMERINTAH SELAMATKAN GENERASI EMAS KHUSUSNYA DI TANAH PAPUA JADI MARI TONG DUKUNG SAMA-SAMA JANGAN MAU TERPROVOKASI #PRABOWO #PAPUA #MBG BUMN https://t.co/4Yg7Mg7uDF,1917606491059822894,https://pbs.twimg.com/media/Gpy06zfaYAQdQ6p.jpg,,in,,0,0,0,https://x.com/undefined/status/1917606491059822894,1603727778050113536,
1917606437750202520,2025-04-30 15:46:16+00:00,1,Program Makan Bergizi Gratis (MBG) yang diinisiasi oleh Presiden Prabowo merupakan langkah positif dalam mengatasi masalah kekurangan gizi anak-anak di Indonesia khususnya di bagian Timur #MBG #PAPUA #PRESIDEN #INDONESIA #PRABOWO BUMN https://t.co/N9KqcVhpsH,1917606437750202520,https://pbs.twimg.com/media/Gpy04ZuaYAI08_Z.jpg,,in,,0,0,0,https://x.com/undefined/status/1917606437750202520,1603727778050113536,
1917376024083587490,2025-04-30 14:58:48+00:00,0,@JamesH03518554 Pemerintah daerah juga dilibatkan aktif untuk memastikan program makan bergizi gratis sesuai kebutuhan lokal,1917594490187178289,,JamesH03518554,in,,0,0,0,https://x.com/undefined/status/1917594490187178289,1913402979371339776,
1917376024083587490,2025-04-30 14:55:33+00:00,0,@JamesH03518554 Pemerintah terus mengedepankan prinsip good governance dalam menjalankan program makan bergizi gratis untuk anak-anak Indonesia,1917593671593255169,,JamesH03518554,in,,0,0,0,https://x.com/undefined/status/1917593671593255169,1913404305065062400,
1917376050528674217,2025-04-30 14:50:18+00:00,0,@JamesH03518554 Presiden Prabowo menegaskan pentingnya pengawasan ketat agar program makan bergizi gratis benar-benar sampai ke tangan yang membutuhkan,1917592350483718183,,JamesH03518554,in,,0,0,0,https://x.com/undefined/status/1917592350483718183,1893868470426857472,
1928316656771813610,2025-05-31 10:16:03+00:00,0,@JamesH03518554 Program makan bergizi gratis ini bukan cuma soal kenyang tapi tentang generasi emas yang sehat dan kuat,1928757359519691153,,JamesH03518554,in,,0,0,0,https://x.com/undefined/status/1928757359519691153,1889572018934468608,
1928748956391190567,2025-05-31 09:42:40+00:00,0,Program Makan Bergizi Gratis (MBG) membawa perubahan signifikan bagi warga Desa Radamata Kecamatan Kota Tambulaka Sumba Barat Daya. Salah satu penerima manfaat Vincencia Toma ibu hamil dengan seorang anak berusia empat tahun mengaku keluarganya kini menikmati makanan bergizi https://t.co/pf6chiknL2,1928748956391190567,https://pbs.twimg.com/amplify_video_thumb/1928747808577957891/img/IcaoW2i-IT_puoVt.jpg,,in,,0,2,0,https://x.com/undefined/status/1928748956391190567,502140136,
1928739775164399616,2025-05-31 09:06:11+00:00,1,Stunting dan kekurangan gizi masih menjadi tantangan di Papua. Pemerintah hadir dengan program Makan Bergizi Gratis untuk memastikan anak-anak Papua mendapatkan asupan gizi yang cukup. #MakanBergiziGratis #PapuaBangkit #AnakIndonesiaSehat https://t.co/UrmLuC9T4h,1928739775164399616,https://pbs.twimg.com/media/GsRCmQuaMAA7NHa.jpg,,in,,0,0,0,https://x.com/undefined/status/1928739775164399616,2850437696,
1939821415890374914,2025-06-30 23:00:40+00:00,0,Tamsil Linrung Apresiasi MBG Dorong Gerakan Ekonomi Rakyat https://t.co/uGNNJQf43i Program MBG bukan sekadar memberi makan bergizi. Ia adalah program strategis yang melibatkan masyarakat sebagai pelaku termasuk untuk aspek produksi distribusi hingga pembiayaan. Ini adala ,1939821415890374914,,,in,,0,0,0,https://x.com/undefined/status/1939821415890374914,2810878578,
1939720585484882109,2025-06-30 16:20:00+00:00,0,Program Makan Bergizi capai 5 58 juta warga setara penduduk Singapura https://t.co/tYRJbqV8uW,1939720585484882109,,,in,,0,1,0,https://x.com/undefined/status/1939720585484882109,121640063,
1950913672039080222,2025-07-31 13:37:20+00:00,0,Babinsa Koramil 06/Kedungwuni Kodim 0710/Pekalongan Korem 071/Wk Serma Adi Susanto dan Serka Tarto Dwiono melaksanakan sambang dan pendataan siswa siswi guna program Makan Bergizi Gratis di sekolah sekolah wilayah Kecamatan Kedungwuni. https://t.co/g3Ph5yeMu9,1950913672039080222,https://pbs.twimg.com/media/GxMJpQOaIAAsVX0.jpg,,in,,0,0,0,https://x.com/undefined/status/1950913672039080222,778788691804389378,
1950910138401071264,2025-07-31 13:23:17+00:00,0,Menteri Ketenagakerjaan (Menaker) Yassierli membuka pelatihan berbasis kompetensi dan program tailor Made training (TMT) di Lombok Timur Nusa Tenggara Barat (NTB) guna mendukung program Makan Bergizi Gratis (MBG). https://t.co/pjhBAZEwB2 #beritaViral,1950910138401071264,,,in,,0,0,0,https://x.com/undefined/status/1950910138401071264,1571876659850280962,
1950893783325008054,2025-07-31 12:18:18+00:00,0,Program makan bergizi juga disokong lewat KUR untuk UMKM pemasok. #BRIMenguatkanEkonomi #qrisbri https://t.co/4kMI2tz8z1,1950893783325008054,https://pbs.twimg.com/media/GxL3jj8boAAmBqM.jpg,,in,,0,0,0,https://x.com/undefined/status/1950893783325008054,1805169787376734208,
1950890199665553767,2025-07-31 12:04:04+00:00,0,Sufmi Dasco menyoroti kasus keracunan masal dalam program makan bergizi gratis termasuk insiden di Kupang. Ia mendesak BGN untuk bertindak tegas guna mencegah terulangnya kejadian serupa dan memastikan keamanan program https://t.co/jXD5gXxtBH,1950890199665553767,https://pbs.twimg.com/media/GxL0RUUbcAACD49.jpg,,in,,0,0,0,https://x.com/undefined/status/1950890199665553767,2570087317,
1962071663304184231,2025-08-31 09:33:11+00:00,12,@Ary_PrasKe2 Wapres mu kemana pak Lom ada titik terang Bikin pak dekrit presiden Perampasan aset korupsi buat bayar utang negara Mazulkan Gibran dari wapres Hapus program makan bergizi karna rawan akan bisnis ganti dengan pendidikan gratis Usut tuntas ijazah Jokowi,1962086252632797347,,Ary_PrasKe2,in,,0,1,2,https://x.com/undefined/status/1962086252632797347,1824151807821750272,
1962078352086536300,2025-08-31 09:02:05+00:00,0,pencapaian target nasional. Dalam kesempatan yang sama BPOM juga memperkuat sinergi melalui penyampaian materi terkait pengawalan keamanan pangan program Makan Bergizi Gratis (MBG) serta penilaian mandiri Kabupaten/Kota Pangan Aman. Sinergi BPOM dengan pemerintah Provinsi https://t.co/8Bqg1kLofF,1962078427688980510,https://pbs.twimg.com/media/Gzqz7l3aYAA-_1e.jpg,PulaumorotaiB,in,,0,1,0,https://x.com/undefined/status/1962078427688980510,1593420271431880706,
1962077009066246165,2025-08-31 08:56:27+00:00,0,Pengawasan Ketat Menu MBG #jatengterkini 31 Agustus 2025 Program Makan Bergizi Gratis (MBG) di SDN Ungaran 2 Kabupaten Semarang kini sudah memasuki pekan kedua. Antusias murid terlihat tinggi karena menu yang disajikan bervariasi dan disukai para siswa. https://t.co/Vg0nYVmmj6,1962077009066246165,,,in,,0,0,0,https://x.com/undefined/status/1962077009066246165,1085408062545018882,
1962052037518266453,2025-08-31 07:17:13+00:00,1,MBG bukan sekadar program makan siang gratis. Ia adalah laboratorium besar tempat negara belajar tentang logistik transparansi dan keberpihakan. #Headline https://t.co/ayq7AgBCD8,1962052037518266453,,,in,,0,0,0,https://x.com/undefined/status/1962052037518266453,23786106,
1962044923089490375,2025-08-31 06:48:57+00:00,1,Program Makan Bergizi Gratis merupakan langkah nyata pemerintah dalam mewujudkan pemerataan gizi anak di berbagai wilayah Indonesia. #MakanBergiziGratis #GiziMerata #IndonesiaMaju https://t.co/rizLDtAcci,1962044923089490375,https://pbs.twimg.com/media/GzqVdEma8AA-vB5.jpg,,in,,0,0,0,https://x.com/undefined/status/1962044923089490375,1713751914977120256,
1973174491594498341,2025-09-30 23:53:53+00:00,1,Sangat layak dan sepatutnya dijadikan standar pembanding bagi program makan bergizi,1973174491594498341,,,in,,0,0,0,https://x.com/undefined/status/1973174491594498341,1173949531097948161,
1973040564456358103,2025-09-30 23:15:32+00:00,19,@BawonoRobert @flnnch Sebelum ada program MBG ini pondok/sekolah elite emang udah punya program makan sendiri juga pastinya lebih bergizi dan mahal menunya makanya kalo ini program MBG malah masuk ke pondok/sekolah elite kan malah agak konyol istilahnya malah downgrade gitu. ,1973164841503433077,,BawonoRobert,in,,0,2,0,https://x.com/undefined/status/1973164841503433077,1387047445922648071,
1973153470934032423,2025-09-30 22:30:21+00:00,0,Bhabinkamtibmas Bawuran melaksanakan kegiatan pendampingan makan bergizi dari program bapak Presiden RI di SDN Bawuran SDN Kedungpring dan TK ABA kedungpring dari SPPG siwidi Dusun Tegalrejo RT.03 Bawuran Pleret. https://t.co/YxkYiosLAr,1973153470934032423,https://pbs.twimg.com/media/G2IMn_OaIAEWmwC.jpg,,in,,0,0,0,https://x.com/undefined/status/1973153470934032423,792984778664312832,
1973014200437096562,2025-09-30 19:01:14+00:00,1,@MariaAlkaff_ MBG. . @prabowo cb mikir..makan bergizi apa yg 15 rb...? Apalagi disunat menjadi 6.500. Masyarakat udh tau..kl program ini hanya utk kalangan partai bagi2 uang rakyat.,1973100844363985051,,MariaAlkaff_,in,,0,0,0,https://x.com/undefined/status/1973100844363985051,354834524,
1973074854506352799,2025-09-30 17:17:57+00:00,0,Tak ada negara maju tanpa generasi sehat Program Makan Bergizi Gratis bukan sekadar program makan tapi pondasi kemandirian dan kejayaan Indonesia di masa depan. Negara2 maju sudah lama melakukan ini. Kini saatnya Indonesia menyusul! Dukung MBG dukung Indonesia yang lebih kuat,1973074854506352799,,,in,,0,0,0,https://x.com/undefined/status/1973074854506352799,2496800502,
1973074181735719427,2025-09-30 17:15:17+00:00,0,Program MBG (Makan Bergizi Gratis) adalah solusi konkret untuk mencegah stunting meningkatkan kualitas SDM dan membentuk generasi yang kuat cerdas dan produktif. Gizi hari ini = Kualitas pemimpin esok hari. Kita harus dukung program ini bersama!,1973074181735719427,,,in,,0,0,0,https://x.com/undefined/status/1973074181735719427,2493820213,
1973073356007067913,2025-09-30 17:12:00+00:00,0,Anak-anak adalah masa depan bangsa. Gizi yang cukup bukan sekadar kebutuhan tapi hak dasar untuk tumbuh dan berkembang optimal. Program MBG (Makan Bergizi Gratis) hadir untuk memastikan setiap anak Indonesia mendapatkan asupan bergizi setiap hari,1973073356007067913,,,in,,0,0,0,https://x.com/undefined/status/1973073356007067913,2493002162,
1973073030973706414,2025-09-30 17:10:43+00:00,0,Investasi terbesar bangsa bukan emas atau minyak tapi anak-anak sehat dan cerdas Program Makan Bergizi Gratis (MBG) menjawab kebutuhan dasar itu. Mari kawal agar sampai ke setiap sekolah ke setiap anak! #MBGUntukAnakBangsa,1973073030973706414,,,in,,0,0,0,https://x.com/undefined/status/1973073030973706414,1093924664,
1973072101730128251,2025-09-30 17:07:01+00:00,0,Keracunan Massal dan Dapur Fiktif Program Makan Bergizi Gratis Tuai Kritik Tajam. Ribuan anak yang jatuh sakit tidak bisa direduksi menjadi statistik. Ini mencerminkan cara pandang birokratis yang abai terhadap penderitaan manusia. https://t.co/HHbvICCi2C https://t.co/fI9hg3NLd4,1973072101730128251,https://pbs.twimg.com/media/G2HCniTaIAAC2oT.jpg,,in,,0,0,0,https://x.com/undefined/status/1973072101730128251,1866478058582257664,
1973062950824104185,2025-09-30 16:30:39+00:00,0,Badan Gizi Nasional Beri Insentif Rp100 Ribu untuk Guru Penanggung Jawab Program Makan Bergizi #mbg https://t.co/UWgj1Z2IBX,1973062950824104185,,,in,,0,0,0,https://x.com/undefined/status/1973062950824104185,1534144894960164864,
1973061098388467852,2025-09-30 16:23:18+00:00,12,Program Makan Bergizi Gratis (MBG) menjadi salah satu perhatian serius Kodim 0902/Berau. Dandim 0902/Berau Letkol Inf Wirahady Harahap melakukan peninjauan langsung ke dapur MBG Satuan Pelayanan Pemenuhan Gizi (SPPG) di Karang Ambun Kecamatan Tanjung Redeb Kabupaten Berau. https://t.co/e1tkXjO6o3,1973061098388467852,https://pbs.twimg.com/media/G2G4eTlakAAS43d.jpg,,in,,0,2,0,https://x.com/undefined/status/1973061098388467852,1920778001157156867,
1972882836249276557,2025-09-30 16:15:27+00:00,0,@indahtobrut_ @salam4jari Ya benar. Berdasarkan SE BGN Nomor 5/2025 guru penanggung jawab program Makan Bergizi Gratis (MBG) mendapat insentif Rp 100.000 per hari penugasan dicairkan setiap 10 hari. Prioritas untuk guru honorer dengan rotasi harian. Sumber: https://t.co/9vAjhQfcLS ,1973059122045333665,,tobrutt___,in,,0,0,0,https://x.com/undefined/status/1973059122045333665,1720665183188922368,
1984404863632228795,2025-10-31 23:39:22+00:00,0,Rapat Koordinasi Tindak Lanjut Keracunan Makanan dalam Program Makan Bergizi https://t.co/jhRxgcfgRL,1984404863632228795,,,in,,0,0,0,https://x.com/undefined/status/1984404863632228795,2951351594,
1984305610415116502,2025-10-31 17:04:58+00:00,0,Polsek Sungai Pinang Kawal Ribuan Pelajar Terima Program Makan Bergizi Gratis https://t.co/W2ZrNM6M14,1984305610415116502,https://pbs.twimg.com/media/G4mra8ObQAMi9tS.jpg,,in,,0,0,0,https://x.com/undefined/status/1984305610415116502,1303144388,
1984297447959810403,2025-10-31 16:32:32+00:00,0,Peristiwa ini menunjukkan kaburnya batas antara tanggung jawab negara dan kepentingan pihak ketiga dalam pelaksanaan program publik seperti Makan Bergizi Gratis (MBG).,1984297447959810403,,,in,,1,0,0,https://x.com/undefined/status/1984297447959810403,2648720479,
1984295525412470843,2025-10-31 16:24:54+00:00,0,Fenomena ini menggambarkan kegagalan sistemik dalam pengawasan program publik. Program Makan Bergizi Gratis (MBG) yang seharusnya menjadi simbol kepedulian negara terhadap gizi dan kesejahteraan anak justru berubah menjadi cermin lemahnya tata kelola dan kontrol mutu.,1984295525412470843,,,in,,1,0,0,https://x.com/undefined/status/1984295525412470843,2648720479,
1995119343818957176,2025-11-30 13:14:53+00:00,0,Program Makan Bergizi Gratis di Papua semakin terstruktur dan fokus pada kualitas. Sinergi daerah dan pusat memastikan setiap anak mendapatkan gizi layak untuk tumbuh optimal #MBGPapua https://t.co/BuGjM0m6hE,1995119343818957176,https://pbs.twimg.com/media/G7AWcCKX0AEfmei.jpg,,in,,0,0,0,https://x.com/undefined/status/1995119343818957176,1708392427076087808,
1995115600046350668,2025-11-30 13:00:01+00:00,22,Badan Gizi Nasional (BGN) mengalihkan lebih dari 526.000 paket Program Makan Bergizi Gratis (MBG) untuk masyarakat terdampak bencana banjir dan longsor di wilayah Sumatra Utara (Sumut) dan Aceh. #OneNewsUpdatetvOne #tvOne #CariBeritaditvOne #BGN #BanjirBandang #MBG #ONU03 https://t.co/yaQSWCGEWz,1995115600046350668,https://pbs.twimg.com/amplify_video_thumb/1995076467827585024/img/bfjpgJs4ya67CaeS.jpg,,in,,0,17,5,https://x.com/undefined/status/1995115600046350668,55507370,
1995101804363927956,2025-11-30 12:05:17+00:00,0,Lewat dukungan pada SPPG untuk program Makan Bergizi Gratis rantai pasok dari bahan baku hingga distribusi bergerak bersama mendukung terciptanya petekonomian sirkuler dan menguatkan generasi emas Indonesia. #PLNUntukSemua #PLNUntukIndonesia https://t.co/IcuhCWNHKg,1995101826413363622,https://pbs.twimg.com/media/G7AGhpIa8AAyUXM.jpg,pln_uipmpa,in,,0,0,0,https://x.com/undefined/status/1995101826413363622,1894241872593522691,
1994677564049350832,2025-11-30 11:09:55+00:00,1,@QianzyZ Namanya mbg kan makan bergizi gratis Kalo dikasih nya duit ganti program jadi uang makan bergizi pengelolaan uang bantuan bgni udah tiap tahun ada tapi gak bener juga sama aja korupsi nya gila gilaan mbg ini bagus bngt program nya cuma pelaksanaan nya aja banyak tikus nya,1995087893568839835,,QianzyZ,in,,0,0,0,https://x.com/undefined/status/1995087893568839835,82383080,
1995058945111752984,2025-11-30 09:14:53+00:00,11,Program MBG memberikan manfaat untuk seluruh rakyat Indonesia. Badan Gizi Nasional (BGN) mengalihkan lebih dari 526.000 paket Program Makan Bergizi Gratis (MBG) untuk masyarakat terdampak bencana banjir dan longsor. https://t.co/2Mr4n3ajqS,1995058945111752984,https://pbs.twimg.com/media/G6_fiDObMAAmBdB.jpg,,in,,0,0,7,https://x.com/undefined/status/1995058945111752984,1427095335084515333,
1995036636158333154,2025-11-30 08:24:24+00:00,0,@grok Menurut aku strategi sudah pas. Hanya saja pelaksanaannya akan membutuhkan waktu. Dimulai dengan program Makan Bergizi (MBG) Sekolah Rakyat memerangi korupsi secara massif sehingga hasil korupsi dapat digunakan negara untuk sektor pendidikan dan kesehatan. Ada tambahan?,1995046240174968860,,grok,in,,0,1,0,https://x.com/undefined/status/1995046240174968860,2556873745,
1995041365760053529,2025-11-30 08:05:02+00:00,0,Pemkab Madiun memfokuskan APBD 2026 pada 17 program prioritas mulai pendidikan kesehatan infrastruktur hingga pendampingan makan bergizi https://t.co/q2SCf86qQQ,1995041365760053529,,,in,,0,0,0,https://x.com/undefined/status/1995041365760053529,1404018642,
1995037929832681870,2025-11-30 07:51:23+00:00,4,BGN dan Pemprov Kepri Bahas Optimalisasi Program Makan Bergizi Gratis https://t.co/lCbvMDY6Re,1995037929832681870,,,in,,0,2,0,https://x.com/undefined/status/1995037929832681870,17128975,
2005885624608514249,2025-12-30 16:25:06+00:00,1,@icecoldnovember Kepikiran gitu ngasih minuman rasa susu di program makan berGIZI gratis?? https://t.co/9cCgZJexKm,2006038846744535192,,icecoldnovember,in,,0,0,0,https://x.com/undefined/status/2006038846744535192,1736383330453770240,
2006007771871994172,2025-12-30 14:21:37+00:00,0,BGN menjamin transparansi serta perlindungan hak warga tanpa ada intimidasi bagi orang tua sebagai bukti Kerja Nyata demi kesuksesan program makan bergizi gratis untuk bangsa #LanjutkanMBG #PerthSantaDomiiaJourney2025 #PerthSanta #เพิร์ธแซนต้า https://t.co/P7ov0A3zdf,2006007771871994172,https://pbs.twimg.com/media/G9bFb_ibQAAsaJx.jpg,,in,,0,0,0,https://x.com/undefined/status/2006007771871994172,1469643318795530247,
2006003588309680507,2025-12-30 14:05:07+00:00,0,Program Makan Bergizi Gratis (MBG) memuncaki volume percakapan (~1 5 juta) diikuti krisis bencana Sumatera (~700 ribu). Isu Pesantren SMAN 72 &amp; IFP menyusul. Namun apakah tingginya volume sejalan dengan tingkat interaksi audiens di dalamnya? https://t.co/Z9klDjDd41,2006003618458243513,https://pbs.twimg.com/media/G9bBptmaYAQj8jW.png,DroneEmpritOffc,in,,0,1,0,https://x.com/undefined/status/2006003618458243513,1795626371735293952,
1885475521225777188,2025-01-31 23:49:29+00:00,7,kapan orang2 yg ga pernah commute pake transum ini stop ngerecokin kebijakan terkait transum? Semoga program mbg itu cepet bubar. Bener2 nyusahin semua pihak,1885475521225777188,,,in,,0,2,1,https://x.com/undefined/status/1885475521225777188,870265874355077120,
1885474307327090830,2025-01-31 23:44:39+00:00,0,Lihatlah Indonesia. Bikin program MBG sebelumnya bikin IKN. Ternyata sangat berpengaruh thd semua sektor. Coba tebak? Perencanaan keuangan yg gagal dan kapasitas keuangan yg memang belum cukup. Kata para ortu klo blm punya duit ya sabar nabung kek investasi emas kek. ,1885474307327090830,,,in,,0,0,0,https://x.com/undefined/status/1885474307327090830,58795521,
1885357475110805939,2025-01-31 23:35:47+00:00,4,@Sasmo_kliwon @raihanaulia_rar enteng banget nyuruh inovasi hasil pengorbanan MBG doang kenapa MBG nya ga suruh inovasi aja tuh biar lebih efisien. Orang program berdampak langsung ke rakyat di swastakan apa ga mencekik. Sekelas TJ aja masih subsidi. Realistis son,1885472075097530516,,Sasmo_kliwon,in,,0,0,0,https://x.com/undefined/status/1885472075097530516,858133348383768576,
1885460620742713536,2025-01-31 23:31:11+00:00,0,@alisyarief MBG adlh program mulia tp mengingat anggarannya yg terbatas hrsnya MBG diperuntukkan hanya pd anak didik yg kurang mampu aja shg kualitas gizinya bs di maximal kan semakin sdkt yg trm MBG maka akan lbh mudah penanganan nya ..,1885470917968699747,,alisyarief,in,,0,0,0,https://x.com/undefined/status/1885470917968699747,1599215705412448256,
1885241498637390092,2025-01-31 23:29:31+00:00,4,@akuntwiter968 Kakak ipar gue usaha katering harian warga perumahan dan kadang kalau instansi atau sekolah-sekolah ada acara order makan di kakak ipar gue. Tapi sedari awal ada program MBG kami udah wanti-wanti ga usah ikutan. Mending yang udah langganan aja.,1885470496596385840,,akuntwiter968,in,,0,0,1,https://x.com/undefined/status/1885470496596385840,1598500335802150913,
1884858533885382769,2025-01-31 23:17:51+00:00,0,@kompascom Kementerian/lembaga diminta penghematan 250an triliun -&gt; cuma 100 triliun utk nambahin program MBG. Sisa 150an triliun mau dikemanain??,1885467562261291276,,kompascom,in,,0,0,0,https://x.com/undefined/status/1885467562261291276,1318423088,
1885093742757233006,2025-01-31 23:14:57+00:00,0,@CNNIndonesia Apa2 kok yg di tonjolkan cm program makan siang gratis. Smua jd penjilatnya prabowo skrg emang permslhan besar negara ini cm MBG? msh bnyk ygb lbh penting dibanding MBG ky jaman jahiliayahnya ethiopia aja negara ini perkara ngasih makan ke anaknya dianggap sdh tdk mampu,1885466830384627746,,CNNIndonesia,in,,0,1,0,https://x.com/undefined/status/1885466830384627746,500636186,
1885466194855289123,2025-01-31 23:12:25+00:00,0,Program andalan Pak Prabowo yaitu MBG harus kita dukung terus semoga beberapa tahun kedepan anak02 Indonesia menjadi anak02 yg pintar dan dpt membawa Indonesia menjadi negara yg kuat dan maju. https://t.co/nQ2DrjmlWO,1885466194855289123,https://pbs.twimg.com/media/GiqFgehbYAAAqe4.jpg,,in,,0,0,0,https://x.com/undefined/status/1885466194855289123,1303591300290080768,
1885357475110805939,2025-01-31 22:57:34+00:00,1,@raihanaulia_rar Pendidikan dan kesehatan juga bukan prioritas utama semua diefisiensi buat program MBG.,1885462456157560870,,raihanaulia_rar,in,,0,0,0,https://x.com/undefined/status/1885462456157560870,1589638915991826432,
1885454243584500034,2025-01-31 22:24:56+00:00,0,Keknya selama ada program MBG IKN ini gak mungkin lanjut sih. Kecuali tiba ada investor masuk tapi apa iya ada yang mau?,1885454243584500034,,,in,,0,0,0,https://x.com/undefined/status/1885454243584500034,1249667767034212352,
1885320499829629395,2025-01-31 21:57:38+00:00,223,@CNNIndonesia Wkwk. Ternyata kaum 58 emang bodoh beneran. Adik dan kakak sama2 bodoh. Namanya bukan makan gratis tapi program tambahan makanan untuk anak sekolah. Beda prosesnya. Dananya sudah jelas. Lha MBG (Mencret Berjamaah Gratis) ini? Dana sama pelaksanaannya ga jelas ,1885447374702780755,,CNNIndonesia,in,,0,1,13,https://x.com/undefined/status/1885447374702780755,1444470949647028227,
1885417730221781450,2025-01-31 19:59:50+00:00,0,Puluhan Orang Tertipu Program MBG di Tasikmalaya Pelaku Ngaku Dekat dengan Mayor Teddy https://t.co/sMcEi2PYnW,1885417730221781450,,,in,,0,0,0,https://x.com/undefined/status/1885417730221781450,239873274,
1895615443957924088,2025-02-28 23:21:55+00:00,0,Dinkes Kota Yogyakarta Ingatkan Disiplin Higienitas Keamanan Pangan dalam Program MBG https://t.co/v2dII6McML,1895615443957924088,,,in,,0,0,0,https://x.com/undefined/status/1895615443957924088,1173048570246598656,
1895612631735484452,2025-02-28 23:10:44+00:00,0,SDI Tallo Tua 2 Siap Jalankan Program MBG https://t.co/jQjshGJP9F,1895612631735484452,,,in,,0,0,0,https://x.com/undefined/status/1895612631735484452,2810878578,
1895578322500997252,2025-02-28 20:54:24+00:00,11,Menurut gw dengan MBG model gini yang diterapin pemerintah gw tau hal2 begini spt makanan udah gak seger bau berulat dll pasti akan kejadian dan akannterus terjadi. Jalan satu2nya setop program MBG ini benahin dulu perekonomian pendidikan kesehatan dll. Setelah https://t.co/5eowgpZgYs,1895578322500997252,https://pbs.twimg.com/media/Gk5ycC-WQAA_2jr.jpg,,in,,0,0,8,https://x.com/undefined/status/1895578322500997252,38112151,
1895562081027702883,2025-02-28 19:49:52+00:00,0,Program MBG Investasi Masa Depan #opm #kstp #knpb #papua #ham https://t.co/sm3GuMeHhE,1895562081027702883,https://pbs.twimg.com/media/Gk5jqIxbQAUbh7v.jpg,,in,,0,0,0,https://x.com/undefined/status/1895562081027702883,1866324824601321472,
1895480983396499537,2025-02-28 18:26:55+00:00,5,@__AnakKolong @meutya_hafid @kemkomdigi @setkabgoid Kelakuan Stafsus Pendengung. Baca SIGN saja tidak BECUS Ketololannya Tampak Nyata!! Sepertinya memang perlu diikutkan program MBG Agar bisa Cerdas. Meski sudah renta. ,1895541206115045535,,__AnakKolong,in,,0,0,0,https://x.com/undefined/status/1895541206115045535,1013984569,
1895507361798005045,2025-02-28 16:17:17+00:00,0,Mahasiswa : Kita harus kritik pemerintah pada program MBG Bro : Bagaimana dengan Demo UU yang buat menghukum Korupsi? Makna asli : Evaluasi MBG Makna What-about-ism: tErLaLu FoKuS aMa MbG kOrUpS1 d1aB4iK4n,1895508582260723964,,Audinayik_here,in,,0,1,0,https://x.com/undefined/status/1895508582260723964,1296242462944456710,
1895501393835995228,2025-02-28 15:48:43+00:00,11,Baru lewat tl masalah rekrutmen sppi. Bjir kata gw dr awal emang aneh kocak. Buat ngurus mbg doang pake latihan militer. Di tahap admin udah disuruh tes kesehatan + napza. Lagian program mbg kan jg gajelas jluntrungnya mana sppi diiming2 bakal jd asn.,1895501393835995228,,,in,,0,1,0,https://x.com/undefined/status/1895501393835995228,1202870310971723777,
1906692678651429198,2025-03-31 23:37:57+00:00,1,@ChristianEko78 @PartaiSocmed @pamungkas_ari Program MBG bisa bantu cegah stunting memburuk terutama di anak kecil tapi balikin stunting parah sulit. Gizi baik dari MBG mungkin dukung pertumbuhan tapi hasilnya beda-beda tergantung usia dan tingkat keparahan. Anak stunting parah butuh lebih dari MBG kayak perawatan medis,1906853503537991892,,ChristianEko78,in,,0,0,0,https://x.com/undefined/status/1906853503537991892,1720665183188922368,
1906287004662280338,2025-03-31 22:21:38+00:00,0,@RafeyPrincess @VDSyst3msX Survei Cigmark (27/3/2025) tunjukkan 78% puas dengan pemerintahan Prabowo-Gibran termasuk program MBG. Dana MBG aman Rp 71T di 2025 tambah Rp 100T dari efisiensi. Kritik ada soal pelaksanaan bukan dana. Jadi kepuasan ini terkini bukan sebelum kebobrokan terungkap. https://t.co/lZr8FE3B2w,1906834297488646654,https://pbs.twimg.com/media/Gmq59kbaMAAmRX2.jpg,,in,,0,0,0,https://x.com/undefined/status/1906834297488646654,1720665183188922368,
1906684180609786322,2025-03-31 17:01:23+00:00,0,@chaosllife buat petisi pliss. jadiin program unggulan. kayanya program unggulan kalo kaya gini lebih berguna dari mbg deh,1906753704616927571,,SirenKisss,in,,0,1,0,https://x.com/undefined/status/1906753704616927571,1868253649866215424,
1906746588132786432,2025-03-31 16:33:06+00:00,0,Program MBG dorong perubahan perilaku menuju pola makan lebih sehat. https://t.co/6VqEysmI4f,1906746588132786432,https://pbs.twimg.com/media/GnYf6MXaIAYyJRZ.jpg,,in,,0,0,0,https://x.com/undefined/status/1906746588132786432,1458957413764141072,
1906732793528521212,2025-03-31 15:38:18+00:00,0,keren bgt! Program MBG bawa dampak positif buat bumil dan anak https://t.co/rzJMdr6Cn3,1906732793528521212,https://pbs.twimg.com/media/GnYTXUiaYAAQdWk.jpg,,in,,0,0,0,https://x.com/undefined/status/1906732793528521212,2272080265,
1906227819975483886,2025-03-31 15:30:30+00:00,0,@zarryhendrik Nah ini lu benar dah.. emang ekonomi masyarakat dayanya lagi menurun... Program MBG yg konon katanya bs melecut ekonomi jg blm nampak dampaknya... Food estate pun masih blm terlihat hasilnya.... Seharusnya pemerintah kasih stimulus salah satunya turunkan harga BBM subsidi..,1906730832838136302,,zarryhendrik,in,,0,0,0,https://x.com/undefined/status/1906730832838136302,1797955130387763200,
1906287004662280338,2025-03-31 15:22:24+00:00,0,@sanysept @VDSyst3msX Menurutku survey 68.6% puas sama pemerintah Prabowo-Gibran kayanya bener. Banyak polling lain kayak Cigmark (78%) KedaiKopi (72.5%) sama Kompas (80.9%) nunjukin kepuasan tinggi. Program kayak MBG bikin sentimen positif walau beda-beda tiap generasi Gen Z lebih puas https://t.co/qbOACIw4sd,1906728794636816873,https://pbs.twimg.com/media/Gmq54W5a0AAZoCX.jpg,sanysept,in,,0,0,0,https://x.com/undefined/status/1906728794636816873,1720665183188922368,
1906725944993382906,2025-03-31 15:11:05+00:00,0,keren abis! Semoga program MBG jd inspirasi global https://t.co/jMzD1UxRFr,1906725944993382906,https://pbs.twimg.com/media/GnYNIw8agAA1tCP.jpg,,in,,0,0,0,https://x.com/undefined/status/1906725944993382906,2176213435,
1917496695165722740,2025-04-30 22:33:57+00:00,1,@SeokjinNmaknae @kentwangoreng @erightta @aspirinpadang @tanyarlfes Gratis? Darimana duitnya? Dari APBD? Berapa tuh totalnya? Gimana pelaksanaan teknis? MBG aja kek gitu terus mau bikin program masif kek gini gk ada kajian akademisnya? Aneh kok sulit kritis penduduk kandang Einstein ini?,1917709032175145126,,SeokjinNmaknae,in,,0,1,0,https://x.com/undefined/status/1917709032175145126,1767808985263128576,
1917683229932544176,2025-04-30 20:53:03+00:00,45,@idextratime bisa ga ya program mbg diganti program mandiin bayi-bayi di Indonesia budgetnya buat undang messi keliling indo aja bayangin di 2040 pemain indo full kek yamal,1917683638956876205,,idextratime,in,,1,1,2,https://x.com/undefined/status/1917683638956876205,1478190376179490822,
1917567180993941718,2025-04-30 18:38:28+00:00,1,@tanyakanrl Sebenernya menurutku MBG bisa bagus kalau semuanya terkoordinasi dengan baik kayak contohnya di LN yang menyediakan makan untuk siswanya juga. Akan tetapi kalau di Indo ini keliatan memaksakan ya karena dari segi anggaran lalu program lainnya yang seharusnya bisa dibuat dulu ,1917649771193589861,,tanyakanrl,in,,0,5,1,https://x.com/undefined/status/1917649771193589861,1210329277180170240,
1917632655559905356,2025-04-30 17:30:27+00:00,0,Program MBG dapat ciptakan keseimbangan akses gizi demi masa depan yang lebih gemilang! #papuaindonesia #Papuadamai #OPMBiadab https://t.co/B1w5yzXZi7,1917632655559905356,https://pbs.twimg.com/media/GpzMumZW4AAaSJw.jpg,,in,,0,0,0,https://x.com/undefined/status/1917632655559905356,1708392427076087808,
1928964524867985775,2025-05-31 23:59:15+00:00,1,mbg ngabisin anggaran doang anjrit pendidikan sama kesehatan harusnya diutamakan ini malah program gagal yang jadi anak emas makan noh menuju Indonesia bubar,1928964524867985775,,,in,,0,6,0,https://x.com/undefined/status/1928964524867985775,1750144864086609920,
1928686272639324413,2025-05-31 22:16:54+00:00,383,@Viewguardeye Kalau seperti ini bagus dan lebih baik duit MBG dialihkan membiayai program pemulihan mental pelajar bandel,1928938766661529926,,Viewguardeye,in,,5,19,11,https://x.com/undefined/status/1928938766661529926,1835668063133589504,
1928690218976367039,2025-05-31 21:42:44+00:00,0,@kaylaaqeelah @archvidz @IndoPopBase Gimana tuh skema pemerataan ekonomi dan akses pendidikan yg lebih layak dalam MBg? Maaf2 nii yaa yg aku lihat nyata dgn mata sendiri MBg ini tidak lebih dari program trimaksih buat para relawan pemilu lalu.,1928930169605206220,,kaylaaqeelah,in,,0,1,0,https://x.com/undefined/status/1928930169605206220,894695711354216448,
1928911809966387217,2025-05-31 20:29:47+00:00,0,ngelihat banyak yg kyk gini rasanya pgn ngamuk bgt anjirrrrrr sama program mbg tayikk gajetotttt,1928911809966387217,,,in,,0,0,0,https://x.com/undefined/status/1928911809966387217,1857615028649865218,
1928906889821303194,2025-05-31 20:10:14+00:00,0,Program MBG sejalan dengan visi Indonesia Emas 2045 yang menargetkan lahirnya generasi unggul. Program ini juga membawa dampak baik pada perumbuban ekpnpmi lokal disekitarnya. Lanjutkan MBG #MBGUntukMasaDepanHebat Inter Milan Linkin Park Minggu https://t.co/BOaod0PXAP,1928906889821303194,https://pbs.twimg.com/media/GsTalRrakAAYeKW.jpg,,in,,0,0,0,https://x.com/undefined/status/1928906889821303194,1440314501023236109,
1928753765294968877,2025-05-31 17:44:50+00:00,0,@erlanishere @prabowo liat min. riset dlu apa yg dilakuin israel. Klo ga sanggup MBG jalan lgi ya STOP takut dikecam? Itu konsekuensi Bapak yg haus kekuasaan menjalankan program yg sudah ditentang sama para Ahli saat program tsb bru rencana. Hibah bill gates ga mungkin cuma² kami tdk bodoh,1928870299786789019,,erlanishere,in,,0,1,0,https://x.com/undefined/status/1928870299786789019,1380125654981636096,
1928845032427237813,2025-05-31 16:06:44+00:00,2,@idextratime Jangan menilai prestasi dari piala nya bro ! Klub itu menggapai juara liga bukan kaya membalikan telapak tangan tapi penuh perjuangan dan pengorbanan lagipula apa2an pake bikin program MBG segala apa semua masalah di negeri solusinya itu MBG ? Kita jangan mau tunduk sama asin,1928845609294807345,,idextratime,in,,3,3,0,https://x.com/undefined/status/1928845609294807345,892775046,
1928842325804900858,2025-05-31 15:53:41+00:00,0,Hari ini kedatangan tamu dari aspol katanya untuk program MBG. Lama banget.... Sampe 2 jam ngobrol2 nya akhirnya lumayan telat tadi beli makan siang,1928842325804900858,,,in,,0,0,0,https://x.com/undefined/status/1928842325804900858,1636959360202211328,
1928828095135445353,2025-05-31 14:57:08+00:00,0,Mendes Yandri : Paket Komplit Kopdes Merah Putih bisa jadi Suplier Program MBG @YandriSusanto27 @ArizaPatria @taufikmadjid71 @kemendespdt #bangundesabangunindonesia https://t.co/E9OQGEWkl5,1928828095135445353,https://pbs.twimg.com/media/GsSS7jCaMAI1PxI.jpg,,in,,0,0,0,https://x.com/undefined/status/1928828095135445353,939086536863137792,
1939723564417954110,2025-06-30 22:06:29+00:00,14,@LembagaKERIS Ini gegara pemerintah korup dan ga kompeten sih Min. Akhirnya perlengkapan militer minim bersaing sama infrastruktur jelek. Pendanaan jadi topik sensitif karena ga ada duitnya banyak dikorup. Apalagi ketambahan pemaksaan program MBG dan efisiensi dimana-mana.,1939807781302972702,,LembagaKERIS,in,,0,12,0,https://x.com/undefined/status/1939807781302972702,1640812467902205963,
1939762996915707922,2025-06-30 19:08:32+00:00,0,Anggota Komisi IX DPR RI Arzeti Bilbina menekankan pentingnya peran orang tua dalam memperhatikan gizi anak sejak dari rumah. Ia menyebut program MBG sebagai inisiatif strategis dalam memastikan anak-anak mendapat asupan makanan bergizi yang layak.. #MBGSiapkanGenerasiEmas https://t.co/0n4eUX0pYA,1939762996915707922,https://pbs.twimg.com/media/GutsJ9ubEAATmZj.jpg,,in,,0,0,0,https://x.com/undefined/status/1939762996915707922,1440314501023236109,
1939762349403169088,2025-06-30 19:05:57+00:00,0,Acara ini dihadiri oleh Anggota Komisi IX DPR RI Indah Kurniawati Kepala Desa Bangah. Indah menekankan pentingnya program MBG sebagai bagian dari strategi nasional menyambut bonus demografi 2045. #MBGSiapkanGenerasiEmas Lanjutkan MBG Matcha Polri My Love #ODSD https://t.co/62DNWLif0l,1939762349403169088,https://pbs.twimg.com/media/GutrkBfboAIBsWB.jpg,,in,,0,0,0,https://x.com/undefined/status/1939762349403169088,1440314501023236109,
1939740717276176674,2025-06-30 17:40:00+00:00,0,BGN: Program MBG tambah 373 ribu penerima baru dalam sepekan https://t.co/7TXP3x7X1U,1939740717276176674,,,in,,0,0,0,https://x.com/undefined/status/1939740717276176674,121640063,
1939111578659438870,2025-06-30 16:36:10+00:00,0,@ARSIPAJA Agak oot dikit yg kerjaan jadi pengawas mbg tuh selain yg sppi yg awal2 nih program rame kan katanya ada relawan2 mbg.. Tuh masih jalan ya?,1939724655532941486,,ARSIPAJA,in,,0,3,0,https://x.com/undefined/status/1939724655532941486,1899959098512465923,
1939658680271860064,2025-06-30 16:13:18+00:00,0,@tilehopper Masalah MBG (dan hampir semua program pemerintah) itu pengen cepet jadi dan dipake se-Indonesia. Padahal beliau sendiri yang bilang Indonesia itu bangsa yang besar.,1939718900461248847,,tilehopper,in,,0,0,0,https://x.com/undefined/status/1939718900461248847,1281476602568732672,
1950828791321821518,2025-07-31 23:49:12+00:00,0,@ARSIPAJA Program MBG Tingkatkan Kemampuan Belajar Anak Disekolah #MBGPapua https://t.co/yFEIH3VvL5,1951067655714250768,https://pbs.twimg.com/media/GxOVr9_bYAAV6eE.jpg,melvaluciana,in,,0,0,0,https://x.com/undefined/status/1951067655714250768,590885864,
1950884486725661157,2025-07-31 23:45:22+00:00,0,@giIangmahesa Apa ga sekalian aja tingkat perceraian menurun karena program MBG ?,1951066689367581014,,giIangmahesa,in,,0,0,0,https://x.com/undefined/status/1951066689367581014,322379988,
1951062769262010404,2025-07-31 23:29:47+00:00,1,Program MBG ini menunjukkan bahwa negara hadir untuk rakyat Papua #papua #papuatengah #papuahits #jayapura #nabire #jayawijaya #merauke #mbg #mbgpapua #MBGMajukanPapua https://t.co/pprqjS5fPs,1951062769262010404,https://pbs.twimg.com/media/GxORPWJbQAAce4K.jpg,,in,,0,0,0,https://x.com/undefined/status/1951062769262010404,1356941787487588355,
1951062426780311992,2025-07-31 23:28:26+00:00,1,Masyarakat mendukung agar Program MBG berkelanjutan dan menjangkau pelosok Papua #papua #papuatengah #papuahits #jayapura #nabire #jayawijaya #merauke #mbg #mbgpapua #MBGMajukanPapua https://t.co/QmhjcBATeX,1951062426780311992,https://pbs.twimg.com/media/GxOQ7VdaIAUUglF.jpg,,in,,0,0,0,https://x.com/undefined/status/1951062426780311992,1356941787487588355,
1951062111679029620,2025-07-31 23:27:11+00:00,1,Program MBG sangat bermanfaat bagi anak-anak di Papua #papua #papuatengah #papuahits #jayapura #nabire #jayawijaya #merauke #mbg #mbgpapua #MBGMajukanPapua https://t.co/duOcd2gIpl,1951062111679029620,https://pbs.twimg.com/media/GxOQozIaIAInqcF.jpg,,in,,0,0,0,https://x.com/undefined/status/1951062111679029620,1356941787487588355,
1950463968394592505,2025-07-31 23:03:12+00:00,0,@Cmajor7777 @M45Broo_ Ga ada bang pemerintahan skrg paling terbaik sepanjang masa. Rakyat hepi banget sih kalau di liat2 Pengangguran tinggal sisa 100 orang lagi pertanian maju pesat pertambangan pun hasilnya langsung dibagiin ke masyarakat. Program unggulan MBG minimal daging sapi mah dapet,1951056079107805246,,Cmajor7777,in,,0,0,0,https://x.com/undefined/status/1951056079107805246,1241260279020711937,
1951055274497704214,2025-07-31 23:00:00+00:00,0,Program MBG serap 94 ribu tenaga kerja selama 7 bulan pelaksanaan https://t.co/O0aSzP0h1K,1951055274497704214,,,in,,0,0,0,https://x.com/undefined/status/1951055274497704214,121640063,
1950853965291409809,2025-07-31 22:47:15+00:00,0,@txtdrimedia ........ Bukannya apa apa tapi mbg emang program cacat jadi gampang busuk soalnya g langsung di masak fresh dikantin tapi ya ini jadi tolo* namanya mabok agama..,1951052061878968587,,txtdrimedia,in,,0,0,0,https://x.com/undefined/status/1951052061878968587,849542676718522370,
1951002287511576943,2025-07-31 19:29:29+00:00,0,di negara ni program MBG tuh gizinya kurang. contoh lain: arc punk hazard. pulau punk hazard di one piece tuh indah sebelum dijadiin laboratorium sama caesar dan pemerintah dunia. mirip sama beberapa daerah di negara ni yang dikeruk habis-habisan SDA-nya.,1951002293891162418,,yosephnbh_,in,,0,1,0,https://x.com/undefined/status/1951002293891162418,1247883252943056898,
1950985293341008260,2025-07-31 18:37:30+00:00,0,buat program satu keluarga satu sarjana pasti bakal bermanfaat bangett kan udahmah IKN mangkrak MBG beracun btw kalo MBG di stop gapapaa bangett kok sumpah daripada ujung ujungnya rakyat dipalak pajak gede banget monyet kontol anjing lagian ga ada ya anjing istilah cont-,1950989210904830269,,ttalggiboii,in,,0,1,0,https://x.com/undefined/status/1950989210904830269,1836217809401212928,
1950985293341008260,2025-07-31 18:37:20+00:00,0,liat aja nih kalo aja IKN sama MBG ga dilanjutin kan anggarannya bisa dialokasikan ke program yang lebih bermanfaat btw gua milih 01 bukan tanpa alasan tapi karena salah satu programnya yang bantuan kelas menengah karena sekarang kelas menengah mau min ta bantuan ke cont- https://t.co/SsyqnLOYt5,1950989170400436451,https://pbs.twimg.com/media/GxNOT5GaIAIevZy.jpg,ttalggiboii,in,,0,1,0,https://x.com/undefined/status/1950989170400436451,1836217809401212928,
1950917891760472072,2025-07-31 17:42:07+00:00,0,@kegblgnunfaedh PROGRAM MBG EMANG MENYESATKAN ADA AJA ACARA BUAT RAMPAS UANG RAKYAT,1950975272725127662,,kegblgnunfaedh,in,,0,0,0,https://x.com/undefined/status/1950975272725127662,1803678080269160448,
1950975266165342610,2025-07-31 17:42:05+00:00,0,Dukung MBG Kemnaker Cetak Tenaga Kerja Berkompetensi Standar Pemenuhan Gizi Melalui Program TMT https://t.co/ZheATTYKcK,1950975266165342610,,,in,,0,0,0,https://x.com/undefined/status/1950975266165342610,1802130557226356737,
1950968399754043871,2025-07-31 17:14:48+00:00,0,Dukung Program MBG Kemnaker Latih 256 SDM di Lombok Timur https://t.co/xyRAYjd3j7,1950968399754043871,,,in,,0,0,0,https://x.com/undefined/status/1950968399754043871,1112363743243952130,
1962247035077456355,2025-08-31 23:56:27+00:00,0,@smin_nr Mantap sekali abang udah nyaingin program MBG nya @prabowo @gibran_tweet,1962303503789101260,,smin_nr,in,,0,0,0,https://x.com/undefined/status/1962303503789101260,3389307194,
1962095358672330858,2025-08-31 23:38:05+00:00,2,@DokFun Lah masih mending Jokowi yang kepilih daripada Prabowo. Jokowi jelek2begitu masih ada bekasnya tol Trans bendungan. Lah Prabowo? Program unggulannya aja ujungnya jadi tai (MBG),1962298881699696922,,DokFun,in,,0,0,0,https://x.com/undefined/status/1962298881699696922,2711384786,
1962083775137161239,2025-08-31 23:30:07+00:00,0,@tegarhafidz Ga bisa nyalahin sepenuhnya menteri wkwkkw disaat negara miskin tapi maksa program mbg dan ikn wkwk Atasan tolol pastinya bawahan tolol kalau mau nyalahin fix salahin presiden dan DPR buat gaduh Pion doang itu Mulyani era covid gak jatuh bgt di tangan dia,1962296875438211333,,tegarhafidz,in,,0,0,0,https://x.com/undefined/status/1962296875438211333,1813559576865984513,
1962175814474354863,2025-08-31 23:20:30+00:00,905,@May145145 @lolkkkoo232 prabowo ga pernah ada program jelas dari 2014 sampe 2025. fokus dia yg konsisten cuma satu: memperkuat tni. kalopun gaada mbg bakal tetep ada program jelek lain yg buang2 duit.,1962294455933063305,,May145145,in,,2,0,27,https://x.com/undefined/status/1962294455933063305,32903513,
1962175814474354863,2025-08-31 23:07:14+00:00,13,@dontyovdare @lolkkkoo232 bukan mau belain dia cuma dulu bukannya gaada ya program mbg? dia baru kepikiran program mbg pas nyalon yg skrg,1962291117732565220,,dontyovdare,in,,0,1,0,https://x.com/undefined/status/1962291117732565220,2659573905,
1962180429186031955,2025-08-31 22:49:52+00:00,1,@zhoezhoey Emang paling bener mbg ini di hapus 330+ triliun buat program yang hanya jadi taiii,1962286745816572384,,zhoezhoey,in,,0,0,1,https://x.com/undefined/status/1962286745816572384,1780016730276016128,
1962059245295370338,2025-08-31 22:45:05+00:00,0,@detikcom Tau ngga sih akar permasalahannya semua ini ?? MBG !! Ya MBG!!! Gara gara program (unggulan) ini anggaran negara membengkak LUAR BIASA pos pos lain DIKURANGI!! Sehingga keuangan negara GOYAH Ayo bapak @prabowo dan masku @gibran_tweet EVALUASI ULANG MBG!! HAPUS SAJA !!,1962285541581574584,,detikcom,in,,0,0,0,https://x.com/undefined/status/1962285541581574584,227355739,
1962269972262191382,2025-08-31 21:43:13+00:00,0,jangan karna MBG padahal jelas jelas itu program bukan jangka panjang?? dan satu hal lagi MBG itu buat anak SEKOLAH bukan buat SATU KELUARGA thats why lo semua harus bisa memfilter mana yang sekiranya worth it atau engga.,1962269972262191382,,,in,,0,1,0,https://x.com/undefined/status/1962269972262191382,1224242227674640384,
1962267319809515942,2025-08-31 21:32:40+00:00,0,fyi aja program mbg ini ada bbrp sekolah yang pake tray besi (yang biasa tempat bekal yang besi) tapi ga food grade kebayang dong kalo banyak sekolah yang pake itu bahaya banget kalo udah ga food grade. trus masih mau maksa bilang programnya baik baik aja?,1962267319809515942,,,in,,0,0,0,https://x.com/undefined/status/1962267319809515942,1434408840838012929,
1962187498165309640,2025-08-31 20:58:26+00:00,5,@gelapXmalam Bapak @prabowo yth Tentu saja adil u/ mereka. Bapak pasti tau bhw setiap tindakan pst ada akibat. Dgn adanya perampasan aset jg buat manusia2 brengsek itu jd tamparan u/ koruptor krn tau akbtnya jangka pjg. Asetnya kn bs dipake negara u/ bayarin MBG program kesayangan bapak.,1962258703442194605,,gelapXmalam,in,,0,0,0,https://x.com/undefined/status/1962258703442194605,972948342165725189,
1962175814474354863,2025-08-31 19:42:27+00:00,52,@mirzasofyan @dontyovdare Lah penyebab demo mah akibat kenaikan gaji pejabat yg seperti prabowo janjikan ketika kampanyekan ditambah juga efisiensi untuk program mbg yg jg direncanakan prabowo,1962239582512324727,,mirzasofyan,in,,0,0,0,https://x.com/undefined/status/1962239582512324727,1101469954266689538,
1962231674403729837,2025-08-31 19:11:02+00:00,0,Wkwkwkwkwk... mana mau mereka merealisasikan tuntutan kek gini. Ini mah sama aja kampanye perubahan Anies Baswedan dlu Ntar bisa2 muncul tuntutan batalkan program MBG pembangunan IKN dan proyek perpanjangan jalur kereta Whoosh. Mau ditaro dimana muka presiden ,1962231674403729837,,,in,,0,0,0,https://x.com/undefined/status/1962231674403729837,53341845,
1973004802134262208,2025-09-30 23:57:38+00:00,1,@NenkMonica Mau apapun alasan mbg ini program nya bagusan di stop saja tujuan tidak tercapai team pelaksana belum siap bahkan mungkin ada yang nyari cuan sudah lah stop saja.,1973175437720428900,,NenkMonica,in,,0,0,0,https://x.com/undefined/status/1973175437720428900,1897294824627421184,
1973175427477995841,2025-09-30 23:57:36+00:00,0,MBG ada di kota besar juga gak rasional. Program ini sangat2 bagus jika dilaksanakan di daerah 3T. coba pikir ada berapa keluarga yang bener2 gak mampu ngasi makan anaknya ketika mereka tinggal di Kota besar???,1973175427477995841,,,in,,0,0,0,https://x.com/undefined/status/1973175427477995841,460813986,
1973154696706793641,2025-09-30 23:51:00+00:00,2,@bangherwin @KangManto123 Pak Prabowo....akibat kelalaian dan miss management jgn cuma jadi angka statistik. Mitigasi dan evaluasi kembali dong pak. Kalo perlu dihentikan sementara dan audit BGN dan program MBG.,1973173767594713480,,bangherwin,in,,0,0,0,https://x.com/undefined/status/1973173767594713480,2331235970,
1973173207722324374,2025-09-30 23:48:47+00:00,1,Selamat pagi mari membahas MBG!! Program penghinaan dari pemerintah itu sekarang update-nya mau meningkatkan perlengkapan keamanan dari alat rapid tes alat strerilisasi CCTV dll. YANG MANA tentunya akan mengeluarkan uang LEBIH BANYAK. Yaaaa! Pertanyaannya pake duit siapa?,1973173207722324374,,,in,,0,0,0,https://x.com/undefined/status/1973173207722324374,1470411568076648451,
1972911115043770583,2025-09-30 23:45:35+00:00,0,@kompascom Wajar kalo pihak sekolah dan org tua siswa menolak di ganti MBG krn program dari sekolah ini justru patut di contoh untuk di terapkan di seluruh sekolah di Indonesia,1973172403846127648,,kompascom,in,,0,0,0,https://x.com/undefined/status/1973172403846127648,1235210306940325888,
1972650420427510113,2025-09-30 23:43:55+00:00,0,@MurtadhaOne1 @corbuzier @prabowo narasinya dilihat spt ini: Jgn Menolak Hak krn Program MBG itu berlaku utk semua anak kalau ada exception spt ini justru mendidik cikal bakal korupsi di anak2. Programnya dibenerin atuh! Kalau ibu2 merasa sejahtera donas lah utk MBG layak disekolah anaknya,1973171982540874113,,MurtadhaOne1,in,,0,0,0,https://x.com/undefined/status/1973171982540874113,1675492225881640960,
1973044630892765424,2025-09-30 23:39:18+00:00,90,@sharpandshark Kenapa @prabowo @Gerindra memaksakan program MBG dan kenapa banyak pemilik dapur2 MBG adalah anggota DPR karena ini jawabannya https://t.co/LtLldXUvz9,1973170823528886699,https://pbs.twimg.com/ext_tw_video_thumb/1973170735343607808/pu/img/8kEn0hB8l5F9XZSA.jpg,sharpandshark,in,,3,4,34,https://x.com/undefined/status/1973170823528886699,1333999635388534784,
1972975676736393430,2025-09-30 23:37:38+00:00,0,@CNNIndonesia Awalnya kan program MBG buat siswa kurang mampu mereka menolak mngkn karena ada yg lbh berhak kl melihat berbagai menu MBG yg disediakan sptnya jg gak sesuai selera anak2 sekolah disitu,1973170402349424692,,CNNIndonesia,in,,0,0,0,https://x.com/undefined/status/1973170402349424692,872144708,
1972911115043770583,2025-09-30 23:37:00+00:00,0,@kompascom Tapi di mata penjilat @NasbiHasan ini hal yang merugikan cita MBG karena ada program baik sudah dijalankan selama 10 tahun tanpa melinatkan negara dan hasilmya baik,1973170243024592905,,kompascom,in,,0,0,0,https://x.com/undefined/status/1973170243024592905,1188243977557856256,
1972932002191208757,2025-09-30 23:24:35+00:00,0,@JohnAlbertJA @txtdrimedia Ya perhitunganmu masuk akal insentif Rp100 ribu setara dengan 10 porsi MBG (Rp10 ribu/porsi berdasarkan anggaran resmi). Program ini memang dapat insentif dari biaya operasional SPPG untuk apresiasi tugas ekstra guru. Tapi ada kritik soal efektivitas seperti kasus keracunan,1973167119278981615,,JohnAlbertJA,in,,0,0,0,https://x.com/undefined/status/1973167119278981615,1720665183188922368,
1973167054800015371,2025-09-30 23:24:20+00:00,79,Progam MBG itu bukan seperti memelihara anak ayam tanpa induk pak dipelihara 100 mati 10 itu biasa. MBG itu program yg gak boleh salah dan keliru sebab ini menyangkut nyawa anak manusia. Seberapa kecilpun yg jadi korban tak beloh jadi acuan keberhasilan. https://t.co/NBFtT6XOat,1973167054800015371,https://pbs.twimg.com/ext_tw_video_thumb/1973166996151042049/pu/img/8ZV93T-FRuRomxgJ.jpg,,in,,2,21,31,https://x.com/undefined/status/1973167054800015371,1749698965539553280,
1973166663429398897,2025-09-30 23:22:46+00:00,1,Respon cepat Pemerintah atasi KLB Program MBG #KomitmenPemerintahJagaMBG https://t.co/PYjkV0ARY4,1973166663429398897,https://pbs.twimg.com/media/G2IYn6vawAAXO9S.jpg,,in,,0,1,0,https://x.com/undefined/status/1973166663429398897,1537011663773528064,
1973087283608797331,2025-09-30 23:22:12+00:00,1,@mx00711 @agama_nusantara @sakkusaitna @Valhallaah @spektrumku @Kappa_2023 @bnsphrxyzzz @RefublikAteis @iphone7decoco @Sentjoko @PaijoKentirr @SDM_lowliteracy @balaputra_deva @EkalawyaJaya @JohnAarivEd @FaktaBerita89 Keluarga penguasa handai taulan penguasa aparat ormas buat penguasa ormas suci semua ikut dalam proyek MBG. Bayangkan jika program ini dihentikan berapa banyak yang kehilangan ladang?,1973166518948274209,,mx00711,in,,0,1,0,https://x.com/undefined/status/1973166518948274209,1335889446,
1972525377634591111,2025-09-30 23:17:44+00:00,1,@mikuroQ Di Indonesia program apapun tdk akan pernah maksimal Krn mayoritas dana hampir 34-45% di korupsi dana MBG yg 15 k paling sampai ke siswa 7-8 k saja,1973165393234764165,,mikuroQ,in,,0,1,0,https://x.com/undefined/status/1973165393234764165,1603504853937856512,
1984206211336843488,2025-10-31 23:57:28+00:00,3,@TirtoID Padahal yang didorong dari MBG itu salah satunya penguatan petani. Kalo begini udah makin anteng aja kemiskinan struktural. Gimana kan supply dari petani gak cukup? Kementan buka program rekrut banyak anak muda buat kelola lahan &amp; pertanian.,1984409416628912496,,TirtoID,in,,0,0,0,https://x.com/undefined/status/1984409416628912496,363431791,
1984138109991448727,2025-10-31 23:51:41+00:00,1,@DiaraFathiya 10. gaada program MBG di jaman rosul,1984407963856249177,,DiaraFathiya,in,,0,0,0,https://x.com/undefined/status/1984407963856249177,1654519370,
1984243555133780227,2025-10-31 23:44:36+00:00,1,@MurtadhaOne1 {^Biasanya yg begini ini bukan mulutnya yg ngomong.._ tapi 'cacing' dlm perutnya &gt;istilah; Lapar-Berat&lt;... .[Contoh bhw Program MBG itu tdk mencerdaskan]^},1984406180303946181,,MurtadhaOne1,in,,0,0,0,https://x.com/undefined/status/1984406180303946181,1814175212323340288,
1984127980193640679,2025-10-31 23:19:43+00:00,0,@anomyhae Jangan melakukan provokasi yang tidak baik program MBG ini terasa manfaatnya di berbagai daerah ini tahap awal untuk Indonesia Maju https://t.co/NWh1eCiyRR,1984399917226606845,,anomyhae,in,,0,0,0,https://x.com/undefined/status/1984399917226606845,1517019498335059968,
1984153245581762590,2025-10-31 23:17:37+00:00,0,@NurRohi03920969 @kompascom Intervensi negara seperti ini di lahan idle TNI justru melengkapi mekanisme pasar dengan menambah pasokan lokal bukan mengganggu. Program MBG tingkatkan permintaan pangan secara keseluruhan yang untungkan petani melalui harga stabil dan peluang kemitraan. Tanpa bukti empiris,1984399390661046621,,NurRohi03920969,in,,0,1,0,https://x.com/undefined/status/1984399390661046621,1720665183188922368,
1984065785925661095,2025-10-31 23:15:40+00:00,0,@ferascorp @Indonesiaguyub @txtdrimedia Upps slah dong yah kbetulan sya volunteer d sebuah yayasan sekolah yg jauh sbelum ada program MBG udah nerapin dluan klo di tempat sya yah gtu smua siswa d layani selayak nya kantin dan itu gratis jdi kirain MBG bgtu juga tpi percaya sih MBG ini bermanfaat bgt,1984398898639880661,,ferascorp,in,,0,1,0,https://x.com/undefined/status/1984398898639880661,1796959484293906433,
1984396663843406139,2025-10-31 23:06:47+00:00,0,Program MBG jadi langkah strategis bangun generasi Sehat https://t.co/wEcQu0nIob,1984396663843406139,https://pbs.twimg.com/media/G4n-P-ubQAQnWsz.jpg,,in,,1,0,0,https://x.com/undefined/status/1984396663843406139,714238358332051456,
1983739787707388012,2025-10-31 23:04:24+00:00,1,@Fear_Leader13 @apasihjoy @perawrxide lagi gaada tenaga buat ngurusin rakyat denial tolol kaya gini udah 2025 hp juga udah canggih cari tau sendiri deh kenapa mending diberhentikan program mbg ini. cuma mau ngasih saran plis pinteran dikit malu ih ️,1984396064116580738,,Fear_Leader13,in,,0,4,0,https://x.com/undefined/status/1984396064116580738,1433636523153367042,
1984393278184382512,2025-10-31 22:53:20+00:00,0,mantul bgt Polri! Jaga kualitas makanan MBG xcelling sekali. Support abis deh utk program Pak Prabowo https://t.co/ORIJlVnlnk,1984393278184382512,https://pbs.twimg.com/ext_tw_video_thumb/1984393194898145283/pu/img/qradMc8zNCDuE6qg.jpg,,in,,0,0,0,https://x.com/undefined/status/1984393278184382512,700060353,
1984101285843628338,2025-10-31 22:39:36+00:00,1,@randomable_ Suruh mereka mereka itu makan dulu. Orang yg bikin MBG nggak higienis kayak gini yg harus nya di penjara. Bukan ributin program nya,1984389820911862149,,randomable_,in,,0,0,0,https://x.com/undefined/status/1984389820911862149,2458124804,
1984385661731066203,2025-10-31 22:23:04+00:00,0,dukung terus Polri yg serius jaga makanan MBG. Ini langkah cerdas buat pastikan program Pak Prabowo sukses. Semangat ya https://t.co/ylG5By6dSq,1984385661731066203,https://pbs.twimg.com/ext_tw_video_thumb/1984385564758720513/pu/img/AVOf0uxQM2fqrx43.jpg,,in,,0,0,0,https://x.com/undefined/status/1984385661731066203,2275440745,
1984384488634531924,2025-10-31 22:18:24+00:00,0,luar biasa Polri! Berkomitmen jaga kualitas makanan MBG cocok bgt utk dukung program hebat Pak Prabowo https://t.co/Z53iIgAGnF,1984384488634531924,https://pbs.twimg.com/ext_tw_video_thumb/1984384422167396352/pu/img/mrDlaI6XhXP9-xP5.jpg,,in,,0,0,0,https://x.com/undefined/status/1984384488634531924,2176213435,
1984159068437844371,2025-10-31 22:18:20+00:00,0,@randomable_ MBG adlh program gimik yg hanya besar di atas kertas (window dressing) tp kuat utk jd alasan efisiensi dana program2 wajib atau janji2 kampanye lainnya hingga transfer ke Pemda. Ditambah bs jg jd proyek bg politisi utk kas partai penguasa dan rayu aparat dr pusat hingga daerah.,1984384472440320120,,randomable_,in,,0,0,0,https://x.com/undefined/status/1984384472440320120,1098015609499971584,
1983827499911147873,2025-10-31 22:13:05+00:00,1,@Jelajah513 @AiraNtiePuspa Betul bang sampai sedetail itu semua dipikirkan oleh pak harto. Kalau sekarang ada MBG itu bukan program spesial justru mengakui benar adanya kalau sekarang rakyat masih miskin kekurangan makan tapi pada tidak mau ngaku ,1984383148831175054,,Jelajah513,in,,0,1,0,https://x.com/undefined/status/1984383148831175054,2518915579,
1984184610474053793,2025-10-31 22:10:43+00:00,3,@BBCIndonesia MBG kok dipaksakan padahal anak² bisa bawa bekal sendiri gak butuh amat. Perlu dikaji ulang program ini mendingan untuk kebutuhan sekolah yang lain.,1984382552506057037,,BBCIndonesia,in,,0,0,1,https://x.com/undefined/status/1984382552506057037,65796281,
1983782683139567977,2025-10-31 22:06:39+00:00,0,@kompascom Program MBG ini sebagian besar gunakan ANGGARAN PENDIDIKAN !,1984381529259458752,,kompascom,in,,0,0,0,https://x.com/undefined/status/1984381529259458752,1941796336921399297,
1984366180635947239,2025-10-31 21:05:39+00:00,0,makanan MBG aman Polri siap sedia! Dukung full program Pak Prabowo biar semua bisa sehat berkualitas. Good job https://t.co/lYInFJxNp3,1984366180635947239,https://pbs.twimg.com/ext_tw_video_thumb/1984366087769825280/pu/img/ihY2cQBSbtK_nnQe.jpg,,in,,0,0,0,https://x.com/undefined/status/1984366180635947239,504099394,
1995280909499818208,2025-11-30 23:56:54+00:00,0,@prabowo antum masih anteng aja pak prabs... Masih mikirin program MBG?,1995280909499818208,,prabowo,in,,0,1,0,https://x.com/undefined/status/1995280909499818208,1421846784,
1994539411317690603,2025-11-30 23:56:36+00:00,0,@NusantaraHukum Program MBG benar-benar investasi jangka panjang untuk bangsa.,1995280836292440574,,NusantaraHukum,in,,0,0,0,https://x.com/undefined/status/1995280836292440574,1830891569588903937,
1995274431116247339,2025-11-30 23:31:09+00:00,0,Paling nyebelin itu ada yang bilang MBG udah dialihkan ke kamp pengungsian pemerintah udah bergerak KEK TOLOL BANGET SEBELUM ADA MBG JUGA SETIAP ADA BENCANA ALAM DI KAMP PENGUNGSIAN SELALU ADA DAPUR DARURAT. masih aja ngebuzzer program yang bikin efisiensi itu.,1995274431116247339,,,in,,0,0,0,https://x.com/undefined/status/1995274431116247339,1031035966989819904,
1995273420758831220,2025-11-30 23:27:08+00:00,11,alasan banjir sumatra ga dijadiin sebagai bencana nasional ya karena anggaran BNPB-nya dipangkas buat program makanan beracun pemerintah. dan lebih bangsatnya lagi mereka malah ngerahin buzzer buat naikin hastag lanjutkan MBG. another day another ini negara apa sih anjing? ,1995273420758831220,,,in,,0,1,0,https://x.com/undefined/status/1995273420758831220,1715882130683871232,
1995266380875366662,2025-11-30 22:59:10+00:00,0,Ini kemungkinan adalah manfaat program MBG yg tidak terpikirkan sebelumnya...,1995266380875366662,,,in,,0,0,0,https://x.com/undefined/status/1995266380875366662,157951515,
1995146733966516394,2025-11-30 22:58:16+00:00,3,@LexWu_13 @bjopass17 @prabowo MBG itu bukan Program namun proyek bancakan para pejabat dan kroni-kroninya.,1995266157365059976,,LexWu_13,in,,0,0,0,https://x.com/undefined/status/1995266157365059976,1813506920973762560,
1995057817993228702,2025-11-30 22:33:59+00:00,10,@itsdonerama @noucampline lah kalo MBG ga ada sejak awal dana penanggulangan bencana bisa lebih banyak bukan cuma bisa ngasih makanan tp pakaian obat2an dan pengungsian yg layak. program MBG lu tuh ngabisin banyak banget anggaran. dasar buzzer ga guna https://t.co/mREctuWGTc,1995260044422889482,https://pbs.twimg.com/media/G7CWby6bIAAGZBa.jpg,itsdonerama,in,,0,1,0,https://x.com/undefined/status/1995260044422889482,1580480236881600513,
1994941414682366336,2025-11-30 19:44:52+00:00,0,@Urrangawak Lha iya....anggaran utk bantuan dah habis utk support program MBG nya si ndasmu omonasu.,1995217484526629110,,Urrangawak,in,,0,0,0,https://x.com/undefined/status/1995217484526629110,109326617,
1995211416798900307,2025-11-30 19:20:45+00:00,0,appreciate bgt langkah BGN buka saluran aduan jadi program MBG lebih bersahabat sama warga https://t.co/APQMLBNuBU,1995211416798900307,https://pbs.twimg.com/media/G7BqNQsaYAA2MQQ.jpg,,in,,0,0,0,https://x.com/undefined/status/1995211416798900307,617954296,
1995210268469862757,2025-11-30 19:16:11+00:00,1,props to BGN! Saluran pengaduan adalah langkah maju biar program MBG makin akseleratif https://t.co/fBJE7cnenf,1995210268469862757,https://pbs.twimg.com/media/G7BpKbRaYAAlJ1L.jpg,,in,,0,0,0,https://x.com/undefined/status/1995210268469862757,378139448,
1995204246153908438,2025-11-30 18:52:16+00:00,0,cakep nih BGN! Hotline bisa jadi kesempatan emas buat improve Program MBG terus-menerus https://t.co/ltseNKCabS,1995204246153908438,https://pbs.twimg.com/media/G7Bjr2TaIAAMVgY.jpg,,in,,0,0,0,https://x.com/undefined/status/1995204246153908438,2760535138,
1995202205742424327,2025-11-30 18:44:09+00:00,0,baik hati BGN menghadirkan hotline. Program MBG dipastikan sukses!! Semangattt buat semua yang terlibat https://t.co/Lb1l2u5zNb,1995202205742424327,https://pbs.twimg.com/media/G7Bh1EKbkAA9zyr.jpg,,in,,0,0,0,https://x.com/undefined/status/1995202205742424327,617954296,
1995198747421425840,2025-11-30 18:30:25+00:00,0,gue sebel bgt sama satu temen online gue ini (udah kenal 8 tahun). dia pas pemilu milih prabowo trus gue sama dia sempat debat trus dia bahas soal bagusnya gibran jadi wapres program mbg donasi prabowo 5M ke palestine itu. padahal dia itu guru sd anak soshum abangnya polisi,1995198747421425840,,,in,,0,1,0,https://x.com/undefined/status/1995198747421425840,1372771021908938766,
1994956570330107912,2025-11-30 18:04:33+00:00,0,@MasQomaru @bil_nam72 @sharpandshark Masak MBG jadi program prioritas tanggap bencana...kocak bener ini negara....,1995192241800061213,,BukanCepuuu,in,,0,1,0,https://x.com/undefined/status/1995192241800061213,1134492405946707968,
1995189168096661817,2025-11-30 17:52:21+00:00,1,Gausah gengsi ngakuin kalo mbg tuh program gagal udah akuin aja terus anggarannya dialihkan buat yang laen ndut @prabowo,1995189168096661817,,,in,,0,0,0,https://x.com/undefined/status/1995189168096661817,1716269490936360960,
1995187640585634058,2025-11-30 17:46:16+00:00,0,MBG bangsat. Dana penting buat program bangsat. Bangsattt,1995187640585634058,,,in,,0,0,0,https://x.com/undefined/status/1995187640585634058,1540998907991232513,
1995186209996554551,2025-11-30 17:40:35+00:00,0,waaah keren banget! BGN bikin hotline buat program MBG. Semoga banyak yg terbantu. Semangat terus https://t.co/SX84QPGswU,1995186209996554551,https://pbs.twimg.com/media/G7BTSBra8AAbics.jpg,,in,,0,0,0,https://x.com/undefined/status/1995186209996554551,2760535138,
2006152264801456555,2025-12-30 23:55:47+00:00,0,Program MBG mendukung pemenuhan gizi anak sejak dini #dukungMBG https://t.co/uQnZbQqfpB,2006152264801456555,https://pbs.twimg.com/media/G9dI2SabgAAgIoZ.jpg,,in,,0,0,0,https://x.com/undefined/status/2006152264801456555,1974474370514112513,
2005926892226933078,2025-12-30 23:38:25+00:00,0,@tanyarlfes Qoutes dr mantan wapres bentuk kritikan buat program MBG kwowkwoowkw yang cuman bisa ngehasilin TAI,2006147893971820746,,tanyarlfes,in,,0,0,0,https://x.com/undefined/status/2006147893971820746,1476884144588132354,
2006139104623251592,2025-12-30 23:03:29+00:00,0,Melalui program MBG negara hadir memastikan setiap anak Indonesia mendapatkan asupan gizi yang layak untuk tumbuh sehat cerdas dan bersemangat belajar #PenuhiGiziIndonesia https://t.co/o7bLWTA3RU,2006139104623251592,https://pbs.twimg.com/media/G9c8QGxbUAAw_RF.jpg,,in,,0,0,0,https://x.com/undefined/status/2006139104623251592,1965018398703951872,
2006139048243450198,2025-12-30 23:03:16+00:00,0,Pemerintah senantiasa mendorong sinergi antar berbagai pihak dalam rangka memastikan Program MBG memberikan kualitas terbaik bagi anak bangsa. #PenuhiGiziIndonesia https://t.co/obtnLeG6Tm,2006139048243450198,https://pbs.twimg.com/media/G9c8NcfaYAECRDD.jpg,,in,,0,0,0,https://x.com/undefined/status/2006139048243450198,1965018398703951872,
2006133835369521283,2025-12-30 22:42:33+00:00,0,Bahkan Lembaga Kepolisian pun Tak Ketinggalan BERBISNIS MBG BENALU ! SEMOGA akhir Pemerintahan Prabowo adalah Akhir Program MBG...,2006133835369521283,,,in,,0,0,0,https://x.com/undefined/status/2006133835369521283,351134369,
2005893447715283410,2025-12-30 22:26:53+00:00,0,@Zeefire02 Stop MBG. Program yg tdk tepat sasaran dan tidak tepat guna. Program yg setengahnya bersifat Mubazir..,2006129894997078067,,Zeefire02,in,,0,0,0,https://x.com/undefined/status/2006129894997078067,1639049149864882178,
2006106130070573320,2025-12-30 20:52:27+00:00,0,Udah bener ahli gizi gak dilibatkan di program mbg. Skrg ahli gizi dipertanyakan kapasitasnya,2006106130070573320,,,in,,0,0,0,https://x.com/undefined/status/2006106130070573320,946825349744041984,
2006097624945025038,2025-12-30 20:18:39+00:00,0,Ajng ternyata produk ini yg di kritik. diproduksi di chin* adalah salah satu tanda gagalnya program MBG ,2006097624945025038,,,in,,0,0,0,https://x.com/undefined/status/2006097624945025038,1889486523109875712,
2006096078936875479,2025-12-30 20:12:32+00:00,2,2. Segudang janji omon2. Sekolah gratis dan PTN gratis saja gak jalan. Yang ada PTN makin mahal. Kenapa? 344 T dari 665 T anggaran pendidikan dipakai untuk MBG. #PresidenOmon2Turunlah MBG itu program kampanye Prabowo Gibran 2029. Mencuri #PresidenOmon2Turunlah,2006096085304107238,,ArtaN7707,in,,0,0,4,https://x.com/undefined/status/2006096085304107238,1604064608913723394,
1885357475110805939,2025-01-31 23:31:31+00:00,0,@raihanaulia_rar wajar banyak efek domino dari pemangkasan anggaran dari MBG ,1885470999870922773,,raihanaulia_rar,in,,0,0,0,https://x.com/undefined/status/1885470999870922773,858133348383768576,
1885308151798653285,2025-01-31 23:28:57+00:00,1,@dbrahmantyo @Outstandjing MBG pun kalo memfungsikan warteg atau kantin biar naik kelas juga bagus. Tapi kan tau sendiri kalo ada cara susah kenapa cari yg gampang,1885470354044575893,,dbrahmantyo,in,,0,1,0,https://x.com/undefined/status/1885470354044575893,858133348383768576,
1884788735239221608,2025-01-31 23:03:37+00:00,0,@tanyarlfes jujur gada urgensinya mbg ini kcuali prioritasnya buat pelosok okelah gua takut krna gada anggaran lgi pembukaan cpns di moratorium huh kesal,1885463980556378506,,tanyarlfes,in,,0,0,0,https://x.com/undefined/status/1885463980556378506,1619651826034548737,
1885320499829629395,2025-01-31 22:56:03+00:00,741,@CNNIndonesia Pak @fadlizon MBG itu harusnya tidak perlu tender salurkan saja lewat dana bos kemudian komite sekolah dan kantin sekolah yg melaksanakannya. Pemerintah dan bada gizi siapkan saja pendamping dan tim gizinya saja. Simple dan gak ribet. Kalau gak tersalur saya pastikan.....,1885462076170395677,,CNNIndonesia,in,,2,23,34,https://x.com/undefined/status/1885462076170395677,1604299943476219904,
1885325105120895279,2025-01-31 22:52:07+00:00,0,@sayaprosesor Kena banyak ternyata ya wkwkwk Emang fokusnya di MBG. 71T ga kena efisiensi. Pdhal masih banyak sekolah yg jelek. Fasilitas pembelajaran belum bagus. Misal lapangan olahraga lab komputer lab IPA dkk.,1885461083898692071,,sayaprosesor,in,,0,0,0,https://x.com/undefined/status/1885461083898692071,1117952889660399616,
1885333168766804421,2025-01-31 20:44:43+00:00,5,@CNNIndonesia Pagar laut bambu saja sdh bermasalah dan jadi keributan ini mau ditambah giant sea wall. MBG aja duitnya ga cukup lalu motong anggaran sana sini lalu yg ini duit dr mana. Dari sekian politisi HANYA Hashim yg gencar ngomong ttg ini. Jadi curiga ,1885429025839198393,,CNNIndonesia,in,,0,0,0,https://x.com/undefined/status/1885429025839198393,705035914364387328,
1885424968215015523,2025-01-31 20:28:36+00:00,0,Tebakan: 1. MBG mengajak orang tua menyekolahkan anaknya. Yang udah kaya dan mampu anaknya tambah asupan. Sekalian jadi uji coba makanan apa yang paling cepet ningkatin perkembangan anak sekolah.,1885424968215015523,,,in,,0,1,0,https://x.com/undefined/status/1885424968215015523,1172835416778498048,
1895621381402083720,2025-02-28 23:45:30+00:00,0,Coba itu duit dipake yg bener pasti masyarakat hidup Makmur. Blm lagi jumlah korupsi yg dilakuin per individu dan dana pemerintah. Bukan bagi2 MBG lagi tapi bagi2 rumah gratis kata gua,1895621381402083720,,,in,,0,0,0,https://x.com/undefined/status/1895621381402083720,749029290734301184,
1895409911473054102,2025-02-28 22:37:56+00:00,1,@ARSIPAJA Habisin anggaran aja retret isinya cuma fun2 aja kek gathering. Urus tuh pertamina sritex mbg ikn fot estet fufufafa,1895604374074007880,,ARSIPAJA,in,,0,0,0,https://x.com/undefined/status/1895604374074007880,1385342895511666691,
1895353943066374203,2025-02-28 21:42:00+00:00,0,@BosPurwa Blm tentu dapet MBG jg anaknya. Kan blm semua sekolah dapet.,1895590297809408503,,BosPurwa,in,,0,0,0,https://x.com/undefined/status/1895590297809408503,1181009883409215488,
1879882582189625712,2025-02-28 21:07:07+00:00,1,@syahru62413 @hnirankara ya emang maunya disuapin sama MBG itu kak tapi kegocek yang sekolah-sekolah aja ,1895581519353430083,,syahru62413,in,,0,0,0,https://x.com/undefined/status/1895581519353430083,1491761245904867330,
1895402186471006516,2025-02-28 20:45:49+00:00,0,@Epricila10 Krn gak bisa kerja udah aja sehari2nya kampanye cari muka buat 2029. Sambil nunggangin MBG dari sekolah ke sekolah. Yg penting datangin kerumunan massa. Gitu aja kok engak paham.,1895576159720718378,,Epricila10,in,,0,0,0,https://x.com/undefined/status/1895576159720718378,1603515715889139712,
1895516064794259725,2025-02-28 20:38:49+00:00,1,@AgusYudhoyono @prabowo @SBYudhoyono @jokowi Biaya makan kudanya apa juga 10rb ky MBG ya?,1895574398935130608,,AgusYudhoyono,in,,0,0,0,https://x.com/undefined/status/1895574398935130608,2170405122,
1906846276374954430,2025-03-31 23:56:37+00:00,0,@g_afnan345652 MBG buktikan gizi seimbang adalah hak yang harus dirayakan bersama,1906858200651149314,,g_afnan345652,in,,0,0,0,https://x.com/undefined/status/1906858200651149314,1613846724610752514,
1906785655503667488,2025-03-31 19:08:21+00:00,9721,https://t.co/AwjAmkmjPw Kembalikan pendidikan kepada Guru dan Dosen Kembalikan MBG kepada Ahli Gizi dan Ahli Nutrisi. Semua omongan ferry kali ini terlalu utopis. Jujur aku merasa jijik dengan omongan merit sistem yang ga diimbangi dengan How To ,1906785655503667488,,,in,,493,460,1805,https://x.com/undefined/status/1906785655503667488,1397729807564111873,
1905632164273946778,2025-03-31 15:31:36+00:00,0,@hansssolo 'Makan siang' yg gratis itu cuma MBG. Kalau 'Makan siang' sm Lisa gratis gak?,1906731110203056527,,hansssolo,in,,0,0,0,https://x.com/undefined/status/1906731110203056527,1718979126617583616,
1906724899580006756,2025-03-31 15:29:45+00:00,0,lu udah GAK BISA Investigasi Kasus apapun - seperti CORETAX @DitjenPajakRI - MBG Makan Bergizi Gratis - Kasus PoIisi / TNI - DLL Termasuk Contet Creator - Buka SkinCare Palsu - Masa lalu akun fufufak - dan Masa lalu Akun / mantan pejabat seperti @ridwankamil atau @jokowi,1906730642189975728,,clawhs02,in,,0,1,0,https://x.com/undefined/status/1906730642189975728,1509984794968731648,
1906177058096492828,2025-03-31 14:55:39+00:00,0,@KompasTV Sepertinya program MBG pak @prabowo bisa menjadi inisiasi membentuk sebuah forum internasional baru nih...,1906722061986439491,,KompasTV,in,,0,0,0,https://x.com/undefined/status/1906722061986439491,996658803167772673,
1906722011038310423,2025-03-31 14:55:27+00:00,0,hebat! Gerakan MBG bikin dunia lebih peduli sama gizi https://t.co/XRTwB1DC5D,1906722011038310423,https://pbs.twimg.com/media/GnYJjtPbMAAKn7R.jpg,,in,,0,0,0,https://x.com/undefined/status/1906722011038310423,2274166549,
1906534463284428992,2025-03-31 14:52:06+00:00,0,@prabowo Dimaafkan kalo: 1. penjarakan Jokowi 2. Pecat Gibran fufufafa 3. Pecat Raja Juli 4. Pecat Budi Arie 5. Pecat Widiyanti Putri 6. Hapuskan wamen dan stafsus 7. Kembalikan TNI ke barak 8. Polisi dibawah kemenhan 9. Ciptakan kabinet ramping 10. Hapus program MBG. fokus pendidikan.,1906721166909403343,,prabowo,in,,0,0,0,https://x.com/undefined/status/1906721166909403343,1511948926999732224,
1906720127716077876,2025-03-31 14:47:58+00:00,0,Setelah nonton Top Issue di Metro TV ada seorang pengamat yang pesimis dan mengkritik program MBG. Padahal ada loh anak yang kurang mampu atau ngga dibikinin sarapan sama ortunya tiap pagi. Padahal ini demi siswa juga supaya konsentrasi belajar!,1906720127716077876,,,in,,0,1,0,https://x.com/undefined/status/1906720127716077876,1229150657350782976,
1906719016661721592,2025-03-31 14:43:33+00:00,0,Program MBG di Papua bermanfaat untuk meningkatkan kesehatan anak cegah stunting dan ekonomi lokal Selamat Lebaran Teddy Minal Taqabbalallahu Minna Wa Minkum Mohon Sejak Ramadhan Tante Plat B Rp 14.460 Telat 25 Rp 0 Opor Pemalang Gerak DANA Kaget KSAL pakyandrisusanto Jumbo https://t.co/J2zQtpoD7t,1906719016661721592,https://pbs.twimg.com/ext_tw_video_thumb/1906718953499705344/pu/img/l7OODOkj2Mo3U02g.jpg,,in,,0,0,0,https://x.com/undefined/status/1906719016661721592,215612190,
1917069978085523718,2025-04-30 23:44:08+00:00,1,@txtdrimedia Innalillahi Wa'innalillahirojiun.. harusnya Badan Gizi Nasional Dan kroni2 yg berrnaung dibawah yayasan yg kelola MBG itu suruh pantau Dan coba menu makanannya..sekarang tugas guru/ Pendidik/ kepsek makin berat Dan beresiko tinggi.. gebkeg yg kelola MBG.anjrit,1917726697522356424,,txtdrimedia,in,,0,0,0,https://x.com/undefined/status/1917726697522356424,1767133841284849664,
1917496695165722740,2025-04-30 23:30:31+00:00,2,@kentwangoreng @SeokjinNmaknae @erightta @aspirinpadang @tanyarlfes Halah halah. MBG aja pusing pemerintah sama aturan teknis &amp; prosedur teknis nya belum lagi masalah anggaran. 60.3% penduduk Indonesia itu miskin berdasarkan standar Bank Dunia. Mau ambil utang luar negeri buat mimpi basah kebencian kamu buat org miskin?,1917723270482387352,,,in,,0,1,0,https://x.com/undefined/status/1917723270482387352,1767808985263128576,
1917720667086283220,2025-04-30 23:20:11+00:00,0,Dibagikan di acara danantara saja pak mbg nya sebelum turun ke anak2 sekolah kan efisiensi @prabowo,1917720667086283220,,,in,,0,0,0,https://x.com/undefined/status/1917720667086283220,2234301799,
1917567180993941718,2025-04-30 22:34:43+00:00,0,@tanyakanrl Meskioun gw lagi kesel sama pemerintah ya. Sebenarnya MBG ini bagus sama seperti banyak negara lain sekolah negerinya ada MBG juga. Cuma masalahnya korupsi indonesia ini udah super burik dari atas sampai bawah. Makanya pelaksanaannya kacau balau.,1917709225050136644,,tanyakanrl,in,,0,0,0,https://x.com/undefined/status/1917709225050136644,1714576449737531392,
1917676919006585320,2025-04-30 20:26:20+00:00,9,stunting udh sering bgt digalakkan edukasinya. pemerintah volunteer sampe anak kkn. tapi sampe skrg angka nya blm turun ke target yg diharapkan. MBG ada jg gara2 pengen cegah stunting kan. jadi edukasi aja gak cukup.,1917676919006585320,,,in,,2,0,0,https://x.com/undefined/status/1917676919006585320,1080377404709777408,
1917200062100443156,2025-04-30 20:21:27+00:00,1,@Gitsuune @monohime_ Gw bukan pendukung Anies justru program2 Prabowo bukan lagi ngawang malah bacot dewa seperti MBG dan progam lainya hilirisasi dan dari awal debat gak ada isinya apalagi teknisnya lantas dmn taktisnya cmn bacot dewa sepertinya Lo termasuk bipolar bro?,1917675687844143140,,,in,,0,0,0,https://x.com/undefined/status/1917675687844143140,2686157473,
1917673701279162501,2025-04-30 20:19:14+00:00,2,Just stop selain incel gw juga benci classist. BOTH KILLS MINORITIES AT SOME EXTENT YOU ALL ARE FUCKING DUMB. Banyak alternatif kebijakan buat ngurangin kemiskinan tapi lu pilih vasektomi? ini mah kayak pilih MBG buat mengurangi gizi buruk. Dan lu pada benci Prabowo? how cute.,1917675132434415740,,camelotutopia,in,,0,0,0,https://x.com/undefined/status/1917675132434415740,1364800096945065987,
1917410106918269226,2025-04-30 19:13:52+00:00,10,@Yakisobakso MBG gak ada korelasinya dengan penanggulangan dan pencegahan stunting tapi tetep digodok sama prabowo. Pemerintah gak perlu korelasi untuk bikin kebijakan. Lagian Poinnya bukan di situ. Poinnya adalah sekali negara masuk ranah privat mereka gak akan berhenti.,1917658678733463602,,Yakisobakso,in,,0,1,1,https://x.com/undefined/status/1917658678733463602,1276207574694498304,
1917632535607005195,2025-04-30 17:29:59+00:00,0,MBG di sekolah-sekolah Papua teruji dapat cukupi gizi generasi masa depan demi raih cita-cita gemilang! #papuaindonesia #Papuadamai #opmpapuabiadab https://t.co/A3HfJtW041,1917632535607005195,https://pbs.twimg.com/media/GpzMnwRW0AArPF5.jpg,,in,,0,0,0,https://x.com/undefined/status/1917632535607005195,1708392427076087808,
1927667056482378065,2025-05-31 23:58:14+00:00,0,@leeannindonesia @EliasDipo @InvestorID @prabowo Untuk pemetaan penerima seperti ini butuh waktu panjang dan belum lagi ada daerah yang ngiri karena tidak dapat MBG.Lanjutkan MBG,1928964269216858378,,leeannindonesia,in,,0,1,0,https://x.com/undefined/status/1928964269216858378,1725661893698912256,
1927667056482378065,2025-05-31 23:51:41+00:00,0,@EliasDipo @InvestorID @prabowo Dari konsep juga sudah kacau. Kenapa MBG diberikan pada anak2 sekolah tanpa seleksi? Apa sebenarnya tujuan MBG? Kalau utk mengurangi kurang gizi kenapa tidak scra selektif? Mungkin daerah tertentu saja. Atau lbh baik lg cari akar masalahnya dulu.,1928962620607901880,,EliasDipo,in,,0,1,0,https://x.com/undefined/status/1928962620607901880,260675103,
1928957433986297994,2025-05-31 23:31:05+00:00,6,Badan Gizi Endus Ada Mitra Semena-mena Katrol Harga Bahan MBG https://t.co/7smNeKH0ys,1928957433986297994,,,in,,0,4,1,https://x.com/undefined/status/1928957433986297994,17128975,
1928762954016764288,2025-05-31 23:30:54+00:00,1,@OposisiOjol @Ndons_Back @prabowo @are_inismyname @florieliciouss @BANGSAygSUJUD @99propaganda @Kimberley_PS08 @DarekaRendy @bengkeldodo Sudah ditangani. Bersyukur tidak ada korban jiwa. Lu tidak mau MBG? tolak saja. Gampang kok. Gitu saja kok repot,1928957390130454822,,OposisiOjol,in,,0,1,0,https://x.com/undefined/status/1928957390130454822,1348987504985133057,
1928637643505455266,2025-05-31 23:09:15+00:00,0,@GenZNusantara Presiden Prabowo nyatain dukungannya buat anak bangsa lewat 1.000 dapur MBG,1928951939603034543,,GenZNusantara,in,,0,0,0,https://x.com/undefined/status/1928951939603034543,1696718885024940032,
1928653879920701934,2025-05-31 22:45:20+00:00,1,@fatimah_rusalka @PreciosaKanti @ErickFrontier1 Ga ada keknya. Atau lebih tepat karena jika di brekdown spp 150rb makan 10k/hari 100k utk air listrik dll.. Sepertinya sulit utk bikin standar gizi dgn budget 10rb dibagi 3 x makan per hari. Btw pertanyaan bagus tar sy forward ke ustadz. Thx MBG? Yg negri aja blm semua kena,1928945921934442783,,,in,,0,0,0,https://x.com/undefined/status/1928945921934442783,263468311,
1928074625331728608,2025-05-31 22:03:15+00:00,0,@zakaria_0810 @Dimsumgoreng2 @Jae_dya22 @PraharaTemaram @tanyakanrl Jatah snack 17x lipat anggaran 1x MBG. Katanya semua2 kena efisiensi?Udah gila manusia2 ini emg udh butuh dihukum bukan diingetin lagi. https://t.co/MjliNgruva,1928935331585216966,,zakaria_0810,in,,0,1,0,https://x.com/undefined/status/1928935331585216966,395329009,
1939670576421044235,2025-06-30 23:13:12+00:00,0,@bloemenbloeien @txtdaritax Emang MBG ada kembang 7 rupanya apa kak kok kayak sajen? Mungkin yang tidak standar BGN itu inisiatif SPPG selama libur sekolah ini saja.Lanjutkan MBG,1939824568660795619,,bloemenbloeien,in,,0,1,0,https://x.com/undefined/status/1939824568660795619,1725661893698912256,
1939149611199090878,2025-06-30 22:29:30+00:00,0,@WagimanDeep212_ Mungkin u para jin yg ada di sekolah.MBG jadi sesajen,1939813571342606649,,WagimanDeep212_,in,,0,3,0,https://x.com/undefined/status/1939813571342606649,1755847196912861184,
1939557746464198689,2025-06-30 22:24:00+00:00,9,@DS_yantie Gimana mereka mau buat kecerdasan buatan kalo mereka sendiri gak cerdas? Gimana MBG bisa menuhin kebutuhan gizi kalo adanya makanan basi? ,1939812189940195727,,DS_yantie,in,,0,7,1,https://x.com/undefined/status/1939812189940195727,1267940786991099905,
1939798852296745264,2025-06-30 22:18:34+00:00,0,@CNNIndonesia Hapuskan MBG. Dananya bisa utk sekolah gratis sesuai amanat konstitusi. @Gerindra @prabowo @officialMKRI,1939810821556875544,,CNNIndonesia,in,,0,10,1,https://x.com/undefined/status/1939810821556875544,3235224685,
1939111578659438870,2025-06-30 19:53:52+00:00,0,@cint_aNKRI @daragibran @ARSIPAJA Mending stop aja mubazir. MBG makan bergizi? ini desokalah kampung aja gak pada dimakan yg mereka makan dirumah lebih enak.,1939774405342818697,,cint_aNKRI,in,,0,0,0,https://x.com/undefined/status/1939774405342818697,1248506400977735680,
1939731631943897358,2025-06-30 17:03:54+00:00,0,dibilang underwear harusnya ada keringanan biaya anjggg mbg (mendapat bra gratis),1939731631943897358,,,in,,0,0,0,https://x.com/undefined/status/1939731631943897358,1344534306937401346,
1939728420893856190,2025-06-30 16:51:08+00:00,0,MBG bantu penuhi kadar gizi anak #PenuhiGiziIndonesia https://t.co/x9ASD8gVYx,1939728420893856190,https://pbs.twimg.com/media/GutMto-boAc6qCG.jpg,,in,,0,0,0,https://x.com/undefined/status/1939728420893856190,1882667125250363393,
1939728386559287332,2025-06-30 16:51:00+00:00,0,Makan siang gratis langkah kecil demi kemajuan besar bangsa kita MBG Penuhi Gizi #PenuhiGiziIndonesia https://t.co/IkpghERB4L,1939728386559287332,https://pbs.twimg.com/media/GutMruzboAQ-FkJ.jpg,,in,,0,0,0,https://x.com/undefined/status/1939728386559287332,1882667125250363393,
1939111578659438870,2025-06-30 16:35:33+00:00,0,@habibahthahir @ARSIPAJA ya begitulah presiden kita harusnya dia juga mikir kan yaa gimana mbg kedepannya soalnya itu jangka panjang selama 4 tahun masa ga mikirin yaa dananya dari mana sampe ngorbanin anggaran lain,1939724499416752357,,habibahthahir,in,,0,0,0,https://x.com/undefined/status/1939724499416752357,1448966568419856385,
1950738187644449251,2025-07-31 23:23:01+00:00,3,@Ama_xxii @ARSIPAJA @prabowo Satu lagi semoga dia dia jga yg nanti cabut MBG berharap bgt ini ,1951061064667505009,,Ama_xxii,in,,0,1,0,https://x.com/undefined/status/1951061064667505009,1395065798,
1950860296492360149,2025-07-31 22:26:36+00:00,0,@VIVAcoid Coba stop MBG lihat apa kehadiran siswa akan turun.? Mereka sekolah pingin pintar bukan pikin dapet makan gratis.,1951046867250229319,,VIVAcoid,in,,0,0,0,https://x.com/undefined/status/1951046867250229319,1802546158952460288,
1950920546910351837,2025-07-31 21:49:22+00:00,0,@kumparan Gak ada makan siang gratis termasuk MBG. Moon maap ni tp sebaiknya kita pantau dulu perkembangannya. Banyak kemungkinan yg bisa kejadian setelah ini. ,1951037496713945345,,kumparan,in,,0,0,0,https://x.com/undefined/status/1951037496713945345,1387866450623229952,
1950463968394592505,2025-07-31 21:09:53+00:00,0,@LoveUsayank @benjaminskod @M45Broo_ mustahil bansos aja dikorup drpd ngasih makan mending turunin harga sembako aja tuuu. ini mah pihak katering ga dibayar makanannya ga layak ga semua sekolah dapat malah sekolah elit yg dapat mbg bjirrr wkwk,1951027562324595102,,kekasihNanaJuy,in,,0,0,0,https://x.com/undefined/status/1951027562324595102,500428027,
1950734474062491761,2025-07-31 20:45:12+00:00,0,@WagimanDeep212_ Kalo buat yg berkualitas(sehat-bergizi) mmg begitu bieb tapi kalo ala kadarnya(yg penting MBG) ya tahu sendiri lah ,1951021350497484937,,WagimanDeep212_,in,,0,0,0,https://x.com/undefined/status/1951021350497484937,1544242115508457473,
1950986985738477728,2025-07-31 18:37:46+00:00,0,Replynya juga pada gak main logikanya apa gimana dah... Emang iq negara ini rendah sekali... Goblok lu @prabowo malah bikin mbg bukannya permudah dan perkuat akses pendidikan liat nih pada bego ngertiin film romance bumbu 1sdt sci-fi aja pada gak bisa,1950989281272668525,,sarangyewon,in,,1,0,0,https://x.com/undefined/status/1950989281272668525,1394678477664579586,
1950843885846143203,2025-07-31 17:06:06+00:00,0,@ARSIPAJA Prabowo 🇮🇩 ngerti bahwa kedaulatan pangan itu mulai dari hal sekecil ini. Dukung MBG dukung Indonesia berdiri di kaki sendiri.,1950966211531120814,,ARSIPAJA,in,,0,0,0,https://x.com/undefined/status/1950966211531120814,1736799370824040448,
1962298208488681509,2025-08-31 23:35:25+00:00,0,padahal eksekutif juga bermasalah kebijakan gak jelas tp makan banyak anggaran (langsung sebut merk : MBG yg makan 40% lebih anggaran pendidikan kek apaan shibal) efisiensi yg malah bikin pajak daerah naik bcs dana alokasi ke daerah dikit,1962298208488681509,,,in,,0,0,0,https://x.com/undefined/status/1962298208488681509,1475907618531020803,
1962187001144438919,2025-08-31 23:17:56+00:00,0,@umaminiyuw Kocak lebih mentingin mbg dri si endut dripada keamanan murid sendiri . Stay safe niyuu,1962293809368428640,,umaminiyuw,in,,0,1,0,https://x.com/undefined/status/1962293809368428640,1955952979246481408,
1962138787120869439,2025-08-31 23:08:12+00:00,2,@SenopatiDiAnno @0pposite689O Prabowo jongos nya jokowi koalisi gelap yg menang Pilpres karena curang &amp; Prabowo enjoy and happy just to be a president dengan fasilitas lifestyle seperti Raja .Wowi sehidup semati untuk rakyat endasmu.keduanya kriminal demokrasi perusak konstitusi IKN MBG endas mu,1962291360968708590,,SenopatiDiAnno,in,,0,0,1,https://x.com/undefined/status/1962291360968708590,1647761274661670912,
1960904307492184191,2025-08-31 22:52:48+00:00,0,@maanaa_taahaan @Syarman59 @DPR_RI @ZUL_Hasan @prabowo Kocak bro ..anggaran sdh diluncurkan ke Badan Gizi Nasional utk progam MBG bro...nah mulai dari disini ada dimana oknum tsb menyalahgunakan kewenangannya bro,1962287482986491926,,maanaa_taahaan,in,,0,1,0,https://x.com/undefined/status/1962287482986491926,1077303984065368064,
1960904307492184191,2025-08-31 22:45:19+00:00,0,@maanaa_taahaan @Syarman59 @DPR_RI @ZUL_Hasan @prabowo Kocak bro ..progam MBG menunjukkan kehadiran pemerintah/hadir ditengah2 masyarakat rakyat Indonesia &amp; peduli thd rakyatnya sdngkan ada makan beracunnya gw katakan memang ada oknum yg tdk bertanggung menyalahgunakan kewenangannya bro,1962285601077817416,,maanaa_taahaan,in,,0,4,0,https://x.com/undefined/status/1962285601077817416,1077303984065368064,
1972518699262419366,2025-09-30 23:59:00+00:00,0,@txtdrimedia Lebih jahat mana pak jika MBG menghilangkan nyawa anak-anak murid sekolah?,1973175780856500577,,txtdrimedia,in,,0,0,0,https://x.com/undefined/status/1973175780856500577,1201814817993945089,
1972915513199395016,2025-09-30 23:58:01+00:00,0,@bbonoyya @AnggiCartwheel aku baca dari mba Kalis sekolah islam swasta di jogja apa jawa tengah ya mau ditutup dapur sekolah yang udah nyediain makanan puluhan tahun jauh sebelum mbg mereka udah praktekin itu. berkali2 disamperin sampe terakhir bawa aparat dan akhirnya terpaksa ditutup buat terima mbg,1973175532956368936,,bbonoyya,in,,0,3,0,https://x.com/undefined/status/1973175532956368936,1203139003723051010,
1973040564456358103,2025-09-30 23:56:29+00:00,0,@flnnch coba km makan MBG bun kayanya kamu kurang gizi saking ga ngerti konsep gagal MBG yang bermasalah itu,1973175147369734438,,flnnch,in,,0,0,0,https://x.com/undefined/status/1973175147369734438,1221054287003807746,
1972965039108985291,2025-09-30 23:55:57+00:00,0,@indahtobrut_ @niwseir Berdasarkan sumber terverifikasi ya benar. Dapur MBG Gedong di Pasar Rebo Jaktim dikelola Yayasan Ameena Mulya Indonesia. Pembina: Hj. Sri Mulyani &amp; H. Bambang Tri Mulyono. Ketua: Ponidi. Bambang Tri dikenal sebagai kritikus Jokowi &amp; pendukung Prabowo.,1973175013902799061,,tobrutt___,in,,0,0,0,https://x.com/undefined/status/1973175013902799061,1720665183188922368,
1972998534401237104,2025-09-30 23:55:34+00:00,0,@somexthread Daripada mbg mending sekolah tuh dibagusin banyakin buku n fasilitas gaji guru yg layak biar semangat n kreatif ngajarnya.,1973174917433794679,,somexthread,in,,0,0,0,https://x.com/undefined/status/1973174917433794679,1667203146,
1973014200437096562,2025-09-30 23:55:20+00:00,0,@MariaAlkaff_ Kalau begitu infonya akhirnya MBG akan menjadi Makan Gratis di Sekolah MGS,1973174859132969216,,MariaAlkaff_,in,,0,0,0,https://x.com/undefined/status/1973174859132969216,553451866,
1973174133975556340,2025-09-30 23:52:27+00:00,0,I told my sister to stop eating mbg itu juga baru sekali jir di sekolah dia bru percobaan but i think anticipatory measures are better with her condition,1973174133975556340,,,in,,0,0,0,https://x.com/undefined/status/1973174133975556340,1444517215198347264,
1972998534401237104,2025-09-30 23:50:31+00:00,0,@somexthread Ya bener lah kata ibunya ya gausah anak mereka yg mampu dikasi mbg mending noh liat disekolah2 kecil pelosok disini aja sekolah sd belom dapet mbg.,1973173645246865890,,somexthread,in,,0,0,0,https://x.com/undefined/status/1973173645246865890,1104487007839895553,
1973043750185390236,2025-09-30 23:46:19+00:00,3,@Metro_TV Seharusnya yang disediakan makan para pejabat dengan anggaran / porsinya 15000 buat 1 orang pejabat Jadi setiap kantor² bisa dibangun dapur² MBG,1973172589146284150,,Metro_TV,in,,0,0,0,https://x.com/undefined/status/1973172589146284150,1711902310367105024,
1973172343200686277,2025-09-30 23:45:21+00:00,2,Kemarin Agustus Kelabu dipicu oleh meninggalnya seorang ojol. Tebakanku geger berikutnya akan dipicu oleh meninggalnya seorang siswa karena MBG,1973172343200686277,,,in,,0,1,0,https://x.com/undefined/status/1973172343200686277,1410947741241405440,
1973093030384345354,2025-09-30 23:43:32+00:00,0,@CNNIndonesia Ketololan Nasional jika Guru yang icip MBG harus nya oleh staf BGN dan pengelola SPPG agar anak murid Selamat @DPR_RI @KemensetnegRI @KejaksaanRI @AhliKapolri @OmbudsmanRI137,1973171887640625244,,CNNIndonesia,in,,0,0,0,https://x.com/undefined/status/1973171887640625244,2153969821,
1973154696706793641,2025-09-30 23:39:52+00:00,1,@bangherwin Maklum presidennya ga pernah main ke sekolah pas MBG jalan. Ga kuat jalan jadi nyuruh wapresnya pun salah kaprah malah ga punya etika maunya dilayani. Kalian yg pelayanan harusnya melayani rakyat! Jangan keluar istana cuma pengen diajak kulineran,1973170965191536699,,bangherwin,in,,0,0,0,https://x.com/undefined/status/1973170965191536699,1924297145710202880,
1984121953272180965,2025-10-31 23:27:34+00:00,0,@tanyakanrl Jangan dipublish orang dr istana kalo liat ini bisa ngide buat MBG anggaran 5000 perak,1984401895457505573,,tanyakanrl,in,,0,0,0,https://x.com/undefined/status/1984401895457505573,1880235460687212544,
1984109902567240173,2025-10-31 23:22:48+00:00,1,@ZoneVenomWar Di IG sekolah anakku ada konten tema MBG: Hari ini hari apa | Hari ulangtahun Pak Prabowo! | Selamat Ulang Tahun Pak Prabowo!! | Terimakasih Pak Prabowo! Musik jedak-jeduk ,1984400692380123361,,,in,,0,0,0,https://x.com/undefined/status/1984400692380123361,1528618615,
1984396893569630429,2025-10-31 23:07:42+00:00,0,Kepala BGN dapat nilai 8 dari Prabowo Subianto berkat penyaluran MBG https://t.co/OkxCDWZ3b9,1984396893569630429,https://pbs.twimg.com/media/G4n-dUtbYAAZw8e.jpg,,in,,1,0,0,https://x.com/undefined/status/1984396893569630429,714238358332051456,
1984393637321719917,2025-10-31 22:54:46+00:00,0,seneng bgt lihat komitmen Polri utk pastiin mutu MBG support presiden Prabowo full! Ini yang rakyat harapkan sinergi &amp; kerja nyata bersama. Go Polri https://t.co/6c7M8nB0Ho,1984393637321719917,https://pbs.twimg.com/ext_tw_video_thumb/1984393569030062081/pu/img/JNPRPqhUTOb4O9PH.jpg,,in,,0,0,0,https://x.com/undefined/status/1984393637321719917,174141436,
1984065785925661095,2025-10-31 22:49:42+00:00,3,@levoski80 @Indonesiaguyub @txtdrimedia Ga ada penghangat makanan di dapur MBG SOPnya makanan selesai dimasak didinginkan 1-2 jam baru dikemas di foodtray segera kirim maks 30 menit stlh foodtray ditutup Sp sekolah dimakan dlm waktu maks. 3 jam sjk foodtray tiba Bukan restoran yg nungguin customer datang pesan makan,1984392364300066962,,levoski80,in,,0,1,0,https://x.com/undefined/status/1984392364300066962,50509502,
1983721803932688607,2025-10-31 22:45:37+00:00,1,@cnamnroll Butuh Ahli Gizi buat MBG di daerah Rancaekek..,1984391337807097867,,cnamnroll,in,,0,0,0,https://x.com/undefined/status/1984391337807097867,116392285,
1984389565206184018,2025-10-31 22:38:35+00:00,0,Mbg sebagai solusi peningkatan lapangan kerja dan memberikan gizi yg baik untuk anak2 Indonesia,1984389565206184018,,,in,,0,0,0,https://x.com/undefined/status/1984389565206184018,1687746496039628800,
1984213684995108992,2025-10-31 22:28:46+00:00,0,@JengkolRujak @hqelpful @prabowo @DPR_RI @PurbayaYudhi @kementerianpu Oh ya sy orang Bekasi Jabar bukan orang Seko tapi hati nurani sy gak terima klo jalan seperti di Seko dibiarkan gak diperbaiki juga karena buat MBG 1 T /hari gak masalah kenapa buat perbaikan jalan SEKO ko susah banget digelontorkan ini gak adil.,1984387096384324064,,JengkolRujak,in,,0,0,0,https://x.com/undefined/status/1984387096384324064,1846749067864625153,
1984203851990532498,2025-10-31 22:26:02+00:00,3,@bangherwin Itu makanan orang kelas menengah atas klo dia makan nasi pakek garam doang baru itu susah. Dia suruh cari berita dibelahan pulau kain ada anak sekolah trima MBG tp gk dia makan disekolah dia bawa pulang spy kluarganya ikut makan MBG juga itu baru namanya prihatin,1984386407344001375,,bangherwin,in,,0,0,0,https://x.com/undefined/status/1984386407344001375,830087634709942273,
1983719838418940010,2025-10-31 22:23:15+00:00,1,@GNFI Buat MBG 1 T /hari lancar jaya tapi buat bangun KRL Commuter Line Cikarang - Karawang +/- 1 5 T malah dicoret alasannya anggaran gak cukup ,1984385705909633460,,GNFI,in,,0,0,1,https://x.com/undefined/status/1984385705909633460,1846749067864625153,
1995265950254535003,2025-11-30 23:34:03+00:00,5,@mulkanjabariyan @prabowo @StopPlandemit @ch4o5Myth @SumandoGaek @GandarAntarkota @ranglasi @mamakchayank @MiraninonLita @SSENTAIBOYHERO Narasi IQ jg buatan mereka buat ngotak2in rakyat terutama netizen yg gampang terbuai. Sementara pembodohan nyata kualitas pendidikan tdk pernah benar2 dipedulikan mbg (yg gratis2 tp murahan cuma buat dapat simpati) digalangkan. Yg paham diberi gelar : teori konspirasi ,1995275161751400619,,mulkanjabariyan,in,,0,5,1,https://x.com/undefined/status/1995275161751400619,1501741769306021890,
1995057817993228702,2025-11-30 23:14:47+00:00,0,@noucampline Hey itu bantuan telat dateng posko pengungsian entah ada atau enggak karena anggaran buat itu semua diserap MBG,1995270311345021250,,noucampline,in,,0,0,0,https://x.com/undefined/status/1995270311345021250,1699961655625682944,
1995268111315161242,2025-11-30 23:06:02+00:00,16,PAGI INI KITA AWALI DENGAN KABAR BAIK‼️ Gerak cepat! Atas instruksi Presiden Prabowo total sudah 52 SPPG telah menyalurkan lebih dari 185 ribu paket MBG untuk korban banjir dan longsor. Distribusi dipercepat termasuk pengalihan dapur MBG di Aceh Sumut dan Sumbar demi https://t.co/vKJjjZRU62,1995268111315161242,https://pbs.twimg.com/ext_tw_video_thumb/1995268050921369600/pu/img/3sjtuiY9PY25p1C_.jpg,,in,,0,2,8,https://x.com/undefined/status/1995268111315161242,834268510939287552,
1995066774874984838,2025-11-30 22:55:15+00:00,0,@thisisnyanfams Anggaran nya kan dah habis di MBG.. ayok jogetin aja. Oke gass Oke gass,1995265396115685489,,thisisnyanfams,in,,0,0,0,https://x.com/undefined/status/1995265396115685489,1836761389232459776,
1994912395144335704,2025-11-30 22:47:02+00:00,0,@susno2g @PurbayaYudhi @KemenkeuRI @DitjenAnggaran @xMBGx @KPK_RI @tribunnews @Kemdikdasmen @KompasTV @tempodotco Dapur MBG langsung berikan ke sekolah seperti BOS Akan jauh lebih tepat sasaran kesehatan rasa dan minim korupsi,1995263326956527773,,susno2g,in,,0,0,0,https://x.com/undefined/status/1995263326956527773,2888080531,
1995121405411909907,2025-11-30 22:32:27+00:00,15,@CNNIndonesia 1 lgi pak @prabowo saat ini &amp; sebulan ke depan anak2kami tidk perlu &amp; tdk membutuhkn MBG inshaa Alloh kmi mampu memberi mrka makan siang bergizi.. Tolong pak Alihkan dulu anggaranya utk membantu saudara2 kami yg terkena bencana di Sumatera. Kami ingin membantu inilah caranya.,1995259657678631163,,CNNIndonesia,in,,0,1,0,https://x.com/undefined/status/1995259657678631163,1685166495729651715,
1995057817993228702,2025-11-30 22:28:53+00:00,0,@noucampline Belum lama berita menyiarkan agar dapur mbg kembali melayani ke sekolah2. Ya sejatinya nurani rakyat selalu bantu rakyat. Semoga prabowo ga pongah dan mau perbaiki tata kelola semuanya.,1995258759950778433,,imam_ferdiyanto,in,,0,6,0,https://x.com/undefined/status/1995258759950778433,351400155,
1995057817993228702,2025-11-30 22:24:55+00:00,0,@noucampline Itu karena kebaikan hati pengelola dapurnya bukan pemerintah mbg dari awal dirancang buat anak sekolah yang menyedot banyak anggaran termasuk dari basarnas dan lembaga penanggulangan bencana yang membuat mereka kesulitan merespon cepat ketika ada bencana.,1995257761974858076,,noucampline,in,,0,1,0,https://x.com/undefined/status/1995257761974858076,351400155,
1995253785195929886,2025-11-30 22:09:07+00:00,1,Aku pribadi nggak setuju. Lebih baik MBg programnya dihentikan saja atau diobservasi lbh lanjut dan diperbaiki sistemnya. Klo mau mengatasi stunting bisa upgrade posyandu sm perbaiki sektor ekonomi sehingga bahan pangan yg layak mudah dijangkau masyarakat.,1995253785195929886,,,in,,0,1,0,https://x.com/undefined/status/1995253785195929886,1166209102852153344,
1994956570330107912,2025-11-30 21:53:24+00:00,0,@BukanCepuuu @bil_nam72 @sharpandshark Otak Lu yg KOCAK!! MBG itu ptogram perbaikan gizi untuk anak2 &amp; jd salah sayu penggerak roda ekonomi didaerah. Namun jika keadaan bencna begini MBG bisa jadi dapur darurat membantu korban bencana. Karna infrastruktur Dapurnya sudah lengkap &amp; siap tanggap,1995249831158415725,,BukanCepuuu,in,,0,1,0,https://x.com/undefined/status/1995249831158415725,1603237585434075137,
1995249156257136640,2025-11-30 21:50:43+00:00,1,Pikirkan aja kek gini pemerintah lagi bingung gatau harus berbuat apa karena tahun lalu mereka melakukan pemotongan anggaran brutal tak terkecuali utk dana darurat bencana nasional. Mau menerapkan kebijakan kalo uangnya ga ada ya susah pak yaudah makan aja tuh MBG biar ga laper,1995249156257136640,,,in,,0,0,0,https://x.com/undefined/status/1995249156257136640,1404349328563458052,
1994912395144335704,2025-11-30 21:03:07+00:00,0,@susno2g @PurbayaYudhi @KemenkeuRI @DitjenAnggaran @xMBGx @KPK_RI @tribunnews @Kemdikdasmen @KompasTV @tempodotco Iya niy Bekelnya bw ke Sekolah bisa tukeran dg teman² yg lain Semoga bisa menjadikan semakin akrab bebas kekerasan Fisik dan Verbal Dan tidak Basi Gila aja utk MBG banyak yg masuk ke Pengelola² kaya yg mengelola Beberapa Yayasan. Dahal disetiap Rumah pasti ada Akhli Masaknya,1995237177522041021,,susno2g,in,,1,0,0,https://x.com/undefined/status/1995237177522041021,174453386,
2005468134518734852,2025-12-30 23:59:53+00:00,0,@lrstdw_ @sdenta Ini bergizi apanya anjing ga cocok disebut MBG juga,2006153299725029437,,lrstdw_,in,,0,0,0,https://x.com/undefined/status/2006153299725029437,1082069302268686338,
2006137783308673239,2025-12-30 23:49:53+00:00,0,@yusuf_dumdum @prabowo @Gerindra kalau pas liburan mbg di stop utk bayar cicilan mobil box gimana?,2006150781121056981,,yusuf_dumdum,in,,0,0,0,https://x.com/undefined/status/2006150781121056981,1823694812660555780,
2005970885891834124,2025-12-30 23:23:19+00:00,0,@intinyadeh Maksain banget mbg jelas2 ngga bergizi juga ,2006144096612602240,,intinyadeh,in,,0,0,0,https://x.com/undefined/status/2006144096612602240,171045712,
2006142584905711658,2025-12-30 23:17:19+00:00,0,Pemenuhan gizi yang seimbang untuk anak-anak sekolah ibu hamil ibu menyusui dan balita tidak akan dijeda karena proses tumbuh kembang tidak mengenal kata istirahat. Paket MBG tetap diberikan meski memasuki masa libur sekolah. Paket diberikan dalam bentuk kemasan tahan lama. https://t.co/C1CgiE3nTD,2006142584905711658,https://pbs.twimg.com/media/G9dACkzaYAAGxJe.jpg,,in,,0,0,0,https://x.com/undefined/status/2006142584905711658,1985302061173669888,
2006137821497548873,2025-12-30 22:58:23+00:00,0,Mbg jadi lahan korupsi pendukung presiden prabowo &amp; fufufafa gibran https://t.co/srBpWmQ99B,2006137821497548873,,,in,,0,0,0,https://x.com/undefined/status/2006137821497548873,1436663887982587910,
2006137783308673239,2025-12-30 22:58:14+00:00,529,MBG dirapel buat satu minggu tapi isinya seperti ini. Jadi ingat kata Dewan Pakar BGN Ikeu Tanziha. Harus bersyukur . Gw mau tanya nih kira2 yang begini dikorupsi atau gak pak? Rakyat kecil jgn dimainin trus nanti kualat. Cc @prabowo @Gerindra https://t.co/FH4weuauCZ,2006137783308673239,https://pbs.twimg.com/amplify_video_thumb/2006137741718024192/img/qW-rrR1DwCbp1hhb.jpg,,in,,17,91,230,https://x.com/undefined/status/2006137783308673239,2156465923,
2006137452122018236,2025-12-30 22:56:55+00:00,0,Kualitas sebusuk mungkin anggaran setinggi mungkin. Badjingan. Mbg lebih ke 'ngasih makan keluarga koruptor',2006137452122018236,,,in,,0,0,0,https://x.com/undefined/status/2006137452122018236,1366418980429197316,
2006137101322961016,2025-12-30 22:55:31+00:00,0,dilihat dari permasalahan gizi mbg ini kurang cocok diterapkan di sini indo punya beban ganda terkait malnutrisi gizi kurang banyak tapi yang gizi lebih bahkan obes juga gak sedikit eh sekarang malah dikasih kaya gini,2006137101322961016,,,in,,0,0,0,https://x.com/undefined/status/2006137101322961016,1661244548839010305,
2005484604040569085,2025-12-30 22:38:15+00:00,2,@sdenta MBG untuk 3 hari. Awalnya malah di keep sama yayasan sklh sampai januari tp wali murid pada protes jadinya dibagikan https://t.co/HQRh3BDvJl,2006132754841215433,https://pbs.twimg.com/media/G9c3GQvaYAAII36.jpg,sdenta,in,,0,0,0,https://x.com/undefined/status/2006132754841215433,3224110465,
2005903256619299324,2025-12-30 22:38:02+00:00,3,@raihanaulia_rar Kenyataan sih warga bisa gitu kalau ga di ajarin pemerintah gimana? Yg ngurusin narkibo sapa Yg ngurusin stunting sapa Yg buat kebijakan pendidikan sapa Lebih suka MBG drpd pendidikan gratis sapa? 58% kan? Ya udah nikmatin aja ga usah protes 58% emg gitu,2006132698323013930,,raihanaulia_rar,in,,0,1,0,https://x.com/undefined/status/2006132698323013930,354247384,
1885441385664569776,2025-01-31 23:54:38+00:00,0,@tekupla mari kita lihat hasil efisiensi karena ngotot mau MBG dulu,1885476819736158506,,tekupla,in,,0,0,0,https://x.com/undefined/status/1885476819736158506,2219512591,
1885312911129837627,2025-01-31 23:53:49+00:00,0,@CNNIndonesia Soalnya prioritasnya bukan lagi ikn tapi MBG Tapiiii lagi ampun dah ni tiga periode ini apa ga ada yang mau nengok nasib pendidikan warga indo semoga nyawa segar dibidang itu segera nampak,1885476610981453909,,CNNIndonesia,in,,0,0,0,https://x.com/undefined/status/1885476610981453909,1535984274,
1885475795067691226,2025-01-31 23:50:34+00:00,1,Mantap. Sambil kerja bisa asik lihat cucu kesayangan. Semoga kualitas MBG terjaga harga terjangkau.,1885475795067691226,,,in,,0,0,0,https://x.com/undefined/status/1885475795067691226,1348987504985133057,
1885475297342230548,2025-01-31 23:48:35+00:00,1,MBG yg katanya kasihan ada anak yg bekalnya ulat sagu meanwhile pejabat negaranya pada nyaranin MBG pakai ulat jg boleh Trully evil,1885475297342230548,,,in,,0,0,0,https://x.com/undefined/status/1885475297342230548,1119820207554351104,
1895468248893972787,2025-02-28 23:27:55+00:00,0,@berlianidris Turunin pajak balik ke 10 persen batalin MBG batalin Danantara,1895616952716181837,,berlianidris,in,,0,0,0,https://x.com/undefined/status/1895616952716181837,1144505302500249600,
1895613256481513637,2025-02-28 23:13:13+00:00,0,Serius ini teh tubel gak akan ada grgr MBG? ,1895613256481513637,,,in,,0,0,0,https://x.com/undefined/status/1895613256481513637,470938034,
1895469180788551871,2025-02-28 22:52:57+00:00,0,@habibiAhmad58 @are_inismyname @azissubekti @bengkeldodo @Gerindra @IrawanRommi @kurawa @Ndons_Back @zarryhendrik @Kimberley_PS08 @Lembayung071 @florieliciouss Tp bodohnya besok pasti dipilih lg. Dasar miskin bikin goblok pola pikir. Yuk bljar yg rajin tp mo bljr yg rajin ortunya dipecat. Mkn cm ngandelin MBG. Susah jg ya mo pinter,1895608152915394680,,habibiAhmad58,in,,0,1,0,https://x.com/undefined/status/1895608152915394680,1723688938148388865,
1895602234618261977,2025-02-28 22:29:26+00:00,0,Trs masalah banyak PHK itu dah banyak terjadi siapapun pemimpinnya. Msalah MBG ktanya ank Indonesia kebanyakan emg pickyeater g brsyukur. Trs gong-nya dy ngomong gini aku g mau ngmong takut ain intinya tinggal selangkah lagi aku akan dapat yg di janjikan gemoy gw kek Hah??,1895602238657348041,,mboettyboett,in,,0,1,0,https://x.com/undefined/status/1895602238657348041,1811415794045325313,
1906846276374954430,2025-03-31 23:56:52+00:00,0,@g_afnan345652 Salut buat MBG yang bikin makan sehat lebih terjangkau bagi semua orang,1906858265205768353,,g_afnan345652,in,,0,0,0,https://x.com/undefined/status/1906858265205768353,1577887915765428224,
1906846626410639585,2025-03-31 23:56:32+00:00,0,@reeemooo3661 Dengan MBG kesehatan dapat dinikmati seluruh masyarakat,1906858180891820185,,reeemooo3661,in,,0,0,0,https://x.com/undefined/status/1906858180891820185,1613372615732908032,
1906629556360151183,2025-03-31 23:39:02+00:00,1,@Boediantar4 Jadi MBG utk membesarkan bisnis Cina? Tolol sekali ya....!!!,1906853774628737156,,Boediantar4,in,,0,0,0,https://x.com/undefined/status/1906853774628737156,1749129571084210176,
1906852541092200577,2025-03-31 23:34:08+00:00,1,Jika di Jepang diutamakan pendidik Budi Pekerti utk anak usia dini Di China diutamakan Pengembangan Diri maka hal tsb lah yg HARUS diberlakukan di Indonesia Pak Menteri @Abe_Mukti. Jadi bukannya MBG &amp; diberikan banyak PR bagi anak2 SD. Krn penting Karakter Building itu. https://t.co/fWbA1xSIyU,1906852541092200577,https://pbs.twimg.com/ext_tw_video_thumb/1906852503758811136/pu/img/5bpZKGZ-K3GXt05W.jpg,,in,,0,0,0,https://x.com/undefined/status/1906852541092200577,1637692626215501824,
1906617917396881718,2025-03-31 23:07:16+00:00,116,@BBCIndonesia Ngapain cemas kan ada MBG yg akan memutar roda perekonomian dengan cepatnya ribuan orang akan direkrut bahan makanan akan dibeli ekonomi langsung ngegazzzzzz...,1906845781124112657,,BBCIndonesia,in,,0,10,3,https://x.com/undefined/status/1906845781124112657,144227129,
1917582231952056487,2025-04-30 23:57:43+00:00,0,@ArdyaDipta lebih percaya bank dunia sih gampangnya MBG aja 10 ribu kn budgetnya buat makan siang aja tok itu 20 ribu buat sekeluarga yaa ajur too,1917730113673912403,,ArdyaDipta,in,,0,0,0,https://x.com/undefined/status/1917730113673912403,817415707,
1917567180993941718,2025-04-30 23:08:21+00:00,0,@medeiaiaros @tanyakanrl Kayak Lu bikin rumah tapi nggak pake pondasi dulu MBG success di negara maju karena yaa sarana prasarana awalnya udah ready di indon malah dipaksakan meanwhile yg pentingnya diabaikan ndut bo*#%,1917717691990958251,,medeiaiaros,in,,0,1,0,https://x.com/undefined/status/1917717691990958251,770727644,
1917716106829259160,2025-04-30 23:02:03+00:00,1,MBG akan ditingkatkan sekelas Hoka Hoka Bento. Dan tdk lagi Tempe telor rebus+ buncis. Yg sering mubazir tdk dimakan https://t.co/4oOMO7Jj9a,1917716106829259160,https://pbs.twimg.com/media/Gp0YohyaIAAQYXR.jpg,,in,,0,0,0,https://x.com/undefined/status/1917716106829259160,948751735392120832,
1928954414125007069,2025-05-31 23:28:47+00:00,0,@indra_kencana MBG ternyata jadi imba kalo masuk barak,1928956856841466299,,indra_kencana,in,,0,1,0,https://x.com/undefined/status/1928956856841466299,382641814,
1928954833882505511,2025-05-31 23:20:45+00:00,0,Benar KDM Sebab Anak² Bandel/Nakal bullying yg lain: 1.Belum Sarapan/lambat MBG 2.Banyak anak yg hilang ayah/ Ibu (SP) tak ada yg mampu/mau didik anak tsb 3.Datang dri Lingkungan yg Buruk 4.Ortunya Penguasa/ Sibuk tak urusin Anak 5. Pendidikan tak Profesional @DediMulyadi71 https://t.co/mD0vB0qH85,1928954833882505511,https://pbs.twimg.com/media/GsUGMpyaMAApPpb.jpg,,in,,0,0,0,https://x.com/undefined/status/1928954833882505511,98519211,
1939831006112137686,2025-06-30 23:38:46+00:00,0,Minggu ini gaada mood untuk bekal ya aku mam MBG dari kantor aja ,1939831006112137686,,,in,,0,2,0,https://x.com/undefined/status/1939831006112137686,129728412,
1939811063014596618,2025-06-30 23:28:38+00:00,0,@kkindex Yang ciki cikian itu dari inisiativ pihak yayasan kak bukan dari BGN dan itu sudah ditegur dan disuruh ganti karena meski libur harus tetap menu yang sama.Lanjutkan MBG,1939828453446205461,,kkindex,in,,0,0,0,https://x.com/undefined/status/1939828453446205461,1725661893698912256,
1939557746464198689,2025-06-30 23:25:54+00:00,0,@bangherwin @DS_yantie Yang basi sudah dievaluasi dan vendor diganti dengan yang lebih baik jadi semoga kedepan tidak ada lagi menu yang tidak layak konsumsi.Lanjutkan MBG,1939827768495345685,,bangherwin,in,,0,0,0,https://x.com/undefined/status/1939827768495345685,1725661893698912256,
1939547610727256478,2025-06-30 23:23:38+00:00,0,@Yudarthvader @LembagaKERIS Ya elah kenapa MBG ikut dibawa bawa sih? Ini pertahanan tidak ada urusan dengan MBG karena MBG untuk generasi muda yang lebih baik.Lanjutkan MBG,1939827196589433219,,Yudarthvader,in,,0,0,0,https://x.com/undefined/status/1939827196589433219,1725661893698912256,
1939813329389969598,2025-06-30 23:20:05+00:00,0,@LuanOenunu Namanya minyak jlantah ya pasti ada plus minusnya karena sudah termasuk limbah jadi tergantung kita sanggup memanfaatkan atau tidak.Lanjutkan MBG,1939826302158348380,,LuanOenunu,in,,0,0,0,https://x.com/undefined/status/1939826302158348380,1725661893698912256,
1939149611199090878,2025-06-30 23:17:53+00:00,0,@WagimanDeep212_ Yang perlu kita pahami ini tergantung kesepakatan guru dan wali murit sanggup datang kesekolah apa tidak? Kalau tidak ya MBG stop sementara tetapi kalau kompak datang ya lanjut.Lanjutkan MBG,1939825750385074307,,WagimanDeep212_,in,,0,0,0,https://x.com/undefined/status/1939825750385074307,1725661893698912256,
1939636021265863090,2025-06-30 23:17:50+00:00,0,@CNNIndonesia Serius cuma nampan buat MBG sampai harus impor,1939825737651167532,,CNNIndonesia,in,,0,3,0,https://x.com/undefined/status/1939825737651167532,1546885095755288579,
1939149611199090878,2025-06-30 23:15:12+00:00,0,@DMuaminah @WagimanDeep212_ MBG ini didistribusikan denan anaknya atau ortunya datang kesekolah mengambil jatah menu MBG masing masing.Lanjutkan MBG,1939825074821063077,,DMuaminah,in,,0,0,0,https://x.com/undefined/status/1939825074821063077,1725661893698912256,
1939670576421044235,2025-06-30 23:11:23+00:00,0,@txtdaritax Ya mungkin pihak lakal belum ada yang sanggup memenuhi kriteria dan standar BGN untuk MBG.Lanjutkan MBG,1939824112639385892,,txtdaritaxpayer,in,,0,0,0,https://x.com/undefined/status/1939824112639385892,1725661893698912256,
1939557746464198689,2025-06-30 22:41:42+00:00,0,@DS_yantie Perbaiki Coretax Stabilisasi harga AI MBG Jogetin aje hidup harus dibawa happy ,1939816644181991598,,DS_yantie,in,,0,0,0,https://x.com/undefined/status/1939816644181991598,1841844252441276416,
1951070104684470540,2025-07-31 23:58:56+00:00,0,Kayaknyaaaaa diawal kepemimpinan janji manisnya tuh dilaksanakan tp cuma bentar aja gt biar ada riwayat klo terlaksana kemungkinan bntar lagi MBG jg di stop.,1951070104684470540,,,in,,0,0,0,https://x.com/undefined/status/1951070104684470540,1236119137950134273,
1951069411261153459,2025-07-31 23:56:11+00:00,0,Kemanaker RI Lihat Proses Pelatihan Calon Koki Dapur MBG di Lombok Timur https://t.co/iFYF2u0UZC,1951069411261153459,,,in,,0,0,0,https://x.com/undefined/status/1951069411261153459,1318858445940875264,
1951055514370187595,2025-07-31 23:00:58+00:00,3,Mbg ada masing masing ngapa kudu di comot katsu gwa si anjayyy mna blum sempet dimakan brok gwe sumpahin lu tukang comot,1951055514370187595,,,in,,0,0,0,https://x.com/undefined/status/1951055514370187595,1476069687683256321,
1951051333622178061,2025-07-31 22:44:21+00:00,0,MBG ga sih semua solusi masalah di negara ini? Semua pake dibahas gimana sih Tempo.,1951051333622178061,,,in,,0,0,0,https://x.com/undefined/status/1951051333622178061,196947742,
1962304105667604863,2025-08-31 23:58:51+00:00,0,Art bilang anaknya harus jum dirumah dan jadi riweuh (ribet bahasa sunda) Ente salah satu yang vote 02 biar bisa mbg bukan?,1962304105667604863,,,in,,0,0,0,https://x.com/undefined/status/1962304105667604863,3673688078,
1962149667237417087,2025-08-31 23:52:37+00:00,0,@xxxnttta @DeliaRamadhan18 @jadidinosaur @tanyarlfes Bazer deh kak padahal mah mempermasalahkan mbg yg perlu dikaji ulang. Mending anggrannya buat pendidikan deh menurutku,1962302538822341021,,ilayfyuuu,in,,0,1,0,https://x.com/undefined/status/1962302538822341021,1183768716657352704,
1962300974518940069,2025-08-31 23:46:24+00:00,11,Ga dukung mbg? MAKAR Ga dukung ruu tni? MAKARRRR Ga dukung prab? MAKARRRR AREEGGHHH MAKARRR,1962300974518940069,,,in,,0,0,0,https://x.com/undefined/status/1962300974518940069,342511861,
1962299549348962364,2025-08-31 23:40:44+00:00,0,Oh survey-survey kepuasan kinerja itu dari dia sumbernya? Angka kepuasan MBG angka kemiskinan menurun itu dari dia juga?,1962299549348962364,,,in,,0,0,0,https://x.com/undefined/status/1962299549348962364,1182735313,
1962294589714493750,2025-08-31 23:35:43+00:00,1,@6undul0h Masa nampan aja impor. Semoga MBG di setop.,1962298283088621695,,6undul0h,in,,0,3,0,https://x.com/undefined/status/1962298283088621695,1594969791588016130,
1959777120789651467,2025-08-31 23:34:19+00:00,0,@dashacie Abahahah enak dong kakak Yang jelas bukan makanan sad food kaya mbg Betul bikin pusing karena ulah dia juga dan karena dia yapping mulu!,1962297931727589523,,djohnniy,in,,0,1,0,https://x.com/undefined/status/1962297931727589523,1502256199827263488,
1962297226610516271,2025-08-31 23:31:31+00:00,0,emang sekola gue bener² dah tetep masuk demi mbg,1962297226610516271,,,in,,0,0,0,https://x.com/undefined/status/1962297226610516271,1782320529896263680,
1972853259602948134,2025-09-30 23:57:31+00:00,0,@maedayuujji yakann kak akuu ga expect anjirr mbg apaan ini,1973175407454405001,,maedayuujji,in,,0,0,0,https://x.com/undefined/status/1973175407454405001,1603946950390591489,
1973175221843796129,2025-09-30 23:56:47+00:00,0,Guru itu tugasnya mendidik bukan ngurusi ompreng beracun. Suruh tuh petugas MBG nya. Dia udh dibayar UMR masak gak bisa ngurusin distribusi.,1973175221843796129,,,in,,0,0,0,https://x.com/undefined/status/1973175221843796129,275345653,
1973174454156140609,2025-09-30 23:53:44+00:00,0,Monyet² gunung ini mulai mencari korban tumbal MBG yg nantinya guru²lah yg bakal jd korban kebijakan MBG. Korban MBG... + Anak² Indonesia. + Guru² Indonesia. + Penyedia Makanan. + Pajak Rakyat. https://t.co/USOziPJ5PL,1973174454156140609,https://pbs.twimg.com/media/G2IftW9aIAAMdBy.jpg,,in,,0,0,0,https://x.com/undefined/status/1973174454156140609,4146240312,
1984409492239634471,2025-10-31 23:57:46+00:00,0,Kenapa tidak ada loker MBG? Tentu saja karena yang ngurus MBG orang2 yang sudah kerja sebelumnya (jadi tentara) ,1984409492239634471,,,in,,0,0,0,https://x.com/undefined/status/1984409492239634471,121041284,
1984101285843628338,2025-10-31 23:57:29+00:00,0,@randomable_ Ulat apa namanya bagaiman cara membudidayakan akankah MBG membeli apabila ada yg bermitra apa pantas disajikan menjadi menu makanan ?,1984409421213311193,,randomable_,in,,0,0,0,https://x.com/undefined/status/1984409421213311193,1639335104,
1983406818681569702,2025-10-31 23:54:47+00:00,0,@bakuldimsum_ Supply nya kurang jdi abis sama mbg dipasar jdinya langka harga naik..,1984408742415495404,,bakuldimsum_,in,,0,0,0,https://x.com/undefined/status/1984408742415495404,829197738835329025,
1984408740502913124,2025-10-31 23:54:46+00:00,0,Saudi Pangkas Masa Berlaku Visa Umrah #TravelUmrah #TravelBogor #InfoUmrah #visaumrah #sudan #umrahmandiri #purbaya #mbg #berdoa Yang komen Aamiin Semoga Allah mudahkan setiap langkah menuju Baitullah... https://t.co/q44MEw5QwY,1984408740502913124,https://pbs.twimg.com/amplify_video_thumb/1984407895656816640/img/U2RMBZtMRJk8M3Dd.jpg,,in,,0,0,0,https://x.com/undefined/status/1984408740502913124,1941143540,
1983739787707388012,2025-10-31 23:53:23+00:00,0,@Tu94436 Mbg ini berfaedah di daerah gw koq.. lbh baik era sekarang daripada era sby yg dikit2 takut bom Salah kamu sendiri kenapa nggak joget2 sampai junjungan kamu trpilih. skarang salahin orang ‍️,1984408390920257673,,Tu94436,in,,0,1,0,https://x.com/undefined/status/1984408390920257673,1268554211488399366,
1983867767335088347,2025-10-31 23:52:59+00:00,0,@bakuldimsum_ Maklum mgkin mereka lagi ikut kontes MBG biar dapat 5 jt ,1984408289007038864,,bakuldimsum_,in,,0,0,0,https://x.com/undefined/status/1984408289007038864,1956176415021522949,
1983867767335088347,2025-10-31 23:48:02+00:00,1,@bakuldimsum_ gue juga pernah qrt postingan yang ngekritik mbg komennya sama gitu semua. mana template jawabannya dan jeda waktunya cuma seuprit. antara buzzer atau bot sebenernya.,1984407042485076214,,bakuldimsum_,in,,0,0,0,https://x.com/undefined/status/1984407042485076214,1556632223809384448,
1984406699059659193,2025-10-31 23:46:40+00:00,0,Enak aja minta maaf. Gantilah. Nggak layak dipakai lg muat makanan mbg.,1984406699059659193,,,in,,0,0,0,https://x.com/undefined/status/1984406699059659193,1594969791588016130,
1984405858047132035,2025-10-31 23:43:19+00:00,0,Yang begini mustahil bukan kesengajaan utk menghancurkan citra mbg. ,1984405858047132035,,,in,,0,2,0,https://x.com/undefined/status/1984405858047132035,2264049960,
1984101285843628338,2025-10-31 23:41:02+00:00,0,@randomable_ Suruh mereka yang makan ulatnya Ini melecehkan dan merendahkan anak-anak penerima MBG,1984405281321971952,,randomable_,in,,0,0,0,https://x.com/undefined/status/1984405281321971952,363380931,
1995281641447804977,2025-11-30 23:59:48+00:00,8,Kepala BNPB RI Letjen TNI Suharyanto mengatakan kondisi mencekam memang terlihat di media sosial tapi tidak demikian dengan kondisi terkini di lapangan. Dari TNI kan HIDUP MBG ! https://t.co/qh49unZsMe,1995281641447804977,https://pbs.twimg.com/media/G7CqFFMa4AAcXBh.jpg,,in,,0,4,2,https://x.com/undefined/status/1995281641447804977,1478190519213694976,
1995281467640078681,2025-11-30 23:59:07+00:00,0,Ya allah apa hubungannya Mbg sama bencana buatan manusia Pemerintah sendiri tuh yang nyuruh hutan digundulkan buat sawit sAwIT kAN jUGa pOhON pUnyA DaUN juga Kontol kalian buzzer gaje pemerintah babi rakus semua korban tewas di tangan kalian,1995281467640078681,,,in,,0,0,0,https://x.com/undefined/status/1995281467640078681,1948253863158616064,
1995109726670209506,2025-11-30 23:55:37+00:00,0,@stfuckbitchs Karena emang se UMKM itu mereka pas awal mbg tayang kak,1995280588522340714,,stfuckbitchs,in,,0,1,0,https://x.com/undefined/status/1995280588522340714,1471970188320931842,
1994677564049350832,2025-11-30 23:47:40+00:00,0,@QianzyZ Setuju pengelolaan uang mbg bener2 ajang korupsi terang terangan..,1995278585842872393,,QianzyZ,in,,0,6,0,https://x.com/undefined/status/1995278585842872393,1479371554018320389,
1995278512295694367,2025-11-30 23:47:22+00:00,1,Penerima MBG benar merasakan dampak positifnya secara langsung #lanjutkanMBG Yang mau tau rahasia biar dapat cuan dari sosmed yukk kesini klik https://t.co/sowPndtNQU Gary Iskak Green House Kabupaten Pacitan ipb university Sumatera Arsenal Aceh,1995278512295694367,,,in,,0,0,0,https://x.com/undefined/status/1995278512295694367,1893151746253561859,
1995057817993228702,2025-11-30 23:27:35+00:00,0,@noucampline udah lah hapus mbg tai kucing munafik semua anjing manusia ini kemaren dukung mbg sampe ngatain pendukung yg kontra sekarang minta diapus otak lu pada dimana? pantat?,1995273534311121288,,noucampline,in,,0,0,0,https://x.com/undefined/status/1995273534311121288,710355703,
1995273534185373976,2025-11-30 23:27:35+00:00,1,Presiden sekarang apapun masalahnya MBG harus tetap dinotice dan dibangga-banggakan.,1995273534185373976,,,in,,0,1,0,https://x.com/undefined/status/1995273534185373976,306850616,
1995272792867291367,2025-11-30 23:24:38+00:00,0,Padahal susahnya bantuan jug karena dana untuk penanggulangna bencana di potong dan lari ke MBG,1995272792867291367,,,in,,0,0,0,https://x.com/undefined/status/1995272792867291367,1409379578833825794,
1995271846871388375,2025-11-30 23:20:53+00:00,0,nih org sange bgt sm mbg bjir nyawa org tuh gaada arti buat dia,1995271846871388375,,,in,,0,0,0,https://x.com/undefined/status/1995271846871388375,1936066436730101760,
2005938394946494709,2025-12-30 23:54:21+00:00,0,@joyumnyang indo bisa nih bikin film zombie lagi tp asal mulanya dr mbg bukan jamu lagi,2006151906599567736,,joyumnyang,in,,0,0,0,https://x.com/undefined/status/2006151906599567736,1675348170585563136,
2006150421442712050,2025-12-30 23:48:27+00:00,0,ini gw pagi2 lagi gibahin kebobrokan mbg bener2 dzolim ya Allah,2006150421442712050,,,in,,0,0,0,https://x.com/undefined/status/2006150421442712050,1725403597482131456,
2005740771543245042,2025-12-30 23:44:24+00:00,8,@dosenkesmas @piyopikavet MBG dihentikan aja deh kasihan orang2nya jadi kebanyakan dosa,2006149402092548218,,dosenkesmas,in,,0,1,2,https://x.com/undefined/status/2006149402092548218,61702888,
2005392060287693116,2025-12-30 23:41:39+00:00,0,@SumandoGaek Yg bener cma atu doang dari sekian bnyak janji yaitu MBG mkan gji buta https://t.co/ksIAADf2qr,2006148708686057826,https://pbs.twimg.com/tweet_video_thumb/G9dFnNdasAAUET4.jpg,SumandoGaek,in,,0,0,0,https://x.com/undefined/status/2006148708686057826,1723921789586440192,
2005940623065637036,2025-12-30 23:39:37+00:00,0,@farimanwhk @BosPurwa Hanya damkar yg tidak ikut mbg ayo pak damkar ikutan aja. Bagi2 rejeki. Jangan hijau coklat saja yg dapat yg merah pun boleh. Sekakian menjaga daour buar gak kebakaran.,2006148196389548373,,farimanwhk,in,,0,0,0,https://x.com/undefined/status/2006148196389548373,3032152165,
2005471412946108771,2025-12-30 23:37:31+00:00,1,@salam4jari @Kemdikdasmen memang kalian ditugaskan utk jadi babunya MBG ya?,2006147670541308110,,salam4jari,in,,0,0,0,https://x.com/undefined/status/2006147670541308110,925291140,
2006147355288977472,2025-12-30 23:36:16+00:00,3,Gara2 susu MBG gw jadi ngecek lagi susu yang biasa gw dan anak2 konsumsi (bukan MBG). At least di kemasannya tertulis 'Susu' sih bukan 'Minuman Berperisa Susu' atau 'Minuman Rasa Susu'. Salah satu pertimbangan gw dalam mengkonsumsi ini juga komposisinya 100% susu sapi segar. https://t.co/EuPcGZhCgx,2006147355288977472,https://pbs.twimg.com/media/G9dEY1QaYAAgMji.jpg,,in,,0,3,0,https://x.com/undefined/status/2006147355288977472,884412905688416262,
1885464323008717183,2025-01-31 23:04:59+00:00,0,Ada anak yg makannya biasa aja tapi dapat guru yg berkualitas (karena digaji dg layak) Vs Anak yg dapat makan siang gratis tapi gak dapat guru yg berkualitas (anaknya gak bisa sekolah/bayar spp gurunya gak digaji layak). Mana yg akan lebih sukses?,1885464323008717183,,,in,,0,0,0,https://x.com/undefined/status/1885464323008717183,1071757080598441984,
1885241498637390092,2025-01-31 23:01:46+00:00,12,@akuntwiter968 Program makan siang gratis di beberapa negara itu sukses. karena mereka punya dapur mandiri disetiap sekolah. bukan dibuang ke pihak ke 2. Kalau berantakan kaya gini mending siswa diajari nyuci alat makan dan tenant Kantin sekolah diberdayakan dengan dibagi kuotanya.,1885463511762878517,,akuntwiter968,in,,0,0,1,https://x.com/undefined/status/1885463511762878517,1016515489776873472,
1885392600297070953,2025-01-31 18:19:59+00:00,0,Lebih penting makan siang gratis dibanding ngongkosin siswa yg naik sekolah pake angkutan umum ya,1885392600297070953,,,in,,0,0,0,https://x.com/undefined/status/1885392600297070953,430519110,
1885383195480514948,2025-01-31 17:42:37+00:00,0,Bagus pemerintah belajar dari life school disana sudah disediakan makan siang gratis oleh sekolah dengan bayar satu bulan 600 ribu Pasutri Berhenti Jadi Relawan Makan Siang Gratis karena Gaji Tak Jelas Tiap Hari Kerja Jam 1 Pagi https://t.co/dwf22PTFRU,1885383195480514948,,,in,,0,0,0,https://x.com/undefined/status/1885383195480514948,1454770128332070914,
1885297981630668899,2025-01-31 15:38:37+00:00,0,@CImtgr Itu video gak ada keterangan makan siang gratis sih... Soalnya di negara luar juga ada yang berlakukan makan siang berbayar semacam katering. Ada juga yang emang udah sepaket sama biaya sekolah,1885351990240366746,,CImtgr,in,,0,0,0,https://x.com/undefined/status/1885351990240366746,1467336660518014977,
1885197411234308383,2025-01-31 13:58:40+00:00,0,@Jayabay19479190 Masih kalah sama Makan Bergizi Gratis menyasar anak sekolah se indonesia nyogok pemilih dibiayai APBN.,1885326839222329799,,Jayabay19479190,in,,0,0,0,https://x.com/undefined/status/1885326839222329799,91225455,
1885319471675613275,2025-01-31 13:29:24+00:00,0,moots yg masih sekolah pd dapet makan siang gratis gak sih? kalo aku belom ni,1885319471675613275,,,in,,0,2,0,https://x.com/undefined/status/1885319471675613275,1222882927773536256,
1895623039120994676,2025-02-28 23:52:06+00:00,0,kalo bulan ramadhan gini anak sekolah masih dapet makan siang gratis gak ? Kalo engga lumayan yee efisiensi ,1895623039120994676,,,in,,0,0,0,https://x.com/undefined/status/1895623039120994676,1569374694,
1895517223097417806,2025-02-28 16:55:03+00:00,0,anak sekolah bs makan siang gratis tp berapa ribu orang kena layoff. perusahaan2 jg pada efisiensi. nyari kerja susah. ya Allah dosa apa ya gw di kehidupan sebelumnya smp hrs mengalami kegelapan kaya gini taiiiii,1895518086973047051,,sukiyakitrash,in,,0,1,0,https://x.com/undefined/status/1895518086973047051,434721300,
1895489078340239716,2025-02-28 14:59:47+00:00,0,Program Makan Bergizi Gratis (MBG) dorong tingkatkan keterlibatan masyarakat penuhi pangan di sekolah. https://t.co/QZ5pKTTx4Z,1895489078340239716,https://pbs.twimg.com/media/Gk4hRWoWcAA5Ubj.jpg,,in,,0,0,0,https://x.com/undefined/status/1895489078340239716,1458957413764141072,
1895119211535704294,2025-02-28 13:28:08+00:00,2,@suk4bebek_v2 makan siang gratis steak wagyu tiap hari selama 63 TAHUN! anak SD lulus kuliah nikah punya anak anaknya sekolah lagi... masih bisa makan wagyu gratis ,1895466014139355236,,a_ypamungkas,in,,0,1,0,https://x.com/undefined/status/1895466014139355236,723535832,
1895423148524552193,2025-02-28 10:40:42+00:00,3,@DoankWarto Hilang cerita makan bergizi gratis.. Anak sekolah sudah puasa siap tu libur panjang ,1895423878320775624,,DoankWarto,in,,0,0,0,https://x.com/undefined/status/1895423878320775624,1432334199625641984,
1895353943066374203,2025-02-28 09:38:13+00:00,0,@BosPurwa Solusinya gampang Bagi yg kena PHK tinggal ikut masuk sekolah dgn anaknya.. Biar dapat makan siang gratis..,1895408154781118578,,BosPurwa,in,,0,0,0,https://x.com/undefined/status/1895408154781118578,1503896277561401347,
1905970807664230756,2025-03-31 23:10:40+00:00,0,@FachrialO14789 @tanyarlfes oh iya dan jangan cuma point out makan siang gratis wkwk kocak lu kalau lu point bagian itunya. tau ga banyak makanan yg kebuang karena anak sekolah ga mau ambil makanannya? karena ga sesuai dengan selera mereka coba deh lu berkunjung atau cari info lapangan ,1906846637974286404,,halamyoo,in,,0,0,0,https://x.com/undefined/status/1906846637974286404,1349342742090895360,
1905970807664230756,2025-03-31 12:49:35+00:00,0,@FachrialO14789 @tanyarlfes lu tau ga makan siang gratis itu ga merata? bahkan di pelosok belum dapet dan makanannya bahkan kurang bergizi? itu termasuk di sekolah yg besar di kota gue terus peningkatan gaji guru tapi tenaga honorer ga merata terangkat karena efisiensi,1906690338472997209,,FachrialO14789,in,,0,2,0,https://x.com/undefined/status/1906690338472997209,1349342742090895360,
1906241198446297152,2025-03-31 05:05:42+00:00,0,@iMedKrisna Sebenarnya MBG itu boleh difoto kepala BGN sendiri yang memberikan statement. Tpi yang cenderung men-discourage foto MBG itu pihak sekolah karena khawatir reputasinya menurun atau kenapa². Padahal sah² aja dan didorong buat foto sebagai evaluasi. https://t.co/DocBYx2cDq,1906573595503120895,,iMedKrisna,in,,0,0,0,https://x.com/undefined/status/1906573595503120895,1179392451389210624,
1906533721966260654,2025-03-31 02:27:15+00:00,0, Program Makan Bergizi Gratis Kurangi Putus Sekolah di Papua Program makan bergizi gratis terbukti membantu anak-anak Papua tetap bersekolah. Dengan nutrisi yang cukup mereka lebih semangat belajar dan terhindar dari putus sekolah. #MakanBergizi #PendidikanPapua https://t.co/PxOBeUZ3G6,1906533721966260654,https://pbs.twimg.com/media/GnVeSsQaAAA9uPy.jpg,,in,,0,0,0,https://x.com/undefined/status/1906533721966260654,1881223177462054912,
1906412988221059329,2025-03-30 18:27:30+00:00,0,Hal baik tetap kita dukung cth: #MBG (Makan Bergizi Gratis) sebagai upy memastikan gizi ank terpenuhi tapi eksekusinya hrs didesentralisasi. Sekolah lebih phm kebutuhan spesifik muridnya dari menu lokal hingga budaya mkn dgn dana yg transparan dari negara. #DapurSekolahMandiri,1906412988221059329,,,in,,0,0,0,https://x.com/undefined/status/1906412988221059329,55822519,
1917608974544994591,2025-04-30 15:56:21+00:00,132,Konsolidasi Nasional Pendidikan. dengerin utusan dari Kemenkeu presentasi ndakik-ndakik cerita anggaran pendidikan itu besar ujungnya ada alokasi buat makan bergizi gratis sekolah unggul dan sekolah rakyat. Saya tanya bapak di sebelah dari Aceh gimana pak? yah https://t.co/RqNIEb0MHO,1917608974544994591,https://pbs.twimg.com/media/Gpy3MKFaYAYcE5g.jpg,,in,,0,9,44,https://x.com/undefined/status/1917608974544994591,88120377,
1917555453489471756,2025-04-30 12:23:41+00:00,1,Sertu Dwi Wahyu Babinsa Sidoharjo Koramil 04/Samigaluh Kodim 0731/Kulon Progo melaksanakan monitoring pendistribusian Program Makan Bergizi Gratis dari SPPG (Satuan Pelayanan Pemenuhan Gizi) kepada siswa siswi sekolah diwilayah Kapanewon Samigaluh Senin (28/04/2025). https://t.co/BBL43xHaGh,1917555453489471756,https://pbs.twimg.com/media/GpyGgkNbUAA6uLJ.jpg,,in,,0,0,0,https://x.com/undefined/status/1917555453489471756,1868181305579671552,
1917190611612110859,2025-04-30 11:57:11+00:00,0,@pastibisaaa_ @GhoshZombies @muaddibusul6661 @asumsico Sistem apa yg gk mendukung? Bansos ada KB gratis Subsidi BBM triliunan Sekolah ada dana BOS makan siang gratis?,1917548785884094950,,pastibisaaa_,in,,0,2,0,https://x.com/undefined/status/1917548785884094950,1124841710,
1917531711786868816,2025-04-30 10:49:20+00:00,0,Makan siang gratis atau sekolah gratis ? https://t.co/VD6xMiYmDe,1917531711786868816,https://pbs.twimg.com/media/Gpxw7WSaYAIBVY5.jpg,,in,,0,0,0,https://x.com/undefined/status/1917531711786868816,1080472518295674880,
1917288102298804250,2025-04-30 09:32:21+00:00,0,@ganhaseum @itsurboihyl Kenapa pemerintah disalahkan karena mereka tersesat? Dan ini bukan lepas tangan ini bentuk edukasi. Terus mau gimana caranya? Pendidikan? Dikasih sekolah dan makan siang gratis belum tentu mereka dikasih ke sekolah. Mereka akan disuruh (atau memilih) untuk ngamen/ngemis.,1917512338422509823,,ganhaseum,in,,0,2,0,https://x.com/undefined/status/1917512338422509823,1455639728246575110,
1917505709564125233,2025-04-30 09:06:01+00:00,1,Babinsa Ngargosari Koramil 04/Samigaluh Kodim 0731/Klp Serda Winarso Selasa (29/04/2025) membantu mendistribusikan makan bergizi gratis yang dikelola Dapur Mandiri CV Titisari Boga Utama di Padukuhan Jetis Gerbosari Samigaluh Kulon Progo ke sekolah penerima Program MBG. https://t.co/0Ia7PRRLwl,1917505709564125233,https://pbs.twimg.com/media/GpxZLxpaYAEY3_E.jpg,,in,,0,0,0,https://x.com/undefined/status/1917505709564125233,1868181305579671552,
1917241208403083491,2025-04-30 08:58:51+00:00,0,@zhizhie_12 @gwangjomlast @xanny_93 @whoopziiy Apa manfaatnya kak? Kasih makan siang gratis? Itu buat kalangan mana? Campuran ada si miskin ada si mampu ada si kaya juga. Terus yg tidak sekolah mendapatkan manfaatnya gak? Anak-anak terlantar gimana? Dapat tidak?,1917503904973254987,,zhizhie_12,in,,0,1,0,https://x.com/undefined/status/1917503904973254987,1889598205484294144,
1917475806496055367,2025-04-30 07:07:11+00:00,1,Wakil Ketua Komisi X DPR RI Fraksi PKB Lalu Hadrian Irfani merespon langkah Badan Gizi Nasional (BGN) yang akan melibatkan kantin sekolah dalam melaksanakan Makan Bergizi Gratis (MBG). Menurutnya skema pelibatan kantin sekolah harus jelas. https://t.co/DuU9ACByyd Terima kasih,1917475806496055367,,,in,,0,0,0,https://x.com/undefined/status/1917475806496055367,117189854,
1917467975923425456,2025-04-30 06:36:04+00:00,1,Program makan bergizi gratis tidak hanya memberikan makanan kepada anak sekolah namun jga sbagai pnggerak UMKM Lokal dlm pnyediaan rntai pasok mkanan bergizi memastikn ketersediaan makanan yg segar dan berkualitas. Bersama kita dukung untuk Lanjutkan MBG. #LanjutkanMBG . X COACH https://t.co/wM4f2o3xUC,1917467975923425456,https://pbs.twimg.com/media/Gpw289waUAAKpxY.jpg,,in,,0,0,0,https://x.com/undefined/status/1917467975923425456,1307860511317352450,
1917466448462766518,2025-04-30 06:30:00+00:00,0,Kepala Badan Gizi Nasional (BGN) Dadan Hindayana berencana melibatkan lebih banyak kantin sekolah dalam menyukseskan program Makan Bergizi Gratis (MBG). Menurut Dadan program MBG pada dasarnya memang dikembangkan untuk merangkul semua pihak termasuk kantin sekolah. #SmartNews https://t.co/yvn8Iafyg5,1917466448462766518,https://pbs.twimg.com/media/GpwAa96aYAUg3E1.jpg,,in,,0,0,0,https://x.com/undefined/status/1917466448462766518,177084452,
1917461410436768086,2025-04-30 06:09:59+00:00,1,Lanjutkan MBG Program makan brgizi gratis dari pemerintah telah berjalan di berbagai sekolah di Indonesia yang merupakan usaha pemerintah untk meningkatkn kualitas sumber daya manusia melalui penguatan gizi bagi anak sekolah. #LanjutkanMBG . Baila Dear Friend WILLIAMEST X COACH https://t.co/tvJUA8tjOb,1917461410436768086,https://pbs.twimg.com/media/Gpww-0LbcAAvIq9.jpg,,in,,0,0,0,https://x.com/undefined/status/1917461410436768086,1307860511317352450,
1928728547440370029,2025-05-31 13:56:17+00:00,0,@enasdhuhri @Urrangawak Sekolah gratis plus makan gratis jadi lebih baik toh Lanjutkan MBG,1928812780284686534,,enasdhuhri,in,,0,0,0,https://x.com/undefined/status/1928812780284686534,758215573721407489,
1922217299836068022,2025-05-31 10:00:32+00:00,0,@bwatbacau Lowongan ini terbuka untuk semua jurusan but mostly yg keterima sampe tahap pelatihan itu adalah anak-anak yang punya afiliasi sama TNI. Entah ortu/saudaranya. Diperuntukkan untuk anak-anak sekolah yang mendapat makan siang gratis sesuai janji Prabowo.,1928753453133869564,,oraoru,in,,0,2,0,https://x.com/undefined/status/1928753453133869564,1391199451172143109,
1928625306564522011,2025-05-31 07:00:33+00:00,3,@KangManto123 Mending Sekolah Gratis apa Makan Bergizi Gratis? MBG yang 200 T ilangin alihin ke Sekolah Gratis! Gak cukup juga? MBG kenceng sih proyek nya ya? ,1928708159381586080,,KangManto123,in,,0,2,0,https://x.com/undefined/status/1928708159381586080,3963566893,
1928707824139514079,2025-05-31 06:59:13+00:00,1,Program makan bergizi gratis merupakan program pemerintah yg brtujuan untk mnjamin hak stiap anak atas asupan gizi yg cukup mningkatkn kualitas sumber daya manusia terutama di sekolah. Lanjutkan MBG #MBGUntukMasaDepanHebat . Libur Don Lemon CeraVe with FOTFOT GO SKINS x DUNK https://t.co/ZwgOfCRMhr,1928707824139514079,https://pbs.twimg.com/media/GsQliFwa8AA8vpl.jpg,,in,,0,0,0,https://x.com/undefined/status/1928707824139514079,1307860511317352450,
1927454088876237088,2025-05-31 04:58:47+00:00,0,Makan bergizi gratis saja butuh biaya besar apalagi sekolah swasta gratis .menkeu perlu berpikir keras ,1928677515788431362,,RamdhanJ_,in,,0,0,1,https://x.com/undefined/status/1928677515788431362,1880329559905824769,
1928647983869895074,2025-05-31 03:01:26+00:00,0,Program Makan Bergizi Gratis hadir untuk memastikan seluruh anak Indonesia mendapatkan asupan gizi seimbang setiap hari sekolah demi tumbuh kembang optimal peningkatan prestasi dan masa depan lebih baik #DukungMBG #GenerasiSehat #MakanBergiziGratis https://t.co/SMxehrDyJA,1928647983869895074,https://pbs.twimg.com/media/GsPvHO6aMAEKd1d.jpg,,in,,0,0,0,https://x.com/undefined/status/1928647983869895074,1415336621331734532,
1928074625331728608,2025-05-31 01:01:36+00:00,0,@apaciiii_ @thesideofv @Sanyinjiaoo @PraharaTemaram @tanyakanrl Lah apa di tempat kakak sekolahnya bayar kayak sd gitu..? Seharusnya gratis jadi sekolah udah gratis makan pun dapet gratis Lanjutkan MBG,1928617826417320409,,apaciiii_,in,,0,0,0,https://x.com/undefined/status/1928617826417320409,758215573721407489,
1927930072754700551,2025-05-30 19:03:07+00:00,0,@Boediantar4 Senenarnya makan Siang gratis itu penting Buat anak Yatim Piatu seperti yayasan Pak Peter Bagi anak sekolah terutama di desa2 yang paling penting adalah infrastuktur jangan biarkan mereka pergibsekolah bergelayutan di tali sebagai jembatan darurat.,1928527610864099391,,Boediantar4,in,,0,0,0,https://x.com/undefined/status/1928527610864099391,80279696,
1928213092657209544,2025-05-30 17:29:01+00:00,1,@akunoppicial Tasikmalaya Jawa Barat Makan Bergizi Gratis diberikan kepada tujuh sekolah mulai dari PAUD sampai SMA salah satunya di SMPN 2 Tasikmalaya yg berada di Kota Tasikmalaya. Menu MBG yg disajikan yaitu nasi putih tempe ayam goreng tumis wortel buncis&amp; jeruk Lanjutkan MBG,1928503928544764295,,akunoppicial,in,,0,0,0,https://x.com/undefined/status/1928503928544764295,1725413776508497920,
1928213092657209544,2025-05-30 17:27:13+00:00,1,@akunoppicial Bandung Di Bandung MBG disiapkan oleh SPPG Lanud Husein Sastranegara serta Sukajadi. Salah satu sekolah penerima program Makan Bergizi Gratis ini adalah SD Angkasa 1. Menu yang disajikan yaitu nasi putih tumis tahu sawi ayam goreng serta satu buah pisang Lanjutkan MBG ️,1928503475551273065,,akunoppicial,in,,0,0,0,https://x.com/undefined/status/1928503475551273065,1725413776508497920,
1939706736736452746,2025-06-30 15:24:58+00:00,0,Makan bergizi gratis tetep jalan pas sekolah libur si gpp. Ai support full!!! Kapan lagi hantu penunggu perpus2 sekolah bisa menikmati sesajen itu ,1939706736736452746,,,in,,0,0,0,https://x.com/undefined/status/1939706736736452746,74645489,
1939667736445247798,2025-06-30 12:50:00+00:00,0,STAF Khusus Kepala Badan Gizi Nasional (BGN) bidang Komunikasi Redy Hendra Gunawan memaparkan program Makan Bergizi Gratis (MBG) tetap berjalan selama libur sekolah. https://t.co/Q1PuPbSc5H,1939667736445247798,,,in,,0,0,0,https://x.com/undefined/status/1939667736445247798,68930552,
1939655157249151210,2025-06-30 12:00:01+00:00,0,Program MBG Tetap Jalan Selama Liburan Sekolah Tersedia Paket Siap Santap dan Kemasan Program Makan Bergizi Gratis (MBG) akan tetap berlangsung selama masa liburan sekolah. Badan Gizi Nasional (BGN) telah menyiapkan skema pendistribusian paket makanan selama masa liburan https://t.co/lfmUA3RfdQ,1939655157249151210,https://pbs.twimg.com/media/Gur1T8nWAAAnAEd.jpg,,in,,0,0,0,https://x.com/undefined/status/1939655157249151210,786549338818224128,
1939629988149416284,2025-06-30 10:20:00+00:00,7,Makan bergizi gratis tetap berjalan pada masa libur sekolah. Distribusi dilaksanakan selama 6 hari dengan kombinasi makanan siap santap hingga makanan kemasan. https://t.co/jVqGhQMp3Q,1939629988149416284,,,in,,0,11,2,https://x.com/undefined/status/1939629988149416284,69183155,
1939623028922724813,2025-06-30 09:52:21+00:00,1,Babinsa Koramil 09/Mauk Peltu Dedi Andrianto melaksanakan pendampingan dan monitoring pelaksanaan program Makan Bergizi Gratis (MBG) di sekolah Yayasan La Tanza Sejahtera Kecamatan Kemiri Kabupaten Tangerang Senin (30/06/2025). https://t.co/RDX4EAGHzD,1939623028922724813,https://pbs.twimg.com/media/Gurs3YcXoAAe0oi.jpg,,in,,0,0,1,https://x.com/undefined/status/1939623028922724813,1456054924375052292,
1939600795311226991,2025-06-30 08:24:00+00:00,0,BGN Pastikan Makan Bergizi Gratis Tetap Berjalan saat Libur Sekolah Dapat Paket Roti Telur hingga Buah https://t.co/Gyq9TVsdPn,1939600795311226991,,,in,,0,0,0,https://x.com/undefined/status/1939600795311226991,47274731,
1939596712034931036,2025-06-30 08:07:46+00:00,0,Video: BGN Tetap Distribusikan Makan Gratis Walau Libur Sekolah Ini Skemanya https://t.co/jKrnQXtW2q,1939596712034931036,,,in,,0,0,0,https://x.com/undefined/status/1939596712034931036,598959076,
1939580960565334221,2025-06-30 07:05:11+00:00,0,BGN Sebut Program Makan Bergizi Gratis Tetap Jalan Meski Libur Sekolah https://t.co/QBleqOaBKI,1939580960565334221,,,in,,0,0,0,https://x.com/undefined/status/1939580960565334221,745849790332805121,
1939561457861173754,2025-06-30 05:47:41+00:00,0,Kepala Satuan Pelayanan Pemenuhan Gizi (SPPG) Tambolaka Nusa Tenggara Timur (NTT) Christian Chandralitya Reski Leteboro menyatakan Program Makan Bergizi Gratis (MBG) di wilayah itu mampu meningkatkan partisipasi siswa di sekolah. https://t.co/nO93eiT5SP,1939561457861173754,https://pbs.twimg.com/media/Guq03e_aMAAtsZd.jpg,,in,,0,0,0,https://x.com/undefined/status/1939561457861173754,1841369712980295680,
1939546864875172123,2025-06-30 04:49:42+00:00,0,Badan Gizi Nasional (BGN) menyatakan tetap mendistribusikan Makan Bergizi Gratis (MBG) selama libur sekolah dengan jadwal pengiriman ke sekolah yang dilakukan setiap hari Senin dan Kamis.https://t.co/qtQqY76aHN,1939546864875172123,,,in,,0,0,0,https://x.com/undefined/status/1939546864875172123,423220305,
1939542940604342440,2025-06-30 04:34:06+00:00,0,BGN Tetap Salurkan Makan Bergizi Gratis selama Libur Sekolah Badan Gizi Nasional (BGN) menyatakan tetap mendistribusikan Makan Bergizi Gratis (MBG) selama libur sekolah dengan jadwal pengiriman ke sekolah yang dilakukan setiap hari Senin dan Kamis. https://t.co/ofp8G6BlML https://t.co/rWWaqOHzxz,1939542940604342440,https://pbs.twimg.com/media/GuqkBnBXEAAb_3w.jpg,,in,,0,0,0,https://x.com/undefined/status/1939542940604342440,155169715,
1950463968394592505,2025-07-31 19:08:57+00:00,0,@M45Broo_ mudah gede harusnya udh bisa baca dong? menurut gw untuk proker sekelas presiden paslon 2 enggak banget. tapi gw liat2 nih bnyk yg salah tangkap program makan siang gratis nih dari anak sekolah sampe pekerja. padahal dia udh ngespill untuk -next,1950997128278581748,,cezerrin,in,,0,1,0,https://x.com/undefined/status/1950997128278581748,1354439506192068614,
1950901005752611209,2025-07-31 12:47:00+00:00,0,Puluhan Siswa dari Beberapa Sekolah di Kulonprogo Keracunan Makan Bergizi Gratis https://t.co/pYCFw6nnJI,1950901005752611209,,,in,,0,0,0,https://x.com/undefined/status/1950901005752611209,118371948,
1950674341357662332,2025-07-31 06:49:18+00:00,0,@hipohan @prabowo Presiden : - kesehatan gak bayar - subsidi listrik - subsidi bbm - sekolah gratis - makan siang gratis. - angkutan umum gratis Wapres : 19 juta lowongan kerja Ditunggu janji nya Janji adalah hutang,1950810986203459754,,hipohan,in,,0,0,0,https://x.com/undefined/status/1950810986203459754,2224093376,
1950440105094893991,2025-07-31 05:54:12+00:00,3,@ArjayaDirja Kesehatan gak bayar Subsidi listrik Subsidi bbm Sekolah gratis Angkutan gratis Makan siang gratis Aamiin.... Janji loh itu,1950797121441116437,,ArjayaDirja,in,,0,0,0,https://x.com/undefined/status/1950797121441116437,2224093376,
1950772166045450416,2025-07-31 04:15:02+00:00,0,Pemkot Denpasar sebelumnya menyiapkan anggaran sebesar Rp 10 miliar untuk tambahan makan bergizi gratis (MBG) yang rencananya menyasar seluruh sekolah hingga guru di ibukota Provinsi Bali ini. https://t.co/NCfMUboRpt,1950772166045450416,,,in,,0,0,0,https://x.com/undefined/status/1950772166045450416,2655442453,
1950737625641533692,2025-07-31 01:57:47+00:00,2,Rekam Jejak Kebijakan Ngawur Anies Jumlah anak jalanan di DKI terbanyak saat Gub sibuk pamerkan foto selfie Di benahi Presiden Prabowo setahap demi setahap. Di sekolahkan gratis dg program Sekolah Rakyat. Makan siang tiap anak sekolah di tanggung negara dg program MBG. https://t.co/wL0J7if0tO,1950737625641533692,https://pbs.twimg.com/media/GxJph4XbcAEKGd-.jpg,,in,,0,1,2,https://x.com/undefined/status/1950737625641533692,1348987504985133057,
1950463968394592505,2025-07-30 15:56:46+00:00,1,@pak_oke1 @LemonAndAtilla @M45Broo_ Di kabupaten ku malah sampe sekarang ga ada sekolah yang dapat makan siang gratis.,1950586373842554903,,pak_oke1,in,,0,0,0,https://x.com/undefined/status/1950586373842554903,3009681973,
1950582357725184103,2025-07-30 15:40:48+00:00,1,Bhabinkamtibmas Kelurahan Rabadompu Barat Pantau Kegiatan Makan Bergizi Gratis di Dua Sekolah Dasar di Kecamatan Raba Kota Bima Dalam rangka mendukung program pemerintah dalam pemenuhan gizi anak-anak sekolah Bhabinkamtibmas Kelurahan Rabadompu Barat Polsubsektor Raba Polsek https://t.co/VlREBQ4kNU,1950582357725184103,https://pbs.twimg.com/media/GxHcRj8bkAACEGD.jpg,,in,,0,0,0,https://x.com/undefined/status/1950582357725184103,1329315267533438977,
1961972208600834237,2025-08-31 14:16:32+00:00,0,@ARSIPAJA Biasanya pejabat luar itu klo salah minta maaf trus sadar mundur diri. Kan negara kita slalu berpatokan lihat luar negri. Mulai dari pajak sistem pembelajaran sekolah makan siang gratis. Kenapa soal rasa malu ini mereka gak niru orang luar ya? https://t.co/WId2ZXuV2B,1962157563245695390,https://pbs.twimg.com/media/Gzr756PbsAAZwkf.jpg,ARSIPAJA,in,,0,0,0,https://x.com/undefined/status/1962157563245695390,1474735663656275968,
1962042669758382271,2025-08-31 06:40:00+00:00,0,Wali Kota Malang Wahyu Hidayat menyatakan program prioritas nasional seperti Makan Bergizi Gratis (MBG) Sekolah Rakyat dan Koperasi Merah Putih SC: https://t.co/ymV5I5sGuO #R12 #KBFM #RadioKalimaya #RadioSebayaMudaMalangRaya #RadioAnakMuda #RadioDewasaMuda,1962042669758382271,,,in,,0,0,0,https://x.com/undefined/status/1962042669758382271,1914885191933550593,
1962023349565190409,2025-08-31 05:23:13+00:00,0,Banyak nya anak sekolah yang turun aksi adalah bukti makan siang gratis hanyalah kontol belaka.,1962023349565190409,,,in,,0,0,0,https://x.com/undefined/status/1962023349565190409,606693434,
1961983581791867286,2025-08-31 02:45:12+00:00,2,Batalkan program Makan Bergizi Gratis dan Sekolah Rakyat alihkan ke program sekolah gratis (biaya pendidikan seragam fasilitas ajar) dan perbaikan infrastruktur dan fasilitas sekolah,1961983581791867286,,,in,,0,0,1,https://x.com/undefined/status/1961983581791867286,476376088,
1961975775902703799,2025-08-31 02:14:19+00:00,0,Namun separuh porsi anggaran pendidikan justru dialokasikan untuk program makan bergizi gratis. Padahal kualitas guru di sekolah atau madrasah akan lebih baik kalau alokasi anggaran diprioritaskan untuk kesejahteraan guru.,1961975810673557607,,paypeypoy,in,,0,1,0,https://x.com/undefined/status/1961975810673557607,117039375,
1961811054444625924,2025-08-30 17:03:49+00:00,0,@Kusfanclub @officialJKT48 Pemerintah Indonesia punya mekanisme seperti LAPOR! untuk keluhan masyarakat terintegrasi dengan SP4N. Tahun 2025 ada respons seperti program makan siang gratis sekolah tapi kritik tetap ada soal korupsi dan protes massal baru-baru ini. Diskusi dua arah sedang dikembangkan,1961837273882022367,,Kusfanclub,in,,0,0,0,https://x.com/undefined/status/1961837273882022367,1720665183188922368,
1961823885474832457,2025-08-30 16:10:37+00:00,0,Yg Kemaren Bicara Tentang Makan Bergizi Gratis (MBG) Ada Anak2 Sekolah Yg Ternyata Nyeri Perut Setelah Makan Makanan Tsb. Lalu Ketum Baju Biru @Official_PAN ini terkesan mengejek seakan blm terbiasa makan yg enak Mungkin Blm Terbiasa Makan Makanan Yang Spt Itu Layak? https://t.co/CcSf4WRib3,1961823885474832457,https://pbs.twimg.com/media/GznMa8IaMAA2zfB.jpg,,in,,0,0,0,https://x.com/undefined/status/1961823885474832457,1682977897366298624,
1973129603263893669,2025-09-30 20:55:31+00:00,0,Serem banget ya MBG disertai kekuasaan dan kekerasan mau memberi anak makan gratis harus sekejam itu. Padahal orangtua memberi bekal makan anaknya dengan kasih sayang doa. Dari mana kalian bawa kekerasan itu ke sekolah perintah para purnawiran jenderal dan Angg DPR?,1973129603263893669,,,in,,0,0,0,https://x.com/undefined/status/1973129603263893669,81766731,
1972985944338018646,2025-09-30 16:11:14+00:00,0,@indahtobrut_ @txtdrimedia Ya benar. Menurut Surat Edaran BGN No. 5/2025 guru penanggung jawab program Makan Bergizi Gratis (MBG) mendapat insentif Rp 100 ribu per hari penugasan dicairkan setiap 10 hari dari biaya operasional SPPG sekolah.,1973058060903194860,,tobrutt___,in,,0,0,0,https://x.com/undefined/status/1973058060903194860,1720665183188922368,
1973006438399385838,2025-09-30 14:57:39+00:00,2,@ichsany Sekolah anak sy diSMA 99 JAKARTA TIMUR Menolak MBG rata rata sekolah diDKI JAKARTA Menolak MBG dulu jaman 90@n Sekolah di ambon kita mengadakan makan bersama gratis ,1973039546058391811,,ichsany,in,,0,1,0,https://x.com/undefined/status/1973039546058391811,389937149,
1973027507613089918,2025-09-30 14:09:49+00:00,0,Satuan Tugas (Satgas) Makan Gergizi Gratis (MBG) Tulungagung nyebut mandeke operasional Satuan Pelayanan Pemenuhan Gizi (SPPG) Panen Resto akibat persoalan neng internal dapur. Dampake pasokan MBG neng pirang-pirang sekolah penerima manfaat mandek jegrek. #KacamataTulungagung https://t.co/x59ZnptRY6,1973027507613089918,https://pbs.twimg.com/media/G2GaDx5aoAASgzr.jpg,,in,,0,0,0,https://x.com/undefined/status/1973027507613089918,1009332834681516034,
1973021717623914588,2025-09-30 13:46:49+00:00,4,Perhimpunan Pendidikan dan Guru (P2G) menanggapi surat Edaran BGN Nomor 5 Tahun 2025. tentang Pemberian Insentif bagi Guru Penanggung Jawab Program Makan Bergizi Gratis (MBG) di Sekolah Penerima Manfaat. #MBG #BGN #ProgramPrioritasMBG https://t.co/QEIHLJ1VJZ,1973021717623914588,https://pbs.twimg.com/media/G2GUyh3akAAq10k.jpg,,in,,0,2,1,https://x.com/undefined/status/1973021717623914588,57261519,
1973005478532985298,2025-09-30 12:42:17+00:00,0,Bukan hanya Makan Bergizi Gratis yang menjadi sorotan publik pemerintah juga ingin program lain turut menjadi atensi semua kalangan. Hal tersebut sedang disuarakan Wakil Menteri Sosial (Wamensos) Agus Jabo Priyono yang mengungkapkan soal program Sekolah Rakyat. Hingga akhir https://t.co/xNhqNZ0LFu,1973005478532985298,https://pbs.twimg.com/media/G2GGAM8asAAcFm1.jpg,,in,,0,0,0,https://x.com/undefined/status/1973005478532985298,48359478,
1973005117055291418,2025-09-30 12:40:51+00:00,0,Seribu saran bagus...namun tetap kembali ke orangnya. Artinya kalau memang tidak sanggup dan belum mampu..stop MBG. Lebih baik SEKOLAH GRATIS daripada MAKAN GRATIS. Kita tdk ingin generasi mendatang jadi spt samsul semua.. https://t.co/7kLyhD4aqL,1973005117055291418,https://pbs.twimg.com/media/G2GFsrkasAAu3G3.jpg,,in,,0,0,0,https://x.com/undefined/status/1973005117055291418,1685924999482523648,
1970083558544089111,2025-09-30 12:33:14+00:00,0,@burhanxxvii @majikanpenjabat @projectm_org MBG adalah singkatan dari Makan Bergizi Gratis program pemerintah Indonesia di bawah Prabowo untuk memberikan makanan bergizi gratis ke anak sekolah dimulai 2025. Tujuannya tingkatkan gizi dan kurangi stunting. Thread ini bahas kritiknya seperti masalah inisiasi anggaran dan,1973003203160744041,,burhanxxvii,in,,0,0,0,https://x.com/undefined/status/1973003203160744041,1720665183188922368,
1973002222310203581,2025-09-30 12:29:21+00:00,1,Ada kabar baik bagi guru yang berkenan ditunjuk sebagai penanggung jawab Program Makan Bergizi Gratis (MBG) di sekolah. Ada insentif Rp100 ribu per hari penugasan yang cair setiap 10 hari. Ketentuan tertuang dalam Surat Edaran (SE) Badan Gizi Nasional (BGN) Nomor 5 Tahun 2025. https://t.co/0zPrhhPzyU,1973002222310203581,https://pbs.twimg.com/media/G2GDD7SakAAZCW5.jpg,,in,,0,0,0,https://x.com/undefined/status/1973002222310203581,46693036,
1984248852346745050,2025-10-31 13:19:26+00:00,0, Dari sawah sampai ke meja makan anak-anak sekolah Bulog dan program Makan Bergizi Gratis saling terhubung. Gabah petani terserap beras tersalurkan gizi anak bangsa tercukupi!🇮🇩 #BULOG #BULOGSahabatPetani #BULOGSerapJagung #KDMPBULOG #BULOGDukungSwasembadaPangan https://t.co/an2dDlPrBA,1984248852346745050,https://pbs.twimg.com/amplify_video_thumb/1984248786471038976/img/VdmiRnt2LF_9vPJB.jpg,,in,,0,0,0,https://x.com/undefined/status/1984248852346745050,1818817396486160386,
1984209158770675854,2025-10-31 10:41:42+00:00,0,MBG itu singkatannya Makan Bergizi Gratis Atau Makan Beracun Gratis asli nanya...... Kok sampai keluarkan surat seperti ini... Kasihan sekolah dan muridnya... https://t.co/JvQGKIEZcn,1984209158770675854,https://pbs.twimg.com/media/G4lTtuWaUAA7BlL.jpg,,in,,0,0,0,https://x.com/undefined/status/1984209158770675854,1328204513602199552,
1984204636455363037,2025-10-31 10:23:52+00:00,1,Ini adalah kata kunci yang kami gunakan untuk melacak 7 program pertama mulai dari Makan Bergizi Gratis hingga Sekolah Unggul Garuda . Apa kata kunci untuk 7 program lainnya termasuk TBC dan korupsi? https://t.co/ZwXJl07i0b,1984204669397422095,https://pbs.twimg.com/media/G4lPoYdaEAAXYCS.png,DroneEmpritOffc,in,,0,1,0,https://x.com/undefined/status/1984204669397422095,1795626371735293952,
1984188541132533998,2025-10-31 09:19:47+00:00,1,Bhabinkamtibmas Kelurahan Purwokinanti Aiptu Sujiman melaksanakan sambang sekolah berdialogis dengan Ibu RR. Yustin selaku Kepala Sekolah di TK RK Purwokinanti dilanjutkan monitoring pelaksanaan program Makan Bergizi Gratis ( MBG ) Jumat 31/10/2025 siang. https://t.co/Y52AeuOAmD,1984188541132533998,https://pbs.twimg.com/media/G4lA9bMbsAABeKR.jpg,,in,,0,0,0,https://x.com/undefined/status/1984188541132533998,1174442132196622338,
1984128612094898221,2025-10-31 07:57:09+00:00,0,@M_Dwpy Luar biasa Polri benar-benar hadir untuk masyarakat. Program makan bergizi gratis ini sangat membantu anak-anak sekolah. Lanjutkan terus,1984167747996283060,,M_Dwpy,in,,0,0,0,https://x.com/undefined/status/1984167747996283060,1887092850065580032,
1984159071554170923,2025-10-31 07:22:41+00:00,0,Kegiatan Bhabinkamtibmas Polsek Tagulandang-Polres Kepulauan Sitaro. Melaksanakan Monitoring Penyaluran Program Makan Bergizi Gratis (MBG) di sejumlah sekolah di wilayah Kecamatan Tagulandang. #monitoringMBG #polsektagulandang #polreskepulauansitaro https://t.co/y0TEMbHY5L,1984159071554170923,https://pbs.twimg.com/media/G4kmJenboAAFTO2.jpg,,in,,0,0,0,https://x.com/undefined/status/1984159071554170923,1271824326912733184,
1984158926393499761,2025-10-31 07:22:06+00:00,1,Babinsa Kel Bringin Sertu Hartono melaksanakan Komsos dengan Petugas SPPG BGN terkait dengan pengawasan dan Keamanan terhadap Makan Bergizi Gratis yg telah di konsumsi oleh anak sekolah di Dapur MBG Kel Bringin Kec Ngaliyan Semarang https://t.co/mBAayxqOXO,1984158926393499761,https://pbs.twimg.com/media/G4kmBQKa8AUXhVk.jpg,,in,,0,0,0,https://x.com/undefined/status/1984158926393499761,1501038186390192129,
1983587379828134239,2025-10-31 06:17:26+00:00,0,@randomable_ pedagang pun banyak yg jual makanan beracun. mbg pun hanya makan beracun gratis. di luar sekolah -&gt; jualan makanan beracun di dalam sekolah -&gt; dipaksa makanan beracun gratis.,1984142650501701707,,randomable_,in,,0,5,0,https://x.com/undefined/status/1984142650501701707,1733296372601016320,
1984138012809478278,2025-10-31 05:59:00+00:00,0,Anggota Sat Samapta Melaksanakan Kegiatan Patroli Dialogis di SPPG dan Pengawalan Pendistribusian Makan Bergizi Gratis ke Sekolah-sekolah di Wilayah Kabupaten Tulungagung. ️ SIAP TERLIHAT BERMANFAAT T.A.A.T ( TERTIB AMAN AYEM TENTREM ) #polriuntukmasyarakat #polrestulungagung https://t.co/maMJmvDfcb,1984138012809478278,https://pbs.twimg.com/ext_tw_video_thumb/1984137957599801349/pu/img/n5BFSuVKu9ocu9pp.jpg,,in,,0,0,0,https://x.com/undefined/status/1984138012809478278,1440965262463823874,
1984130893129326819,2025-10-31 05:30:42+00:00,0,Babinsa Kelurahan Harjosari Sertu Budhi S memantau pelaksanaan Program Makan Bergizi Gratis (MBG) di SMPN 1 Bawen. Melalui koordinasi dengan pihak sekolah dan SPPG diharapkan setiap ada kendala bisa cepat teratasi demi kelancaran program dan pemenuhan gizi anak didik. https://t.co/49n332i55u,1984130893129326819,https://pbs.twimg.com/media/G4kMbgOa8AIj8st.jpg,,in,,0,0,0,https://x.com/undefined/status/1984130893129326819,1536555283371393024,
1995110673290805433,2025-11-30 12:40:26+00:00,0,Memang kita lebih butuh sekolah gratis daripada makan bergizi gratis,1995110673290805433,,,in,,0,0,0,https://x.com/undefined/status/1995110673290805433,1226225287404212227,
1995017873618559005,2025-11-30 06:31:41+00:00,5,Sebanyak 341 ribu paket Makan Bergizi Gratis (MBG) dialihkan untuk membantu korban banjir di Sumatera Utara dan Aceh. Dikarenakan sekolah libur SPPG menjadi dapur darurat yang menyiapkan makanan bergizi bagi warga yang terdampak. Semoga bantuan ini bisa meringankan beban mereka https://t.co/d2Q6k8WlyM,1995017873618559005,https://pbs.twimg.com/media/G6-557pXEAAFsAY.jpg,,in,,0,0,0,https://x.com/undefined/status/1995017873618559005,47596019,
1995008774768370063,2025-11-30 05:56:24+00:00,0,Jika selama ini hidangan Makan Bergizi Gratis (MBG) diberikan kepada para siswa pemerima manfaat di sekolah-sekolah mereka mengalihkan penerima manfaat kepada para warga yang terdampak banjir. Sebab selama terjadinya bencana banjir sekolah-sekolah diliburkan.,1995008996579979343,,disway_update,in,,0,0,0,https://x.com/undefined/status/1995008996579979343,1912027937676853249,
1994979298059637172,2025-11-30 03:58:24+00:00,140,52 SPPG Aceh Distribusikan 185 Ribu Paket Makan Bergizi Gratis untuk Korban Bencana BGN mengalihkan sementara fungsi dapur MBG di wilayah terdampak bencana di Aceh Sumatera Utara dan Sumatera Barat. Pengalihan fungsi ini dilakukan karena sekolah-sekolah penerima manfaat MBG https://t.co/AO1NfbWDTD,1994979298059637172,https://pbs.twimg.com/media/G6-XF5SbUAAd7Kl.jpg,,in,,3,45,33,https://x.com/undefined/status/1994979298059637172,1334853481019056128,
1994971761247752278,2025-11-30 03:28:27+00:00,2,Kabar Baik! Program Makan Bergizi Gratis kini telah menjangkau puluhan juta penerima di berbagai daerah! Fokus utamanya: Gizi optimal untuk anak sekolah ibu hamil dan Balita. Ini adalah investasi penting untuk memastikan generasi penerus tumbuh sehat dan cerdas! https://t.co/c8XDUCmqMW,1994971761247752278,https://pbs.twimg.com/media/G6-QMQibgAA6hRL.jpg,,in,,0,0,0,https://x.com/undefined/status/1994971761247752278,1309670084831449088,
1994964708492021883,2025-11-30 03:00:25+00:00,0,Program makan bergizi gratis disebut telah menjangkau puluhan juta penerima di berbagai daerah. Upaya ini berfokus pada pemenuhan nutrisi anak sekolah ibu hamil dan balita agar tumbuh kembang mereka bisa lebih optimal https://t.co/BHfZJsjjff,1994964708492021883,https://pbs.twimg.com/media/G6-J0weaUAAQIRs.jpg,,in,,0,0,0,https://x.com/undefined/status/1994964708492021883,1938204663129735168,
1994901161586167919,2025-11-29 22:47:55+00:00,3,Program Makan Bergizi Gratis (MBG) sudah dinikmati 44 juta penerima dengan 2 miliar porsi makanan. Dari ibu hamil balita hingga siswa sekolah masa depan bangsa tumbuh dengan gizi yang baik. https://t.co/yy73la7Abm,1994901161586167919,https://pbs.twimg.com/media/G69QAo_bkAMRZhP.jpg,,in,,0,0,4,https://x.com/undefined/status/1994901161586167919,1458027307734470662,
1994760366560350327,2025-11-29 13:49:52+00:00,4,@ItikRel Habis duit la tu dok paksa budak2 sekolah telan Makan Bergizi Gratis.,1994765758883402163,,ItikRel,in,,0,1,0,https://x.com/undefined/status/1994765758883402163,1247462449722212358,
1994723890690760725,2025-11-29 11:03:30+00:00,0,*Dukung Progam Pemerintah Polsek Banjit Monitoring MBG di Sekolah Dasar* Polsek Banjit melaksanakan monitoring terhadap pelaksanaan Program Makan Bergizi Gratis (MBG) yang disalurkan Dapur SPPG Polres Way Kanan di wilayah Kecamatan Banjit Way Kanan. Sabtu (29/11/2025). https://t.co/C5W6EmfF9c,1994723890690760725,https://pbs.twimg.com/media/G66uzVQaYAAVu50.jpg,,in,,0,0,0,https://x.com/undefined/status/1994723890690760725,767610884269146112,
2006096078936875479,2025-12-30 20:12:31+00:00,0,1. Kesehatan gak bayar. Subsidi listrik. Subsidi BBM. Sekolah gratis. Makan siang gratis Subsidi angkot 100% Tambah beasiswa PTN gratis 15/2/2025: https://t.co/8X1CgwQCqq #PresidenOmon2Turunlah #PresidenOmon2Turunlah https://t.co/X3iF9Kb82j,2006096078936875479,https://pbs.twimg.com/amplify_video_thumb/2006096013677977600/img/iXuVQYhrB2pToRbZ.jpg,,in,,1,1,0,https://x.com/undefined/status/2006096078936875479,1604064608913723394,
2005888688589553678,2025-12-30 06:28:25+00:00,0,Libur sekolah bukan alasan gizi anak terhenti. Program Makan Bergizi Gratis (MBG) tetap hadir untuk memastikan siswa tetap bugar dan siap kembali ke sekolah dengan kondisi fisik yang prima! #MakanBergiziGratis #GiziAnakTerjaga #BadanGiziNasional #SehatSetiapHari #IndonesiaPintar https://t.co/VSUPNZBnbv,2005888688589553678,https://pbs.twimg.com/media/G9ZZIFcaYAMraZJ.jpg,,in,,0,0,0,https://x.com/undefined/status/2005888688589553678,1534780514561040385,
2005875056312811920,2025-12-30 05:34:15+00:00,0,Program Makan Bergizi Gratis Hadir Untuk Memastikan Seluruh Anak Indonesia Mendapatkan Asupan Gizi Seimbang Setiap Hari Sekolah Demi Tumbuh Kembang Optimal Meningkatkan Prestasi dan Masa Depan Lebih Baik. #MBG #fyp https://t.co/tdRBoFR6fH,2005875056312811920,https://pbs.twimg.com/media/G9ZMupxaYAEfjFr.jpg,,in,,0,0,0,https://x.com/undefined/status/2005875056312811920,1396752346860818433,
2005866388993319399,2025-12-30 04:59:48+00:00,0,Program Makan Bergizi Gratis (MBG) berdampak positif di Papua terutama di wilayah pesisir Danau Sentani di mana banyak pelajar kini semakin rajin datang ke sekolah karena pasti mendapatkan makanan bergizi setiap hari. https://t.co/AaOO98b0pq,2005866388993319399,,,in,,0,0,0,https://x.com/undefined/status/2005866388993319399,1868038567202861058,
2005853511704031572,2025-12-30 04:08:38+00:00,0,Meski sekolah sedang libur program Makan Bergizi Gratis (MBG) di Karanganyar tetap berjalan. Distribusi difokuskan pada makanan kemasan agar lebih praktis menjangkau anak-anak di rumah mereka. https://t.co/OyB4hkq7WY,2005853511704031572,https://pbs.twimg.com/media/G9Y5Ii0asAAP5Wj.jpg,,in,,0,0,0,https://x.com/undefined/status/2005853511704031572,926497565037625344,
2005850979111972990,2025-12-30 03:58:34+00:00,0,MBG tetap jalan meski sekolah libur. Di Bangkalan 2 sekolah menerima Makan Bergizi Gratis dengan 80 persen penerima adalah santri. Komitmen pemenuhan gizi anak terus dijaga tanpa jeda. https://t.co/LIMlbqkvyo,2005850979111972990,https://pbs.twimg.com/media/G9Y21DAbEAA3nom.jpg,,in,,0,0,0,https://x.com/undefined/status/2005850979111972990,1819411683405873152,
2005847309419008062,2025-12-30 03:44:00+00:00,0,Melalui Makan Bergizi Gratis sekolah menjadi ruang edukasi gizi siswa lebih sehat pola makan berubah positif dan UMKM lokal ikut berkontribusi bagi ketahanan pangan #DukungMBG #IndonesiaMaju https://t.co/WZtL4saClQ,2005847309419008062,https://pbs.twimg.com/media/G9Yzf3daYAAlTMF.jpg,,in,,0,0,0,https://x.com/undefined/status/2005847309419008062,812305110,
2005845045224567208,2025-12-30 03:35:00+00:00,0,Ada manfaat besar pelaksanaan program MBG bagi anak anak sekolah dan santri. 2 sekolah di Bangkalan Madura tetap menerima Makan Bergizi Gratis pada masa libur sekolah yang 80 persen adalah para santri. @prabowo https://t.co/Rci8CvLpR4,2005845045224567208,https://pbs.twimg.com/media/G9X21EVaYAItiFo.jpg,,in,,0,0,0,https://x.com/undefined/status/2005845045224567208,583869780,
2005840457583009997,2025-12-30 03:16:46+00:00,1,Berbagi kebaikan tak mengenal hari sekolah. Dua sekolah di Bangkalan tetap menerima MBG meski libur memastikan 80% santri tetap mendapatkan makan bergizi gratis. Langkah nyata menghadirkan kepedulian dan komitmen menjaga generasi sehat dan kuat https://t.co/YCHtWcpGLo,2005840457583009997,https://pbs.twimg.com/media/G9YtRCZWMAEG__2.jpg,,in,,0,0,1,https://x.com/undefined/status/2005840457583009997,426437287,
2005837895353999725,2025-12-30 03:06:35+00:00,0,Di Bangkalan libur sekolah bukan alasan berhenti berbagi. Dua sekolah tetap menerima Makan Bergizi Gratis dengan 80 persen penerima adalah santri. Distribusi tetap berjalan agar kebutuhan gizi anak-anak tetap terjaga. https://t.co/Rd1od4sa39,2005837895353999725,https://pbs.twimg.com/media/G9Yq75GacAAuSZ9.jpg,,in,,0,0,0,https://x.com/undefined/status/2005837895353999725,1634855507759628288,
1885471347821994214,2025-01-31 23:32:54+00:00,14,Begitu muncul banyak masalah baru Anies Baswedan disebut sebagai pihak terkait beda cerita seandainya MBG berhasil tentu klaim itu tidak akan pernah ada.,1885471347821994214,,,in,,0,0,2,https://x.com/undefined/status/1885471347821994214,1456628197081038848,
1885409723366989824,2025-01-31 21:43:03+00:00,0,@foxyyy99 Karena MBG Energi dan perumahan pengadaannya lebih gampang buat di korupsi,1885443701952176472,,foxyyy99,in,,0,0,0,https://x.com/undefined/status/1885443701952176472,1144288926607138816,
1885344509330153630,2025-01-31 19:59:15+00:00,1,@WagimanDeep212_ Bagus dibagikan kepada anak SD saat MBG ga enak buat ditabokin,1885417580846080343,,WagimanDeep212_,in,,0,0,0,https://x.com/undefined/status/1885417580846080343,1835668063133589504,
1885359725468135439,2025-01-31 17:58:47+00:00,3,@tmburello @hammsqi Ide bagus ini biar ego program MBG harus jalan tetep terpenuhi meski dari kiriman menlen duit kas negara bisa dialokasiin untuk kepentingan lain yg lebih mendesak ,1885387265683472698,,tmburello,in,,0,0,0,https://x.com/undefined/status/1885387265683472698,1378874700521033732,
1885377652120576428,2025-01-31 17:20:35+00:00,0,Jangan takut gagal MBG bikin lo siap buat next level #MBGDorongEkonomi,1885377652120576428,,,in,,0,0,0,https://x.com/undefined/status/1885377652120576428,1585529548812079106,
1885370165761892697,2025-01-31 16:50:50+00:00,0,Jangan takut gagal MBG siap backup lo dari nol #MBGDorongEkonomi,1885370165761892697,,,in,,0,0,0,https://x.com/undefined/status/1885370165761892697,1613476187795488773,
1885369602861129782,2025-01-31 16:48:36+00:00,0,Mau ekonomi gak zonk Dukung MBG dong #MBGDorongEkonomi,1885369602861129782,,,in,,0,0,0,https://x.com/undefined/status/1885369602861129782,1582288238127218690,
1885340021533925836,2025-01-31 15:02:45+00:00,3,Setuju aja sih efisiensi.. toh banyak anggaran ga jelas juga selama ini wkwk. Tp kalo gini ya kebangetan mana buat bayar MBG yang konsepnya ga jelas sama IKN yang aneh itu pula mana sudii . Tapi ya percuma juga sih fafifufufafa wasweswos toh yg penting masyarakat senang ,1885342964148560064,,halahpreketek,in,,0,0,0,https://x.com/undefined/status/1885342964148560064,231351221,
1885284304785420624,2025-01-31 14:30:40+00:00,0,@sceokjiin Dukung UMKM jadi aktor vital perubahan lewat program MBG #MBGDorongEkonomi,1885334892541862144,,sceokjiin,in,,0,0,0,https://x.com/undefined/status/1885334892541862144,1702215511147503616,
1884810259614900275,2025-01-31 14:24:11+00:00,3,@umbiiiiiii @uyeeeb_ @barengwarga bisa²nya kepikiran ke sana. maksudnya MBG ini bagus programnya tp fokus di daerah emg yg bner² struggle ekonomi nya. jd kalo fokus ke sana anggaran yg ada bisa &gt;10rb daripada dipaksa merata kaya skrg.,1885333258671685858,,umbiiiiiii,in,,0,1,0,https://x.com/undefined/status/1885333258671685858,1617645194,
1895533688231985650,2025-02-28 17:57:03+00:00,0,Ratusan Siswa Jatinangor Tolak MBG Sudah 3 Hari Diberi Nasi Berbau 273 Paket Basi Tak Bisa Dimakan https://t.co/LWubQOeIph lewat @tribunnews,1895533688231985650,,,in,,0,0,0,https://x.com/undefined/status/1895533688231985650,985703210,
1895353943066374203,2025-02-28 17:35:24+00:00,0,@BosPurwa MBG juga tidak berhasil..ada beberapa kasus makanan basi n ada juga yg tidak matang laukny,1895528241798291653,,BosPurwa,in,,0,0,0,https://x.com/undefined/status/1895528241798291653,1108897184336871425,
1895305181073678395,2025-02-28 15:41:43+00:00,0,@IndoPopBase Korupsi pertamina 1.000 triliun itu bisa sukseskan program MBG @prabowo selama 10 tahun! Mmg harus dihukum mati atau dimiskinkan semiskin miskinnya semua koruptor ini sampe ke kroni2 dan keluarganya. Ya kan @prabowo?,1895499631041429669,,iPopBase,in,,0,0,0,https://x.com/undefined/status/1895499631041429669,113672032,
1895115147150270892,2025-02-28 15:17:28+00:00,0,@berlianidris @prabowo Yah mungkin dokter bisa menilai presiden tidak gagal jika menghentikan program mbg tapi bagaimana dengan buzzer perusak bangsa dan penista agama yg tidak senang dgn presiden??,1895493529671209373,,berlianidris,in,,0,0,0,https://x.com/undefined/status/1895493529671209373,1517499293560897537,
1895486094130733225,2025-02-28 14:47:55+00:00,0,Tanggapan Pangdam Cenderawasih Aksi Tolak Makan Siang Bergizi di Papua Tengah #papuatengah #pangdamcenderawasih #papua #mbg https://t.co/7PWzJy5Vc8,1895486094130733225,https://pbs.twimg.com/ext_tw_video_thumb/1895486004703936512/pu/img/XiWSOAMj99x1DVFT.jpg,,in,,0,0,0,https://x.com/undefined/status/1895486094130733225,1641028826489823232,
1895484392438648947,2025-02-28 14:41:10+00:00,1,Keknya yang perlu diajarin bersyukur tuh bukan anak-anak penerima MBG deh. Melainkan para pejabat yang gajinya udah M-Man dan masih ngelakuin korupsi. Hadeuh‍,1895484392438648947,,,in,,0,0,0,https://x.com/undefined/status/1895484392438648947,1405578704747569152,
1895472874565042500,2025-02-28 13:55:24+00:00,0,Dukung MBG Menteri Wihaji Pastikan Kesiapan Tim Pendampingan Keluarga https://t.co/6kmF65vWTX,1895472874565042500,,,in,,0,0,0,https://x.com/undefined/status/1895472874565042500,1578222594,
1906598585581330494,2025-03-31 19:39:55+00:00,69,@KompasTV dgn 30 T sdh bisa menghapus kemiskinan Absolut. Msh ada lebihnya itu 11 T. Lebihnya jgn dipakai buat MBG Misalnya. Krn itu proyek ambisius presiden dimana riskan di korupsi. Apalagi buat IKN. Gmn yg korup 1000 T Itu bs menghapus kemiskinan ekstrim. https://t.co/eLpFEDpHiK,1906793601864278130,https://pbs.twimg.com/media/GnZKq4nbwAAjMXM.jpg,KompasTV,in,,0,1,6,https://x.com/undefined/status/1906793601864278130,1851566665374543872,
1906587842526204243,2025-03-31 15:02:40+00:00,0,@PartaiSocmed Sederhana tapi pemerintah g serius. Ekonomi kita ditopang konsumsi. Sekali efisiensi ambruk semua. Kan dioper ke mbg! Ya buktinya gagal/melemah. Coba abis lebaran apa g makin parah..? Bulan ini kebantu thr. Nah bulan depan..? Apa masih bisa kasi bantuan..?,1906723827532644577,,PartaiSocmed,in,,0,0,0,https://x.com/undefined/status/1906723827532644577,120087524,
1906287004662280338,2025-03-31 12:52:44+00:00,1,@VDSyst3msX Kerja yg mana. Jadi buzzer yg cerdas dikit agar tak semakin menjatuhkan presiden. Pagar laut PHK nilai tukar rupiah MBG dll....semua masih abunawas. Pemberantasan korupsi kaya dagelan malah Kang Dedi Mulyadi yg kerja nyata,1906691128545747081,,morozchipher,in,,0,0,0,https://x.com/undefined/status/1906691128545747081,1526964822507565056,
1906670158716039226,2025-03-31 11:29:24+00:00,0,dukung terus Prabowo program MBG top markotop https://t.co/SwMiQa7lxV,1906670158716039226,https://pbs.twimg.com/media/GnXaZf2asAAni7S.jpg,,in,,0,0,0,https://x.com/undefined/status/1906670158716039226,504099394,
1906666299520151877,2025-03-31 11:14:04+00:00,0,Saya setuju dengan program MBG. Tapi jika harus dilaksanakan secara merata di Indonesia sepertinya kurang tepat. Karena program ini lebih cocok untuk daerah² yg memang kekurangan sumber daya pangan yg tidak mencukupi. Seperti NTT dll. Terus..,1906666299520151877,,,in,,0,4,0,https://x.com/undefined/status/1906666299520151877,1485394547928875008,
1906650473589035169,2025-03-31 10:11:11+00:00,0,Ada pihak-pihak yg dukung program MBG ini karena mikir bakal kebagian ngurus project ini dan dapet duitnya lalu lagi-lagi ditipu omon omon kampanye itu. Artinya apa? Yak betul lawan!,1906650473589035169,,,in,,0,0,0,https://x.com/undefined/status/1906650473589035169,404738791,
1906617393104957889,2025-03-31 07:59:44+00:00,0,Sempat membuat perseteruan karena terang-terangan bilang ingin pemerintah runtuh di rumah sanak saudara wkwk tapi ga sampe debat gitu sih kok bisa bilang pbw ingin memberantas korupsi. Orang dia bikin mbg aja ga dipikir dan risiko penggelapan dananya besar,1906617393104957889,,,in,,0,1,0,https://x.com/undefined/status/1906617393104957889,1193295910475710464,
1917567180993941718,2025-04-30 20:14:27+00:00,0,@medeiaiaros @tanyakanrl All being equal MBG bakal dan cuma bakal bagus kalo inisiator yg itu.,1917673926693642606,,medeiaiaros,in,,0,0,0,https://x.com/undefined/status/1917673926693642606,463788635,
1917610976465281035,2025-04-30 16:04:18+00:00,2,Gawat ndasmu ratusan jendral ga sampai 16% eks napi hoaks Gawat dari mana Jepang ? Minimal nalar di pake benar Bodoh memang gratis tpi ga usah di embat semua bagiin juga tuh sama warga 24 MBG di tolak Jdi bodoh gratis di terima. tiwas...tiwas,1917610976465281035,,,in,,1,3,3,https://x.com/undefined/status/1917610976465281035,773236758796394496,
1917567180993941718,2025-04-30 16:04:15+00:00,0,@tanyakanrl Kenapa di hide akun nya? Padhaal klo bagus ga usah di sensor Biar yang lain bisa liat Soalnya ini pertama kali gue liat dapur mbg,1917610960317211021,,tanyakanrl,in,,0,0,0,https://x.com/undefined/status/1917610960317211021,1062052472460521472,
1917569518936940971,2025-04-30 15:23:54+00:00,0,@tapakatuy Mbg tuh aslinya asbun yang akhirnya diseriusin (bahkan dengan kritik yang massive juga tetep jalan),1917600807924687171,,tapakatuy,in,,0,0,0,https://x.com/undefined/status/1917600807924687171,1576750542638186496,
1917582822510059618,2025-04-30 14:12:26+00:00,1,OPM tolak program MBG karena tidak ingin anak-anak di Papua tumbuh sehat dan cerdas #papua #papuadamai https://t.co/eQt2Pp6Ukb,1917582822510059618,https://pbs.twimg.com/media/GpyfakfbwAASm5I.jpg,,in,,0,0,0,https://x.com/undefined/status/1917582822510059618,1410960474988957698,
1917414363239178333,2025-04-30 13:26:16+00:00,0,@anakodok2009 @MamangReborn Oknum. Diputus kontraknya. Bagi pelaku korupsi MBG.,1917571202249584993,,anakodok2009,in,,0,1,0,https://x.com/undefined/status/1917571202249584993,1348987504985133057,
1917568575138849012,2025-04-30 13:15:49+00:00,4,Dukung Program Makan Bergizi Gratis di Papua Program Makan Bergizi Gratis (MBG) di Papua hadir untuk memastikan anak-anak Indonesia khususnya di Papua mendapatkan asupan gizi yang optimal untuk tumbuh kembang yang sehat. #MakanBergiziGratis #MBGPapua #IndonesiaSehat https://t.co/rH5WiILCIP,1917568575138849012,https://pbs.twimg.com/amplify_video_thumb/1917568013940973573/img/_MyYrpDZLoN9-zE6.jpg,,in,,0,1,0,https://x.com/undefined/status/1917568575138849012,1825382097038856192,
1917564069713961273,2025-04-30 12:57:55+00:00,8,DUKUNG PROGRAM PEMERINTAH TNI AL GELAR MBG DI SURABAYA https://t.co/VVj3IyV1qL https://t.co/O8mR6Wn3Vy,1917564069713961273,https://pbs.twimg.com/media/GpyOWuDaYAM6PcU.jpg,,in,,0,0,2,https://x.com/undefined/status/1917564069713961273,351421879,
1917384344399929758,2025-04-30 12:44:16+00:00,2,@SelebtwitMobil Tanda program MBG berhasil. Rakyat RI jd pinter milih mobil krn gizi tercukupi,1917560633408774184,,SelebtwitMobil,in,,0,2,0,https://x.com/undefined/status/1917560633408774184,1767733514282418176,
1917558512290521444,2025-04-30 12:40:44+00:00,0,@CNNIndonesia Pasti pidato hidup Jokowi lagi..indonesia negara besar ..MBG berhasil.. danantara,1917559746980372852,,CNNIndonesia,in,,0,0,0,https://x.com/undefined/status/1917559746980372852,1816315834253627392,
1928904670690300311,2025-05-31 20:01:25+00:00,0,Dengan maksud dan tujuan MBG yang tidak lain untuk mencerdaskan bangsa. Sudah seharusnya kita dukung MBG jadi ahak setiap bangsa Indonesia. Lanjutkan MBG lanjutkan tumbuh kembang yang baik. #MBGUntukMasaDepanHebat Intermilan Boleh Nonton Hakimi https://t.co/WiPthB7OaG,1928904670690300311,https://pbs.twimg.com/media/GsTYj_IaMAAFyp-.jpg,,in,,0,0,0,https://x.com/undefined/status/1928904670690300311,1440314501023236109,
1928838793517502795,2025-05-31 15:39:39+00:00,0,sangat setuju dengan mas gibran jika kebersihan terjaga maka kualitas makanan yang di sajikan pun terjaga. Sangat penting bagi para pegawai MBG dalam menjaga kebersihan ini #SepiringNutrisiSejutaHarapan Lanjutkan MBG Boleh Kalau Kamu https://t.co/Hr39ahCHNA,1928838793517502795,https://pbs.twimg.com/media/GsScqQRacAA722U.jpg,,in,,0,0,0,https://x.com/undefined/status/1928838793517502795,1560256782429069314,
1928464414803742813,2025-05-31 15:34:05+00:00,1,@motivatedomega @NenkMonica Lah ...org di PHK krn dampak efisiensi apbn buat MBG tuh awalnya salah siapa ? Yg asbun perkara MBG tuh awalnya siapa ? Klo bukan perkara manula di lobby jadi presiden buat dukung anaknya..gk bakal kejadian semua hal yg lo sebutin itu,1928837393248907619,,motivatedomega,in,,0,1,0,https://x.com/undefined/status/1928837393248907619,1371244368,
1928835748192514559,2025-05-31 15:27:33+00:00,0,Enam SPPI Tolak Penempatan di Sukabumi Dapur MBG Mengeluh https://t.co/CjVcdrnyyg,1928835748192514559,,,in,,0,0,0,https://x.com/undefined/status/1928835748192514559,1311183942037327872,
1928835368901558712,2025-05-31 15:26:02+00:00,0,Gagal Kerjasama Food Tray MBG Dua Mitra Bisnis di Sukabumi Saling Lapor Polisi https://t.co/V3pU73FCne,1928835368901558712,,,in,,0,0,0,https://x.com/undefined/status/1928835368901558712,1311183942037327872,
1928730921261216183,2025-05-31 14:51:15+00:00,0,@detikcom Setuju tinggi itu bonus tapi tumbuh kembang anak tuh kompleks. MBG tuh udah bagus ngebantu masyarakat ngerti soal gizi. Lanjutkan MBG!,1928826612780257330,,detikcom,in,,0,0,0,https://x.com/undefined/status/1928826612780257330,2944356428,
1939111578659438870,2025-06-30 17:11:52+00:00,2,@vladsyarif13 @ARSIPAJA Bisa 2/3 nya aja ke vendor 10k dari 15k udah bagus. Belum vendor cari cuan 2k-3k. Sisa berapa tuh. Belum yg gak dihabisin anak larena gak suka. Beda kalau di rumah makanan ngambil sebisanya habis. Belum habis bisa buat malem / besok pagi. MBG ga habis ya dibuang.,1939733637999759426,,vladsyarif13,in,,0,0,0,https://x.com/undefined/status/1939733637999759426,99095441,
1939606253006688615,2025-06-30 16:59:46+00:00,0,@kumparan Lebih bagus do produksi bertahap didalam negeri disesuaikan dengan tahapan sebaran penerima manfaat MBG,1939730592817717557,,kumparan,in,,0,0,0,https://x.com/undefined/status/1939730592817717557,1603602188370341888,
1939671016688767144,2025-06-30 14:37:54+00:00,0,@TxtdariHI Tinggal tunggu aja ada berita kasus korupsi MBG entah di tahun kapan ,1939694891086590423,,TxtdariHI,in,,0,0,0,https://x.com/undefined/status/1939694891086590423,1327189960076578816,
1939662774441013424,2025-06-30 12:30:17+00:00,0,Gubernur Bengkulu Helmi Hasan menyatakan kesiapan provinsi itu menjadi daerah yang aktif mendukung arah kebijakan nasional dan proyek strategis nasional seperti program Makan Bergizi Gratis (MBG) dan ketahanan pangan nasional.https://t.co/NLUIW4wCLH,1939662774441013424,,,in,,0,0,0,https://x.com/undefined/status/1939662774441013424,423220305,
1939658680271860064,2025-06-30 12:14:01+00:00,46,I hate playing defend buat MBG tapi ini sebenernya ide bagus (kalau eksekusinya bener which I doubt). Amerika Serikat melakukan kayak begini pas masa pandemi dan beberapa negara bagian juga tetap memberikan MBG selama libur musim panas. Cuman bentuknya sembako.,1939658680271860064,,,in,,0,2,4,https://x.com/undefined/status/1939658680271860064,1249662133916192768,
1939657339550027876,2025-06-30 12:08:41+00:00,1,Bikin gedung ini pasti mahal Chile memboroskan anggaran negara utk bangunan tak guna Cuman kamera raksasa emangnya kalo keliatan galaksi bnyk apaka manusia bs ke sana? Lbh bagus Indonesia gunakan dananya utk MBG Jg buka kran import utk alas makan MBG Sunggu kuweren! ,1939657339550027876,,,in,,0,1,0,https://x.com/undefined/status/1939657339550027876,1366568677592633344,
1939196078102061117,2025-06-30 11:37:58+00:00,0,@1200vy5ah3tapy @DS_yantie BGN kembali menegaskan bahwa mereka akan memberikan sanksi yang berat kepada oknum oknum yang membuat nama program mbg ini menjadi jelek Lanjutkan MBG,1939649607505699238,,1200vy5ah3tapy,in,,0,0,0,https://x.com/undefined/status/1939649607505699238,1813050581197725700,
1939594763428130949,2025-06-30 08:35:55+00:00,0,@detikcom Kenapa gak dibagikan kepada yang membutuhkan atau jadikan sebagai pelengkap MBG. Atau biar tidak jadi cemburu manusia buat makanan satwa juga bagus. Kasihkan ke bonbin,1939603793861366075,,detikcom,in,,0,0,0,https://x.com/undefined/status/1939603793861366075,1812596576566829056,
1951017341090931153,2025-07-31 20:29:16+00:00,0,Mbak2 depan rumah tiap hari berangkat jam 3an gini buat MBG. Kira2 udah abis berapa tolak angin ya ?,1951017341090931153,,,in,,0,0,0,https://x.com/undefined/status/1951017341090931153,54473273,
1951013855817261538,2025-07-31 20:15:25+00:00,0,oon girl thing. baru kepikiran jawaban debat pas subuh why didnt i mention pernyataan ahok soal mbg.... padahal blt tuh bisa bgt dikasih lgsg ke masing-masing ortu and much better if their parents cooked the food not uang berangsur yang ada celah korupsi (anyone can),1951013855817261538,,,in,,0,0,0,https://x.com/undefined/status/1951013855817261538,1285621195996409856,
1950249309502398713,2025-07-31 16:29:20+00:00,1,@nami_singkat @hermionyyye Keluarga dan teman2ku yg dulu dukung skrg lagi pada sibuk komentarin MBG :)) Kan dari dulu program ini udh dikampanyekan knp ga mikirrr duluu?? ,1950956959076921528,,nami_singkat,in,,0,0,0,https://x.com/undefined/status/1950956959076921528,1567899572130951173,
1950575545365971294,2025-07-31 15:35:29+00:00,0,@AP22584666 @BebySoSweet AP22584666 Berdasarkan konteks gambar tampaknya merujuk pada pemerintah Indonesia. Saya setuju ada manfaat seperti program kesehatan gratis (MBG) dan bantuan pangan untuk jutaan warga. Namun kebijakan efisiensi anggaran 2025 dikritik karena memotong tunjangan ASN menimbulkan,1950943407494566179,,AP22584666,in,,0,0,0,https://x.com/undefined/status/1950943407494566179,1720665183188922368,
1950830475167383859,2025-07-31 14:29:40+00:00,0,@Maudy_Apain @mickolv_idas @BobbyPatriotCat @prabowo @are_inismyname @florieliciouss @BANGSAygSUJUD @99propaganda @Kimberley_PS08 @IrawanRommi @DarekaRendy Ngapain gue baca TL lu? Penting??? Pemuja buta? MBG ada gue kritik.. Baca aja TL gue.. Kan lu sering caper ke akun gue Jawab aja disini,1950926843873198096,,Maudy_Apain,in,,0,2,0,https://x.com/undefined/status/1950926843873198096,1289954556411969537,
1950913114914033780,2025-07-31 13:35:07+00:00,13,Australia Bakal Bantu Program MBG Dukung Prabowo Wujudkan Swasembada Pangan https://t.co/C9s3O4KP9w,1950913114914033780,,,in,,0,1,3,https://x.com/undefined/status/1950913114914033780,1289954556411969537,
1950899790386204976,2025-07-31 12:42:10+00:00,2,Australia Ingin Bantu Program MBG dan Dukung Swasembada di Indonesia https://t.co/IEEhtjVADD,1950899790386204976,,,in,,0,0,0,https://x.com/undefined/status/1950899790386204976,848614550,
1962194420360696192,2025-08-31 17:28:56+00:00,0,Sekian menit tak menyinggung sama sekali tentang kebijakannya sendiri padahal demonstran muaknya itu akumulatif. Termasuk kebijakan Prabowo yg menuai banyak kritik misalnya Kenaikan pajak MBG Efisiensi anggaran dll.,1962205978868498822,,afi_fillah,in,,0,1,0,https://x.com/undefined/status/1962205978868498822,550753288,
1962173658639778051,2025-08-31 15:20:30+00:00,0,Koperasi merah putih MBG beracun Food estate . Sebenarnya banyak program Prabowo yg gagal (dan digagalkan) Tapi para pembantunya gak ada yg melaporkan apa adanya . @Prabowo hidup di engineered skizofernia yg dibuatnya sendiri,1962173658639778051,,,in,,0,0,0,https://x.com/undefined/status/1962173658639778051,784648628,
1961962394755948919,2025-08-31 15:19:05+00:00,2,@Heraloebss Dukung padahal dr sejarahnya yg 98 dia kabur dr masalah ke Yordania. Terus skrng selain program kesehatan gratis itu apa yg perlu diapresiasi dr program Prabowo coba sebut. Nyebut MBG gua anggap lu ga sejalan ama apa yg lu tulis diatas,1962173301452943717,,Heraloebss,in,,0,1,0,https://x.com/undefined/status/1962173301452943717,781175338256572416,
1962168918044553665,2025-08-31 15:01:40+00:00,1,((merusak fasum berarti menghamburkan uang rakyat)) bagaimana program MBG bapak yg gagal tapi dipaksa tetap jalan itu?????,1962168918044553665,,,in,,0,0,0,https://x.com/undefined/status/1962168918044553665,479443734,
1962167008377831829,2025-08-31 14:54:04+00:00,0,静火。Terima kasih Anneth udah bikinin layout bagus versi MBG ini. So happy to be one of the lucky players. @annthtre https://t.co/io1IUCDqND,1962167008377831829,https://pbs.twimg.com/media/GzsEfsIaQAEJOKb.jpg,,in,,2,0,0,https://x.com/undefined/status/1962167008377831829,2148727549,
1962152159925203204,2025-08-31 13:55:04+00:00,0,MBG itu hanya akal akalan Prabowo untuk memberikan proyek kepada timsesnya ketika nyapres terbukti dapur MBG dimiliki pengusaha yg dekat dengan Prabowo .MBG syarat korupsi lebih baik dana MBG dialihkan ke program penyerapan tenaga kerja Toh menunya cuma tempe dan telur doang,1962152159925203204,,,in,,0,0,0,https://x.com/undefined/status/1962152159925203204,1609218415423795200,
1962098980449579014,2025-08-31 13:50:41+00:00,5,@txtdaritng Bisa bisanya blg Indonesia di ambang kebangkitan saat pajak PBB bbrp daerah naik hingga 1000% PPN naik BPJS mau dinaikkan anggaran pendidikan dipotong untuk MBG Bagi bagi jatah komisaris kepada penjilat korupsi ratusan Triliun menteri dan dewan nirempati,1962151055241953515,,txtdaritng,in,,0,0,1,https://x.com/undefined/status/1962151055241953515,1581529413275258880,
1961431327963521522,2025-08-31 13:44:37+00:00,1,@echantukubakso @yappingfess lu yang belum bisa terima fakta apa sengaja tutup mata? buka mata mbak banyak yang udah di jalanin programnya untuk MBG itu dana dari pemerintah udah turun dengan sangat baik tinggal di setiap daerah aja ada yang di korupsi atau tidak dana nya.,1962149530977399158,,echantukubakso,in,,0,1,0,https://x.com/undefined/status/1962149530977399158,1793375177117724676,
1962143363731501161,2025-08-31 13:20:07+00:00,0,program wowo ga ada yg bagus mbg ke bukti ngandung minyak babi dan ngabisin duit sampe triliunan alias babi buang buang duit anjg program dia yg lain ingin menciptakan 19jt lapangan kerja mungkin maksud dia buat orang orangnya doang.,1962143363731501161,,,in,,0,0,0,https://x.com/undefined/status/1962143363731501161,1806576522620542976,
1962035794430119956,2025-08-31 12:44:42+00:00,0,@Supri_Sinto @sharpandshark MBG IKN dan hutang negara... Udh tau negara ngutang masih banyak yg korupsi.. kan sinting...,1962134449136767255,,,in,,0,0,0,https://x.com/undefined/status/1962134449136767255,1151677745321005057,
1972915513199395016,2025-09-30 23:49:57+00:00,0,@AnggiCartwheel bingung dah asli sbnrnya prioritas mbg tuh siapa? yg diduluin yg di kota sekolah2 bagus yg dmna isinya anak2 yg ortunya mampu. yg di pelosok di kampung yg siswanya bnyak dri keluarga miskin smpe miskin bgt smpe skrg blm kebagian mbg,1973173504553136154,,AnggiCartwheel,in,,0,1,0,https://x.com/undefined/status/1973173504553136154,1093961130,
1972651496161608095,2025-09-30 23:27:55+00:00,0,@BiLLRaY2019 Ya kalo ini sih ane setuju. MBG lebih baik dialokasikan bagi siswa yang kurang mampu atau mungkin untuk sekolah daerah 3T. Kalo sekolah swasta elit ya jelas ngga level. Maap2 ni ya Pak Prabz.,1973167956843700360,,BiLLRaY2019,in,,0,0,0,https://x.com/undefined/status/1973167956843700360,159095749,
1972823722949325064,2025-09-30 23:24:41+00:00,0,@Metro_TV Ini maksudnya mindahin MBG ke kantin sekolah... bagus. Membagi 1 titik 3000 sd 4000 ke titik yg lebih kecil akan mempermudah pengawasan,1973167143152988499,,Metro_TV,in,,0,0,0,https://x.com/undefined/status/1973167143152988499,173773661,
1973044630892765424,2025-09-30 23:06:50+00:00,11,@sharpandshark Tuuh Dengerin pak @prabowo #BubarkanBGN #StopMBG Dengan menghentian MBG berarti sudah menyelamatkan APBN dari ancaman KORUPSI TRILLIUNAN RUPIAH. RAKYAT HARUS WASPADA BIAYA PENDIDIKAN MAKIN SUSAH.,1973162650965299576,,sharpandshark,in,,0,0,3,https://x.com/undefined/status/1973162650965299576,1867466746690695168,
1973160993451811190,2025-09-30 23:00:15+00:00,0,Ini yang bikin rakyat tidak setuju MBG. Makin sini makin ngawur saja ni pemerintah...,1973160993451811190,,,in,,0,0,0,https://x.com/undefined/status/1973160993451811190,119703900,
1973157325046423595,2025-09-30 22:45:40+00:00,4,SERUAN AKSI Koalisi Warga Tolak MBG mengajak bergabung dalam aksi bersama: ️ Rabu 1 Oktober 2025 ⏰ 09.30 12.00 WIB Seberang Istana Negara Jangan lupa bawa: Panci &amp; alat dapur Payung/jas hujan Bekal makanan bergizi yang beneran bergizi #TolakMBG,1973157325046423595,,,in,,0,1,2,https://x.com/undefined/status/1973157325046423595,275838322,
1972641859857186917,2025-09-30 22:29:52+00:00,0,@Top8rendusara Setuju bang kalau ada yang salah kita perbaiki.... MBG oke gas,1973153347340480624,,Top8rendusara,in,,0,0,0,https://x.com/undefined/status/1973153347340480624,1866287727123337216,
1983867767335088347,2025-10-31 22:54:25+00:00,0,@bakuldimsum_ Gunanya 5jt nih kemarin si paling BGN. Lucunya MBG mah bukan MBG namanya udah jd sesuatu yg ngeracunin anak org. Tp masih ae di gas secara lahan basah untuk korupsi bayangin brp Triliun sehari anggarannya dn yg menikmati para pejabat dan keluarganya jg.,1984393551418151080,,bakuldimsum_,in,,0,0,0,https://x.com/undefined/status/1984393551418151080,1450056695728664576,
1984029913855488383,2025-10-31 22:53:41+00:00,0,@ImeldaTheQueen Gali lubang tutup lubang Percuma Purbaya bersih bersih uang korupsi di kumpulkan untuk korupsi proyek yg lebih besar oleh Bos nya ! MBG IKN KCP hak Bandung Surabaya! Londo ireng pesek yg brengsek ! Kasihan rakyat Indo,1984393367510491347,,ImeldaTheQueen,in,,0,0,0,https://x.com/undefined/status/1984393367510491347,1647761274661670912,
1984084196982161772,2025-10-31 22:06:49+00:00,0,@tanyarlfes Nyari-nyari alasan untuk refreshing setelah dihujani kritik MBG beracun,1984381571647074396,,tanyarlfes,in,,0,0,0,https://x.com/undefined/status/1984381571647074396,1835668063133589504,
1984326847073837327,2025-10-31 18:29:22+00:00,0,MBG ni bisa bagus klo bner2 mateng dipikirin abcdz,1984326847073837327,,,in,,0,0,0,https://x.com/undefined/status/1984326847073837327,1816828930667761664,
1984318452765770121,2025-10-31 17:56:00+00:00,0,salut buat Polri yang terus jaga kualitas makanan MBG! Langkah positif dukung program Pak Prabowo. Maju terus demi generasi sehat dan kuat https://t.co/xyPvlOa8KT,1984318452765770121,https://pbs.twimg.com/ext_tw_video_thumb/1984318325783203841/pu/img/9st9riTZRQJ2cDrB.jpg,,in,,0,0,0,https://x.com/undefined/status/1984318452765770121,1570581709,
1984315690736893995,2025-10-31 17:45:02+00:00,0,polri emg keren bgt ya! Dukung 100% usaha jaga mutu MBG demi suksesnya langkah hebat Prabowo. Maju terus buat negeri https://t.co/zZXs8POhEM,1984315690736893995,https://pbs.twimg.com/ext_tw_video_thumb/1984315588051910656/pu/img/Qy80zOoaAJLQt7W3.jpg,,in,,0,0,0,https://x.com/undefined/status/1984315690736893995,2617343672,
1984308303070183609,2025-10-31 17:15:40+00:00,0,wah mantap Polri turut serta pastikan makanan MBG terjaga kualitasnya. Langkah cerdas dukung Prabowo! Rakyat jadi tambah sehat lanjutkan kerja hebatnya https://t.co/VV2LRQHFZy,1984308303070183609,https://pbs.twimg.com/ext_tw_video_thumb/1984308233306324992/pu/img/ap6a2xkIdI2DtWQK.jpg,,in,,0,0,0,https://x.com/undefined/status/1984308303070183609,111969071,
1984101285843628338,2025-10-31 17:07:11+00:00,0,@randomable_ gamau disalahin ya ini g ad yg mau tolak ato berhentiin aj gt d skolahnya g ush trima mbg lgi,1984306167666131377,,randomable_,in,,0,0,0,https://x.com/undefined/status/1984306167666131377,47306348,
1984113229178794404,2025-10-31 16:47:04+00:00,0,@noucampline Wah konten bagus..bs dpt 5jt dr MBG,1984301103547371547,,noucampline,in,,0,0,0,https://x.com/undefined/status/1984301103547371547,4922595162,
1984293058272452929,2025-10-31 16:15:06+00:00,0,go Polri! Menjaga kualitas makanan MBG itu langkah penting buat dukung Prabowo. Teruskan kerjanya https://t.co/LKjPcvwAQb,1984293058272452929,https://pbs.twimg.com/ext_tw_video_thumb/1984292995890610176/pu/img/BpaJrE0qMDFv90wu.jpg,,in,,0,0,0,https://x.com/undefined/status/1984293058272452929,1016311950979067904,
1984277212875698258,2025-10-31 15:12:08+00:00,1,Istana: Tim Koordinasi MBG Bukan Gantikan Peran BGN tapi Dukung Implementasi Program Nasional https://t.co/mEXzBZffcM,1984277212875698258,,,in,,0,0,0,https://x.com/undefined/status/1984277212875698258,1769017497125339136,
1983918997595648096,2025-10-31 15:10:42+00:00,1,@noahsebastian__ @landonoffish Trs gongnya ternyata okky jelly drink blm rilis pas dia sd Segitunya belain mbg yg jelek itu,1984276853541187668,,noahsebastian__,in,,0,0,0,https://x.com/undefined/status/1984276853541187668,1195400129743732736,
1983775738525634990,2025-10-31 14:43:07+00:00,1,@QueenSilence_ nanti klo sekolah nya ga bagus lalu zero accident MBG pasti kalimat nya jadi gini : percuma siswa dapat MBG klo sekolah nya mau ambruk yakan ?,1984269911355769032,,QueenSilence_,in,,0,1,0,https://x.com/undefined/status/1984269911355769032,1427095335084515333,
1984269171199541741,2025-10-31 14:40:11+00:00,0,Keduanya jelek akhlak dan perilaku (kasus belain MBG dan ngatain bocil) penyepong rezim songong final boss. Kata gw mah deserved . Kalau kata orang jawa kapokmu kapan .,1984269171199541741,,,in,,0,0,0,https://x.com/undefined/status/1984269171199541741,1700114956530909184,
1995062956384805102,2025-11-30 23:08:55+00:00,0,@mugglew1nss @tubirfess secara garis besar ekonomi tumbuh sama banyak bembenahan di dalam pemerintahan. yang aku sering amati ada di keseriusan ri1 berantas korupsi reformasi di beberapa kementerian terakhir mbg. semua gak perfect cuman kalau di lihat efek jangka panjang bakalan bagus kedepannya,1995268836007067974,,mugglew1nss,in,,3,2,0,https://x.com/undefined/status/1995268836007067974,1264401330040270848,
1995268110946099476,2025-11-30 23:06:02+00:00,0,langkah bagus BGN buka hotline bisa bikin masyarakat lebih aktif kasih feedback buat MBG https://t.co/u6WCnQievY,1995268110946099476,https://pbs.twimg.com/media/G7CdxR0bEAAJ0jE.jpg,,in,,0,0,0,https://x.com/undefined/status/1995268110946099476,1381673750,
1995241996643074526,2025-11-30 21:22:16+00:00,0,langkah bagus BGN buka hotline. Makin mudah akses info MBG. Keep up the good work Bu Nanik https://t.co/o7cQXQHyr7,1995241996643074526,https://pbs.twimg.com/media/G7CGBLxboAEa2BA.jpg,,in,,0,0,0,https://x.com/undefined/status/1995241996643074526,2272127095,
1995171008089854346,2025-11-30 16:40:11+00:00,1,Jenazah numpuk di mesjid ga bisa unt diidentifikasi karena jalan putus dimana mana Satu dua yg kritis berhasil dibawa pakai heli ke pdg Kau @prabowo Kalau ingin proyekan mbg MESTI NONSTOP silahkan!! Minimal biarkan Sumatera dapat bantuan negara lain! https://t.co/FkLQBCOwh3,1995171008089854346,,,in,,0,0,0,https://x.com/undefined/status/1995171008089854346,1915314237058293760,
1994210227063763146,2025-11-30 16:27:50+00:00,0,@Jateng_Twit Pasti kolega Gerindra ga setuju Karn usaha MBG mereka ditutup ,1995167899233988749,,Jateng_Twit,in,,0,0,0,https://x.com/undefined/status/1995167899233988749,928118235572011008,
1994912395144335704,2025-11-30 15:06:26+00:00,0,@riefsme @susno2g @PurbayaYudhi @KemenkeuRI @DitjenAnggaran @xMBGx @KPK_RI @tribunnews @Kemdikdasmen @KompasTV @tempodotco @prabowo setuju! disekolah2 swasta ttu jauh sblm ada MBG program spt itu sdh berjalan dgn baik tanpa pernah ada kontaminasi racun . jika MBG beracun 11jt% ada yg menyengaja agar program tsb gagal dan berujung utk deskriditkan nama penggagasnya,1995147416451064159,,riefsme,in,,0,0,0,https://x.com/undefined/status/1995147416451064159,1319546397159350272,
1994210227063763146,2025-11-30 15:00:11+00:00,1,@Jateng_Twit @elpoghu Setuju banget. Kantin sekolah gulung tikar n pedagang kecil diseputar sekolahan juga bangkrut yg jaya yg jd rekanan MBG untung besar hanya pemodal kuliner itu.,1995145844040089801,,Jateng_Twit,in,,0,0,0,https://x.com/undefined/status/1995145844040089801,1105387569812889601,
1994677564049350832,2025-11-30 14:32:46+00:00,0,@QianzyZ Setuju gara² mbg ayam potong di pasar Deket rumah gue kosong ini konyol tapi kenyataan. Karena semua ayamnya di beli dapur mbg jadi ayam di harga nyaris 40k ga mau turun sama kek mau lebaran. Ngebuat kestabilan pangan juga sedikit Morat-marit wkwk,1995138944779075691,,QianzyZ,in,,0,0,0,https://x.com/undefined/status/1995138944779075691,1897150182053339136,
1994723011455586794,2025-11-30 14:10:17+00:00,1,@tempodotco Betul. Nyata - NyataKorban keracunan massal MBG - Nyata ilegal logging - Nyata gagal lolos piala dunia - Nyata bungkam terhadap 2 aktivis yang hilang dan ditemukan meninggal - Nyata kerusakan hutan,1995133285882814871,,tempodotco,in,,0,0,0,https://x.com/undefined/status/1995133285882814871,565162548,
1994677564049350832,2025-11-30 13:55:27+00:00,0,@QianzyZ Serba salah ya mo diuangkan takut uangnya ga digunakan selayaknya ga diuangkan di korupsi sm onoh makanan mbg nya yg murah2 ajan,1995129551115219361,,QianzyZ,in,,0,0,0,https://x.com/undefined/status/1995129551115219361,1037719116457467904,
2005893447715283410,2025-12-30 23:08:01+00:00,0,@Zeefire02 Hapuskan mbg hanya bikin sarang korupsi. Yg punya rata² anggota dewan kabupaten. Alihkan salurkan berupa usng biar orang tuanya yg nyiapin menuh anaknya karena ortu lebih paham dg selera anaknya.,2006140247013314834,,Zeefire02,in,,0,0,0,https://x.com/undefined/status/2006140247013314834,1012647353164095489,
2005266200641916966,2025-12-30 23:04:41+00:00,0,@intinyadeh ntar buzzer nya ngomong kritik mbg pergi aja dari indonesia GILAK,2006139406587949509,,intinyadeh,in,,0,0,0,https://x.com/undefined/status/2006139406587949509,91746695,
2006133820853006687,2025-12-30 22:42:29+00:00,0,Gila sih korupsinya dimana2. MBG ini jadi bancakan korupsi dari atas sampai bawah.,2006133820853006687,,,in,,0,0,0,https://x.com/undefined/status/2006133820853006687,1240285357897220096,
2005504048175411438,2025-12-30 22:15:27+00:00,0,@nidaaah__ @white_lyly @tempodotco Bagus sih klo buat MBG yg 3B (Bumil Balita NP Busui) tapi klo yg sekolah kan agak riskan berpeluang mubazir klo ditinggal pulang kampung &amp; gak diambil,2006127015955456046,,nidaaah__,in,,0,0,0,https://x.com/undefined/status/2006127015955456046,1510484754411683841,
2006126945814061273,2025-12-30 22:15:10+00:00,0,baru bangun langsung liat berita aktivis dikirimin bangkai ayam ibu ibu di intimidasi karna kritik mbg sigh,2006126945814061273,,,in,,0,1,0,https://x.com/undefined/status/2006126945814061273,1202799187445727233,
2005893447715283410,2025-12-30 22:05:20+00:00,0,@Zeefire02 MBG hanya kedok untuk korupsi makanya tidak ada gizi di MBG sudah bnyk kasus MBG tpi tidk ada tindakan KENAPA?krn MBG milik pejabat!!!,2006124470000312725,,Zeefire02,in,,0,0,0,https://x.com/undefined/status/2006124470000312725,1960597253833547776,
2003395700672069926,2025-12-30 20:20:23+00:00,0,@nbpribadi @dita_septian10 @mardiasih Rakyat gak Bayar pajak 1 negara juga bubar ini Rakyat ini atasan presiden gak usah ngejilat rezim terus kalau kerjanya bener mah gpp kerja di bagus-bagusin.... Noh viral menu MBG MINUMAN RASA SUSU ,2006098061315936264,,nbpribadi,in,,0,1,0,https://x.com/undefined/status/2006098061315936264,1886289669782167552,
2005512589271572656,2025-12-30 18:49:36+00:00,11,@kangwaqfi2 MBG ini tdk lbh dr ladang utk korupsi krn saat liburan pun mrk ttp membagi2 MBG tujuan nya satu krn mrk ingin dpt keuntungan per porsi sdh jelas memang 1 bln anak tdk makan dr MBG lgs kurang gizi jadi bego yg ada otak kalian yg dungu dan ingin mengkorupsi dana MBG,2006075214116053468,,kangwaqfi2,in,,0,0,1,https://x.com/undefined/status/2006075214116053468,399281533,
2006061113281241351,2025-12-30 17:53:34+00:00,0,Infrastruktur siap! Ribuan titik pelayanan gizi disiapkan Polri untuk dukung program MBG. Bukti Polri adaptif dan responsif dukung kebijakan pemerintah. #PolriUntukMasyarakat https://t.co/j5UrEzs7TM,2006061113281241351,,,in,,0,0,0,https://x.com/undefined/status/2006061113281241351,956712330,
2005931173713994133,2025-12-30 17:51:39+00:00,3,@rubiagatra Suplai telur yang standar bagus disedot MBG. Dipasaran tinggal sisa-sisa. Swalayan besar mungkin ada tapj juga terbatas.,2006060629703196704,,rubiagatra,in,,0,1,1,https://x.com/undefined/status/2006060629703196704,402732964,
2006011541607284741,2025-12-30 17:37:45+00:00,1,@salam4jari Kritik menu MBG pun kena mental sakit!,2006057130902904848,,salam4jari,in,,0,0,0,https://x.com/undefined/status/2006057130902904848,1857590472,
2005903256619299324,2025-12-30 17:36:11+00:00,21,@raihanaulia_rar bagian mananya eii...gw nangkepnya ni lagu ngatain yang dukung programnya wowok. ((negri stunting dan kurang gizi)) = woro² mbg pas debat capres. ((pada sok tau dan juga belagu)) = ni kekny yang pas kasus apa ya itu trus pejabatnya bilang jangan sok tau ,2006056735329386548,,raihanaulia_rar,in,,0,2,0,https://x.com/undefined/status/2006056735329386548,1794130067108556800,
1885452300065673243,2025-01-31 22:51:35+00:00,0,@w1zardgentleman Pns lagi pada ngeluh penghematan anggaran juga bukan? All in ke makan bergizi gratis kayaknya duitnya lmao,1885460949374738603,,w1zardgentleman,in,,0,1,0,https://x.com/undefined/status/1885460949374738603,1642897824,
1885425933903077596,2025-01-31 20:32:26+00:00,0,sumpah ya apa sih urgensi makan bergizi kalo anggaran yg perlu tuh dipotong semua? punya presiden kok bego betul yaallah dosa apa sih gue :(,1885425933903077596,,,in,,0,0,0,https://x.com/undefined/status/1885425933903077596,1111481724423163911,
1885244181666238845,2025-01-31 16:12:06+00:00,0,@tanyarlfes Lu bisa hemat Rp. 7500 lumayan itu kok pada komplen attitude driver jelek lah bau rokok lah mobil kotor lah Itu satu porsi Makan Bergizi Gratis ngasih makan 1 generasi muda penerus bangsa! Kalau ga setuju berarti elu Pe'a dan akan gue TABOK pake otot kawat tulang besi gue!,1885360419180888096,,tanyarlfes,in,,0,0,0,https://x.com/undefined/status/1885360419180888096,1542850505491513346,
1885354410316112131,2025-01-31 15:48:14+00:00,0,Senangnya anggaran makan bergizi gratis melonjak jadi 171 Triliun. Semoga manfaatnya bisa sampai ke semua kalangan #MBGDorongEkonomi,1885354410316112131,,,in,,0,0,0,https://x.com/undefined/status/1885354410316112131,1519496298734383104,
1885352509096808500,2025-01-31 15:40:40+00:00,0,Ada anggaran 171 Triliun buat makan bergizi gratis. Yuk manfaatkan dukungan ini untuk kesehatan kita #MBGDorongEkonomi,1885352509096808500,,,in,,0,0,0,https://x.com/undefined/status/1885352509096808500,1703686301713874944,
1885351999316906230,2025-01-31 15:38:39+00:00,0,Anggaran 171 triliun untuk program makan bergizi gratis adalah langkah maju untuk generasi sehat #MBGDorongEkonomi,1885351999316906230,,,in,,0,0,0,https://x.com/undefined/status/1885351999316906230,1702215511147503616,
1895467452445929510,2025-02-28 14:24:39+00:00,1,@prabowo Dimaafkan kalo: Hukum mati para koruptor kalo mau efisiensi anggaran caranya rampingin kabinet bukan nambah staffsus gak guna jangan korbanin pendidikan hanya demi makan bergizi gratis,1895480237867348103,,prabowo,in,,0,0,0,https://x.com/undefined/status/1895480237867348103,1207848126343565313,
1895449673705631897,2025-02-28 12:23:12+00:00,0,Kepala Badan Gizi Nasional (BGN) Dadan Hindaya menyatakan bahwa anggaran operasional untuk program Makan Bergizi Gratis (MBG) di daerah tertinggal terdepan dan terluar (3T) sepenuhnya ditanggung oleh Pemerintah Pusat. https://t.co/9fPz9y6Xzl,1895449673705631897,,,in,,0,0,0,https://x.com/undefined/status/1895449673705631897,18071520,
1895419236002271687,2025-02-28 10:22:15+00:00,0,Mungkinkah Indonesia Bisa Beralih ke Pembangkit Nuklir di 2032? Anggaran program Makan Bergizi Gratis (MBG) hanya cukup sampai Juni 2025.,1895419236002271687,,,in,,0,1,0,https://x.com/undefined/status/1895419236002271687,1311183942037327872,
1895377693363052739,2025-02-28 10:07:08+00:00,0,@AirinDatangLagi Di mana makan bergizi gratis tu ... Di SD atau SMP yg di pedesaan rasanya belum ada .. Sudah puasa nanti libur panjang lagi .. namun MBG tu tak kunjung jua kecuali anggaran nya tetap dan habis ?,1895415430359257377,,AirinDatangLagi,in,,0,0,0,https://x.com/undefined/status/1895415430359257377,1432334199625641984,
1894757656080081193,2025-02-28 09:23:54+00:00,0,@dava_hq @TOM5helby eh iya ya.. MBG... juga bunyinya ya... Makan Bergizi Gagal pdhl kt adeknya 2 kali sehari pagi dan siang.MBG...nya . ‼️ https://t.co/UkaTk7nDbv,1895404549298651646,https://pbs.twimg.com/ext_tw_video_thumb/1895404456482889728/pu/img/K2pggUa6x7GumZId.jpg,dava_hq,in,,0,0,0,https://x.com/undefined/status/1895404549298651646,1269299199373217792,
1895051499253969254,2025-02-28 05:57:44+00:00,0,@BBCIndonesia Yang dibutuhkan sekali itu pendidikan gratis bukan makan bergizi gratis sebagai alasan untuk efisiensi anggaran (kecuali coklat dan Ijo).,1895352669386277342,,BBCIndonesia,in,,0,0,0,https://x.com/undefined/status/1895352669386277342,1914512449,
1895287883386560734,2025-02-28 01:40:18+00:00,0,PELAJAR PAPUA TOLAK MAKAN BERGIZI GRATIS LEBIH MEMILIH SEKOLAH GRATIS. P... https://t.co/rwsTKf4fCo via @YouTube -PAPUA NUKU.,1895287883386560734,,,in,,0,0,0,https://x.com/undefined/status/1895287883386560734,1727048834075783168,
1895265122995839125,2025-02-28 00:13:40+00:00,0,ohhhh jd awalnya tuh protes program kerja sama id-jp for makan bergizi. terus org jpg ini protes kek yee kocak disini aja belum bener lu mau bantuin orang,1895266081377526175,,shadowofspring_,in,,0,0,0,https://x.com/undefined/status/1895266081377526175,1424741811617103876,
1895159745734156712,2025-02-27 17:11:08+00:00,0,PELAJAR PAPUA TOLAK MAKAN BERGIZI GRATIS LEBIH MEMILIH SEKOLAH GRATIS. P... https://t.co/XYRgdbFNo5 via @YouTube,1895159745734156712,,,in,,0,0,0,https://x.com/undefined/status/1895159745734156712,334895030,
1906647720347242616,2025-03-31 15:11:45+00:00,0,@Matarael Disini di beberapa sekolah dana PIP malah dikorupsi ama oknum2..yg di pemerintah? Proyek makan bergizi 3 bulan ga dibayar. Pejabat mobil mewah hotel mewah.. manusia2 kacau mereka para pengemis suara rakyat. Diluar kekuasaan teriak korupsi.Setelah didalam kekuasaan diem itung duit,1906726115873636845,,Matarael,in,,0,0,0,https://x.com/undefined/status/1906726115873636845,1898732980623024128,
1906720127716077876,2025-03-31 14:54:44+00:00,0,Kenapa ya rata-rata pengkritik Makan Bergizi Gratis itu kritiknya ngga substansial? Mana analoginya jelek lagi soal meke-up,1906721831090077899,,arja_raihan,in,,0,0,0,https://x.com/undefined/status/1906721831090077899,1229150657350782976,
1906437110804193447,2025-03-30 20:03:21+00:00,0,Pak @prabowo bohong lagi! MBG malah kacau dan hasilnya banyak vendor yang mengundurkan diri. Bahkan negara lain malah berusaha bikin program makan bergizi yang lebih bermutu daripada program Pak Wowo yang gagal total ini. #MakzulkanPrabowoGibran https://t.co/EzS5Kobl90,1906437110804193447,https://pbs.twimg.com/media/GnUGcugasAAFBsP.jpg,,in,,0,0,0,https://x.com/undefined/status/1906437110804193447,1649211953578127360,
1905728602785603768,2025-03-30 09:22:33+00:00,0,@gettarol @txtdrimedia Berdasarkan survei terbaru (Maret 2025) mayoritas publik puas dengan kinerja Prabowo-Gibran (78-87 5%) didukung program seperti Makan Bergizi Gratis. Namun UU militer baru (20 Maret 2025) memicu protes dari aktivis dan mahasiswa yang khawatir akan demokrasi. Realitasnya ada,1906275846110748990,,gettarol,in,,0,0,0,https://x.com/undefined/status/1906275846110748990,1720665183188922368,
1906260250854101037,2025-03-30 08:20:35+00:00,0,Makan bergizi gratis klien ditambah anggaran dikurangan warasss ?,1906260250854101037,,,in,,0,0,0,https://x.com/undefined/status/1906260250854101037,1271366028933529600,
1906243823052738685,2025-03-30 07:15:18+00:00,0,Makan Bergizi Gratis (MBG) di Papua Di tengah tantangan gizi buruk Program MBG hadir untuk memastikan anak-anak dan kelompok rentan di Papua mendapatkan makanan sehat dan bergizi. #MakanBergiziGratis #SehatBersamaMBG #NutrisiLokalPapua #GenerasiCerdasPapua #DukungMBG https://t.co/tkfJfB7Fqf,1906243823052738685,https://pbs.twimg.com/ext_tw_video_thumb/1906243706547785729/pu/img/TuHYUdVAX5Oh09sa.jpg,,in,,0,0,0,https://x.com/undefined/status/1906243823052738685,1881223177462054912,
1906172508589662441,2025-03-30 02:31:55+00:00,514,Populisme Program Prabowo Ekonom Ferry Latuhihin menilai proyek makan bergizi gratis pemerintahan Prabowo Subianto terlalu populis. Penyediaan makan siang untuk 82 juta anak tersebut dikerjakan di tengah anggaran negara yang cekak. Ia juga menyebut pembentukan Danantara bisa https://t.co/eQh5jlyCot,1906172508589662441,https://pbs.twimg.com/media/GnQVyrnbsAELLWG.jpg,,in,,5,27,175,https://x.com/undefined/status/1906172508589662441,18129942,
1906148384748314699,2025-03-30 00:56:04+00:00,1,Program Makan Bergizi Gratis (MBG) yang diinisiasi oleh Presiden Prabowo merupakan langkah positif dalam mengatasi masalah kekurangan gizi anak-anak di Indonesia khususnya di bagian Timur #MBG #PAPUA #PRESIDEN #INDONESIA #PRABOWO #BBWomenInMusic Jokowi https://t.co/SBmSQENZpI,1906148384748314699,https://pbs.twimg.com/media/GnP_15IbAAAAcKX.jpg,,in,,0,0,0,https://x.com/undefined/status/1906148384748314699,1603727778050113536,
1905886336554246569,2025-03-30 00:31:31+00:00,0,@CrussaderKnight @Mdy_Asmara1701 @prabowo Survei terbaru menunjukkan tingkat kepuasan publik terhadap pemerintah Prabowo-Gibran sekitar 72 5% meski protes Maret 2025 mungkin sedikit menurunkannya. Faktor utama kepuasan meliputi Program Makan Bergizi Gratis (MBG) yang disukai 72% responden dan respons pemerintah terhadap,1906142209025384701,,CrussaderKnight,in,,0,0,0,https://x.com/undefined/status/1906142209025384701,1720665183188922368,
1906101502521094358,2025-03-29 21:57:30+00:00,0,ada lg perihal efisiensi anggaran makan bergizi dll woylah negara kita itu bukan sekecil otak kau ya butuh masa uji coba butuh penyesuaian butuh strategi yg matang dll aku setuju program tsb msh blm merata blm memuaskan blm berhasil tp plislah gasah menghina segitunya,1906103448095121702,,tiraniagestya,in,,0,1,0,https://x.com/undefined/status/1906103448095121702,630850187,
1905764136056959354,2025-03-29 21:41:29+00:00,1,@DS_yantie kas negara yg koaong defisit pemerintah yg gagal makan bergizi yg ga berguna phk dimana mana rupiah yg anjlok kenapa rakyat yg kau perangi,1906099418690195602,,DS_yantie,in,,0,0,0,https://x.com/undefined/status/1906099418690195602,122009945,
1906083944417620460,2025-03-29 21:19:13+00:00,100,@dingtonpa @txtdrimedia Makan Bergizi gratis? Menurut saya ini program yg masuk akan dan saya setuju sama programnya yang salahnya adalah cara eksekusi yg terbilang terburu² cek VT bag ferry Irwandi deh. Harusnya scra bertahap dan sistematis tapi ini pengen serentak dgn anggaran ga logis,1906093814948982827,,dingtonpa,in,,3,18,1,https://x.com/undefined/status/1906093814948982827,1552970852505092096,
1917376050528674217,2025-04-30 14:47:45+00:00,0,@JamesH03518554 Transparansi anggaran yang diterapkan pemerintah membuktikan keseriusan untuk menjaga akuntabilitas dalam program makan bergizi gratis ini,1917591710034755862,,JamesH03518554,in,,0,0,0,https://x.com/undefined/status/1917591710034755862,1893868809012019201,
1917564905302958515,2025-04-30 13:01:14+00:00,2,Wakil Menteri Keuangan Suahasil Nazara mengatakan hingga 29 April 2025 realisasi anggaran untuk Makan Bergizi Gratis sudah mencapai Rp 2 3 triliun. #bisnisupdate #update #bisnis #ignews https://t.co/3RGryjDvO3 https://t.co/PZMdY7Rzv1,1917564905302958515,https://pbs.twimg.com/media/GpyO_njXYAI-Qz_.jpg,,in,,0,0,1,https://x.com/undefined/status/1917564905302958515,759692754985242625,
1917113991664701581,2025-04-30 11:56:36+00:00,0,@Kanseulir Tata kelola buruk keliru menyalurkan anggaran hingga dugaan penggelapan mewarnai proyek Makan Bergizi Gratis (MBG). Harus segera dihentikan,1917548638408171996,,Kanseulir,in,,0,0,0,https://x.com/undefined/status/1917548638408171996,64605516,
1917547461524218260,2025-04-30 11:51:55+00:00,1,PEMERINTAH akan meningkatkan alokasi anggaran untuk program Makan Bergizi Gratis (MBG) hingga mencapai Rp171 triliun pada kuartal IV 2025 https://t.co/UBrcgt0Mqx,1917547461524218260,,,in,,2,0,0,https://x.com/undefined/status/1917547461524218260,68930552,
1917103921673515194,2025-04-30 11:29:27+00:00,0,@grok @FathRasi @BocorAlusPol @grok kenapa @prabowo tidak segan menegur Hasan Nasbi saat berbuat salah tapi segan menegur Deddy Corbuzier saat berbuat salah saat menghardik siswi yg protes makan bergizi gratis (MBG) beberapa waktu yll. Padahal kesalahannya menurut ku sama-sama fatal,1917541807107498207,,grok,in,,0,1,0,https://x.com/undefined/status/1917541807107498207,85031659,
1917537012313149588,2025-04-30 11:10:24+00:00,0,Realisasi Anggaran Makan Bergizi Gratis Capai Rp2 3 Triliun https://t.co/EJKcUVt5BI,1917537012313149588,,,in,,0,1,0,https://x.com/undefined/status/1917537012313149588,1578222594,
1917492039643726216,2025-04-30 09:19:49+00:00,0,@johnkasettape Bukan kiamat tapi anugerah karena anak-anak bisa makan bergizi gratis mengenai ada masalah mari kita support pemerintah untuk memperbaikinya Lanjutkan MBG,1917509182728855638,,liebesleidliszt,in,,0,0,0,https://x.com/undefined/status/1917509182728855638,758215573721407489,
1917153132653461772,2025-04-29 16:02:27+00:00,2,@sunghars @ARSIPAJA Kalo bisa nafkahin ga masalah mau punya anak 10 biji banyak anak giliran kurang gizi minta makan bergizi gratis ga sanggup nyekolahin minta sekolah gratis ga sanggup berobat minta berobat gratis bikin doang gampang biayain ga sanggup kasian anaknya mrka butuh hidup yg layak,1917248123287880191,,kiastifaq,in,,0,1,0,https://x.com/undefined/status/1917248123287880191,1556886141634113541,
1917226821420216534,2025-04-29 14:37:49+00:00,2,Desakan evaluasi hingga menghentikan Makan Bergizi Gratis (MBG) terus mengemuka menyusul terungkapnya sederet masalah dalam program unggulan Prabowo-Gibran ini. Yang terus berulang adalah kasus pelajar keracunan usai menyantap menu MBG di antaranya terjadi di Cianjur Jawa https://t.co/SqW66zd22E,1917226821420216534,https://pbs.twimg.com/media/GptboIAbUAAG4Z-.jpg,,in,,0,0,0,https://x.com/undefined/status/1917226821420216534,124390203,
1917206031639417240,2025-04-29 13:15:12+00:00,1,STAF Divisi Riset Indonesia Corruption Watch (ICW) Eva Nurcahyani menyebut program Makan Bergizi Gratis (MBG) hanya menjadi program untuk menghamburkan uang negara. Ia menilai MBG tidak memenuhi standar gizi dan justru berpotensi menjadi pemborosan anggaran.,1917206031639417240,,,in,,0,0,1,https://x.com/undefined/status/1917206031639417240,68930552,
1917189292545421439,2025-04-29 12:11:19+00:00,0,@rinncancy Program penghematan anggaran 2025 untuk mendanai Makan Bergizi Gratis terutama memengaruhi sektor pendidikan dengan Rp71 triliun dari anggaran Rp722 6 triliun dialokasikan untuk program ini berpotensi mengurangi dana untuk infrastruktur sekolah atau beasiswa. Sektor pertanian,1917189954683441253,,rinncancy,in,,0,0,0,https://x.com/undefined/status/1917189954683441253,1720665183188922368,
1928708378756309346,2025-05-31 07:01:25+00:00,0,Emang sengaja masyarakat Indonesia dibikin ga pinter marah bgt ajg anggaran buat pendidikan ga jadi prioritas. Makan bergizi segitu banyak anggaran isine pakanan mambu cuih cuihhhh,1928708378756309346,,,in,,0,0,0,https://x.com/undefined/status/1928708378756309346,1345580967117799428,
1928691349324435538,2025-05-31 05:53:45+00:00,0,melalui Program Makan Bergizi Gratis (MBG) yang diharapkan dapat menjadi solusi nyata bagi masalah gizi anak-anak di seluruh Indonesia termasuk Papua. https://t.co/7RDK5yHoST,1928691349324435538,https://pbs.twimg.com/media/GsQWjyAaMAQGh_w.jpg,,in,,0,0,0,https://x.com/undefined/status/1928691349324435538,1859990476381995008,
1928668947034825103,2025-05-31 04:24:44+00:00,0,Dua program unggulan Presiden Prabowo Subianto makan bergizi gratis (MBG) dan Koperasi Merah Putih disebut-sebut menjadi ancaman bagi keberlanjutan Anggaran Pendapatan dan Belanja Negara (APBN) 2026. https://t.co/pLyzRtvWUe,1928668947034825103,https://pbs.twimg.com/amplify_video_thumb/1928668350634405888/img/EAgIHhK6iuN3VUPU.jpg,,in,,0,1,0,https://x.com/undefined/status/1928668947034825103,238091066,
1928577189865508934,2025-05-31 00:07:18+00:00,1,@anomyhae Pemerintah terus berupaya meningkatkan kualitas SDM melalui Program Makan Bergizi Gratis. MBG diharapkan dapat menjadi solusi nyata bagi masalah gizi anak2 di seluruh Indonesia termasuk Papua. Dengan target menjangkau 82 9 juta anak pada November 2025 Lanjutkan MBG ️ https://t.co/p0WhMFaJFr,1928604159898464386,https://pbs.twimg.com/media/GsPHQy3aMAASWVs.jpg,anomyhae,in,,0,0,0,https://x.com/undefined/status/1928604159898464386,1725413776508497920,
1928432522670809579,2025-05-30 15:48:04+00:00,0,@kumparan Itu makan bergizi gratis di harusnya stoppplah..habisin anggaran yg ada..lebih baik anggarannya buat sekolah gratis daripada makan bergizi gratis,1928478526463758752,,kumparan,in,,0,0,0,https://x.com/undefined/status/1928478526463758752,255978791,
1928269747298386193,2025-05-30 12:35:07+00:00,39,@giIangmahesa Pejabat2 wk2land gemar mengeksploitasi rakyat (dg makan bergizi gratis dan bansos msl) dan gagal mengekplorasi (kemampuan rakyat); shg kemiskinan kebodohan dan keterbelakangan justru bertumbuh dan bertambah.,1928429969270534585,,giIangmahesa,in,,0,1,3,https://x.com/undefined/status/1928429969270534585,1470282034958389249,
1928074625331728608,2025-05-29 16:31:08+00:00,0,@arciarta @PraharaTemaram @tanyakanrl https://t.co/eyi6ctFlCG Estimasi anggaran MBG 800 M/hari https://t.co/SjHwgfb6GX Random sampling UKT tertinggi FK UNS 30 Juta/semester Kuliah 8 semester= 240 Juta 800 M/240 Juta = 3.333 Alias 1 hari MBG = menguliahkan 3.333 mahasiswa UKT tertinggi di UNS selama 8 semester,1928126976440533461,,arciarta,in,,0,0,0,https://x.com/undefined/status/1928126976440533461,336971816,
1927575431525372333,2025-05-29 06:15:32+00:00,0,@kompascom Sedari awal gue kritik keras MAKAN GRATIS. PENDIDIKAN GRATIS harusnya! Tapi yah bgnilah realita bangsa ini cukup dibujuk makan gratis yg bertukar jadi makan pagi gratis tuker lagi jadi makan bergizi gratis proyek bau amis korupsi. Sasaran mencerdaskan bangsa lewat makan gratis.,1927972053312831662,,kompascom,in,,0,1,0,https://x.com/undefined/status/1927972053312831662,1173636633213595656,
1927965547947344018,2025-05-29 05:49:41+00:00,0,ANGGARAN MAKAN BERGIZI GRATIS TAHUN DEPAN MENINGKAT JADI RP217 T TARGET 82 9 JUTA PENERIMA https://t.co/YgjNYwqYVG,1927965547947344018,https://pbs.twimg.com/media/GsGCbQEWcAAUacd.jpg,,in,,0,0,0,https://x.com/undefined/status/1927965547947344018,1686276192352272384,
1927956747001458853,2025-05-29 05:14:42+00:00,0,Anggaran makan bergizi gratis tahun depan meningkat jadi Rp 217 T target 82 9 Juta Penerima https://t.co/3Bh6gVaSU3,1927956747001458853,https://pbs.twimg.com/media/GsF6cdWX0AA8Gwj.jpg,,in,,0,0,0,https://x.com/undefined/status/1927956747001458853,2506280550,
1927948964101231002,2025-05-29 04:43:47+00:00,0,Mungkin suatu hari nanti akan ada cerita: Aneka Korupsi di prog. MBG bahkan Korupsi Sisa Makanan dari prog. MBG -- itu pun jika program ini berjalan mulus &amp; angka korban keracunan berhasil ditekan. https://t.co/hmjVwu8GwW,1927948964101231002,,,in,,0,0,0,https://x.com/undefined/status/1927948964101231002,830271932318617600,
1939680184170590606,2025-06-30 13:39:28+00:00,0,Program Makan Bergizi Gratis Dikepung Risiko Korupsi Sistemik Transparency International Indonesia https://t.co/xGn72rKrRy,1939680184170590606,,,in,,0,0,0,https://x.com/undefined/status/1939680184170590606,1577775916435898369,
1939549458259484846,2025-06-30 05:00:00+00:00,4,Pemerintah mempercepat penyaluran Makan Bergizi Gratis (MBG) kepada 82 9 juta penerima.⁣ ⁣ Untuk apa saja? Berikut penjelasannya!⁣ ⁣ &gt;&gt; https://t.co/Op2uERfNjX #MBG #MakanGratis #Pangan #Pemerintah #Anggaran #MakanBergiziGratis #Gizi https://t.co/9H9fE0JG5t,1939549458259484846,https://pbs.twimg.com/media/GuoUXiTXoAAA4Rf.jpg,,in,,1,24,2,https://x.com/undefined/status/1939549458259484846,135795460,
1939247569902931984,2025-06-29 09:03:33+00:00,0,@cityoftaeyong Program Makan Bergizi Gratis (MBG) menuai kritik karena beberapa alasan. 1. Biaya tinggi mencapai Rp350 triliun dianggap membebani anggaran negara dengan penyaluran dana hanya &lt;3% hingga Juni 2025. 2. Logistik bermasalah seperti keamanan pangan dan kualitas rendah termasuk,1939248363201007961,,cityoftaeyong,in,,1,0,0,https://x.com/undefined/status/1939248363201007961,1720665183188922368,
1939159531763966150,2025-06-29 03:10:34+00:00,0,Pak @prabowo Coba audit dulu anggaran program makan bergizi gratis baru Omon-omon masalah perang lawan korupsi. https://t.co/XFomac6d34,1939159531763966150,https://pbs.twimg.com/media/GulHTXoXIAAz6jh.jpg,,in,,0,0,0,https://x.com/undefined/status/1939159531763966150,3719816714,
1938922124443611586,2025-06-28 11:27:12+00:00,0,Pemerintah akan menambah anggaran sebesar Rp50 triliun untuk mempercepat pelaksanaan Program Makan Bergizi Gratis (MBG). Hal ini disampaikan Menteri Koordinator Bidang Pangan Zulkifli Hasan dalam konferensi pers di Jakarta Kamis (26/6). https://t.co/Jg54P5brBS https://t.co/Ez3Vtekixt,1938922124443611586,https://pbs.twimg.com/media/GuhvZWoX0AAmCp0.jpg,,in,,1,1,0,https://x.com/undefined/status/1938922124443611586,70600007,
1938901067623969006,2025-06-28 10:03:32+00:00,1,Dorong Gizi Anak dan Ekonomi Lokal Anggaran MBG Ditingkatkan Pemerintah resmi menambah anggaran Program Makan Bergizi Gratis (MBG) sebesar Rp50 triliun #ProgramMakanBergiziGratis #GiziAnakIndonesia #EkonomiLokal #StuntingTurun #PemerintahIndonesia #BeritaTerkini https://t.co/AHscJQspSe,1938901067623969006,https://pbs.twimg.com/ext_tw_video_thumb/1938900991044136960/pu/img/AbYsYgKX9w1lchXe.jpg,,in,,0,1,0,https://x.com/undefined/status/1938901067623969006,1609994497555062785,
1938900257934598346,2025-06-28 10:00:19+00:00,2,Dorong Gizi Anak dan Ekonomi Lokal Anggaran MBG Ditingkatkan Pemerintah resmi menambah anggaran Program Makan Bergizi Gratis (MBG) sebesar Rp50 triliun guna mempercepat cakupan bantuan pangan bergizi untuk anak-anak di seluruh Indonesia. #ProgramMakanBergiziGratis https://t.co/1SCT4Ozy4g,1938900257934598346,https://pbs.twimg.com/ext_tw_video_thumb/1938900174811611136/pu/img/vujbF2RN4989N3pW.jpg,,in,,0,1,0,https://x.com/undefined/status/1938900257934598346,1765665336152739840,
1938745239151484957,2025-06-28 04:34:51+00:00,0,@abu_waras @prabowo Yang tidak perlu makan bergizi gratis TDK bermanfaat dan hanya jadi bancakan para pemburu rente dan jadi ladang korupsi ,1938818352086163684,,abu_waras,in,,0,1,0,https://x.com/undefined/status/1938818352086163684,230692266,
1938804147933061387,2025-06-28 03:38:24+00:00,0,Pemerintah Tambah Anggaran Makan Bergizi Gratis Rp50 Triliun #MasakiniNews https://t.co/lTdREQMVbU,1938804147933061387,,,in,,0,2,0,https://x.com/undefined/status/1938804147933061387,1109744327767408640,
1938024412038721733,2025-06-28 01:54:27+00:00,0,@Ge_En_Pe @ARSIPAJA Bertahap dan hanya masalah waktu saja agar semua dapat yuk dukung lanjutkan mbg https://t.co/dQ3jRNpDsp,1938777988797211123,,Ge_En_Pe,in,,0,0,0,https://x.com/undefined/status/1938777988797211123,758215573721407489,
1938024412038721733,2025-06-27 10:58:06+00:00,0,@aditbarda @ARSIPAJA Yth. @ARSIPAJA Program Makan Bergizi Gratis (MBG) adalah langkah strategis pemerintah untuk memajukan SDM Indonesia menuju Indonesia Emas 2045. Dengan anggaran Rp171 triliun MBG menargetkan 82 9 juta penerima termasuk anak sekolah dan ibu hamil untuk atasi stunting dan,1938552411016302940,,aditbarda,in,,0,0,0,https://x.com/undefined/status/1938552411016302940,1720665183188922368,
1938513481441091848,2025-06-27 08:29:39+00:00,0,Benarkah Program Makan Bergizi Gratis (MBG) Prabowo Gagal Sejak Awal?,1938515055227842758,,Maimuniqo,in,,0,2,0,https://x.com/undefined/status/1938515055227842758,1115106057842348032,
1938427559185928280,2025-06-27 02:41:59+00:00,0,Makan Bergizi Gratis Pengangguran . 19 Juta Lapangan Pekerjaan itu adanya di luar negeri tidak di Indonesia. Kira kira 121 Triliun anggaran MBG kalau dipakai untuk bikin usaha pabrik / industri bisa menyerap berapa juta orang? Dan dari jutaan orang tadi bisa menghidupi berapa https://t.co/NbgzNU1nd3,1938427559185928280,https://pbs.twimg.com/media/Guatl2FbEAE186l.jpg,,in,,0,0,0,https://x.com/undefined/status/1938427559185928280,226416224,
1938403360685887550,2025-06-27 01:05:49+00:00,1,Alasan Anggaran Makan Bergizi Gratis Ditambah Jadi Rp 121 T https://t.co/OKFqdT6b1B,1938403360685887550,,,in,,0,0,0,https://x.com/undefined/status/1938403360685887550,135795460,
1950765611623334218,2025-07-31 03:48:59+00:00,0,Munculnya ketimpangan layanan dan rendahnya kualitas makanan jadi salah satu masalah utama pelaksanaan MBG yang justru tak sesuai dengan tujuan utamanya yaitu memberikan makanan bergizi . https://t.co/EEI3WSp37J,1950765611623334218,,,in,,0,0,0,https://x.com/undefined/status/1950765611623334218,1521159020,
1950375794502750727,2025-07-30 22:52:24+00:00,0,@Luckisme89 @ARSIPAJA Oppa mari saya jelaskan isu-isu parah pemerintah Indonesia 2025 berdasarkan fakta: - MBG (Makan Bergizi Gratis): Program Januari 2025 picu ratusan kasus keracunan siswa di berbagai daerah seperti NTT dan Bogor akibat pengawasan buruk (sumber: BPOM BBC). - Data pribadi:,1950690971592913243,,,in,,0,0,0,https://x.com/undefined/status/1950690971592913243,1720665183188922368,
1950213786159440317,2025-07-30 19:06:25+00:00,0,@andy_dhann2897 @prabowo Bahkan saya bisa beranggapan program makan bergizi gratis ini akan gagal jika performa mentri koperasi merah putih mentri perdagangan dan pertanian tdk optimal krn hulunya dsitu Ibarat tuning mesin perlu stel celah klep timing gear stel bospom timing pengapian dll. https://t.co/u7zPraKdQF,1950634101570253034,https://pbs.twimg.com/media/GxILX8ha0AEd84b.jpg,ariprachmanhkm,in,,0,0,0,https://x.com/undefined/status/1950634101570253034,1496337448515043330,
1950463968394592505,2025-07-30 15:27:23+00:00,1,@LemonAndAtilla @M45Broo_ Tentu saja dong minimal ya ini salah satu alasan paling minimal kenapa milih 01 atau 03 bisa lebih baik ga akan ada efisiensi anggaran di banyak sektor hanya untuk menutupi kebutuhan Makan Siang Gratis yang katanya bergizi itu Alasan maksimal tentu saja masih banyak ,1950578981134070255,,LemonAndAtilla,in,,0,3,0,https://x.com/undefined/status/1950578981134070255,61513114,
1950448339310592295,2025-07-30 06:48:16+00:00,1,sliweran di timeline soal negara2 pd nyalain sirine tsunami sementara itu universe lainnya masih sibuk makan bergizi dan anggaran bencana 0 rupiah,1950448339310592295,,,in,,0,0,0,https://x.com/undefined/status/1950448339310592295,160875573,
1950423290239148041,2025-07-30 05:08:44+00:00,2,Program Makan Bergizi Gratis. Sepanjang gunakan pendekatan proyek masalah akan lebih banyak muncul. Alternatifnya dananya berikan pada pada orang tua untuk urusan gizi anak pemerintah bantu edukasi gizi. https://t.co/aFitKr8ktc,1950423290239148041,https://pbs.twimg.com/ext_tw_video_thumb/1950423269510959106/pu/img/ajNyb2mm7RuMKNoO.jpg,,in,,0,0,2,https://x.com/undefined/status/1950423290239148041,1392091212018978817,
1950128908323750091,2025-07-30 03:39:37+00:00,0,@IckurM @MurtadhaOne1 Perbandingan antara anggaran konsumsi rapat menteri Rp 171 ribu per orang dan bantuan makan bergizi gratis (MBG) Rp 10 ribu per anak memang sering jadi polemik tapi sebenarnya konteks dan tujuan penggunaan anggarannya sangat berbeda. Dana konsumsi rapat menteri ditetapkan untuk,1950400866558607680,,IckurM,in,,0,0,0,https://x.com/undefined/status/1950400866558607680,1882198073168080896,
1950174378349449687,2025-07-29 12:39:38+00:00,0,@prabowo coba bayangin kalo anggaran polisi yg 173 trilyun itu buat bayarin makan bergizi gratis atau sekolah n kuliah gratis. namamu akan haruuummm ,1950174378349449687,,prabowo,in,,0,0,0,https://x.com/undefined/status/1950174378349449687,1322606417082150912,
1950094986428465398,2025-07-29 07:24:10+00:00,0,Danramil 01/Sidomukti melaksanakan pengeceken pendampingan dan pemantauan Kegiatan TRIAL (Uji Coba) Makan Sehat Bergizi (MSB) dengan Anggaran dari Yayasan Sendiri Dalam Tujuan Untuk Membiasakan Relawan Dapur sebagai Persiapan Operasional SPPG ke Depannya di SPPG Mandiri YYS https://t.co/ZZFSldqxiJ,1950094986428465398,https://pbs.twimg.com/media/GxAhC-GbUAQZ_pF.jpg,,in,,0,0,0,https://x.com/undefined/status/1950094986428465398,1863818009615470592,
1950093004292968533,2025-07-29 07:16:46+00:00,0,Pertemuan ini menjadi ruang dialog strategis dalam mendukung efektivitas penyaluran dan pengelolaan anggaran untuk sejumlah program prioritas daerah seperti Tunjangan Penghasilan Guru Program Makan Bergizi Gratis Sekolah Rakyat Sekolah Garuda &amp; pengelolaan Sekolah Kedinasan.,1950093124304351479,,djpbntt,in,,0,1,0,https://x.com/undefined/status/1950093124304351479,1032514370104750080,
1949457242329342402,2025-07-28 05:05:44+00:00,18,@detikcom Mirip program gagal lainnnya. MBG (Makan Bergizi Gratis) Koperasi merah putih program 3 juta rumah program 19 jt lapangan pekerjaan. Yang sukses cuma program bagi-bagi jabatan dan program rangkap-rangkap jabatan.,1949697759126094129,,detikcom,in,,0,2,0,https://x.com/undefined/status/1949697759126094129,1608346153204191232,
1949643393333903617,2025-07-28 01:29:42+00:00,0,Mari satukan langkah untuk melawan stunting dan malnutrisi pada anak-anak. Program Makan Bergizi Gratis adalah komitmen kita untuk menciptakan generasi yang sehat dan bebas dari masalah gizi. #MakanBergiziGratis #GiziAnakIndonesia #AntiStunting #GenerasiSehat https://t.co/UyhgkeBYPD,1949643393333903617,https://pbs.twimg.com/media/Gw6GVW1akAAMNdO.jpg,,in,,0,0,0,https://x.com/undefined/status/1949643393333903617,1884465149270241280,
1949358629855060097,2025-07-27 08:00:56+00:00,0,@_memoryusang Program MBG tujuannya makan agar sehat otak cerdas tapi lama2 berubah jadi makan biar kenyang ujung2nya hardolin banyak masalah dananya dikorupsi trus makanan basi ada blatungnya ada yang keracunanlah dsb artinya MBG harus diganti Jadi MBS makan bergizi sehat https://t.co/LeCRjTIxzm,1949379461755056499,https://pbs.twimg.com/tweet_video_thumb/Gw2WPG6bUAAKj0f.jpg,_memoryusang,in,,0,0,0,https://x.com/undefined/status/1949379461755056499,1790929976000462848,
1949373185704779912,2025-07-27 07:35:59+00:00,20,Wakil Ketua Komisi IX DPR RI Fraksi PDI Perjuangan Charles Honoris mengkritisi pelaksanaan program Makan Bergizi Gratis (MBG) terus menimbulkan masalah di sejumlah daerah yang menyebabkan ratusan siswa keracunan. Padahal program ini didukung oleh anggaran yang sangat besar. https://t.co/JhfiLCaOxk,1949373185704779912,https://pbs.twimg.com/media/Gw2QeI2bsAA5Pjh.jpg,,in,,0,0,4,https://x.com/undefined/status/1949373185704779912,153407983,
1949330438406983696,2025-07-27 04:46:07+00:00,0,Makan Bergizi Gratis program mubazir Sarang korupsi Pangkal bencana Mebuktikan rakyat Indonesia miskin,1949330438406983696,,,in,,0,0,1,https://x.com/undefined/status/1949330438406983696,1607417828,
1961849884157632879,2025-08-31 04:31:44+00:00,0,@tvOneNews Minta maaf paling klasik Bikin dong pernyataan Ok tuntutan rakyat kami akan sampaikan Perampasan aset korupsi Hapusnprogram makan bergizi dengan pendidikan gratis Makzulkan Gibran adili Jokowi Jika tidak saya akan mundur dr dpr,1962010390570861018,,tvOneNews,in,,0,0,0,https://x.com/undefined/status/1962010390570861018,1824151807821750272,
1903288170864685176,2025-08-31 02:04:43+00:00,0,@Blues_321lagi Makan bergizi buruk banyak yg sakit perut,1961973392686686464,,Blues_321lagi,in,,0,0,0,https://x.com/undefined/status/1961973392686686464,720057806,
1961751315320877223,2025-08-30 11:22:15+00:00,0,Lebih anarkis mana daripada babat hutan meracuni anak lewat makan bergizi membunuh sipil korupsi eksploitasi alam.,1961751315320877223,,,in,,0,0,0,https://x.com/undefined/status/1961751315320877223,986776223702401024,
1961742875563339809,2025-08-30 10:48:43+00:00,0,2025: Korupsi Kebijakan baru gak ngotak Pajak naik Anggaran pendidikan dipotong Makan bergizi gratis abal Abal Bansos tidak tepat sasaran Lowongan kerja dipersempit Alam rusak sebab ditambang Pembunuhan disengaja Oknum jahat merajalela Kebenaran dibungkam #IndonesiaGelap2025,1961742875563339809,,,in,,0,0,0,https://x.com/undefined/status/1961742875563339809,1524610887729905664,
1961714396578926745,2025-08-30 08:57:11+00:00,0,Menurut kamu apakah program Makan Bergizi Gratis ini bisa jadi solusi permanen untuk atasi masalah gizi di Indonesia? #gasssnow #Kemendagri #MakanBergiziGratis,1961714806370767354,,alineadotid,in,,0,0,0,https://x.com/undefined/status/1961714806370767354,354168059,
1961706868621103218,2025-08-30 08:26:06+00:00,0,Oke program Makan Bergizi Gratis Koperasi Desa tanggul raksasa pantai utara Jawa ibu kota baru dan segera melunasi utang2 itu sangat bagus manfaatnya untuk masa mendatang. Tapi jangan lupa untuk merealisasikan itu semua Anda sampai harus melakukan efisiensi anggaran...,1961706983528304852,,HILARlO,in,,0,1,0,https://x.com/undefined/status/1961706983528304852,82550378,
1961691326107496811,2025-08-30 07:23:53+00:00,0,Lagi ada masalah? Jangan baper mending makan. Lagi ada makan bergizi gratis? Wah rezeki nomplok! #gasssnow https://t.co/OH05pQSmOD,1961691326107496811,https://pbs.twimg.com/media/GzlT20QbIAA3_Kp.jpg,,in,,0,0,0,https://x.com/undefined/status/1961691326107496811,1672183177711063040,
1961681562690355692,2025-08-30 06:45:05+00:00,0,Program Makan Bergizi Gratis di Paron Ngawi terhenti setelah dua hari. DPRD soroti makanan basi hingga sertifikasi halal dapur mitra. https://t.co/tQBeww1hh5,1961681562690355692,,,in,,0,0,0,https://x.com/undefined/status/1961681562690355692,1404018642,
1961640017773916352,2025-08-30 04:49:28+00:00,0,@tqdrlaziz @ARSIPAJA Program MBG (Makan Bergizi Gratis) dimulai dengan uji coba skala kecil seperti dapur SPPG yang melayani sekitar 3.000 orang per hari untuk mengidentifikasi tantangan seperti logistik dan distribusi. Setelah mengatasi itu melalui penambahan ribuan dapur dan anggaran lebih besar ,1961652465247687057,,XTAHD,in,,0,0,0,https://x.com/undefined/status/1961652465247687057,1720665183188922368,
1972617357702119840,2025-09-30 17:08:25+00:00,0,@tempodotco JANGAN TURUN KE JALAN! JANGAN DEMO! JANGAN AKSI TOLAK MAKAN BERGIZI GRATIS! JANGAN KAYA NEPAL!,1973072451744522422,,tempodotco,in,,0,0,0,https://x.com/undefined/status/1973072451744522422,69229632,
1973062466583023729,2025-09-30 16:28:44+00:00,1,Ombudsman RI menemukan adanya sejumlah Sumber Daya Manusia (SDM) yang bertugas pada Satuan Pelayanan Pemenuhan Gizi (SPPG) dapur Makan Bergizi Gratis Anggota Ombudsman RI Yeka Hendra Fatika mengungkapkan salah satu contoh masalah yang terjadi adalah terkait pembayaran honor. https://t.co/SojR2G1bQU,1973062466583023729,https://pbs.twimg.com/media/G2G52iVbgAA2Tn4.jpg,,in,,0,0,0,https://x.com/undefined/status/1973062466583023729,1944141329082331138,
1972617357702119840,2025-09-30 15:49:11+00:00,0,@tempodotco bukannya diperbaiki malah cari pembenaran? harusnya 0% tok pak gak boleh ada koma. tujuannya makan bergizi kalo ada yg keracunan mah artinya gagal mencapai tujuannya,1973052512941863371,,tempodotco,in,,0,0,0,https://x.com/undefined/status/1973052512941863371,142201368,
1973044979527540785,2025-09-30 15:22:19+00:00,0,@triwahyuutama15 Program Makan Bergizi Gratis (MBG) di APBN 2026 dialokasikan sebesar Rp 335 triliun. Dana ini ditargetkan untuk 82 9 juta penerima manfaat termasuk ibu hamil menyusui balita dan siswa PAUD hingga SMA. Prioritas utama: intervensi gizi (75% anggaran) dan digitalisasi sistem,1973045753909305434,,triwahyuutama15,in,,0,1,0,https://x.com/undefined/status/1973045753909305434,1720665183188922368,
1973044979527540785,2025-09-30 15:19:15+00:00,0,@grok jelaskan anggaran program Makan Bergizi Gratis (MBG) pada Anggaran Pendapatan dan Belanja Negara (APBN) 2026!,1973044979527540785,,grok,in,,0,1,0,https://x.com/undefined/status/1973044979527540785,373848200,
1973020838346752005,2025-09-30 14:14:55+00:00,0,@kompascom Semoga Program andalan Presiden Prabowo (Makan bergizi gratis ) tak kan jdkn /lahirkan Yaqut -Yaqut berikutnya .. 335 T itu bkn anggaran remeh temeh tentu byk Setan berkeliaran incar dana tsbt Pengawasan ? Mimpi Tuhan saja mereka tipu dg Sumpah dibawah kitab suci .,1973028791913226542,,MahadewaDharne,in,,0,0,0,https://x.com/undefined/status/1973028791913226542,1846542536602697728,
1973006337316688082,2025-09-30 12:45:42+00:00,10,Ombudsman RI mengungkap delapan masalah besar dalam penyelenggaraan Program Makan Bergizi Gratis (MBG) serta menemukan empat bentuk maladministrasi yang dinilai mengancam keberhasilan program prioritas Presiden Prabowo Subianto tersebut. Baca di sini: https://t.co/5nzRPPU1fU https://t.co/vabLgOdrMH,1973006337316688082,https://pbs.twimg.com/media/G2GGzMKaYAE10mQ.jpg,,in,,1,2,4,https://x.com/undefined/status/1973006337316688082,23343960,
1972995843872690269,2025-09-30 12:38:06+00:00,1,@SUARAKRISTEN1 @txtdrimedia Berikut kronologi singkat penghentian Dapur MBG di Makassar berdasarkan laporan berita: 1. Program Makan Bergizi Gratis (MBG) diluncurkan pemerintah dengan anggaran awal Rp10.000 per porsi untuk makanan bergizi siswa. 2. Kebijakan memotong anggaran menjadi Rp6.500 per porsi ,1973004427704647947,,SUARAKRISTEN1,in,,0,1,0,https://x.com/undefined/status/1973004427704647947,1720665183188922368,
1973003867605672203,2025-09-30 12:35:53+00:00,6,Sudahkah MBG tepat sasaran? Galih Sulistyaningra praktisi pendidikan dasar menilai program Makan Bergizi Gratis belum menyentuh akar masalah. Menurutnya intervensi seharusnya memberdayakan orang tua bukan sekadar memberi makan karena proses distribusinya rawan dan tidak https://t.co/jmKMkpQVa8,1973003867605672203,https://pbs.twimg.com/amplify_video_thumb/1973003693256810496/img/-dsfLT1Xi2xN2RNd.jpg,,in,,0,4,1,https://x.com/undefined/status/1973003867605672203,23343960,
1973002387381182754,2025-09-30 12:30:00+00:00,4,Menteri Keuangan (Menkeu) Purbaya Yudhi Sadewa mendatangi Kantor Badan Gizi Nasional (BGN) untuk mengawasi langsung penyerapan anggaran. Menkeu Purbaya menyatakan akan memonitor ketat permintaan tambahan anggaran sebesar Rp28 triliun untuk program Makan Bergizi Gratis (MBG) pada https://t.co/LB6tmpVFWv,1973002387381182754,https://pbs.twimg.com/amplify_video_thumb/1972998509973676032/img/2uSM3UeC2PPGOP1c.jpg,,in,,0,1,0,https://x.com/undefined/status/1973002387381182754,57261519,
1972997855372808527,2025-09-30 12:11:59+00:00,0,Korban bukan masalah prosentase ya Pak Bos. Apa ini yang dikatakan MAKAN BERGIZI? Kok banyak yang keracunan??? https://t.co/BcWaZhXNSK,1972997855372808527,https://pbs.twimg.com/media/G2F_F_zboAEKYjW.jpg,,in,,0,0,0,https://x.com/undefined/status/1972997855372808527,1528215624190545921,
1972966147852050813,2025-09-30 11:43:03+00:00,0,@SUARAKRISTEN1 @KompasTV Berdasarkan data dari Badan Gizi Nasional dan laporan terkini (seperti BBC dan Kompas) anggaran per porsi Makan Bergizi Gratis adalah Rp 10.000 per siswa sama untuk SD SMP dan SMA.,1972990570449797574,,SUARAKRISTEN1,in,,0,0,0,https://x.com/undefined/status/1972990570449797574,1720665183188922368,
1972966147852050813,2025-09-30 11:39:31+00:00,0,@SUARAKRISTEN1 @KompasTV Menurut data dari Badan Gizi Nasional dan laporan terkini (seperti Kompas dan BBC) anggaran per porsi untuk program Makan Bergizi Gratis adalah Rp 10.000 per siswa. Awalnya direncanakan Rp 15.000 tapi disesuaikan karena keterbatasan anggaran 2025 yang total Rp 71 triliun untuk,1972989682456973819,,SUARAKRISTEN1,in,,0,1,0,https://x.com/undefined/status/1972989682456973819,1720665183188922368,
1972976799446708358,2025-09-30 10:48:19+00:00,44,Makan Bergizi Gratis: Bayang-Bayang Gagal ala Food Estate https://t.co/gM1S30PobQ,1972976799446708358,,,in,,1,7,8,https://x.com/undefined/status/1972976799446708358,30201110,
1972949548550005191,2025-09-30 09:00:02+00:00,0,Ketua Badan Anggaran (Banggar) DPR RI Said Abdullah mengusulkan pemerintah menyediakan dapur di sekolah untuk program Makan Bergizi Gratis (MBG). #beritanasional #SPPG #MBG #beritaterkini https://t.co/86x97GQFyQ,1972949548550005191,,,in,,0,0,0,https://x.com/undefined/status/1972949548550005191,1769451991124832257,
1983827499911147873,2025-10-31 23:06:01+00:00,2,@Jelajah513 @AiraNtiePuspa Yang dulu diberi makan bergizi sekarang ada yang koar koar tolak Suharto dijadikan pahlawan,1984396472318918871,,Jelajah513,in,,0,1,0,https://x.com/undefined/status/1984396472318918871,2518915579,
1984151163168813255,2025-10-31 06:51:15+00:00,2,Makan Bergizi Gratis merupakan investasi jangka panjang untuk memutus mata rantai stunting yang merupakan masalah lintas generasi #MakanBergiziGratis #ManfaatMBG #CegahStunting #DukungMBG #IndonesiaEmas20 https://t.co/XmF8Wcwpkc,1984151163168813255,https://pbs.twimg.com/media/G4ke972a8AAVyFq.jpg,,in,,0,5,0,https://x.com/undefined/status/1984151163168813255,1565711358880268289,
1984137129086333081,2025-10-31 05:55:29+00:00,0,Pemerintah Pastikan Anggaran Program Makan Bergizi Gratis Aman #MBG #fyp https://t.co/7MI02V3AOB,1984137129086333081,https://pbs.twimg.com/media/G4kSMxxbkAA5X_k.jpg,,in,,0,0,0,https://x.com/undefined/status/1984137129086333081,1396752346860818433,
1984125961290576139,2025-10-31 05:11:07+00:00,0,Porsi menu Makan Bergizi Gratis (MBG) yang tersisa tak terbuang sia-sia. Makanan tersebut dibagikan kepada masyarakat yang lebih membutuhkan. Inilah wujud nyata semangat gotong royong dan kepedulian sosial dalam setiap langkah program ini. 🇮🇩 #MakanBergiziGratis https://t.co/rQntpIaG01,1984125961290576139,https://pbs.twimg.com/ext_tw_video_thumb/1984125919657914374/pu/img/g-6_sOgOxnlfH6er.jpg,,in,,0,0,0,https://x.com/undefined/status/1984125961290576139,1598186106230448129,
1984107635352928764,2025-10-31 03:58:17+00:00,0,Program MBG aslinya bagus. Yakali ngasih makan bergizi anak-anak sekolah dianggep jelek dan ga guna. Yg bikin jelek kan eksekusinya. Makanya patut diapresiasi kalo ada MBG di kota lain yg eksekusinya bagus. Seneng dengerinnya juga.,1984107635352928764,,,in,,0,0,0,https://x.com/undefined/status/1984107635352928764,208444540,
1982012685278707745,2025-10-31 03:48:31+00:00,0,@p3h2022 @afrkml Iya gagal jantung memang bikin darah numpuk di vena naikin tekanan dan cairan bocor ke jaringan paru-paru sesak napas kaki atau perut edema. Ini tahap kongesti sering dari kerusakan miokard atau katup. Jaga jantungmu dengan olahraga rutin makan bergizi hindari rokok dan,1984105177927057540,,p3h2022,in,,0,0,0,https://x.com/undefined/status/1984105177927057540,1720665183188922368,
1983434419877884111,2025-10-31 02:31:38+00:00,0,@ommi_siregar Anggaran Program Makan Bergizi Gratis (MBG) pada tahun 2026 diproyeksikan sebesar Rp335 triliun hingga Rp355 triliun. ,1984085825832071498,,ommi_siregar,in,,0,0,0,https://x.com/undefined/status/1984085825832071498,817063317072023553,
1983925170558361792,2025-10-30 15:53:14+00:00,0,Bagus sekali komitmen pemerintah untuk zero tolerance terhadap masalah di program Makan Bergizi Gratis! Ini menunjukkan keseriusan menjaga kesehatan anak sekolah. sebaiknya ada **sistem pelaporan real-time** dari sekolah ke pusat agar potensi masalah bisa dideteksi lebih cepat.,1983925170558361792,,,in,,0,0,0,https://x.com/undefined/status/1983925170558361792,740105373621751808,
1983769130923934142,2025-10-30 05:33:12+00:00,0,Efisiensi anggaran yang signifikan dialokasikan kembali untuk program prioritas seperti layanan dasar pendidikan dan makan bergizi gratis cara ampuh melawan kemiskinan kebodohan #BPTaskinDukungPrabowonomics,1983769133008482711,,tarjingok,in,,0,1,0,https://x.com/undefined/status/1983769133008482711,1882987949538897920,
1983716785884164605,2025-10-30 02:05:12+00:00,2,Tim Koordinasi Penyelenggaraan Program Makan Bergizi Gratis (MBG) bentukan Presiden Prabowo Subianto akan menggunakan anggaran pusat dan daerah untuk bekerja. Baca di: https://t.co/M5G19SgpWP. | #APBN #MakanBergiziGratis https://t.co/s0I1tPQ98w,1983716785884164605,https://pbs.twimg.com/media/G4eT5dpa8AQeqg9.jpg,,in,,0,0,2,https://x.com/undefined/status/1983716785884164605,23343960,
1983536635674509316,2025-10-29 14:09:20+00:00,0,Kasus berulang ini menunjukkan bahwa program Makan Bergizi Gratis (MBG) gagal di titik paling dasar: keamanan pangan. Apa gunanya klaim bergizi kalau distribusinya amburadul pengawasan longgar dan pemasoknya dipilih karena kedekatan bukan kualitas? - @CNNIndonesia,1983536635674509316,,,in,,1,0,0,https://x.com/undefined/status/1983536635674509316,2648720479,
1983404703905096135,2025-10-29 05:25:05+00:00,0,At cost itu kalau kurang ditambah kalau lebih disimpan di rekening. Kepala BGN menegaskan anggaran Makan Bergizi Gratis (MBG) dibayar sesuai harga modal (at cost) bukan untuk cari untung. Jadi berapapun harga bahan bakunya itu yang dibayar. Transparan dan akuntabel 🇮🇩 https://t.co/JQdFmSHWqM,1983404703905096135,https://pbs.twimg.com/media/G4Z4DrGbQAA7ZzD.jpg,,in,,0,0,0,https://x.com/undefined/status/1983404703905096135,1401752915803402240,
1995100624950903060,2025-11-30 12:00:30+00:00,0,Wild opinion: Pulau Jawa Makan Bergizi Gratis Pulau Sumatra tidak makan sama sekali karena anggaran bencananya untuk Makan Bergizi Gratis.,1995100624950903060,,,in,,0,0,0,https://x.com/undefined/status/1995100624950903060,1610553231524126720,
1994677564049350832,2025-11-30 11:27:55+00:00,2,@kunfayakun_jadi @QianzyZ maaf maaf ya tanpa bantuan MBG pun anak2 gue masih di kasih makan sehat bekal tiap hari dengan menu yg bergizi jadi kalo seandainya di kasih anggaran tiap bulan udah pasti bakal lebih baik bekal nya. anda suudzon sekali jirrr,1995092424759341292,,kunfayakun_jadi,in,,0,8,0,https://x.com/undefined/status/1995092424759341292,1753738582190325760,
1995014903661564108,2025-11-30 06:19:53+00:00,0,Melihat anggaran yang mereka pangkas habis-habisan demi proyek makan bergizi yang ujungnya bisnis ngisi kantong sendiri ini wallahi bakalan bersaksi di akhirat nanti atas kedzaliman pemerintahan ini.,1995014903661564108,,,in,,0,0,0,https://x.com/undefined/status/1995014903661564108,1360559508175474688,
1994834479605846115,2025-11-29 18:22:56+00:00,0,INI ANGGARAN KETAHANAN BENCANA DIPOTONG JADI 0 CUMA BUAT MBG? PROGRAM YANG BUAT KERACUNAN RIBUAN ANAK? YANG SPPGNYA BANYAKAN PUNYA PEJABAT DAN KERABATNYA? YANG AHLI GIZI DIDIEMIN DOANG ITU PADAHAL NAMA PROGRAM MAKAN BERGIZI GRATIS? GILAAAAAA ANCUR DAH,1994834479605846115,,,in,,0,1,0,https://x.com/undefined/status/1994834479605846115,1005488367037894656,
1994559444760629552,2025-11-29 16:54:09+00:00,1,@denni_sauya mas gibran dokumen kem ppkf 2026 nunjukin anggaran ketahanan bencana direncanain jd nol rupiah. saat aceh-sumatera hancur krn mitigasi lemah knp anggaran ini turun 100%? apa nyawa rakyat lbh murah dr makan bergizi gratis? mana prioritas bapak? https://t.co/QRsqfm7swk,1994812135449530490,https://pbs.twimg.com/media/G67_A6ga8AAcVxq.jpg,denni_sauya,in,,0,1,0,https://x.com/undefined/status/1994812135449530490,1870894567802929152,
1994627567945748770,2025-11-29 04:40:45+00:00,0,Tunai itu enak buat yang hobi magic trick. Uang masuk Lalu menghilang seperti kasus Korupsi Partai Merah haha MBG Prioritas Prabowo mah nggak pake sulap-sulapan.https://t.co/erZspniHTS,1994627567945748770,,,in,,0,0,0,https://x.com/undefined/status/1994627567945748770,372755696,
1994618285061812304,2025-11-29 04:03:52+00:00,0,Menjamin gizi anak berarti memastikan tata kelola bersih. Karena itu MBG Prioritas Prabowo menghindari penyaluran tunai agar tidak membuka ruang risiko seperti contoh Korupsi Partai Merah yang pernah mencuat. @Ary_PrasKe2 @MurtadhaOne1 @03__nakula https://t.co/G5NzoSlAox,1994618285061812304,,,in,,0,0,0,https://x.com/undefined/status/1994618285061812304,1932945563907207168,
1994617999123517557,2025-11-29 04:02:43+00:00,0,Program MBG Prioritas Prabowo menegaskan pentingnya pengawasan. Publik tentu tidak ingin pengelolaan gizi anak kembali terhambat oleh praktik buruk seperti Korupsi Partai Merah yang pernah jadi sorotan nasional. @Ary_PrasKe2 @M45Broo_ @DS_yantie https://t.co/aBGKCsglA1,1994617999123517557,,,in,,0,0,0,https://x.com/undefined/status/1994617999123517557,1748104488769277952,
1994614806838685957,2025-11-29 03:50:02+00:00,0,Anak sekolah butuh gizi bukan risiko. Jadi wajar MBG Prioritas Prabowo tetep dikasih langsung. Masalahnya kalo tunai tuh rawan diseruduk oknum udah liat sendiri kan rekaman Korupsi Partai Merah di bansos? https://t.co/whHwZt0M13,1994614806838685957,,,in,,0,0,0,https://x.com/undefined/status/1994614806838685957,1932880135008759812,
1994613442813333866,2025-11-29 03:44:37+00:00,0,Bayangin dana gizi cair tunai vibes-nya kayak deja vu kasus bansos. Risky bet. Makanya MBG Prioritas Prabowo choice-nya tetap langsung ke anak sekolah sambil upgrade sistem biar makin rapi. Jangan sampai ngulang drama Korupsi Partai Merah lagi https://t.co/oHauv5I2Hb,1994613442813333866,,,in,,0,0,0,https://x.com/undefined/status/1994613442813333866,1955252281290686464,
1994612001361072618,2025-11-29 03:38:53+00:00,0,Program gizi gratis tidak boleh dijadikan eksperimen uang tunai. Pemerintah menjaga MBG Prioritas Prabowo tetap aman dari modus Korupsi Partai Merah yang dulu merusak bantuan sosial @seruanhl @FaGtng @mikuroQ https://t.co/PEvgQzlXMI,1994612001361072618,,,in,,0,0,0,https://x.com/undefined/status/1994612001361072618,1985792226409267200,
1994611708992930094,2025-11-29 03:37:44+00:00,0,Program makan bergizi gratis hadir untuk memastikan gizi anak Indonesia terpenuhi lewat distribusi langsung. Inilah komitmen MBG Prioritas Prabowo agar manfaatnya tidak bocor seperti pola Korupsi Partai Merah yang pernah merusak bantuan sosial @seruanhl @FaGtng @mikuroQ,1994611708992930094,,,in,,0,0,0,https://x.com/undefined/status/1994611708992930094,2215850144,
1994611499713925284,2025-11-29 03:36:54+00:00,0,Program MBG Prioritas Prabowo itu ibarat meal prep buat masa depan bangsa. Kalau tunai? Wah nanti jadi episode baru Petualangan Korupsi Partai Merah . Mending langsung ke anak sekolah. Lebih aman Inget kan? @GunRomli @DS_yantie @ch_chotimah2 https://t.co/eb4j0nYUhD,1994611499713925284,,,in,,0,0,0,https://x.com/undefined/status/1994611499713925284,586152151,
1994611320336093577,2025-11-29 03:36:11+00:00,0,Distribusi pangan bergizi ke siswa adalah bentuk perlindungan negara. MBG Prioritas Prabowo memastikan anak mendapat manfaat penuh tanpa risiko praktik Korupsi Partai Merah yang kerap memotong hak masyarakat @Jateng_Twit @gunturromli @MurtadhaOne1 https://t.co/MQ7cqNSSjm,1994611320336093577,,,in,,0,0,0,https://x.com/undefined/status/1994611320336093577,175783805,
2005779460969390424,2025-12-30 10:58:53+00:00,0,@Dospemz Itu bukan program makan bergizi itu program korupsi terang terangan jelas?!,2005956751674196073,,Dospemz,in,,0,0,0,https://x.com/undefined/status/2005956751674196073,1603774374792007681,
2005484604040569085,2025-12-30 10:47:19+00:00,0,@txtanrrfh @sdenta Dari mananya gak masalah kan Pabrik mereka cm produksi mau dibeli apa enggak terserah konsumen. Konsumen yg beli jg gak salah krn kan suka2 seleranya. Tp kalo dibeli buat MBG yah salah krn gak bergizi mengingat susunya cm 1%. Sedangkan kepanjangan MBG : Makan BERGIZI gratis.,2005953842664407207,,txtanrrfh,in,,0,0,0,https://x.com/undefined/status/2005953842664407207,48258130,
2005500867198521492,2025-12-30 07:07:25+00:00,0,@WisdomByDhika @zanatul_91 Masalah di Kampar selesai damai program makan bergizi gratis tambah berkembang,2005898504103956704,,WisdomByDhika,in,,0,0,0,https://x.com/undefined/status/2005898504103956704,1542864312678551552,
2005896581019836586,2025-12-30 06:59:47+00:00,26,Anggaran untuk program Makan Bergizi Gratis (MBG) membengkak. Namun tata kelola dan akuntabilitasnya masih menyisakan banyak catatan. Penelusuran ICW menemukan indikasi kuat praktik patronase dan konflik kepentingan dalam pengelolaan MBG. https://t.co/Z972nQH2Ut,2005896581019836586,https://pbs.twimg.com/media/G9ZgTffb0AAUtAP.jpg,,in,,3,25,10,https://x.com/undefined/status/2005896581019836586,49908951,
2005880051485520291,2025-12-30 05:54:06+00:00,0,hey ibuuu inget tujuan awal adanya progrma ini tu apa atau gatau singkatan dari MBG? MBG itu Makan BerGIZI Gratis. Emang makanan ada belatung itu bergizi? kita berhak dong protes karena niat awal program kan buat perbaikan GIZI bukan buat ladang BERSYUKUR,2005880051485520291,,,in,,0,0,0,https://x.com/undefined/status/2005880051485520291,1308273449282879488,
2005829325468360952,2025-12-30 03:58:30+00:00,103,@merapi_uncover Tujuan awal makan bergizi itu utk menanggulangi stunting jd kl anak sekolah dpt snack itu ga ngefek sih nabung diabetes iya krn gizi buruk bs tjd saat anak janin- balita yg shrsnya dikasih anggaran ke persiapan ibu yg akan hamil kesehatan pendidikan ngurus negara kok begini,2005850960573153726,,merapi_uncover,in,,0,2,7,https://x.com/undefined/status/2005850960573153726,276328507,
2005831018029191381,2025-12-30 02:39:15+00:00,0,Pemerintah menegaskan Program Makan Bergizi Gratis (MBG) tetap berjalan selama libur sekolah. Kebijakan ini dipertahankan untuk menjaga konsistensi pemenuhan gizi anak meski muncul kritik soal besarnya anggaran. https://t.co/OHXEElXMPj,2005831018029191381,https://pbs.twimg.com/media/G9Ykg3naUAAjBc-.jpg,,in,,0,1,0,https://x.com/undefined/status/2005831018029191381,1934037585250459648,
2005822989900689556,2025-12-30 02:07:21+00:00,4,Barang impor masalah no 2 tapi katanya makan bergizi lah ini yakin beneran sehat dan bermanfaat dikasih buat mengentaskan stunting!? Dzolim ini,2005822989900689556,,,in,,0,0,1,https://x.com/undefined/status/2005822989900689556,28302169,
2005807593953042814,2025-12-30 01:06:11+00:00,0,Kenapa makin kesini jadi makin ngasal ya. Padahal masih ada yang beneran serius ngurus buat ngasih makan bergizi anak2 tapi yg jelek gini ternyata juga banyak ,2005807593953042814,,,in,,0,0,0,https://x.com/undefined/status/2005807593953042814,1203560109806252034,
2005652979643551939,2025-12-29 14:51:48+00:00,0,MBG tetap jadi prioritas utama! Dana bencana tidak mengganggu anggaran program makan siang sekolah. Dengan semangat Kerja Nyata kita pastikan anak-anak tetap dapat makanan bergizi &amp; tanggapan bencana berjalan lancar. #LanjutkanMBG Senin #JOSHUA #今年イチバン聴いた歌 #zonajajan https://t.co/GWcoA7xcEO,2005652979643551939,https://pbs.twimg.com/media/G9WCv8qbAAAdvHT.jpg,,in,,0,0,0,https://x.com/undefined/status/2005652979643551939,2758837756,
2005500662113845255,2025-12-29 11:55:10+00:00,0,@JohnAlbertJA @xendless_s Berdasarkan laporan dari berbagai sumber seperti Tempo BBC dan ICW Program Makan Bergizi Gratis memang menghadapi tuduhan korupsi seperti keterlibatan yayasan terkait mantan narapidana dan kasus keracunan makanan yang menimpa ribuan siswa. Namun pemerintah menyatakan ini,2005608531106373665,,JohnAlbertJA,in,,0,1,0,https://x.com/undefined/status/2005608531106373665,1720665183188922368,
2005549999174865218,2025-12-29 08:02:35+00:00,2,Anggaran Pilkada (Hemat jika pemilihan kepala daerah melalui DPRD) VS Anggaran Makan Bergizi Gratis (Hematnya dimana?),2005549999174865218,,,in,,0,0,0,https://x.com/undefined/status/2005549999174865218,1549607043228585984,
2005506952819040331,2025-12-29 05:11:32+00:00,0,Menteri Keuangan Purbaya menyampaikan bahwa karena bencana tidak mengganggu anggaran terhadap program Makan Bergizi Gratis. Pernyataan ini terkait pro dan kontra di masyarakat bahwa anggaran MBG bisa dialihkan untuk penanganan bencana Sumatera. #LanjutkanMBG Danielle #sstvi https://t.co/3G3UZPALqh,2005506952819040331,https://pbs.twimg.com/media/G9T97sdb0AAHGBG.jpg,,in,,0,0,0,https://x.com/undefined/status/2005506952819040331,326453024,
2005206780205531493,2025-12-29 04:21:06+00:00,1,@kenhans03 Mbg rawan korupsi bukan lagi makan bergizi sampai ke siswa banyak gak layak. Pemerintah harus sidak dan perbaiki.di mana ada peluang di situ para bajingan berkumpul.,2005494258078503171,,kenhans03,in,,1,0,0,https://x.com/undefined/status/2005494258078503171,1743209503733235712,
2005450109820211360,2025-12-29 01:25:40+00:00,0,karna ga ngerti masalah gizi kan singkatan MBG itu makan bergizi ya? apa makanan ini cukup bergizi untuk tumbuh kembang anak?,2005450109820211360,,,in,,0,0,0,https://x.com/undefined/status/2005450109820211360,1223497434,
1885334276562182325,2025-01-31 14:28:14+00:00,0,Kasi Intelijen Akhmad Putra Dwi S.H. menghadiri giat pelaksanaan uji coba Makan Bergizi Gratis (MBG) di Kabupaten Bantaeng untuk anak SD Inpres Kalammassang Desa Layoa Gantarangkeke Bantaeng. https://t.co/Xdf07viCVU,1885334276562182325,https://pbs.twimg.com/media/GioNekSbYAU-jPA.jpg,,in,,0,0,0,https://x.com/undefined/status/1885334276562182325,1373504219655720967,
1885308780646457403,2025-01-31 12:48:39+00:00,0,diisi dengan berbagai kegiatan mulai dari pelayanan Paspor Simpatik di akhir pekan bakti sosial donor darah pemberian makan bergizi gratis bagi pelajar Sekolah Dasar di SDN 05 Bulango Utara Bakti Sosial ke Panti Asuhan Al-Hasanah Kecamatan Suwawa Kabupaten Bone Bolango ,1885309216396894575,,imigrasigtalo,in,,0,1,0,https://x.com/undefined/status/1885309216396894575,975201697944317952,
1885303291414012162,2025-01-31 12:25:06+00:00,20,Siswa SMP Sebut Menu Makan Bergizi Gratis Tak Enak Publik Sentil Deddy Corbuzier: Awas Dikatain Sama Letkol Lu.. https://t.co/s0bShueyko,1885303291414012162,,,in,,0,0,19,https://x.com/undefined/status/1885303291414012162,887743587579944960,
1885232258317246469,2025-01-31 12:21:32+00:00,2,@tempodotco Program Makan Bergizi Gratis saat ini tidak efektif karena Pemerintah memberi MBG kepada siswa yg sebagian ortu nya mampu secara ekonomi terutama di perkotaan. Jika tujuannya utk cerdaskan &amp; kesehatan anak didik fokuskan @ jutaan orang miskin yg lebih membutuhkan agar sejahtera,1885302395019944252,,tempodotco,in,,0,0,0,https://x.com/undefined/status/1885302395019944252,1735636779192233984,
1885297809207025698,2025-01-31 12:03:19+00:00,5,Dalam upaya mendukung program Makan Bergizi Gratis Babinsa Koramil 1802-02/Sorong Barat Serda Thomas Yembise melaksanakan kegiatan monitoring pendistribusian Makan Bergizi Gratis (MBG) kepada siswa SD NEGERI 37 Kecamatan Sorong Barat Kota Sorong https://t.co/m0eKL0rHNa,1885297809207025698,https://pbs.twimg.com/media/GinsWtObYAYWS5p.jpg,,in,,0,0,0,https://x.com/undefined/status/1885297809207025698,795876543914348544,
1885289611225948585,2025-01-31 11:30:45+00:00,1,Bukan sekedar proyek mencerdaskan yang diisi oleh program makan bergizi gratis tetapi kita membutuhkan program yang menyejahterakan guru dan anak-anak untuk memiliki akses pendidikan yang memadai. Program MBG tidaklah buruk. Namun apakah itu langkah prioritas kita saat ini?,1885289614287741029,,nadeuxx,in,,0,0,0,https://x.com/undefined/status/1885289614287741029,1542139931845599233,
1885288953223536804,2025-01-31 11:28:08+00:00,0,PROYEK AMBISIUS MBG DIPASTIKAN MANDEG. Bnyk faktor: 1. Anggaran Zonk 2. Distribusi anggaran tersendat 3. Sampai di murid menu TIDAK BERGIZI msh lbh bergizi makan di rumah 4. Olahan makanan tidak kreatif bnyk murid gk doyan 5. Anggaran disunat 6. Terindikasi korupsi @KPK_RI https://t.co/M9RJfVxHLQ,1885288953223536804,https://pbs.twimg.com/media/GinS1ZzbYAAS9md.jpg,,in,,0,0,0,https://x.com/undefined/status/1885288953223536804,1548874746083053569,
1885270749549912070,2025-01-31 10:15:47+00:00,2,Program makan bergizi gratis telah berjalan sejak awal Januari lalu. Program ini bertujuan untuk menyediakan makanan bergizi bagi kelompok rentan balita santri siswa dari berbagai jenjang pendidikan dari PAUD hingga SMA serta ibu hamil dan menyusui. Dimulai di 190 lokasi di https://t.co/jIamnPiFIz,1885270749549912070,https://pbs.twimg.com/ext_tw_video_thumb/1885270699566391296/pu/img/XiANMfcttrMRM6ms.jpg,,in,,0,0,0,https://x.com/undefined/status/1885270749549912070,1641093904236969992,
1885264732451725611,2025-01-31 10:00:06+00:00,1,@ocukam Akhirnya nanti orang tua wali murid disuruh masak sendiri menu atur sendiri. Makan bergizi gratis #Swadaya masyarakat.,1885266800436535594,,ocukam,in,,0,0,0,https://x.com/undefined/status/1885266800436535594,1418945648171356164,
1885266537415925991,2025-01-31 09:59:03+00:00,1,Kodim 1401/Majene Gelar Kegiatan Hasanuddin Peduli Anak Sekolah Bagikan Makan Bergizi dan Seragam Gratis https://t.co/zMC9C92cja,1885266537415925991,https://pbs.twimg.com/media/GinP6PCakAA2GRD.jpg,,in,,0,0,0,https://x.com/undefined/status/1885266537415925991,2983659151,
1884907973774082239,2025-01-31 09:28:04+00:00,0,@randomable_ Pentingnya sekolah gratis daripada makan bergizi gratis ya monyet monyet,1885258738753560715,,randomable_,in,,0,0,0,https://x.com/undefined/status/1885258738753560715,1906946432,
1885241498637390092,2025-01-31 08:19:34+00:00,12759,Kerja 11 jam lebih upah gak jelas makan dr sisa siswa 4 tenaga pencuci kotak makan bergizi gratis mengundurkan diri di sumenep. Miris gak sih?! Mending di evaluasi ulang lah drpd di terusin tapi byk masalah. https://t.co/xPS2CH3LNL,1885241498637390092,https://pbs.twimg.com/ext_tw_video_thumb/1885241448276385794/pu/img/7Kiwa-kVUGTvEYcD.jpg,,in,,261,352,3095,https://x.com/undefined/status/1885241498637390092,1577486519773765632,
1885236583332303189,2025-01-31 08:00:02+00:00,0,#FOTO Bertepatan dengan Hari Gizi Nasional sejumlah siswa sekolah mengikuti program Edutrain. Mereka diajak naik LRT dan menyantap makan bergizi gratis. Foto: Rifkianto Nugroho &gt;&gt; https://t.co/Nq0kZIWiXF #detikedu #HariGiziNasional #MBG https://t.co/XJLdLkFQtg,1885236583332303189,https://pbs.twimg.com/media/Gimmp7-bYAUaNKO.jpg,,in,,0,0,0,https://x.com/undefined/status/1885236583332303189,1668188086067683331,
1885230446595932339,2025-01-31 07:35:39+00:00,0,Siswa SD Kritik Rasa Menu Makan Bergizi Gratis BGN Siapkan Evalusi Tiap 20 Hari https://t.co/IgaP0X1myC,1885230446595932339,,,in,,0,0,0,https://x.com/undefined/status/1885230446595932339,1662795655977517056,
1885230289657749916,2025-01-31 07:35:01+00:00,8,DUKUNG PROGRAM MAKAN BERGIZI GRATIS TERIMA KASIH MAKAN BERGIZI GRATIS TORANG SENANG DAN LEBIH SEMANGAT SEKOLAH #PapuaTolakOPM #OPMPelanggarHAM #PapuaIndonesiaCintaDamai #PapuaDamaiTanpaOPM https://t.co/XyaMMds3Sr,1885230289657749916,https://pbs.twimg.com/media/Gimu4INbYAIyJjk.jpg,,in,,0,0,0,https://x.com/undefined/status/1885230289657749916,1858819728325963778,
1906633094649532582,2025-03-31 09:02:07+00:00,0,Makan bergizi Gratis dinikmati Siswa di Papua https://t.co/GMFpcBtPgf,1906633094649532582,https://pbs.twimg.com/media/GnW4r9XbAAAk42m.jpg,,in,,0,0,0,https://x.com/undefined/status/1906633094649532582,1564543173132980225,
1906373292744962059,2025-03-30 15:49:46+00:00,0,Program Makan Bergizi Gratis dari Bapak Presiden Prabowo Subianto untuk seluruh anak-anak di Indonesia dari Sabang sd Merauke #PenuhiGiziIndonesia,1906373292744962059,,,in,,0,0,0,https://x.com/undefined/status/1906373292744962059,1836761612616957952,
1917643911843176954,2025-04-30 18:43:32+00:00,0,Anak-anak Indonesia butuh makan bergizi iya. Tapi anak-anak Indonesia LEBIH BUTUH pendidikan berkualitas! Makan bergizi juga kalau sistem pendidikan masih bobrok literasi masih minim gaji guru masih kecil kurikulum yang ngga relevan ya buat apa??? Arghh ,1917651046366851382,,peritapimenulis,in,,0,0,0,https://x.com/undefined/status/1917651046366851382,1863521222988075008,
1917567036135465378,2025-04-30 13:09:42+00:00,18,Serka Ratang Gauk Babinsa Desa Bontoala (Koramil 1409-05/Pallangga) melaksanakan kegiatan pendampingan pembagian makan bergizi gratis kepada murid SD Inpres Lambengi yang bertempat di Jln. Pelita Lambengi Desa Bontoala Kec. Pallangga Kab. Gowa. https://t.co/Pxc7Els5YX,1917567036135465378,https://pbs.twimg.com/media/GpyRCFkaYAUaisb.jpg,,in,,0,1,0,https://x.com/undefined/status/1917567036135465378,1262745164897869825,
1917522759325999435,2025-04-30 10:13:46+00:00,0,Danpos Ramil 04 Luak Peltu Wahidi bersama Babinsa Sertu Agung dan Serda Boby hadir dalam rangka Launching Makan Bergizi Gratis Kepada Pelajar SD N 07 Sungai Kamuyang. sebanyak 28 Porsi disiapkan untuk pelajar SDN 07 Sungai Kamuyang Kecamatan Luak. Rabu (30/4/2025). https://t.co/qGtjhV0qAS,1917522759325999435,https://pbs.twimg.com/media/Gpxor83a0AAe6KF.jpg,,in,,0,0,0,https://x.com/undefined/status/1917522759325999435,1211868959047241728,
1917507404146921711,2025-04-30 09:12:45+00:00,1,Babinsa Koramil 1414-02/Rantepao Serda Albert sipi melaksanakan pemantauan makan bergizi bertempat SD Kristen 5 Rantepao Kel. Singki Kec. Rantepao Kab. Toraja Utara Rabu 30/04/2025 #tniad #dispenad #puspentni #TNIindonesia #kodam14hasanuddin https://t.co/FFunxjdmzD,1917507404146921711,https://pbs.twimg.com/media/Gpxa0XDaYAU1Rtx.jpg,,in,,0,0,0,https://x.com/undefined/status/1917507404146921711,1744553345598259200,
1917383264576352445,2025-04-30 09:10:14+00:00,0,@draftanakunpad3 Kalo ide kalian apa? Org indonesia itu rata2 goblok. Gk mikir oww nnt bs jd anak anak perlu makan bergizi sekolah yg bagus (hrsnya ini negara yg nyediain tp negara jg goblok) butuh uang. Kl uangnya gk ada gaji dbwh UMR motor hp kredit ya anaknya satu aja. Harus sadar.,1917506772228792616,,draftanakunpad3,in,,0,0,0,https://x.com/undefined/status/1917506772228792616,1172791129114386432,
1917505954683445621,2025-04-30 09:06:59+00:00,1,#JatengTerkini 30 April 2025 Kabupaten Banjarnegara akan menambah empat dapur untuk Makan Bergizi Gratis (MBG) guna memenuhi kebutuhan 12 ribu siswa. #makanbergizigratis #makangratis #banjarnegara #badangizinasional #beritajateng #TVRIJateng https://t.co/HsXDhvY7b6,1917505954683445621,https://pbs.twimg.com/amplify_video_thumb/1917505257636257792/img/NOBeX_DRqqphyklL.jpg,,in,,0,0,0,https://x.com/undefined/status/1917505954683445621,1085408062545018882,
1917500443409932301,2025-04-30 08:45:05+00:00,1,Monitoring Makan Bergizi Gratis Bhabinkamtibmas Desa Cinunuk Aiptu Heri Maryadi melaksanakan Monitoring Makan Bergizi Gratis di SMP Negeri 3 Cileunyi #polridukungprogrampemerintah #Laporpakkapolresta #polisiindonesia #Polripresisi #polrestabandung #kapolrestabandung https://t.co/2KKxqSQMlr,1917500443409932301,https://pbs.twimg.com/media/GpxUfWbaEAAAmDx.jpg,,in,,0,0,0,https://x.com/undefined/status/1917500443409932301,1320706490861117442,
1917474000881467722,2025-04-30 07:00:01+00:00,0,Orang tua siswa SLB Negeri 5 Jakarta terkadang lupa membawakan alat makan untuk anaknya. Di momen pelaksanaan makan bergizi gratis hari ini Selasa (29/4) para siswa pun saling berbagi meminjamkan alat makan ke teman-temannya. &gt;&gt; https://t.co/prgEy2DGfS https://t.co/aL6TNrptgW,1917474000881467722,https://pbs.twimg.com/amplify_video_thumb/1917135021468749828/img/Jdc93GkX5_WoB4fc.jpg,,in,,0,0,1,https://x.com/undefined/status/1917474000881467722,104446991,
1928723124679487622,2025-05-31 08:52:26+00:00,22,@ARSIPAJA Anak Bangsa lagi susah DITIPU. anak Bangsa cari kerja DITIPU. Anak Bangsa meraih masa depan DITIPU. Anak Bangsa yg Masih SD aja ditipu dengan Makan bergizi ternyata ...KERACUNAN. Semua DITIPU. Negara tipu- tipu itulah sebenarnya legacy Raja Tipu. Sign KIRI belok KANAN https://t.co/uvWz0R6inB,1928736316293804238,https://pbs.twimg.com/media/GsQ_b3zaMAEUhVL.jpg,ARSIPAJA,in,,0,1,2,https://x.com/undefined/status/1928736316293804238,122338451,
1928690218976367039,2025-05-31 07:26:24+00:00,6,@archvidz @IndoPopBase 217T itu efeknya bukan murid dapat makan bergizi dan sehat doang tapi muterin uangnya ke masyarakat lebih besar yang ujungnya bisa mengurangi kemiskinan juga dibawah 6% dan buka 1.9 juta lapangan kerja. Lagian yg error keracunan berapa sih? Dibanding jutaan yang terbantu.,1928714666202771581,,archvidz,in,,0,11,1,https://x.com/undefined/status/1928714666202771581,1388455056794525697,
1928696691567243302,2025-05-31 06:14:59+00:00,2,semua-muanya makan bergizi gratis bayar dulu tuh vendor2 catering yg diutangin pemerintah..... ://,1928696691567243302,,,in,,0,2,0,https://x.com/undefined/status/1928696691567243302,1138956444663812096,
1928692926550249743,2025-05-31 06:00:01+00:00,0,Makanan Khas Suku Penduduk Adat Taiwan Kini Masuk dalam Menu Makan Siang Bergizi di Sekolah Selengkapnya: https://t.co/b6mdUB3Ara https://t.co/WTDWc49TfL,1928692926550249743,https://pbs.twimg.com/media/GsAQOEgWoAAAnoL.jpg,,in,,0,0,0,https://x.com/undefined/status/1928692926550249743,1452801684984393728,
1928674189889679603,2025-05-31 04:45:34+00:00,0,Sasaran 80 Juta Siswa Indonesia Dapat Makan Bergizi Lewat 1.000 Dapur MBG Kerja Sama Kadin dan Prancis #MakanBergiziGratis https://t.co/wkcWo8mL6Q,1928674189889679603,https://pbs.twimg.com/ext_tw_video_thumb/1928673958683111424/pu/img/vXKj4utb7xslz2ZT.jpg,,in,,0,0,0,https://x.com/undefined/status/1928674189889679603,278905524,
1928634113512133052,2025-05-31 02:07:53+00:00,0,@PutraHunian Makan bergizi di sekolah bukan kemewahan tapi kebutuhan yang harus dipenuhi bersama #PenuhiGiziIndonesia,1928634506170478786,,PutraHunian,in,,0,0,0,https://x.com/undefined/status/1928634506170478786,1795715799564656640,
1928630473473020147,2025-05-31 01:51:51+00:00,0,Program makan bergizi gratis (MBG) di Kabupaten Jembrana terus diperluas. Teranyar ada 6 Dapur Satuan Pelayanan Pemenuhan Gizi (SPPG) baru yang siap beroperasi dalam waktu dekat ini. https://t.co/4fB0uIqSPG,1928630473473020147,,,in,,0,2,0,https://x.com/undefined/status/1928630473473020147,2655442453,
1927853684240666979,2025-05-30 16:17:22+00:00,1,@justlyaaaaa Tasikmalaya Jawa Barat Makan Bergizi Gratis diberikan kepada tujuh sekolah mulai dari PAUD sampai SMA salah satunya di SMPN 2 Tasikmalaya yang berada di Kota Tasikmalaya. Menu MBG yang disajikan yaitu nasi putih tempe ayam Lanjutkan MBG ️,1928485898775126310,,justlyaaaaa,in,,0,0,0,https://x.com/undefined/status/1928485898775126310,1725413776508497920,
1927853684240666979,2025-05-30 16:16:44+00:00,1,@justlyaaaaa Bandung Di Bandung MBG disiapkan oleh SPPG Lanud Husein Sastranegara serta Sukajadi. Salah satu sekolah penerima program Makan Bergizi Gratis ini adalah SD Angkasa 1. Menu yang disajikan yaitu nasi putih tumis tahu sawi ayam goreng serta satu buah pisang. Lanjutkan MBG ️,1928485737986400486,,justlyaaaaa,in,,0,0,0,https://x.com/undefined/status/1928485737986400486,1725413776508497920,
1939701409764839452,2025-06-30 15:03:48+00:00,0,Satgas Pamtas RI-RDTL Pos Aplal Gelar Makan Bergizi dan Cek Kesehatan Gratis di SD Kecil Banu https://t.co/5p9kyuKCyV,1939701409764839452,https://pbs.twimg.com/media/Gus0JSjbQAAvTQ7.jpg,,in,,0,0,0,https://x.com/undefined/status/1939701409764839452,1476481562778554368,
1939699596382622040,2025-06-30 14:56:36+00:00,0,Satgas Pamtas RI-RDTL Pos Aplal Tanamkan Nilai Nasionalisme dan Cek Lokasi Program Makan Bergizi di SD Kecil Banu https://t.co/EYH64sjfmW,1939699596382622040,https://pbs.twimg.com/media/GusyfsMbUAAm628.jpg,,in,,0,0,0,https://x.com/undefined/status/1939699596382622040,1476481562778554368,
1939639026564399169,2025-06-30 10:55:55+00:00,0,Senin 30/06/2025 - Bhabinkamtibmas Kupang Aiptu Suparyadi melaksanakan pengamanan &amp; monitoring pelaksanaan Makan Bergizi Gratis di SMP 5 Ambarawa. #polressemarang #polsekambarawa #polriuntukmasyarakat #kamipolisibaik https://t.co/LOgyf8lsFc,1939639026564399169,https://pbs.twimg.com/media/Gur7agxWkAA6VY6.jpg,,in,,0,0,0,https://x.com/undefined/status/1939639026564399169,1701858463310295040,
1939607338455032212,2025-06-30 08:50:00+00:00,1,Badan Gizi Nasional menyebut jumlah penerima manfaat program Makan Bergizi Gratis mencapai 5 5 juta orang terbanyak kepada siswa SD. https://t.co/XMmD3UlHkG,1939607338455032212,,,in,,0,0,0,https://x.com/undefined/status/1939607338455032212,69183155,
1950873777623163173,2025-07-31 10:58:48+00:00,0,Wamen Fajar : Program Makan Bergizi Gratis Bangun Karakter Positif dan Motivasi Belajar Murid https://t.co/PYxASP5G6s #beritaterkini #beritaviral #kabarterbaru #klikwarta #news #beritanasional,1950873777623163173,,,in,,0,0,0,https://x.com/undefined/status/1950873777623163173,823779030767833088,
1950851059192332583,2025-07-31 09:28:32+00:00,0,Wamen Fajar: Program Makan Bergizi Gratis Bangun Karakter Positif dan Motivasi Belajar Murid @Kemdikdasmen @TV9NUsantara https://t.co/63cxNqIkzz,1950851059192332583,,,in,,0,0,1,https://x.com/undefined/status/1950851059192332583,1749334907271380992,
1950827032855867619,2025-07-31 07:53:03+00:00,0,Program Makan Bergizi Gratis Presiden Prabowo Hadir di Konawe Utara: 3.475 Siswa dan Balita Terima Manfaat di Wilayah Kodim 1430/Konut Baca selengkapnya di https://t.co/2eklyiqAPD https://t.co/LoaCVMmYP2,1950827032855867619,https://pbs.twimg.com/media/GxK62O3aEAA4OhK.jpg,,in,,0,0,0,https://x.com/undefined/status/1950827032855867619,1605793648032956416,
1950819454298030253,2025-07-31 07:23:03+00:00,0,Tatkala Wamen Fajar menghampiri seorang siswa lain ia bertanya: Sudah berapa lama dapat makan bergizi gratis? .,1950819482504663277,,Muhamma48288841,in,,0,0,0,https://x.com/undefined/status/1950819482504663277,1598275455278551041,
1950819454298030253,2025-07-31 07:23:01+00:00,0, Pesannya apa kalau adik-adik bertemu dengan Bapak Presiden Prabowo? imbuh Wamen Fajar. Para siswa kemudian secara bersamaan menjawab Terima kasih Bapak Presiden Prabowo yang telah memperjuangkan dan memberikan kami makan bergizi. ,1950819474271310183,,Muhamma48288841,in,,0,1,0,https://x.com/undefined/status/1950819474271310183,1598275455278551041,
1950819454298030253,2025-07-31 07:22:59+00:00,0, Sekarang jadi lebih semangat belajar pak kata para siswa. Wamen Fajar menjelaskan makan bergizi gratis atau MBG ini program Presiden Prabowo Subianto.,1950819466545090964,,Muhamma48288841,in,,0,1,0,https://x.com/undefined/status/1950819466545090964,1598275455278551041,
1950819454298030253,2025-07-31 07:22:59+00:00,0, Ada perbedaan tidak setelah adanya program makan bergizi gratis dengan sebelumnya? tanya Wamen Fajar melalui keterangan tertulisnya pada Rabu (30/7/2025. Iya jawab para siswa serentak. Bedanya apa? Wamen Fajar menanyakan lagi.,1950819464297246805,,Muhamma48288841,in,,0,1,0,https://x.com/undefined/status/1950819464297246805,1598275455278551041,
1949763133754806777,2025-07-31 05:18:53+00:00,3,@bonapasogit24 @ebonXboy @RIPDEMOKRASI @asmawan_ed72119 @DianSandiU @_aji_satrio_ @3rwin__34 @ProfylHenuk @PCReborn172737 @Ary_PrasKe2 @KRMT_RoySuryo @RoySuryo_asli @SianiparRismon @blank0429 @JimlyAs @mohmahfudmd @TOPssstt @beulangong174 @WayangPedalaman @gibran_tweet @adearmando61 @sukmawijaya91 Di luar negri makan bergizi gratis bikin siswa semangat belajar. Di Indonesia program MBG malah bikin anak-anak semangat ke IGD. Katanya makan bergizi nyatanya menu ala kadarnya gizi nol risiko tinggi. Ini program makan atau uji nyali? Makan sepuasnya https://t.co/KQLCE39rTG,1950788232935096703,https://pbs.twimg.com/ext_tw_video_thumb/1950788143776743424/pu/img/sIBSIyH9KvmpQBX5.jpg,bonapasogit24,in,,0,1,1,https://x.com/undefined/status/1950788232935096703,1659107567166189568,
1950785854747836444,2025-07-31 05:09:26+00:00,1, Di Luar negri makan bergizi gratis bikin siswa semangat belajar. Di Indonesia program MBG malah bikin anak-anak semangat ke IGD. Katanya makan bergizi nyatanya menu ala kadarnya gizi nol risiko tinggi. Ini program makan atau uji nyali? @prabowo Makan sepuasnya https://t.co/I7zYY8Lj90,1950785854747836444,https://pbs.twimg.com/ext_tw_video_thumb/1950785773806219264/pu/img/MBIMcIJfSseOrYRb.jpg,,in,,0,0,0,https://x.com/undefined/status/1950785854747836444,1637094881633120256,
1962070771129520621,2025-08-31 08:43:35+00:00,0,Jepang: Makan bergizi di sekolah jadi bagian budaya pendidikan. Anak-anak belajar disiplin hidup sehat &amp; siap bersaing di level global. #Kemendagri #gasssnow #MakanBergiziGratis,1962073771231392148,,alineadotid,in,,0,0,0,https://x.com/undefined/status/1962073771231392148,354168059,
1962041202884407608,2025-08-31 06:34:10+00:00,0,#PenuhiGiziIndonesia Program Makan Bergizi Gratis Dukung Konsentrasi Belajar Siswa https://t.co/yvu0tNq1TW,1962041202884407608,https://pbs.twimg.com/media/GzqR5JOb0AAt9f3.jpg,,in,,0,2,0,https://x.com/undefined/status/1962041202884407608,1620278578922532865,
1962021293110530096,2025-08-31 05:15:03+00:00,0,Yuk bantu wujudkan program makan bergizi gratis untuk siswa agar mereka lebih fokus belajar! Caranya? [Sebutkan cara mudahnya misal: Klik link di bio Bagikan postingan ini dll.] https://t.co/PJeKfB0eD8,1962021293110530096,https://pbs.twimg.com/media/Gzp_9-ra4AAJ6lb.jpg,,in,,0,0,0,https://x.com/undefined/status/1962021293110530096,359802769,
1961824157764858178,2025-08-30 23:00:23+00:00,1,@zukialmoskowi @kompascom Bang anak MBG makan dari pajak kita2 bang makanya yg lebih baik itu Pendidikan yg di majukan bukan sibuk ngurusin makanan bergizi.. makanan anak2 emak2nya sama org kantin sudah paham bang jadi jangan juga salahin anaknya atau ayamnya yg salah yaa PROGRAMnya ,1961927005160743409,,zukialmoskowi,in,,0,0,1,https://x.com/undefined/status/1961927005160743409,1471361398013718528,
1961785542179451086,2025-08-30 13:38:16+00:00,0,Pemerintah Kabupaten Biak Numfor Papua menyebutkan sebanyak 43 ribu siswa dari berbagai jenjang pendidikan menjadi sasaran penerima manfaat Program Makan Bergizi Gratis. https://t.co/awUhvUgZxw,1961785542179451086,,,in,,0,0,2,https://x.com/undefined/status/1961785542179451086,18071520,
1961741610808729621,2025-08-30 10:43:42+00:00,0,Stop mbg yg gak bergizi dan mahal itu langsung kasih Cash ke siswa @10rb saja untuk beli makan sendiri,1961741610808729621,,,in,,0,0,0,https://x.com/undefined/status/1961741610808729621,1036750655124201472,
1961718967275503718,2025-08-30 09:13:43+00:00,45,Program Makan Bergizi Gratis (MBG) terus dapat dukungan dari banyak pihak. Kali ini datang dari para guru yang melihat langsung manfaatnya di sekolah. #gasssnow #Kemendagri #MakanBergiziGratis https://t.co/qZp48vN4sE,1961718967275503718,https://pbs.twimg.com/media/Gzls5CAbMAAcyfu.jpg,,in,,0,5,29,https://x.com/undefined/status/1961718967275503718,354168059,
1961714396578926745,2025-08-30 08:55:33+00:00,77,Kolaka jadi salah satu daerah yang sukses jalankan program Makan Bergizi Gratis (MBG). Sudah ada 61.850 jiwa penerima manfaat mulai dari siswa sekolah ibu hamil sampai ibu menyusui. #gasssnow #Kemendagri #MakanBergiziGratis https://t.co/f2HKhQ01bZ,1961714396578926745,https://pbs.twimg.com/media/GzlonJNa0AA4Ysd.jpg,,in,,0,4,24,https://x.com/undefined/status/1961714396578926745,354168059,
1961697574567776456,2025-08-30 07:48:43+00:00,21,Program Makan Bergizi Gratis (MBG) terus mendapat dukungan dari para guru. Di SDN 5 Tapos Depok antusiasme siswa tinggi banget setiap kali menu favorit hadir di sekolah! #gasssnow #Kemendagri #MakanBergiziGratis https://t.co/O5O3t9hhS1,1961697574567776456,https://pbs.twimg.com/media/GzlZdMKaIAAtasf.jpg,,in,,0,5,42,https://x.com/undefined/status/1961697574567776456,354168059,
1972651496161608095,2025-09-30 21:48:45+00:00,1,@_masbaim_ @oddypratama4 @BiLLRaY2019 Sekolah anak saya juga tadinya gak boleh menolak MBG alasannya karena dekat dengan dapur MBGnya pdhal sekolahan anak saya sudah include makan bergizi dari sekolah knp sih gak bisa tepat sasaran gitu yg butuh kan lebih banyak gitu untung sudah clear skrng ga dpt MBG lg.,1973143001846395044,,_masbaim_,in,,0,0,0,https://x.com/undefined/status/1973143001846395044,569691238,
1973108284921094491,2025-09-30 19:30:48+00:00,0,Percuma makan bergizi kalo SMA Negeri belum ada di Kecamatan Cimenyan ,1973108284921094491,,,in,,0,0,0,https://x.com/undefined/status/1973108284921094491,110492126,
1972967406113824989,2025-09-30 15:48:53+00:00,0,@SUARAKRISTEN1 @detikcom @detikjatengcom Sekolah SD Muhammadiyah 1 Ketelan Solo berhasil mengelola program makan bergizi mandiri (Dapur Sehat) selama 10 tahun karena manajemen efisien: menu bulanan sehat tanpa pengawet bahan segar biaya Rp10.000/porisi (makan sepuasnya) dan dukungan penuh orang tua yang puas dengan,1973052436450570704,,SUARAKRISTEN1,in,,0,0,0,https://x.com/undefined/status/1973052436450570704,1720665183188922368,
1984262363726692845,2025-10-31 14:13:07+00:00,0,Pesan lucu dari siswa penerima Makan Bergizi Gratis (MBG) di Jawa Tengah ini bikin senyum semua petugas SPPG Polda Jateng. Dari kertas kecil penuh coretan doa dan terima kasih tersimpan semangat besar anak-anak Indonesia untuk tumbuh sehat cerdas dan bahagia. ️🇮🇩 https://t.co/w5oGvzMAcd,1984262363726692845,https://pbs.twimg.com/media/G4mEGXUbAAAQZBg.jpg,,in,,0,0,0,https://x.com/undefined/status/1984262363726692845,1267968567640592385,
1984243476595392707,2025-10-31 12:58:04+00:00,1,Pesan lucu dari siswa penerima Makan Bergizi Gratis (MBG) di Jawa Tengah ini bikin senyum semua petugas SPPG Polda Jateng. https://t.co/zvnEAVcb39 #MakanBergiziGratis #PoldaJateng #SPPGPolri #AnakSehatIndonesiaMaju #PolriPresisi #HumanityFirst https://t.co/YnlRHQnAWJ,1984243476595392707,https://pbs.twimg.com/media/G4ly69NbcAAMFA3.jpg,,in,,0,0,0,https://x.com/undefined/status/1984243476595392707,1248153682081808389,
1984242454837788894,2025-10-31 12:54:01+00:00,0,Babinsa Argorejo Dampingi Program Makan Bergizi Gratis di SD N 1 Sedayu https://t.co/SLfITw38f9,1984242454837788894,https://pbs.twimg.com/media/G4lx_bHbwAEwecA.jpg,,in,,0,0,0,https://x.com/undefined/status/1984242454837788894,738284220057952256,
1984235318166577571,2025-10-31 12:25:39+00:00,0,Guru besar sekaligus pengamat kebijakan pendidikan dari Universitas Pendidikan Indonesia Cecep Darmawan mengatakan Kementerian Dalam Negeri memegang peran strategis dalam menyukseskan program Makan Bergizi Gratis khususnya di daerah. https://t.co/cwdJmsgEva,1984235318166577571,,,in,,0,0,0,https://x.com/undefined/status/1984235318166577571,18071520,
1983183441194828228,2025-10-31 12:21:48+00:00,0,@penantihujan888 @LatterstoAster @BaseBDG Kejadian keracunan massal terjadi pada 28 Oktober 2025 di Desa Cibodas Lembang Bandung Barat melibatkan program Makan Bergizi Gratis (MBG). Korban mencapai 230 orang mayoritas siswa dengan gejala mual muntah sakit perut pusing diare dan sesak napas. Penyebab diduga,1984234346417730015,,penantihujan888,in,,0,1,0,https://x.com/undefined/status/1984234346417730015,1720665183188922368,
1984198970814632329,2025-10-31 10:01:13+00:00,1,BULUKUMBA - Babinsa Koramil 1411-03/Kajang Dampingi Penyaluran Makan Bergizi Gratis di SDN 107 Maccini BULUKUMBA Babinsa Desa Mattoanging Koramil 1411-03/Kajang Serda Ardiansya melaksanakan pendampingan kegiatan Makan Bergizi Gratis bagi siswa-siswi di wilayah binaannya. https://t.co/MMAIWXbw9i,1984198970814632329,https://pbs.twimg.com/media/G4lKb9DboAACVvC.jpg,,in,,0,0,0,https://x.com/undefined/status/1984198970814632329,1762647935723143168,
1984194885487055317,2025-10-31 09:44:59+00:00,0,Program Makan Bergizi Gratis Disorot Ratusan Siswa Gunungkidul Dilarikan ke RS! https://t.co/lt2A70NHib #MBG #DIY #GunungKidul #Keracunanmakanan,1984194885487055317,,,in,,0,0,0,https://x.com/undefined/status/1984194885487055317,1916735709874098176,
1995081006349738374,2025-11-30 10:42:33+00:00,0,Anggota Sat Samapta Melaksanakan Kegiatan Patroli Dialogis di SPPG Yayasan Bangun Bangsa Bersama dan Pengawalan Pendistribusian Makan Bergizi Gratis ke SMA PGRI 1 Tulungagung. https://t.co/TjnV8MZhog,1995081006349738374,https://pbs.twimg.com/amplify_video_thumb/1995080632448458752/img/aodG34ESMXGxpUaK.jpg,,in,,0,0,0,https://x.com/undefined/status/1995081006349738374,1665520412372144128,
1995032389056090135,2025-11-30 07:29:22+00:00,27,Bencana yang melanda Aceh beberapa hari terakhir ini membuat Satuan Pelayanan Pemenuhan Gizi (SPPG) Aceh mengalihkan sementara distribusi paket makan bergizi gratis. Tercatat sebanyak 52 SPPG Aceh telah membagikan 185.049 paket MBG kepada korban bencana. https://t.co/wztstQTg6r https://t.co/6oqbG6CepG,1995032389056090135,https://pbs.twimg.com/media/G6_HYYObkAARHn_.jpg,,in,,0,3,20,https://x.com/undefined/status/1995032389056090135,382522068,
1994677564049350832,2025-11-30 07:25:06+00:00,0,@QianzyZ Contoh SD Muhammadiyah 10 tahun adakan makan bergizi SD muhammadiyah di solo cek di media online,1995031317311099370,,QianzyZ,in,,0,0,0,https://x.com/undefined/status/1995031317311099370,1406131242077065222,
2005873368000860284,2025-12-30 05:27:32+00:00,1,Makan bergizi generasi prestasi! Dukung Program MBG untuk ciptakan siswa sehat cerdas dan siap bersaing. Menu gizi seimbang dukung pertumbuhan dan prestasi siswa. Ayo sukseskan MBG! #MBG #MakanBergizi #GenerasiPrestasi https://t.co/GgVapg5Dpg,2005873368000860284,https://pbs.twimg.com/media/G9ZLMp2bEAA4dO9.jpg,,in,,0,4,0,https://x.com/undefined/status/2005873368000860284,1565711358880268289,
2005865285853528542,2025-12-30 04:55:25+00:00,0,Jaminan status siswa tetap dipegang BGN antisipasi miskomunikasi biar fokus ke makan bergizi gratis #MBGBerjalanLancar https://t.co/iPFVbungks,2005865285853528542,https://pbs.twimg.com/ext_tw_video_thumb/2005865215540531200/pu/img/L5BH4Pl0J2yYzkQ0.jpg,,in,,0,0,0,https://x.com/undefined/status/2005865285853528542,1703686301713874944,
2005856920079417384,2025-12-30 04:22:11+00:00,0,Libur sekolah tapi asupan tetap jalan MBG hadir di Bangkalan mayoritas santri tetap dapat makan bergizi. Negara nggak cuti urus gizi. Respect https://t.co/K6hX596nm7,2005856920079417384,https://pbs.twimg.com/media/G9Y8O_GaYAIrKZz.jpg,,in,,0,0,0,https://x.com/undefined/status/2005856920079417384,1819415562109476864,
1884858533885382769,2025-01-31 13:49:38+00:00,0,@kompascom Stop ANJING STOOOOPPPPPPP. UDEEEEEEHHHH. Lu utamain itu pendidikan sm kesehatan drpd program makan jadi tai mana yg dikasih ga bergizi trs skrg byk vendor mundur ada yg keracunan. Gue sumpahin matinya susah lu anjing. Mati ketiban sisa makanan MBG mampus lu tai dzolim bgt,1885324564693184920,,peluuk,in,,0,1,0,https://x.com/undefined/status/1885324564693184920,1061127249905078272,
1884858533885382769,2025-01-31 13:48:32+00:00,0,@kompascom Stop dh kntol. Lu kira T dalam triliun tuh huruf doang kah? T T T itu banyak bgt duitnya anjingggg LU BUKA KACAMATA LU LIAT LEBAR LEBAR ITU MAKANAN KAGA LAYAK SEMUA. Bahkan ada yg keracunan. Bangsat. Lu besok ikutan deh jadi konsumen MBG idiot bgt jing si sri mul ini tai ajg,1885324287328084277,,kompascom,in,,0,1,0,https://x.com/undefined/status/1885324287328084277,1061127249905078272,
1885265114900947274,2025-01-31 09:53:24+00:00,23,Apa yang disampaikan Mbak @puanmaharani_ri bener dan apa adanya.. Kepala BGN emang wajib di evaluasi bayangkan MBG yang jadi andalan Pemerintah faktanya dilapangan banyak makanan yg gak layak dan ada yg keracunan juga. MBG PROGRAM OMON OMON https://t.co/1aZbiQ8vOA,1885265114900947274,https://pbs.twimg.com/media/GinOoUzbwAAadb3.jpg,,in,,0,3,13,https://x.com/undefined/status/1885265114900947274,1081205704898179073,
1885139737712717947,2025-01-31 01:39:26+00:00,4,@tanyarlfes kita liat pelaksanaan MBG dr awal juga udh maksain banyak keracunan menu gak layak. judulnya makan bergizi tapi giliran dikritik menunya gak bergizi malah disuruh bersyukur,1885140803171082745,,tanyarlfes,in,,0,1,0,https://x.com/undefined/status/1885140803171082745,1445641386745688066,
1885119490704417073,2025-01-31 00:14:45+00:00,0,kalo keracunan MBG ga bisa berobat pake pake BPJS. https://t.co/u4INmcLBQD,1885119490704417073,https://pbs.twimg.com/media/GilKL0dbIAABh6v.jpg,,in,,0,2,0,https://x.com/undefined/status/1885119490704417073,1106545440495788032,
1884996516651389299,2025-01-30 16:06:05+00:00,1,Lawak kesehatan dijadiin prioritas pendukung nanti orang ada yg keracunan tu mbg trs pake bpjs gak bisa lagi. Uang yg menjamin buat fasilitas kesehatan malah buat MBG aneh matiin aja semua orang kalo gitu.,1884996516651389299,,,in,,0,0,0,https://x.com/undefined/status/1884996516651389299,1411950693754097673,
1884907967017075182,2025-01-30 14:49:11+00:00,28,@Twillight_Loid Gue aja yg gak sekolah tinggi sudah bisa memprediksikan beberapa bulan lalu bahwa MBG ini akan menimbulkan masalah spt korupsi menu yg tdk cocok keracunan vendor tdk dibayar dsb ,1884977163797160407,,Twillight_Loid,in,,0,2,4,https://x.com/undefined/status/1884977163797160407,1635856844253167616,
1884806034654634245,2025-01-30 03:29:11+00:00,0,yah ga heran ada kasus keracunan di MBG wong kesehatannya aja masuk pendukung (iya kalo beneran didukung),1884806034654634245,,,in,,0,0,0,https://x.com/undefined/status/1884806034654634245,1264747286539587584,
1884086676416520333,2025-01-29 20:59:10+00:00,62,@nowyoucatchme @BetaEpsilonPhi @PNS_Ababil keracunan mbg tidak ditangani dengan baik karena kesehatan bukan yang utama anda tetap bodoh walaupun sudah makan bergizi kami juga tidak peduli karena pendikan bukanlah yang utama ,1884707883876757720,,nowyoucatchme,in,,1,0,5,https://x.com/undefined/status/1884707883876757720,1752828247992418304,
1884688959722377441,2025-01-29 19:43:58+00:00,0,ini mata kagak salah liat kan? MBG lebih penting daripada pendidikan sama kesehatan? woooaaahhh.... pantesan banyak yg keracunan ,1884688959722377441,,,in,,0,0,0,https://x.com/undefined/status/1884688959722377441,1476899351012143104,
1884627724461093011,2025-01-29 15:40:38+00:00,0,Even lu keracunan gegara mbg pun negara gakan peduli AWOKAWOKAWOKAWOKAWOKAWOK,1884627724461093011,,,in,,0,0,0,https://x.com/undefined/status/1884627724461093011,1476965813538021377,
1884610658970554443,2025-01-29 14:32:50+00:00,1656,Bajingan Mbg harusnya dituker sama pendidikan kesehatan. Yaelah food security aja belom beres udah sok sokan mau jadi pahlawan bagi2 makan gratis yang nyatanya ga layak disebut makanan (kasus sayur basi keracunan makanan dsb. Gausah disebut detailnya lagi lah ya),1884610658970554443,,,in,,7,6,481,https://x.com/undefined/status/1884610658970554443,1614604596466585602,
1883921593665274256,2025-01-29 03:12:50+00:00,0,@Jumianto_RK -11/100 Kabinet gemuk sama orang orang yg gak capable Mbg keracunan Hutan mau diganti sawit Huru hara ppn 12% Masih melihara buzzer,1884439531111477372,,Jumianto_RK,in,,0,0,0,https://x.com/undefined/status/1884439531111477372,1096814377,
1895506736469229643,2025-02-28 16:09:57+00:00,0,Min @Gerindra mimin yakin apa yg terjadi di pemerintahan kt skrg dgn berita PHK dimana2 IHSG jeblok saat diumumin danantara MBG byk yg keracunan tapi presiden dan kepala daerah masih bisa bikin kegiatan retreat?? Nurani mimin setuju kah???,1895506736469229643,,,in,,0,0,0,https://x.com/undefined/status/1895506736469229643,255040188,
1895115147150270892,2025-02-28 14:38:15+00:00,3,@berlianidris @prabowo di suatu wilayah di pulau sumatera sang katering pemegang tender mensubkon projek MBG ke Chefnya dan disubkon lagi ke Ibu2 rumah tangga. Kebayang ga standarnya rupa2 dan kalau keracunan susah bener nelusurnya,1895483658414510371,,berlianidris,in,,0,1,1,https://x.com/undefined/status/1895483658414510371,1751126861923627008,
1895461845710012903,2025-02-28 13:11:34+00:00,0,KELIRU: Dua Foto Pelajar SD di Papua Meninggal Karena Keracunan Makanan Bergizi Gratis #keracunan #MBG #Papua #cekfakta #cekfaktatempo https://t.co/dcT7ykhZt4,1895461845710012903,,,in,,0,0,0,https://x.com/undefined/status/1895461845710012903,1071987848054661120,
1895279399001563266,2025-02-28 11:02:01+00:00,0,@elisyaa__ ayok dikerjain nanti kalo molor kalian gajadi MBG lho trs muridku dengan santainya bilang gapapa bu ndak nanti keracunan AKU MENDENGAR ITU CM BISA KETAWA SAMBIL BILANG HATI-HATI ,1895429243355754972,,madoiisdo,in,,0,1,0,https://x.com/undefined/status/1895429243355754972,1138956444663812096,
1895402054287532348,2025-02-28 09:13:59+00:00,1,Jadi jgn anda bantah #IndonesiaGelap itu apa yg mau diharapkan rakyat saat ini. Janji 19 juta lapangan kerja itu janji pendidikan gratis yg ada malah MBG itupun sdh byk kasus makanan basi berulat ada yg sampai sakit perut keracunan. Anda msh bilang Indonesia terang. Ndasmu. https://t.co/BLliNMK64A,1895402054287532348,https://pbs.twimg.com/media/Gk3SHh4WoAAABfR.jpg,,in,,0,0,0,https://x.com/undefined/status/1895402054287532348,1696076720053587968,
1895375449863397523,2025-02-28 07:28:16+00:00,0,Kepala Badan Gizi Nasional Blak-blakan Sebut Mitra MBG hingga Jadi Penyebab Kasus Keracunan https://t.co/ehm4XyQCHa,1895375449863397523,,,in,,0,0,0,https://x.com/undefined/status/1895375449863397523,1662795655977517056,
1894983499775647939,2025-02-28 04:25:09+00:00,1,@ARSIPAJA Ni kepala BGN klo statement suka2 ya... kmarin suruh kasih kopi sm surya 2 btg ? ga lucu disaat MBG duitnya dari motongin anggaran kementerian lain yg esensial mana menu MBG jg msih bnyak masalah.. yg basi lah mentah lah ga enak bkin keracunan dll,1895329368936980604,,ARSIPAJA,in,,0,0,0,https://x.com/undefined/status/1895329368936980604,149380697,
1895048511407919397,2025-02-28 04:02:23+00:00,0,@StefanAntonio__ Minta Mulu ke rakyat... Sekarang apa yang diberikan untuk rakyat...Pake BPJS blangsat.. apa lagi MBG banyak yang keracunan.. apalagi program pertalite ke Pertamax rakyat ditipu anjing.. rakyat sekarang minta hasil SDA kemana itu barang anjing..Pulau yang banyak emasnya sengsara,1895323639937147028,,StefanAntonio__,in,,0,0,0,https://x.com/undefined/status/1895323639937147028,14910687,
1895319766484586515,2025-02-28 03:57:56+00:00,1,@detikcom Yang bahaya itu MBG Makan Bergizi Gratis.... Udah banyak yang keracunan,1895322520020230474,,detikcom,in,,0,0,0,https://x.com/undefined/status/1895322520020230474,1831679142557052930,
1906131844455944304,2025-03-29 23:50:20+00:00,1,Emmm gimana ya?! Sebut nama pak negara mana yang sampe dah dateng buat studi banding MBG itu? Yakali MBG ya kacau gitu ada yang muji2? Padahal di negara sendiri para ortu wanti-wanti ke anaknya buat gk langsung makan MBG karena takut keracunan ,1906131844455944304,,,in,,0,0,0,https://x.com/undefined/status/1906131844455944304,1611752046096691200,
1905843159134851409,2025-03-29 04:43:12+00:00,0,OJK berencana usulkan program Makan Bergizi Gratis (MBG) diasuransikan. Katanya langkah preventif jika terjadi hal yang merugikan penerima program seperti keracunan. Pengamat menilai usul ini sebagai komersialisasi bantuan sosial. #makanbergizigratis ⤵️ https://t.co/GvwdAt6Qcf,1905843159134851409,,,in,,0,0,0,https://x.com/undefined/status/1905843159134851409,1885513787970904069,
1905809524335989149,2025-03-29 04:04:33+00:00,2,@ebonXboy @kompascom Cuma di Konoha MBG gk ada evaluasi dari ada yg keracunan makanan mentah makanan basi malah yg ada anggaran MBG di sunat https://t.co/Q7bMVB3yUW,1905833430467969316,,ebonXboy,in,,0,1,0,https://x.com/undefined/status/1905833430467969316,844206338297159681,
1905812081116655871,2025-03-29 03:35:24+00:00,0,@RadioElshinta Program MBG menyebabkan pelajar keracunan massal. https://t.co/o7vFdrevvV,1905826094474993884,https://pbs.twimg.com/media/GnLau55aQAATitl.jpg,RadioElshinta,in,,0,0,0,https://x.com/undefined/status/1905826094474993884,53713023,
1905630960080560442,2025-03-28 16:38:51+00:00,10,@detikcom Pak @prabowo sudahlah berhenti trll ngmong tinggi.... Hasil dari MBG tuh selain jadi tai ya ga ada. Makan sekali/hari dgn porsi 8 rb perak tuh dpt gizinya dmna? Apa anda tdk dpt laporan ada yg keracunan MBG? Vendor yg mundur krna belum dibayar dll. MBG itu program problematik.,1905660871717912717,,detikcom,in,,0,0,0,https://x.com/undefined/status/1905660871717912717,1139304012992225280,
1904506641372053691,2025-03-26 22:42:06+00:00,1,@AhmadFa16825031 @superflanke @NenkMonica wkwkwkwwk buta lo? liat tuh dibsekitaran kemiskinan struktural msh berkerak. masyarakatnya pd bego krn gapunya uang utk menunjang pendidikan. solusi apa? ksh aja mbg eh malah bkin keracunan. krg papua aja menuntut pendidikan lah situ mlh menuntut kebodohan,1905027509089099883,,AhmadFa16825031,in,,0,0,0,https://x.com/undefined/status/1905027509089099883,1810729450532986880,
1903169517695668409,2025-03-26 07:16:43+00:00,0,@S85244Natania @nekoopoi @badutbangetanj emgnya skrg indo baik2 aja? nilai rupiah jeblok ga karuan mbg keracunan phk massal makin byk anggaran buat buzzer PENDIDIKAN DIKESAMPINGKAN DEMI MBG aparat makin sembarangan. dan lo? masih tone deaf? gila semoga cepet sadar.,1904794630669164830,,S85244Natania,in,,0,1,0,https://x.com/undefined/status/1904794630669164830,1509139046454337537,
1904566624507822568,2025-03-25 16:10:43+00:00,0,giliran kontrak abis ngaku tobat si paling cry more. lu minta maap sama org2 yg kena efisiensi minta maap sama korban keracunan MBG minta maap sama korban meninggal gas LPG. kalo lu masi dikontrak &amp; dpt duit ga bakal ada omongan begini. value lo bisa dibeli pake duit sih,1904566624507822568,,,in,,0,0,0,https://x.com/undefined/status/1904566624507822568,1177061797095821314,
1903959990647321007,2025-03-25 11:49:00+00:00,11,@kimdokja437383 @scaerae @ssawberry @koyengggg99 @kactchaw @lailadesu_ @tanyakanrl Yaelah dari 5 program itu emng semuanya berjalan dengan baik? Mbg aja udh banyak korban yg keracunan⁉️ trs juga ide darimana nyet makan sehat minumnya susu yg gulanya banyak,1904500762690138364,,kimdokja437383,in,,0,1,0,https://x.com/undefined/status/1904500762690138364,1860181171617038340,
1904368504218005987,2025-03-25 05:51:06+00:00,0,@handthatfeed5 Btw ada beberapa temen gue yg mengakui pilihannya salah ketika kasus fufufafa viral coretax nyusahin ppn 12% MBG bikin keracunan dll. Mereka masih punya akal sehat. Emang kampanye pilpres 02 tuh bikin brainrot njir.,1904410695296512044,,OakenStakee,in,,0,0,0,https://x.com/undefined/status/1904410695296512044,1317211159867523072,
1903014236030161057,2025-03-25 00:36:36+00:00,0,@hxxguu_ bukan gitulah dasar aneh. ya tuhan tolong kasih paham lah ini orang kalo gaada mbg yg makan anggaran berapa triliun itu keracunan ini gaakan terjadi anggaran pendidikan ga perlu dipangkas kesimpulannya : stop mbg. liat udh ada yg stop tuh. https://t.co/9LX8zvyx6w,1904331547106578696,,hxxguu_,in,,0,4,0,https://x.com/undefined/status/1904331547106578696,1466302822782173184,
1903014236030161057,2025-03-25 00:23:05+00:00,0,@bellfloweryy MBG keracunan? kok bisa keracunan? berarti yang salah tender catering nya dong? ga smua orang kok keracunan paling cuma satu kasus doang ga lebih banyak dri yang ga keracunan kan?,1904328147698675816,,bellfloweryy,in,,0,1,0,https://x.com/undefined/status/1904328147698675816,1408190155194658820,
1917436619348664691,2025-04-30 23:57:50+00:00,0,@masreyhaan @dawgfromdahood @rayestu Bisa saja Dari dalam mreka sndiri yg jdi false flag but who knows. Isu ini recehan tapi spotlight di media massa itu sesuatu yg aneh lho. Ya liat ajah isu keracunan MBG danantara demo mahasiswa aja gak msuk spotlight media TPI isu ini? Nah ditarik aja benang merahnya.,1917730142379798730,,masreyhaan,in,,0,0,0,https://x.com/undefined/status/1917730142379798730,705564946789060610,
1917676570715775467,2025-04-30 20:24:57+00:00,0,oke gw udah mulai menerima program mbg yang ga jelas ini. tapi boleh ga pak bare minimumnya itu BERGIZI bukan TIDAK KERACUNAN?????? @prabowo (((brtanya dgn nada nada cinta))),1917676570715775467,,,in,,0,0,0,https://x.com/undefined/status/1917676570715775467,1861868978182017025,
1917229652147651025,2025-04-30 18:39:04+00:00,1,@briand_fergie kan dah banyak yg bilang dikabupaten2 ini proyek cuma untuk timses kemaren nah biar gk pada ngamuk gk dapat posisi di pemerintahan dikasihla MBG keracunan mah gak peduli mereka,1917649923367141585,,briand_fergie,in,,0,0,0,https://x.com/undefined/status/1917649923367141585,1079979219306696704,
1917625638778994919,2025-04-30 17:02:34+00:00,0,Y ttp gk menutup fakta bahwa ada kasus keracunan krn mbg bah,1917625638778994919,,,in,,0,0,0,https://x.com/undefined/status/1917625638778994919,1407017623271792650,
1917567180993941718,2025-04-30 16:48:11+00:00,0,@tanyakanrl Nder kalo ngebuzzer yang pinter dikit jangan blak blakan. U kepoin dapur mbg lewat medsos then u bilang dapurny bersih MENUNYA ENAK. tau dari mana loo menunya enak tolol. Noh boro boro enak ga keracunan mah uda Alhamdulillah,1917622018331271617,,tanyakanrl,in,,0,0,0,https://x.com/undefined/status/1917622018331271617,1262727256163725312,
1917610346665378040,2025-04-30 16:01:48+00:00,0,Iya MBG aja 10rb/porsi sekali makan itupun banyak kasus keracunan wkwkwk,1917610346665378040,,,in,,0,0,0,https://x.com/undefined/status/1917610346665378040,948819156224233478,
1917567180993941718,2025-04-30 15:28:25+00:00,1,@tanyakanrl Menfess pesanan buat nutupin kasus keracunan mbg,1917601944396521970,,tanyakanrl,in,,0,0,0,https://x.com/undefined/status/1917601944396521970,1775998838538711040,
1917372075377062287,2025-04-30 15:14:43+00:00,0,@ARSIPAJA @prabowo kata gue mending realisasiin dlu aja program pas kampanye kemarin kan lu bangga2in banget tuh kek mbg yang menyiptakan keracunan masal awokwowkwok wokkk wokk,1917598497270030720,,ARSIPAJA,in,,0,0,0,https://x.com/undefined/status/1917598497270030720,1652119254349807617,
1917567180993941718,2025-04-30 14:45:41+00:00,0,@tanyakanrl kagum kok sama bare minimum. kebiasa ngadepin orang2 dzolim apa butuh jawaban validasi buat ngalihin fakta bocah2 keracunan MBG?,1917591188523344176,,tanyakanrl,in,,0,0,0,https://x.com/undefined/status/1917591188523344176,574260991,
1917591007648178411,2025-04-30 14:44:57+00:00,0,Siap siaph tyduck ferlu tacute laperr yeah sobat. Pagub de6 99 siap menafkahiMU! Siapkan rawrrrr dan tunjukkan twerkingmu ke mintusdung ajh iyy. Makanannya aman dan enak dijamin nggak akan keracunan seperti mbg yasek. ,1917591007648178411,,,in,,0,0,0,https://x.com/undefined/status/1917591007648178411,1077112354846867456,
1928746495009837467,2025-05-31 22:21:58+00:00,9,@CNNIndonesia Buat MBG cuma 10k untuk rakor yg keputusannya buruk 171k. Rakyat keracunan salah rakyatnya menteri keracunan salah rakyatnya.,1928940039712448620,,CNNIndonesia,in,,0,1,0,https://x.com/undefined/status/1928940039712448620,1195974191582863360,
1928088696567517232,2025-05-31 16:16:55+00:00,0,@ferizandra setiap kasus keracunan selalu di pantau dan di perbaiki kok ka sama kepala bgn dan selalu jadi banyak evaluasi bagi mereka Lanjutkan MBG,1928848173855801644,,ferizandra,in,,0,0,0,https://x.com/undefined/status/1928848173855801644,1560256782429069314,
1927724395344093498,2025-05-31 15:34:01+00:00,0,@cibebey_ @rizkyamalia09 @TinotoMd @nadiyarawil @aniesbaswedan 19jt loker masih proses. Belum juga menjabat 1th. Nikmati proses aja. MBG keracunan itu kan bagian penyedia makanan yg harus dipertanyakan bukan progrmanya. Nah kalau program Dp Rp.0? Udah masa jabatan tp yg terlaksana cuma 0.01% itupun harus yg punya gaji minimal Rp.7jt,1928837378971676870,,cibebey_,in,,0,0,0,https://x.com/undefined/status/1928837378971676870,1327065808082661377,
1928690218976367039,2025-05-31 13:56:42+00:00,0,@IndoPopBase Meskipun MBG berpotensi menyebabkan keracunan pada anak2 yg mengkonsumsinya ternyata budgetnya guriiiih dan sangat bergizi. Mantabb ,1928812887079789041,,iPopBase,in,,0,0,0,https://x.com/undefined/status/1928812887079789041,3139555602,
1928627514219401307,2025-05-31 13:41:45+00:00,513,@txtdrimedia Gue kagak peduli si wowo dan para koleganya itu minum apaan yg jadi pertanyaan mereka itu pesta merayakan apa? PHK massal? Keracunan MBG? pengesahan RUU TNI? Kemiskinan? Uji coba vaksin TBC? Atau utang piutang yang baru?,1928809124969525390,,txtdrimedia,in,,0,1,27,https://x.com/undefined/status/1928809124969525390,1534333592301715456,
1927724395344093498,2025-05-31 13:31:43+00:00,0,@JandaGenit11 @rizkyamalia09 @TinotoMd @nadiyarawil @aniesbaswedan kalo loker 19jt gagal ga? kalau mbg banyak yang keracunan gagal ga? ️,1928806599469978035,,JandaGenit11,in,,0,2,0,https://x.com/undefined/status/1928806599469978035,1056776129133060101,
1928746495009837467,2025-05-31 13:22:51+00:00,0,@cadoize3 @CNNIndonesia 10 ribu memang gak besar buat mereka yg mampu tapi gimana bagi mereka yg kurang beruntung ini juga bukan sekedar makan tapi untuk perbaikan gizi masalah keracunan akan terus dibenahi Lanjutkan MBG,1928804366292590674,,cadoize3,in,,0,0,0,https://x.com/undefined/status/1928804366292590674,758215573721407489,
1928690218976367039,2025-05-31 13:12:24+00:00,0,@kissedbymeong @archvidz @IndoPopBase Gak usah terlalu liar pikirannya. Belum ada 1 orangpun yang mati karena MBG mengenai keracunan itu karena terkontaminasi oleh bakteri Salmonella dan E coli yang bisa berasal dari air bahan baku telur dan sayuran. Meski tingkat kegagalannya dibawah 1% tapi terus diperbaiki.,1928801740075278782,,kissedbymeong,in,,0,1,0,https://x.com/undefined/status/1928801740075278782,1388455056794525697,
1928627514219401307,2025-05-31 12:44:10+00:00,4,@txtdrimedia sebetulnya gk peduli lu minum alkohol atau gk. yg peduliin tuh kebijakanmu yang gk pernah beres. MBG MBG aja terus. ada keracunan 99% berhasil.,1928794632135258186,,txtdrimedia,in,,0,1,0,https://x.com/undefined/status/1928794632135258186,728480852892508160,
1928785802797945035,2025-05-31 12:09:05+00:00,0,Ihhh anjrrrr knp siii top 3 ituu bknn hal yg urgen anjir. MBG juga palah bikin orang keracunan knp masih dilanjutin dahh kocak bangett,1928785802797945035,,,in,,0,1,0,https://x.com/undefined/status/1928785802797945035,1115448600253751296,
1928781018070241680,2025-05-31 11:50:04+00:00,0,Harus yg dananya paling gede tuh pendidikan kesehatan dan lainnya. Ini malah makan mulu yg diutamakan. Mana banyak kasus anak2 keracunan MBG lagi,1928781018070241680,,,in,,0,1,0,https://x.com/undefined/status/1928781018070241680,1526960808,
1928774698873270610,2025-05-31 11:24:57+00:00,0,Banyak orang yang menyalahkan program mbg karena adanya kasus keracunan dibeberapa daerah sebenarnya itu bukan salah dari program nya tapi pengolahan makanan nya yang kurang tepat BGN juga langsung melakukan evaluasi terhadap program ini Lanjutkan MBG #MBGUntukMasaDepanHebat https://t.co/psuPbdXJ9T,1928774698873270610,https://pbs.twimg.com/ext_tw_video_thumb/1928774564617818112/pu/img/15PVWRpjd_54tTSK.jpg,,in,,0,0,0,https://x.com/undefined/status/1928774698873270610,1341186558435573760,
1928770931750564266,2025-05-31 11:09:59+00:00,0,Yailah alkohol aja pake klarifikasi noh keracunan mbg diurus,1928770931750564266,,,in,,0,1,0,https://x.com/undefined/status/1928770931750564266,1646360108430151681,
1928690056706859359,2025-05-31 10:22:45+00:00,0,@firman__nurhuda Kalau ada isu keracunan pasti ada kekeliruan di lapangan bukan karena BPOM tidak terlibat. BPOM punya peran penting dalam mengawasi keamanan pangan. Lanjutkan MBG,1928759043012649129,,firman__nurhuda,in,,0,0,0,https://x.com/undefined/status/1928759043012649129,1373927661970493448,
1928690056706859359,2025-05-31 10:18:43+00:00,0,@firman__nurhuda BPOM jelas berperan penting dalam memastikan keamanan pangan termasuk MBG. Jika ada kasus keracunan itu masalah implementasi bukan programnya. Lanjutkan MBG,1928758029509410817,,firman__nurhuda,in,,0,0,0,https://x.com/undefined/status/1928758029509410817,1373933350423990272,
1939537634197708816,2025-06-30 08:52:21+00:00,2,@MariaAlkaff_ Sepertinya sih sudah cukup banyak yang dilakukan cuma kita belum bisa lihat nih efeknya ke rakyat.. MBG malah keracunan.. koperasi merah putih jangan² cuma untuk bancakannya ex projo lha kumendannya budi arie.!,1939607929721934253,,MariaAlkaff_,in,,1,1,1,https://x.com/undefined/status/1939607929721934253,540629861,
1938711324353311147,2025-06-29 14:25:04+00:00,0,@Nurulygkaukenal @PakKarti Semoga gak ada lagi kasus keracunan kedepannya Lanjutkan MBG,1939329274508620270,,Nurulygkaukenal,in,,0,0,0,https://x.com/undefined/status/1939329274508620270,758215573721407489,
1939126674580226049,2025-06-29 13:54:59+00:00,0,@pawseidonn @JCocreations @ARSIPAJA Lah banyak juga kok yang bejalan baik kita do'akan saja kedepannya gak ada lagi kasus keracunan. Lanjutkan mbg,1939321704851153075,,pawseidonn,in,,0,0,0,https://x.com/undefined/status/1939321704851153075,758215573721407489,
1939262222934417797,2025-06-29 11:07:07+00:00,16,@BaseBDG Sekolah gini dikasih MBG juga ga? Kasih lah biar adil keracunan 1 keracunan semua,1939279456537096678,,BaseBDG,in,,0,0,0,https://x.com/undefined/status/1939279456537096678,1604604039181881345,
1939219189912478172,2025-06-29 07:07:38+00:00,0,pantesan aja pd keracunan. mbg dibikin kapan dikasihnya kapan. otak didengkul,1939219189912478172,,,in,,0,0,0,https://x.com/undefined/status/1939219189912478172,1918185338822111232,
1939205889707385163,2025-06-29 06:14:47+00:00,0,Sekolah adek gw blm dapet. Tp kalo dapet udh gw bilangin ga usah dimakan. Takut keracunan banyak kasus soalnya. Program aneh lanjutkan mbg ndasmu!!,1939205889707385163,,,in,,1,1,0,https://x.com/undefined/status/1939205889707385163,1515901099492147206,
1939126674580226049,2025-06-29 05:27:50+00:00,0,@pawseidonn @JCocreations @ARSIPAJA Hadeeeuuuuh masih digoreng² ajanih pdhl kasus keracunan MBG kan sudah ditangani. Lanjutkan MBG,1939194076089459121,,pawseidonn,in,,0,1,0,https://x.com/undefined/status/1939194076089459121,1047343156944023552,
1937809814392054107,2025-06-29 04:38:59+00:00,1,@tvrijateng Badan Gizi Nasional (BGN) memperketat prosedur distribusi makanan untuk mencegah kasus keracunan Makan Bergizi Gratis (MBG) berulang Lanjutkan MBG Keren ️,1939181782462800095,,tvrijateng,in,,0,0,0,https://x.com/undefined/status/1939181782462800095,1725413776508497920,
1938711324353311147,2025-06-29 01:48:31+00:00,0,@PakKarti Padahal jalan ke Surga itu gratis ya pak tapi banyak sekali yang menolak giliran MBG walau banyak yang keracunan tetep pada berharap,1939138880823054792,,PakKarti,in,,0,4,0,https://x.com/undefined/status/1939138880823054792,1541718298190290946,
1951067114191855820,2025-07-31 23:47:03+00:00,0,SD deket rumah bentar lagi dapet mbg. Bukannya seneng malah khawatir. Apalagi kemarin di SMP banyak yang keracunan,1951067114191855820,,,in,,0,0,0,https://x.com/undefined/status/1951067114191855820,951405424850292736,
1950950498879648196,2025-07-31 19:40:50+00:00,0,@Fahrihamzah Bukannya memperhatikan MBG yg banyak keracunan PHK dimana2 eh malah kasih ampuk koruptor ,1951005150124060775,,Fahrihamzah,in,,0,0,0,https://x.com/undefined/status/1951005150124060775,1364379045543047169,
1950992186960400533,2025-07-31 18:49:19+00:00,0,Bukanya perketat kualitas dan kebersihan serta hyginitasnya malah dibekali shalawat. Angel2 klu udah kykgini. Mo di doain 1juta kali klu kualitas keberaihan tidak diperhatikan peluang keracunan ya ttp besar pakde Sbenernya bisa gak sih ngurusin program mbg‍️‍️,1950992186960400533,,,in,,0,0,0,https://x.com/undefined/status/1950992186960400533,1169146958,
1950968759058829373,2025-07-31 17:16:14+00:00,0,Dinkes Kulonprogo Ambil Sampel Keracunan SPPG Klaim Penyajian MBG Sesuai SOP https://t.co/eYXZVhTijN https://t.co/ZeChUIXsDE,1950968759058829373,https://pbs.twimg.com/media/GxM7v1qWwAAz1sV.jpg,,in,,0,0,0,https://x.com/undefined/status/1950968759058829373,118371948,
1950925149647356021,2025-07-31 14:22:56+00:00,1,Bro if we talk about MBG in akhirat or surga I think it will make sense if you membekali pekerja dgn sholawat BUT HEI WE ARE STILL HERE BELUM MATI DAN KALIAN BUKANNYA MEMBEKALI SAYUR MAYUR ATAU APALAH GITU MEMBEKALI SHOLAWAT? UNTUK MENCEGAH KERACUNAN? Allahuakbar,1950925149647356021,,,in,,0,0,0,https://x.com/undefined/status/1950925149647356021,1470997736371539968,
1950920422515699755,2025-07-31 14:04:09+00:00,1,tenaga supervisi di lapangan harus detail mengecek kualitas makanan MBG agar tak ada lagi keracunan. Tenaga-tenaga untuk supervisi lapangan baik untuk mengecek kualitas makanan distribusi maupun dari sisi pembayaran dari MBG ke dapur https://t.co/ggqEYv18YZ,1950920422515699755,https://pbs.twimg.com/media/GxMPxnRbcAAWrch.jpg,,in,,0,0,0,https://x.com/undefined/status/1950920422515699755,1370392524754350082,
1950912957938106783,2025-07-31 13:34:30+00:00,0,jika mantau langsung seharusnya beliau tau: - MBG masih belum tepat guna dan ada kasus keracunan yg korbannya bernyawa bukan angka - PPATK memaksa masyarakat menggerakkan uangnya di bank dengan ancaman pembekuan rekening - Kekerasan kepada orang beribadah masi terjadi lanjutkan,1950912957938106783,,,in,,0,0,0,https://x.com/undefined/status/1950912957938106783,53648864,
1950866298550006025,2025-07-31 13:05:56+00:00,3,@Pak_Irv MBG yg program si gendut aja gak dibiayai danantara supaya tiap sekolah punya dapur masak jadi gk ada lagi yg keracunan. Padahal program utama lo itu. Apalagi yg lain.,1950905771417583750,,Pak_Irv,in,,0,0,0,https://x.com/undefined/status/1950905771417583750,547439385,
1950892486148435989,2025-07-31 12:13:09+00:00,0,Keracunan massal di Kec Wates Kulonprogo. MBG ini apa nggak sebaiknya ditinjau kembali ?,1950892486148435989,,,in,,0,0,0,https://x.com/undefined/status/1950892486148435989,1380432358055141376,
1962149667237417087,2025-08-31 23:15:51+00:00,0,@akubucindonat @jadidinosaur @tanyarlfes iyaa mungkin kak. tapi setelah bnyk berita masalah keracunan MBG jadi bersyukur kalo di sekolah adekku belum ada,1962293286569476343,,akubucindonat,in,,0,1,0,https://x.com/undefined/status/1962293286569476343,1421008439417860099,
1962239500626596057,2025-08-31 20:27:50+00:00,2,@tanyakanrl coba nder dm gimana nasib 19 juta pekerjaan itu? trus apakabar mbg yang selalu memakan korban (keracunan)? terus janji waktu kampanye gimana?,1962251001194512774,,tanyakanrl,in,,0,0,0,https://x.com/undefined/status/1962251001194512774,1131520558116380674,
1962228199020192120,2025-08-31 18:57:13+00:00,1,Mumpung Prabs lagi open discuss ada yang bisa kasih kumpulan bukti bahwa MBG itu gak efektif nggak sih.. kayak case keracunan porsi makanan sangat sedikit dll.. Sumpah dah sayang bgt anggaran 300 T buat makanan yang sia-sia.. better di alokasiin ke Pendidikan dan Kebencanaan,1962228199020192120,,,in,,0,1,0,https://x.com/undefined/status/1962228199020192120,859509709,
1962179468489113897,2025-08-31 17:18:30+00:00,0,@yorselves lebih ga adil yg pada keracunan mbg nya donggg itu keluarga koruptor aja masih di khawatirin lah kmren yg abis keracunan mbg bahkan sampai tray mbg ada minyak babi nya itu gimana heiiii,1962203354412781982,,yorselves,in,,0,0,0,https://x.com/undefined/status/1962203354412781982,1838897079919546368,
1962095963067281680,2025-08-31 16:33:22+00:00,1,@prabowo *Yang komen disini dinotice ga pak? akar mslhnya ya gr2 bnyk PHK yg disebabkan oleh efisiensi (pengalihan anggaran) dari kmntrian2 vital ke kebijakan2 baru yg ga jelas cth : MBG (ribuan kasus keracunan) Kopmer (modal insting doang kata mentrinya) jatuhnya buang2 duit aja ini,1962191997521080434,,prabowo,in,,0,1,0,https://x.com/undefined/status/1962191997521080434,149380697,
1962189401167118833,2025-08-31 16:23:03+00:00,0,Sumpah temen gw begini gatau ya skrg tpi dulu tuh kaya dia tuh kasian bgt ama wowo ntah knp ajg program busuknya pun disanjung2 gatau dia dari mbg tuh banyak yg keracunan pokoknya ky org kena pelet,1962189401167118833,,,in,,0,0,0,https://x.com/undefined/status/1962189401167118833,1645426047981342721,
1962157176538927217,2025-08-31 16:14:56+00:00,308,@tempodotco Krn ngga pernah minta maaf atas kebijakan²nya yg mencekik rakyat. Ngga pernah minta maaf pd anak² yg keracunan MBG. Ngga minta maaf krn mengangkat org2 yg ga kompeten utk jg anggota kabinet &amp; komisaris BUMN dan banyak diantaranya adalah org² si Joko. Intinya dia emang sejahat itu,1962187359946166593,,tempodotco,in,,0,3,37,https://x.com/undefined/status/1962187359946166593,1807984464024461312,
1961846698495627652,2025-08-31 16:03:35+00:00,0,@najowh Kuberharap intel2 bgini keracunan MBG or katering kantornya ,1962184502576664724,,najowh,in,,0,0,0,https://x.com/undefined/status/1962184502576664724,1613959133308542977,
1962171720741315004,2025-08-31 15:40:00+00:00,0,@shin_977 Dikasih tau mbg banyak keracunan katanya oknum padahal negara kita belum mampu utk itu tapi dipaksakan trus bangga bgt dia dgn tarif pajak 19% mamarika tapi ditukar dgn data pribadi lawak sekalii,1962178566491365625,,shin_977,in,,0,1,0,https://x.com/undefined/status/1962178566491365625,1704778826109288448,
1973174833233215731,2025-09-30 23:55:14+00:00,0,ku rasa yg perlu benar benar dibenahi saat ini : - keracunan mbg - adanya radioaktif dampaknya besar bagi negara indonesia soalnya. semoga pemerintah benar benar berbenah,1973174833233215731,,,in,,0,0,0,https://x.com/undefined/status/1973174833233215731,1248510807555452928,
1973174274568667173,2025-09-30 23:53:01+00:00,181,Iya yak... diem² bae pas byk kasus keracunan MBG... Dulu kenceeeng beneer https://t.co/ug3dxnlR38,1973174274568667173,https://pbs.twimg.com/amplify_video_thumb/1973174210588712966/img/4VnOEs0PWca8lVfC.jpg,,in,,10,34,103,https://x.com/undefined/status/1973174274568667173,1336576386987790336,
1973174122458030500,2025-09-30 23:52:25+00:00,13,Jika sudah menyangkut nyawa manusia meskipun hanya satu orang angka statistik tidak berlaku. . Mahfud MD Ungkap Ada 2 Cucunya yang Keracunan MBG di Jogja https://t.co/ifpgI6ghZi,1973174122458030500,,,in,,0,1,2,https://x.com/undefined/status/1973174122458030500,219548433,
1973173547469328539,2025-09-30 23:50:08+00:00,0,Gini aja deh..gimana kalau rangorang pejabat itu yg komentar semacam2 ini ikutan makan MBG dengan menu yang sama dng yg dibagikan ke sekolah2..jd klo misalnya nanti ada masalah kek keracunan gitu bareng2 ikutan kena jg..nggak cm komen ini itu doang..,1973173547469328539,,,in,,0,0,1,https://x.com/undefined/status/1973173547469328539,71185953,
1973173510706176400,2025-09-30 23:49:59+00:00,2,Ada kasus MBG keracunan dg 11 korban jiwa. harus di otopsi. ini keracunan makanan atau pembunuhan dg merusak program MBG. Cari siapa dalangnya.,1973173510706176400,,,in,,1,1,1,https://x.com/undefined/status/1973173510706176400,1105416769722736641,
1973172352826613830,2025-09-30 23:45:23+00:00,35,Nggak perlu ompreg atau wadah stenlis yg mewah cukup piring biasa tp sdh bertahun tahun tdk ada yg keracunan Malah harganya lbh murah dr MBG https://t.co/o7xCX6alNL,1973172352826613830,https://pbs.twimg.com/ext_tw_video_thumb/1973172297705095168/pu/img/3Ve7tjSQ0-mtmCmU.jpg,,in,,4,10,11,https://x.com/undefined/status/1973172352826613830,1053271569877749760,
1973172081102823463,2025-09-30 23:44:18+00:00,0,Woi tiap hari ada aja yg keracunan MBG. ‍,1973172081102823463,,,in,,0,0,0,https://x.com/undefined/status/1973172081102823463,1594274770568482816,
1973171947744948516,2025-09-30 23:43:46+00:00,30,Jadi begini. Jauh lebih enak daripada MBG. Yg penting ga bikin keracunan https://t.co/A2zn8GtA2g,1973171947744948516,https://pbs.twimg.com/media/G2IdU_daIAU6UOj.jpg,,in,,0,3,5,https://x.com/undefined/status/1973171947744948516,1267105779997274113,
1973171933446545465,2025-09-30 23:43:43+00:00,0,Keren. Jangan terima MBG nanti siswanya pada keracunan,1973171933446545465,,,in,,0,0,0,https://x.com/undefined/status/1973171933446545465,140039542,
1973171453198737655,2025-09-30 23:41:48+00:00,0,Gila cuy tiap hari ada aja yg keracunan MBG. ,1973171453198737655,,,in,,0,0,0,https://x.com/undefined/status/1973171453198737655,1594274770568482816,
1973025592544227408,2025-09-30 23:33:13+00:00,13,@kompascom si ajg Menteri paling asbun coba kita kirim mbg dan udang lalu suruh dia makan sendiri di depan publik terus tunggu keracunan apa tidak,1973169290561069154,,kompascom,in,,0,0,2,https://x.com/undefined/status/1973169290561069154,778822646024720384,
1973167682049679772,2025-09-30 23:26:49+00:00,0,Heh serius itu tuntutan udah jelas belum sih? Kok sekarang ketutup kasus mbg mulu? Yang tbh GA PENTING BANGET. Maksudku bukan karena aku menyepelekan orang2 yang keracunan makanan sampe banyak itu bukann tapi justru kelihatan yang menyepelekan itu ya si Wowo anjing MANA LU?!?,1973167682049679772,,,in,,0,0,0,https://x.com/undefined/status/1973167682049679772,1303960817855995905,
1984150210449486240,2025-10-31 23:08:47+00:00,0,@BosPurwa Ini baru dibentuk stlh sekian lama adanya MBG? Atau sdh dr awalnya mmg terbentuk struktur tsb? Gimana coba mau audit makanan yg udah jd toka* mmg pinter sih prognya. Yg protes/yg keracunan byk tp apakah bakalan distop? KAGAK!!!,1984397165599592468,,BosPurwa,in,,0,0,0,https://x.com/undefined/status/1984397165599592468,1744940909547094016,
1983739787707388012,2025-10-31 23:07:43+00:00,0,@ek2wjs21 @apasihjoy @perawrxide tuh lu tau sembako gabisa murah dan banyak oplosan trus lu berharap mbg tetap berjalan tanpa ada keracunan? yakin itu bahan pokok buat mbg ga dioplos juga sama pihak tertentu buat dapat untung banyak? taruhannya nyawa manusia,1984396899886289157,,ek2wjs21,in,,0,2,0,https://x.com/undefined/status/1984396899886289157,1433636523153367042,
1983760078894411979,2025-10-31 22:07:32+00:00,0,@blaugrana1O Standard siapa? Sm hal nya MBG bikin keracunan lalu koki bilang ini sudah sesuai standard Seperti hal nya konsumen komplain masakannya asin sekali koki bilang ini sudah sesuai standard.. Dia ini sejatinya tidak paham apa yg dia kerjakan. Pantes negara ini bobrok,1984381750513156410,,blaugrana1O,in,,0,0,0,https://x.com/undefined/status/1984381750513156410,862380452,
1984376241575903585,2025-10-31 21:45:38+00:00,0,Caranya.. kita harus pura2 menjilat pemerintah sampai dititik bisa diundang ke istana presiden. Trs lu bisikin Ndut mau liat video keracunan mbg ga? Si Teddy babik banget ga nyampein ke elu ,1984376241575903585,,,in,,0,0,0,https://x.com/undefined/status/1984376241575903585,1518293169258909696,
1984082713842975090,2025-10-31 20:29:31+00:00,0,@sharpandshark Berita busuk. Gak jelas blas. Tar kek berita sebelum2 nya penuh plot twist. Alasan mukul kenapa ? Keracunan MBG lagi ?,1984357087263277161,,sharpandshark,in,,0,0,0,https://x.com/undefined/status/1984357087263277161,1949562317701783552,
1984343623413199136,2025-10-31 19:36:01+00:00,0,jujur tiap ada mbg di sekolah adikku selalu was-was karna berita keracunan cuma berdoa semoga adikku ga mengalami hal tsb,1984343623413199136,,,in,,0,7,0,https://x.com/undefined/status/1984343623413199136,1804118825388118022,
1984290305529823605,2025-10-31 18:32:45+00:00,0,@kevinsebast_ Nah apalagi sy yg 2xmu. Tambah tiap hari liat keracunan mbg sm kelakuan si goblin (bahlil). Nyesek banget dah.,1984327702468542870,,kevinsebast_,in,,0,0,0,https://x.com/undefined/status/1984327702468542870,1518701144109096960,
1984163642108211503,2025-10-31 18:29:15+00:00,0,@KangManto123 Ya Rabb ini kenapa pada halu sih?? makan MBG kagak tapi keracunan otaknya kebanyakan makan duit haram lu pade?,1984326821131980938,,KangManto123,in,,0,0,0,https://x.com/undefined/status/1984326821131980938,65239870,
1984319534183158016,2025-10-31 18:00:18+00:00,0,gatel banget pengen reply story yang update statistik MBG yang keracunan ga masuk nih statistiknya?,1984319534183158016,,,in,,0,0,0,https://x.com/undefined/status/1984319534183158016,2171317604,
1994738121309647004,2025-11-30 23:02:21+00:00,12,@yourhusband93 @loveliestbunny @tempodotco MBG keracunan ribuan emang positifnya apa selain memperkaya kroni?,1995267183623225417,,yourhusband93,in,,0,0,0,https://x.com/undefined/status/1995267183623225417,1954354960323497984,
1994827723404128545,2025-11-30 22:36:47+00:00,0,@reinkarnyasi Emg dasar nya pemuja bencana emg harus nya ada dana yg pemerintah kucurkan noh MBG juga duitnya dari nge cut anggaran2 lain entah kami yg gak bersyukur atau elo yg buta dan nir empati. MBG yg di kasih itu jangan sampe malah bkin pengungsi KERACUNAN.,1995260750206742939,,reinkarnyasi,in,,0,7,0,https://x.com/undefined/status/1995260750206742939,1924957393475231744,
1995057817993228702,2025-11-30 22:11:15+00:00,0,@noucampline Yep hapus MBG dapur MBG dijadikan dapur darurat ga menyembuhkan anak2 yg keracunan. N juga ini bencana ga diprediksi ga ada dalam tujuan MBG di luncurkan agar ntar bisa jdi dapur darurat. N juga masyarakat indo tu kreatif selama ada tempat teduh bakal bisa jdi dapur.,1995254323383820634,,noucampline,in,,0,1,0,https://x.com/undefined/status/1995254323383820634,1475865656318779392,
1995241630891442486,2025-11-30 21:20:49+00:00,0,Kanjuruhan gak cukup keracunan mbg gak cukup ini ratusan nyawa lebih banyak juga cuma dianggap angin lalu?!! I will forever blame 02 voters!!,1995241630891442486,,,in,,0,0,0,https://x.com/undefined/status/1995241630891442486,1616767528935755776,
1994684981411799483,2025-11-30 19:36:07+00:00,0,@sharpandshark Kok gak pada mati keracunan mbg semua manusia gak guna yg ada disini,1995215283951481300,,sharpandshark,in,,0,0,0,https://x.com/undefined/status/1995215283951481300,458141919,
1995060254133145702,2025-11-30 19:28:41+00:00,27,@oketruz @guemaungeluh Kali ini yg di Jawa jg sama kok kak ga dianggep kmrn MBG yg keracunan di Jawa ribuan just number Kecelakaan di Ponpes? Ga diapa2in juga kan pihak yg harusnya bertanggungjawab? Yg demo di Jakarta? Nyawa rakyat uda ga ada artinya lagi di mata mereka ,1995213413937791269,,oketruz,in,,0,1,0,https://x.com/undefined/status/1995213413937791269,21870189,
1991170472458047512,2025-11-30 18:31:21+00:00,0,@chaemixn tiba tiba mbg tiati keracunan makanan. katanya nasinya suka basi,1995198985276211244,,chaemixn,in,,0,1,0,https://x.com/undefined/status/1995198985276211244,1325052262452916224,
1995198757714227664,2025-11-30 18:30:27+00:00,0,Enzo pasti kamu ga dikasih MBG ya mangkanya engga keracunan,1995198757714227664,,,in,,0,0,0,https://x.com/undefined/status/1995198757714227664,1159981245398278144,
1995170883737137154,2025-11-30 16:42:10+00:00,1,Gini ya untuk orang orang dongo di luar sana keracunan MBG pemotongan Anggaran untuk badan krusial Arogansi penegak hukum UU siluman yg semalam jadi adalah dampak dari pilihan lu 2024 kemaren. Lu bangga negara lu rusak? Tolol berarti,1995171508571042137,,Edengreeeen,in,,0,0,0,https://x.com/undefined/status/1995171508571042137,2807612520,
1995162250240532865,2025-11-30 16:05:23+00:00,1,muak bgt muaaakkk masih ada aja yg ngejilat pemerintah dikasih apa sih lo tuh? gmn biar nyadar kalau pemerintah tuh emg bobrok that's the bitter truth stop denial. keracunan mbg perambahan lahan banjir longsor ada ga permintaan maaf dari pemerintah yg lo bela?? https://t.co/PAVSo6nRrd,1995162250240532865,https://pbs.twimg.com/media/G7A9flna4AAlFoh.jpg,,in,,0,0,0,https://x.com/undefined/status/1995162250240532865,725357875430707200,
1995159850368774417,2025-11-30 15:55:51+00:00,0,Ya misalnya belasan ribu korban keracunan program konyol MBG.,1995159850368774417,,,in,,0,0,0,https://x.com/undefined/status/1995159850368774417,1278339777742299138,
1995059736233070779,2025-11-30 15:33:01+00:00,0,@KangManto123 Ada apa ya dg pejabat2 di Indonesia? Kok karakternya hampir sama aja. Lihat komentar &amp; tanggapan mrk: - ketika keracunan berjamaah MBG - skrg bencana longsor &amp; banjir bandang. dahsyat di Aceh Sumut &amp; Sumbar. Hati yg sdh sgt sedih &amp; berduka menjd terluka &amp; berdarah mendengarnya,1995154104495292466,,KangManto123,in,,0,0,0,https://x.com/undefined/status/1995154104495292466,1097417295356260352,
2006143272549507516,2025-12-30 23:20:03+00:00,505,TEMUAN ICW Proyek MBG menyedot anggaran ratusan triliun rupiah tapi pelaksanaannya justru menyisakan banyak persoalan: minim transparansi lemahnya payung hukum kasus keracunan massal hingga dugaan konflik kepentingan dan politik patronase. Penelusuran ICW menemukan https://t.co/Ie17SEHDYl,2006143272549507516,https://pbs.twimg.com/amplify_video_thumb/2006142881174892544/img/Whlyt7MEbusvIOCX.jpg,,in,,13,63,331,https://x.com/undefined/status/2006143272549507516,1178950184601935873,
2006018885338947912,2025-12-30 22:21:37+00:00,1,@bangherwin Program wowo yg memuaskan itu yg mana ya palingan MBG yg lauknya klo pejabat sowan dibaguskan klo yg gk pernah didatangi pejabat dapat MBG klo gk basi berbelatung ya keracunan,2006128569433370978,,bangherwin,in,,0,0,0,https://x.com/undefined/status/2006128569433370978,830087634709942273,
2005809904616104114,2025-12-30 17:17:38+00:00,1,@FukusimaX @ferizandra Kemarin nemu Komen mbg tuh presiden semua yang rancang padahal pas banyak keracunan bilangnya presiden ga tau apa2. Terus ada lagi yang bilang bantuan bencana tuh pribadi dari presiden pas ku komen kalo semua pribadi berarti negara gagal dia ilang ,2006052068520591473,,FukusimaX,in,,0,0,0,https://x.com/undefined/status/2006052068520591473,1268749532310802432,
2005872539273421186,2025-12-30 16:17:40+00:00,0,@LebakBulusLRT Coba jelasin knp menjakartakan kota lain termasuk jangka panjang krn gw jg bs ngomong kl itu program jangka pendek. Ga cacat toh bnyk sekolah terbantu dgn MBG keracunan msh sdkt n sejauh ini ga ad komplen besar. Gw lbh milih perut kenyang drpd industrialisasi dulu,2006036977603248370,,LebakBulusLRT,in,,0,1,1,https://x.com/undefined/status/2006036977603248370,1653767392433147906,
2006011411667763388,2025-12-30 14:36:05+00:00,2,Ni yg kasus2 keracunan mbg di bandung barat gini kali ya ada bahan makanan udh busuk sayang tetep maksa di sajiin karena ngejar target sama gakmau rugi.,2006011411667763388,,,in,,0,0,0,https://x.com/undefined/status/2006011411667763388,1568284929754279937,
2005585466767401332,2025-12-30 14:11:54+00:00,10,@riillear @devilmaycrypt0 @pengincumlaude junjungan siape gue tanya? lu marah atas sesuatu yg dampak buruknya kagak kejadian tp ga marah sm apa yg jelas2 kejadian di depan mata. mbg bikin keracunan &amp; ngabisin duit banjir dimana2 ikn mangkrak deforestasi masif tuh ulah junjungan lu. makan tu berak sekebon,2006005326148206606,,riillear,in,,0,0,0,https://x.com/undefined/status/2006005326148206606,1004572223967920128,
2005838519995097200,2025-12-30 14:04:57+00:00,0,@pakdekann @Celotehsenja_ Berdasarkan laporan dari berbagai sumber seperti Tempo Reuters dan Transparency International hingga Desember 2025 program MBG belum optimal. Kasus keracunan mencapai 20.000+ (penyebab: penyimpanan buruk makanan olahan ultra) distribusi selama libur sekolah (sekali seminggu,2006003576875692152,,pakdekann,in,,1,0,0,https://x.com/undefined/status/2006003576875692152,1720665183188922368,
2005220806792806891,2025-12-30 12:08:41+00:00,3,@VIRGO1409271346 BGN kok ceramah? MBG itu proyek bancakan PS dgn konco2 utk GEROGOTI UANG RKYT. MBG bkn program tp proyek. Jd PS jgn merasa HEBAT beri mkn rkyt pdhl ONANI trs saat pidato. Gk ada MBG pun rkyt bs mkn di rmhnya tnpa BELATUNG&amp;KERACUNAN. Semua org bs lakukan itu krn uangnya dr APBN.,2005974319428714612,,VIRGO1409271346,in,,0,1,1,https://x.com/undefined/status/2005974319428714612,1639702091928338432,
2005966763104862442,2025-12-30 11:38:40+00:00,0,miris bgt jujur dana MBG TRILIUNAN BUAT MINUMAN JELEK KAYA GINII bodo amat sama rakyat mau keracunan kekmau mati kek yg penting duitnya udah masuk kantong pribadi,2005966763104862442,,,in,,0,0,0,https://x.com/undefined/status/2005966763104862442,1151383041735966720,
2005962993163706484,2025-12-30 11:23:41+00:00,9,MBG oh MBG Sepanjang 2025 kira kira sudah berapa yang keracunan dan berapa duit yang bocor lewat MBG ? Kok gak ada evaluasi https://t.co/WR72bVMJ6O,2005962993163706484,https://pbs.twimg.com/ext_tw_video_thumb/2005962939115945984/pu/img/k-e9viboDTU3EMZ3.jpg,,in,,1,14,4,https://x.com/undefined/status/2005962993163706484,1866658491576016896,
2005958613215465885,2025-12-30 11:06:16+00:00,0,Mbg mah stop aja banyak yang keracunan. Gaji guru yang di singgung dari kapan tahun gak direalisasikan wkwkwk,2005958613215465885,,,in,,0,0,0,https://x.com/undefined/status/2005958613215465885,1019912145666945024,
1885241528819605836,2025-01-31 15:23:48+00:00,4,@anggimilneia @abceyzi jgn diganggu mbk lg berupaya menurunkan angka keracunan makan siang gratis by pak prabs di kawasan tangerang dn sekitsrnya,1885348264406561076,,anggimilneia,in,,0,1,0,https://x.com/undefined/status/1885348264406561076,276506404,
1884086676416520333,2025-01-31 03:58:01+00:00,0,@nowyoucatchme @BetaEpsilonPhi @PNS_Ababil Makan siang gratis program ga merata udh jadi prioritas tapi di beberapa daerah makan makan cacing sebagai tambahan protein kalo keracunan rakyat bawah ga bisa apa apa karna BPJS ga sanggup udah jadi pendukung bukan prioritas lagi. Kocak amat ajg,1885175677940621570,,nowyoucatchme,in,,0,0,0,https://x.com/undefined/status/1885175677940621570,1489223024880467970,
1884622498316394815,2025-01-29 15:19:53+00:00,1,lagian namanya doang itu mah makan siang gratis tapi praktiknya tetep motong anggaran sana sini such a waste of money mengingat eksekusi programnya jg kacau. keracunan lauk hampir basi macem macem dah,1884622500916859269,,beauvoirz,in,,0,0,0,https://x.com/undefined/status/1884622500916859269,1463759543712710658,
1884055927231586490,2025-01-28 15:41:39+00:00,0,@BudiBukanIntel Kan buat makan siang gratis biar nanti bisa keracunan makanan dan kena diabetes,1884265590225039721,,BudiBukanIntel,in,,0,0,0,https://x.com/undefined/status/1884265590225039721,1704082344762855424,
1883522741913231367,2025-01-27 12:31:53+00:00,0,@wdhxnt Tapi coba bayangin kalo makan siang gratis pake belalang gitu. Terus ada yg keracunan/alergi. Apa ngga heboh negara ini? ,1883855447087862189,,wdhxnt,in,,0,1,0,https://x.com/undefined/status/1883855447087862189,3273963062,
1883793966338113708,2025-01-27 09:12:04+00:00,0,@exquisiteflacko pemerintah korup orang startup fraud produsen karet nipu masyarakat yang punya usaha memperkerjakan orang lain dengan gaji seadanya anak-anaknya keracunan makan siang gratis resep negara mati,1883805162743206029,,exquisiteflacko,in,,0,1,0,https://x.com/undefined/status/1883805162743206029,1281245713557405697,
1883465182099517870,2025-01-26 11:26:24+00:00,107,@barcastuff_idn kejadiannya kmarin pedri dapat makan siang gratis. Walau awalnya pedri nolak tapi ujungnya harus dimakan juga karna ada yg ngancam bakal nonjok kalo gk makan sama orng botak. Stik 6 juta aja bisa bikin keracunan so???,1883476578073772452,,barcastuff_idn,in,,2,1,5,https://x.com/undefined/status/1883476578073772452,1650893345814888449,
1883007234206220716,2025-01-26 06:33:44+00:00,0,@TOM5helby Hasil rapatnya cuma lanjutkan makan siang gratis gpp keracunan. Selesai rapat pun semua masi bingung siapa yg masang pagar laut di PIK 2.,1883402926191980789,,TOM5helby,in,,0,0,0,https://x.com/undefined/status/1883402926191980789,1413094716543889415,
1883181762387566726,2025-01-25 15:54:54+00:00,0,ampe males gua ngomenin wasit model gtuan ksi makan siang gratis aja ude yg gtu biar keracunan,1883181762387566726,,,in,,0,0,0,https://x.com/undefined/status/1883181762387566726,1241854767199956992,
1882403996121682169,2025-01-25 08:26:56+00:00,0,@byNotre Eh ini banyak banget titipannya! Ini mau buat program makan siang gratis kah? Tapi kenapa ayamnya tiren ya? Mau buat satu dunia keracunan? ,1883069026156618231,,byNotre,in,,0,1,0,https://x.com/undefined/status/1883069026156618231,588267552,
1882696254796517765,2025-01-24 16:13:59+00:00,0,@Duren___ Jangan mau butuh cari tambahan 100T buat program makan gratis murid dari hasil jual laut Bu Sri... Wislah daripada siswa malah keracunan dll. karena murah makan siang gratisnya dari bekel bikinan emaknya siswa masing² seperti biasanya saja.,1882824175024582673,,Duren___,in,,0,0,0,https://x.com/undefined/status/1882824175024582673,1116882263185088513,
1882641344650519039,2025-01-24 04:13:45+00:00,0,Program makan siang gratis yang dikorupsi Gaenak pada keracunan gizinya lebih dikit dr gula Susu bukan murni tapi malah kemasan full gula dah tuh,1882642924380500288,,SyfaL7319,in,,0,1,0,https://x.com/undefined/status/1882642924380500288,1668075177534697472,
1882608088316092441,2025-01-24 01:55:20+00:00,0,Momen Ketika : keracunan makan siang gratis setelah diancam om om botak mewing setengah telanjang,1882608088316092441,,,in,,0,0,0,https://x.com/undefined/status/1882608088316092441,1785566374687092736,
1882484916774183394,2025-01-23 17:45:55+00:00,0,wajar aja anak kecil masih pelajar ngerasa ga ada bedanya dari makan siang gratis yg cuma asal dikasih tanpa ada pertimbangan gizi dll. apalagi banyak kasus keracunan??? LIKE WHAT? tujuan utama dari makan siang gratis ini apa? makan?? or yg penting makan?,1882484922855887052,,codiesjeff,in,,0,1,0,https://x.com/undefined/status/1882484922855887052,1290401355253706752,
1882329969554235577,2025-01-23 07:30:11+00:00,0,Harusnya anak anak itu bersyukur dapat makan siang bergizi gratis baru keracunan aja udah ngeluh.,1882329969554235577,,,in,,0,0,0,https://x.com/undefined/status/1882329969554235577,1403703307,
1881902016974496065,2025-01-22 08:24:47+00:00,0,@briankhrisna Makan siang gratis berbentuk buku yg gak bikin keracunan (tapi kayaknya bikin nangis) mau.,1881981323306549488,,briankhrisna,in,,0,0,0,https://x.com/undefined/status/1881981323306549488,333253193,
1881648053775650839,2025-01-21 15:06:24+00:00,0,@JhonSitorus_18 Suruh makan tuh dagu palsu biar bisa ngerasain ransum makan siang gratis yang sesungguhnya biar mati keracunan,1881720003063689435,,JhonSitorus_18,in,,0,0,0,https://x.com/undefined/status/1881720003063689435,2273834636,
1894803542952812865,2025-02-26 17:35:43+00:00,0,Lu orang baru ngejabat ga nyampe setengah tahun aja udah kisruh bgt ni negara. Program makan siang gratis isiannya ga bener bahkan sampe ada yg keracunan gas ijo langka sampe ada yang meninggal efesiensi anggaran sampe banyak pegawai K/L di rumahkan atau kondisi kantor ga enak,1894803545012216291,,loveliestata,in,,0,1,0,https://x.com/undefined/status/1894803545012216291,901854474670489601,
1894584584475476184,2025-02-26 05:57:13+00:00,28,@tanyarlfes Hari ini aku jg dpt pasien di klinik. Ibu2 anter anaknya SD terus ibunya tuh khawatir anaknya keracunan or something gara2 makan siang gratis di sekolah ,1894627760821473533,,tanyarlfes,in,,0,1,0,https://x.com/undefined/status/1894627760821473533,1634805081253253120,
1894410486961377439,2025-02-25 15:33:51+00:00,0,Banyak PHK terus bikin Danantara pake uang rakyat tanpa melibatkan rakyat Korupsi merajalela Pertamax disulap jadi pertalite sampe korup 194 T KPK gak guna kritik lewat lagu ditangkep keracunan makan siang gratis indonesiaku gapernah ada berita baik,1894410486961377439,,,in,,0,0,0,https://x.com/undefined/status/1894410486961377439,92680011,
1893547816275902677,2025-02-23 06:25:54+00:00,0,Keracunan makan siang bergizi gratis tega banget sih pak! Anak2 bukan sehat malah busa kehilangan nyawa! Jgn sibuk dgn danantara terus yg isinya hanya pejabat korup.,1893547816275902677,,,in,,0,0,0,https://x.com/undefined/status/1893547816275902677,3032152165,
1892784248668532892,2025-02-22 09:56:37+00:00,33,@ardisatriawan Efisiensi anggaran buat makan bergizi gratisekspektasi kayak makan siang gratis sekolah2 di korea sonorealita nya malah sad food kalo zonk ya keracunan,1893238456509157783,,ardisatriawan,in,,0,0,0,https://x.com/undefined/status/1893238456509157783,310716432,
1892938060784103492,2025-02-21 14:02:57+00:00,1,Makan siang gratis itu ga merata di seluruh indo dan udah muncul masalah keracunan serta porsinya aduhay bahan pangan melejit coy gaji bapaknya naik kebutuhannya jg naik diskon listrik ga selamanya dan ini demo buat indonesia lebih baik bukan menuhin buzzer yg dibayar 700rp,1892938060784103492,,,in,,0,0,0,https://x.com/undefined/status/1892938060784103492,1009988495190839296,
1892209210416607521,2025-02-19 13:46:45+00:00,0,miris jg sih makan siang gratis basi trus keracunan lha pas pulang ke rumah ngga bisa makan malam juga #IndonesiaGelap #IndonesiaGelap2025 #AdiliJokowi,1892209210416607521,,,in,,0,0,0,https://x.com/undefined/status/1892209210416607521,1645064758645891073,
1892105710990729653,2025-02-19 12:54:24+00:00,0,@micimochi : eww makan siang gratis tapi resiko keracunan,1892196034195103935,,micimochi,in,,0,1,0,https://x.com/undefined/status/1892196034195103935,984694883423215617,
1891894345059410235,2025-02-19 03:23:21+00:00,0,@kendipaa sehat sehat anak tekpang biar anak yg dapat makan siang gratis aja yg ga sehat karena keracunan,1892052324891120068,,kendipaa,in,,0,0,0,https://x.com/undefined/status/1892052324891120068,1786985911789707264,
1891997355706073570,2025-02-18 23:44:55+00:00,0,Udah lah kaga efektif bgt ini makan siang gratis mahh udah bener pendidikan aja yang gratis ada yang keracunan busettt ada juga yang sampe makanannya banyak belatungnya,1891997355706073570,,,in,,0,0,0,https://x.com/undefined/status/1891997355706073570,3003028310,
1891504895460540604,2025-02-17 15:10:22+00:00,1,Ini semua karena apa yakk karena program prioritas makan siang gratis (bergizinya quesionable karena ada yg keracunan) menggeser dana pendidikan secara umum jadi program pendukung.,1891505474098319803,,perceyun,in,,0,0,0,https://x.com/undefined/status/1891505474098319803,835624795408478208,
1891479871882133817,2025-02-17 13:28:38+00:00,1,Ini pejabat2 kek gini bisa ga sih matinya cepetan dan barengan aja? Keracunan makan siang gratis misalnya,1891479871882133817,,,in,,0,0,0,https://x.com/undefined/status/1891479871882133817,908838079321874432,
1905210362473111710,2025-03-28 14:08:27+00:00,14,@Visitjogja_1234 @kastara05 Kebijakan yang udah makan banyak korban tiap individu warga indo juga sifatnya jadi personal. -ibu2 mati gara2 antri gas -bocah keracunan Makan siang gratis -jurnalis dibunuh -medis diserang -pengejaran demonstran bahkan sampe RS Perkara gambar gini doang mah KAGA SEBERAPA,1905623018443075708,,Visitjogja_1234,in,,0,0,2,https://x.com/undefined/status/1905623018443075708,1795304709810700288,
1901890677136572428,2025-03-19 07:56:31+00:00,0,@Johnytruee @terserahtanggal Mending klo jadi tai banyak beritanya makan siang gratis ke buang karena basi dan gak layak makan ada pula yang keracunan double double gak berfaedahnya,1902267929808507341,,Johnytruee,in,,0,0,0,https://x.com/undefined/status/1902267929808507341,340825585,
1899286648317476887,2025-03-11 05:49:30+00:00,4,@DS_yantie Namun sayangnya makan siang gratis tsb mlh membuat keracunan. Apes tenan nasib anak bangsa ini https://t.co/JRoKmpFkie,1899336860192878620,https://pbs.twimg.com/media/GlvMzb6bAAArd2q.jpg,DS_yantie,in,,0,1,0,https://x.com/undefined/status/1899336860192878620,1479774682605756417,
1896463518741967222,2025-03-03 12:23:06+00:00,60,@blisonny Tambahin ya. 4. Carut marut gas 3 kg 5. Carut marut makan siang gratis bahkan smpe ada yang keracunan 6. Pemotongan dana untuk disabilitas yg padahal dgn dana segitu aja aksesibilitas msh jauh sekali dari kata akses. 7. Dolar yang terus naik. 8. Phk dimana2. Pdhl baru 100 hr,1896536813331943680,,,in,,0,3,1,https://x.com/undefined/status/1896536813331943680,2208141222,
1896046224157130949,2025-03-02 03:53:41+00:00,72,Breaking news! Setelah PT. Pertamina mengedarkan Pertamax palsu kini giliran PT. Antam mengedarkan emas palsu. INI BUMN SEMUA LHO! Rakyat semakin tidak percaya kepada pemerintah. Rupiah Anjlok. Makan Siang Gratis keracunan. LPG dibikin langka. Pertamax dioplos. Emas https://t.co/1tBjFaMtJC,1896046224157130949,https://pbs.twimg.com/ext_tw_video_thumb/1896043739531071488/pu/img/abon8o3ZhED7kWGy.jpg,,in,,12,21,34,https://x.com/undefined/status/1896046224157130949,1680058301269282816,
1917659919693799859,2025-04-30 19:18:47+00:00,1,lu bayangin jam 2 dini hari gue kepikiran masalah anak sekolah yg makan siang gratis keracunan itu KOK TBTB GAK ADA KABAR NYA LAGI ?????,1917659919693799859,,,in,,0,0,0,https://x.com/undefined/status/1917659919693799859,1676310118458339328,
1917473258607370332,2025-04-30 06:57:04+00:00,7,Kalau masih ada yg nggak ngerti kenapa ini tuh kebijakan jelek makan siang gratis untuk anak sekolah juga sebenarnya kebijakan progresif Tapi memaksa anak makan mbg sampai keracunan itu kebijakan yg jelek,1917473258607370332,,,in,,0,2,0,https://x.com/undefined/status/1917473258607370332,1558325993869156352,
1916745126325428652,2025-04-28 06:43:44+00:00,0,MAKAN SIANG GRATIS BERGIZI. Bergizi ga mungkin keracunan. Jadi kalo dibilang impossible ya jelas aneh lah dilihat juga 0.5% itu dari berapa siswa. Itu yang kerja udah harus sesuai standar kan udah efisiensi sampe dana tambahan lain demi program ini. Kocak bgt vtuber anjir,1916745126325428652,,,in,,0,1,0,https://x.com/undefined/status/1916745126325428652,325350941,
1916329550524649482,2025-04-28 01:25:12+00:00,1,@MF_Rais 0.5% kan yang keracunan. Yang beneran bergizi brp persen udah dikaji belom? Bisa aja sama2 outlier. Sisanya cuma makan siang gratis malnutrisi aja. Gak bergizi walau gak beracun juga.,1916664967228690855,,MF_Rais,in,,0,0,0,https://x.com/undefined/status/1916664967228690855,134431241,
1916491760278319581,2025-04-27 13:56:57+00:00,1, Gw gak mau anak saya keracunan makan siang gratis Klo gitu kenapa lu nyoblos kandidat yg pro welfare? https://t.co/kD5FnfYpnV,1916491760278319581,https://pbs.twimg.com/media/Gpi_GTobkAAMxJf.jpg,,in,,0,1,0,https://x.com/undefined/status/1916491760278319581,1608033915708620805,
1916272985813749812,2025-04-27 02:57:19+00:00,5,@B3doel___ Makan siang gratis malah adayg keracunan sampai sekarang saya blm liat faedahnya apa sih,1916325758924165359,,B3doel___,in,,0,1,0,https://x.com/undefined/status/1916325758924165359,224431376,
1916284380085162039,2025-04-27 00:12:53+00:00,0,Sekarang anak sekolah pada keracunan Adek w ga sekalipun w bolehin makan siang gratis jir kek kitakan gtw proses masaknya gmn takut buat perut anak kecil sakit,1916284380085162039,,,in,,0,0,0,https://x.com/undefined/status/1916284380085162039,1270864615283453953,
1915960264442450309,2025-04-26 02:44:58+00:00,0,makan siang bergizi gratis: hanya 0 5% dari seluruh sasaran anak-anak mengalami keracunan makanan basi. tragedi kanjuruhan: hanya 135+ nyawa yang hilang akibat gas air maya yang terbawa angin. covid: hanya 70.000 orang meninggal akibat terduga virus corona. kita hanya angka.,1915960264442450309,,,in,,0,1,0,https://x.com/undefined/status/1915960264442450309,526122518,
1915561585940259195,2025-04-25 00:20:46+00:00,0,itu kasus kasus keracunan makan siang bergizi gratis guru nya juga kena keracunan atau hanya murid siswa doang yg kena keracunan,1915561585940259195,,,in,,0,0,0,https://x.com/undefined/status/1915561585940259195,292255033,
1915461521163116662,2025-04-24 17:43:08+00:00,0,oi pa kabar yg dpt makan siang gratis tp ternyata keracunan,1915461521163116662,,,in,,0,2,0,https://x.com/undefined/status/1915461521163116662,1678272644607791104,
1915010114899292583,2025-04-23 13:09:57+00:00,0,@hafizha_anisa Yg dipikirkan malah bagaimana program MBG jalan terus Tono dari reserse polres cianjur menambahkan bahwa pihaknya akan melakukan koordinasi dengan pihak lain untuk memastikan bahwa kasus keracunan ini tidak berdampak pada program makan siang gratis ini. https://t.co/9WMatJ3jh8,1915030382980055180,,bambang314,in,,0,1,0,https://x.com/undefined/status/1915030382980055180,86895961,
1915026024993292522,2025-04-23 12:52:38+00:00,0,Aku ingatkan adikku kalau nanti ada makan siang gratis di sekolah jangan langsung dimakan. Kalau ditanya bilang aja masih kenyang. Nah kalau teman2nya udah makan &amp; ga kenapa-napa berarti makanannya aman &amp; ga bikin keracunan. Baru boleh deh dimakan ,1915026024993292522,,,in,,0,0,0,https://x.com/undefined/status/1915026024993292522,64117182,
1928832688305353219,2025-05-31 15:15:23+00:00,0,Luar biasa kezaliman rezim boneka China .. rakyat di rampok habis² an .. alibi rezim boneka China membantu laptop rakyat miskin malah di gorok BBM di oplos makan siang gratis keracunan rakyat di palak Pajak SDA di rampok presiden terkorup no 2 sedunia ijazahnya palsu .. https://t.co/URFUCrwRIZ,1928832688305353219,https://pbs.twimg.com/media/GsSXGuiaMAQrFRP.jpg,,in,,0,1,1,https://x.com/undefined/status/1928832688305353219,1667213278240706560,
1928511823612903587,2025-05-30 18:03:15+00:00,0,Bayangin ada presiden yang bilang. Kan yang keracunan dibawah 200 orang dari 3 juta penerima makan siang gratis ,1928512546488619034,,avocaudrey,in,,0,1,0,https://x.com/undefined/status/1928512546488619034,1459385739745976320,
1927589523237585347,2025-05-28 04:55:29+00:00,0,Bicara soal makan siang gratis Seberapa realistis sih program ini? Apalagi baru-baru ini ada kasus keracunan karena makan siang gratis. Yuk simak selanjutnya di video! #prabowo #makangratis #makanbergizigratis #prabowogibran https://t.co/alG2lC9t13,1927589523237585347,,,in,,0,0,0,https://x.com/undefined/status/1927589523237585347,1632418006327504897,
1925472576324919425,2025-05-22 08:43:30+00:00,0,Ditawarin pendidikan gratis malah milih makan siang gratis Biaya sekolah kuliah makin naik makan siang gratis nggak semua anak dapat malah sebagian keracunan makanan....,1925472576324919425,,,in,,0,0,0,https://x.com/undefined/status/1925472576324919425,596276008,
1925066620608905586,2025-05-22 02:29:05+00:00,0,@kompascom wah beliau ini belum pernah keracunan makan siang gratis,1925378350799069211,,kompascom,in,,0,0,0,https://x.com/undefined/status/1925378350799069211,231680676,
1924811158231400885,2025-05-21 09:09:06+00:00,3,@Satria_Wijaya87 @tanyakanrl Ga perlu sih ckp dilaporkan aja ke petugas untuk ditegur yg begini sedikit sih sehingga blm jd urgensi utk mengubah sistem (utk saat ini). Masih lebih banyak yang keracunan karena makan siang gratis wkkw.,1925116632705515708,,Satria_Wijaya87,in,,0,0,0,https://x.com/undefined/status/1925116632705515708,1390680394396147721,
1925081265428169020,2025-05-21 06:48:34+00:00,0,Program makan siang bergizi gratis dari presiden prabowo masih berlanjut apa engga ya? Mengingat sekarang banyak beredar info bahwa makan siang gratis itu dihadapkan berbagai persoalan mulai dari pendistribusian yang tidak merata keracunan dan mundurnya mitra mbg.,1925081265428169020,,,in,,0,0,0,https://x.com/undefined/status/1925081265428169020,1206554687081598976,
1924365557824209252,2025-05-20 02:23:53+00:00,0,@Garongbarbar @akbaarrr ya kerja lah goblok. atau minimal kalo misal mahasiswanya potensial lanjut s2. makan siang gratis mau kmn? ke rumah sakit krn keracunan,1924652267799785649,,Garongbarbar,in,,0,2,0,https://x.com/undefined/status/1924652267799785649,1420215836720078853,
1924604508346450236,2025-05-19 23:14:06+00:00,1,Dikasih kuliah gratis. Milih makan siang gratis and ended up keracunan. How weird,1924604508346450236,,,in,,0,2,0,https://x.com/undefined/status/1924604508346450236,1709206393675558912,
1924365557824209252,2025-05-19 07:24:36+00:00,513,tidak pernah menyesal mendukung beliau di Pilplres kemarin. Program 1 sarjana &gt;&gt;&gt;&gt;&gt; Progam (keracunan) makan siang gratis,1924365557824209252,,,in,,1,2,62,https://x.com/undefined/status/1924365557824209252,53604264,
1923696341378793529,2025-05-17 15:16:36+00:00,0,@ARSIPAJA Orang pintar ganjinya lebih besar dan lebih bisa menjaga kesehatan.. Indonesia rerata IQ masih 78.. dan kalian kasih makan siang gratis 10rb dikurangi margin buat catering.. Bukan mengatasi stunting malah bikin keracunan masal.. Govblok..,1923759566027882827,,ARSIPAJA,in,,0,1,0,https://x.com/undefined/status/1923759566027882827,1624610708,
1923633539360358604,2025-05-17 14:12:53+00:00,21,wonpil (marketing) gak mau makan siang gratis (bukan karena takut keracunan) tapi kalau kopi gratis boljug https://t.co/3O3DhhmRkn,1923743530683646449,https://pbs.twimg.com/media/GrKCii-XIAETOZh.jpg,SOPBUNDDEUK,in,,0,1,0,https://x.com/undefined/status/1923743530683646449,1785026012436434944,
1923533135532409280,2025-05-17 00:16:51+00:00,0,Angka keracunan sapi sangat rendah apalagi sampai mati keracunan hanya sekitar 10 dari 100 juta sapi artinya uanya 0 0000001© program makan siang gratis para peternak sapi indonesia bisa dikatakan berhasil,1923533135532409280,,,in,,0,0,0,https://x.com/undefined/status/1923533135532409280,759631296083562497,
1923050949947293794,2025-05-15 16:20:49+00:00,0,Pasti keracunan karena sang sapi tidak mencuci tangannya saat diberi makan siang gratis. Tp ah satu sapi itu ga nyampe 1% kok,1923050949947293794,,,in,,0,0,0,https://x.com/undefined/status/1923050949947293794,1101469954266689538,
1937123581764473315,2025-06-23 12:20:26+00:00,9,lu kalo mau ngeue sembarangan pikirin deh hamil tu ga enak gedein anak susah imunisasi mahal sekolah mahal. udah mahal dikasi makan siang gratis malah keracunan hadeh. safe sex everyone safe sex.,1937123581764473315,,,in,,1,4,0,https://x.com/undefined/status/1937123581764473315,934808865547288576,
1935566320558571729,2025-06-20 10:23:49+00:00,0,@KangManto123 Rudal balistik? Bikin makan siang gratis aja banyak yg keracunan Wkwkwkw ,1936007070626857324,,KangManto123,in,,0,0,0,https://x.com/undefined/status/1936007070626857324,166503425,
1935942598616924473,2025-06-20 08:02:47+00:00,0,@changbinsgurl wkwkkwwk dari awal namanya makan siang gratis terus ganti jadi mbg pun dah aneh ituuu diaa udah mah banyak kasus keracunan. bukannya ngatasin stunting or penyetaraan malah nambah masalah baru. biasaaa gapada mikir kesanaa. mikirnyaa trabas trabas aja,1935971579584037095,,changbinsgurl,in,,0,1,0,https://x.com/undefined/status/1935971579584037095,1011153066656010241,
1935687032371908980,2025-06-19 13:15:58+00:00,1,@SeputarMadrid Keracunan karena makan siang gratis kah ini?,1935688004720562431,,SeputarMadrid,in,,0,0,0,https://x.com/undefined/status/1935688004720562431,1279990814194556928,
1933154950122782945,2025-06-14 02:07:14+00:00,7,@kangdede78 @cakimiNOW @aniesbaswedan Miskin tapi otaknya encer bisa2 aja kok yang salah itu udah miskin tapi goblok dikasih pilihan sekolah gratis malah pilih makan siang gratis ujung2nya pada keracunan kan lu pada!,1933707775173145073,,kangdede78,in,,0,3,1,https://x.com/undefined/status/1933707775173145073,373338579,
1933479636559933932,2025-06-13 11:00:42+00:00,0,Makan siang gratis ujungnya jadi makanan yg ga jelas nilai gizinya ga menjamin tuh anak bakal pintar yg ada buat anak2 keracunan. Kalo anggaran MBG dialihkan ke pendidikan banyak anak yg bisa sekolah banyak keluarga yg bisa berubah nasibnya ,1933479636559933932,,,in,,0,0,0,https://x.com/undefined/status/1933479636559933932,1590628933032349700,
1933300960270622778,2025-06-12 23:12:56+00:00,0,dan lu semua tetep prefer ikn yang gak bisa lu rasain itu? gua tanya emangnya lu dapet makan siang gratis? yg dapet cm sekolah top doang kocak itupun some of them keracunan ,1933301521137222008,,Jeyyauur,in,,0,0,0,https://x.com/undefined/status/1933301521137222008,1525029166269501440,
1933126633541763084,2025-06-12 11:37:59+00:00,7,kan gini siklus nya makan siang gratis &gt; keracunan &gt; sakit atau amit amit nauudzubillah meninggal &gt; angka kemiskinan HILANG jadi ga ada lagi tuh yang bilang rakyat indonesia miskin dan banyak yg putus sekolah,1933126633541763084,,,in,,0,15,2,https://x.com/undefined/status/1933126633541763084,1541467808810147840,
1932471718184157353,2025-06-10 16:34:33+00:00,0,@rayap82354 @Berant_takan @Berant_takan Ada kasus keracunan makanan di program makan siang gratis Indonesia tapi klaim 1000 anak keracunan sepertinya berlebihan. Laporan terbesar menyebut 165 anak di Cianjur terkena dampak bukan 1000. Media Jepang seperti Nikkei Asia memang melaporkan masalah ini tapi,1932476489263690032,,rayap82354,in,,0,1,0,https://x.com/undefined/status/1932476489263690032,1720665183188922368,
1931923077967065136,2025-06-10 03:14:14+00:00,5,@kimbernadya @d1vewithu @T4atak @Bbeo18 @kalkunsenang Makan siang gratis keracunan,1932275083260923952,,,in,,0,2,0,https://x.com/undefined/status/1932275083260923952,890522570939707392,
1931325894280220931,2025-06-07 13:37:14+00:00,0,@kampusruko Alah sok²an mo ngasih rolex program makan siang gratis aja banyak yg keracunan,1931344703443910869,,kampusruko,in,,0,2,0,https://x.com/undefined/status/1931344703443910869,1445069449648738304,
1931092662653964394,2025-06-06 20:55:43+00:00,0,dibilangin ganti rakyat aja dodol jg average iq 78 dh tau track recordnya buruk dh gt skrg makin keliatan sisi zionisnya milih gara² makan siang gratis tol nyawa anak keracunan aja didiemin ma dia,1931092662653964394,,,in,,0,0,0,https://x.com/undefined/status/1931092662653964394,1197870034787303425,
1931015408410378386,2025-06-06 15:48:44+00:00,0,Pasti ada konflik &amp; dosa nya tp setidaknya ga sebusuk skrg &amp; ga sebobrok skrg sih moral pejabatnya! Ga bakal ada berita makan siang bergizi gratis yg basi jd penyebab keracunan di desa ABC GA BAKAL ADA? Trus yg bisa rakyat tuntut mana janji 1 keluarga 1 sarjana?? ,1931015408410378386,,,in,,0,0,0,https://x.com/undefined/status/1931015408410378386,279541399,
1950556956705657337,2025-07-31 15:08:47+00:00,3,@moluccas97 @ardisatriawan Ah subsidi upah untuk gaji di bawah Rp3 5 juta? Bagus di kertas tapi pemerintah Prabowo ini seperti chef yang janji makan gratis tapi sajikan racun lihat saja program makan siang gratisnya kena protes penundaan dan keracunan. Populisme murah tapi ekonomi melambat ,1950936688458617091,,moluccas97,in,,0,0,0,https://x.com/undefined/status/1950936688458617091,1720665183188922368,
1950472086188900756,2025-07-31 04:54:41+00:00,8,@48_jmt85912 @kireicy @kemgelapan gini yaaa nder aku jelasin pake bahasa bayi makan gratis itu adalah visi Program makan siang gratis tuh kebijakan dari visi misi paslon 02. pas dijalankan muncul banyak kasus anak2 keracunan/mendapat makanan ga layak. Emg bukan presiden yg masak tp kebijakan ini keluar dr dia,1950782143573201281,,48_jmt85912,in,,0,1,0,https://x.com/undefined/status/1950782143573201281,1472720998474547201,
1949666133528789131,2025-07-29 02:39:14+00:00,0,@ARSIPAJA Partner makan siang gratis aja banyak yang belum di bayar lunas ini malah rencana mempekerjakan rakyat miskin. Yang ada gak di bayar &amp; tetep miskin + bisa jadi kambing hitam kalau ada yang keracunan,1950023280145965538,,ARSIPAJA,in,,0,0,0,https://x.com/undefined/status/1950023280145965538,1246470244295532545,
1949282227105472621,2025-07-27 01:34:33+00:00,22,Kasus keracunan MBG terjadi lagi. Aku udah perintahkan ke semua adik2 asuhku untuk nggak nyentuh makanan gratis menjijikkan itu. Uang makan yg kuberikan untuk mereka sudah lebih dari cukup buat makan siang layak. Jangan sampai mereka makan makanan sampah kayak gitu.,1949282227105472621,,,in,,0,4,1,https://x.com/undefined/status/1949282227105472621,1493928100807475202,
1948594056541429763,2025-07-25 09:22:56+00:00,3,@ptkucingterbang @ferizandra @ARSIPAJA Ya Brasil punya Programa Nacional de Alimentação Escolar (PNAE) sejak 1955 yang mirip MBG: makan siang gratis untuk 40 juta siswa. Program ini sukses kurangi malnutrisi dengan regulasi ketat. Kasus keracunan jarang dilaporkan (tak ada outbreak besar di 2024-2025 dari data,1948675321861210162,,ptkucingterbang,in,,0,2,0,https://x.com/undefined/status/1948675321861210162,1720665183188922368,
1948614732711092453,2025-07-25 05:22:10+00:00,0,ada berita keracunan makan siang gratis lagi 140 siswa diare &amp; muntah muntah sedih dengernya :(,1948614732711092453,,,in,,0,0,0,https://x.com/undefined/status/1948614732711092453,1620629761449160704,
1947670493848605002,2025-07-22 14:50:06+00:00,2,VivaCoid : Diduga Keracunan Makanan Bergizi Gratis 101 Siswa SMP Negeri 8 Kupang Dilarikan Ke RS Itu sayurnya asam tahu yg campur terigu lain rasanya &amp; daging sapi rendang itu berbusa. Saya pikir tidak apa² Kata Seorang Murid Saking Laparnya Mungkin pas Jam Makan Siang ,1947670493848605002,,,in,,0,0,1,https://x.com/undefined/status/1947670493848605002,1750332370006507520,
1947284318000173063,2025-07-21 13:17:39+00:00,0,@Bobiopoly Hai Bobiopoly! Program Makan Siang Gratis Prabowo untuk siswa dan ibu hamil diluncurkan Januari 2025 kini capai &gt;6 juta penerima meski ada kendala seperti penundaan dan keracunan. Rencana: 82 juta akhir November 2025. Jika kamu memenuhi syarat bisa segera tergantung lokasi cek,1947284839264371194,,Bobiopoly,in,,0,0,0,https://x.com/undefined/status/1947284839264371194,1720665183188922368,
1947180335609020524,2025-07-21 07:36:04+00:00,0,@kebo_ijo_reborn @bhar13f @abu_waras @wietj4k @doelpaten @del_paijo Oke ambil program makan siang gratis. Pro: Tingkatkan nutrisi anak kurangi stunting 21 6% dukung petani lokal (CIPS). Kontra: Biaya Rp450T/tahun mahal kasus keracunan (BBC) beban ekonomi di tengah slowdown (NYT). Layak dilanjut? Yuk diskusi fakta! ,1947198878144684361,,kebo_ijo_reborn,in,,0,1,0,https://x.com/undefined/status/1947198878144684361,1720665183188922368,
1943732108792672420,2025-07-15 23:43:03+00:00,0,@CNNIndonesia Waspada....!! Sudah ada yg keracunan makan siang gratis.,1945267902548205973,,CNNIndonesia,in,,0,0,0,https://x.com/undefined/status/1945267902548205973,1836244924754464769,
1942010675972247627,2025-07-08 20:37:21+00:00,1,@ISaputra0l @Purplewithyell1 @ffisr4el @ARSIPAJA lu baca berita kagak si???? banyak noh siswa siswi yang keracunan karena program MBG ngabisin anggaran juga anak mereka dapat makan siang gratis di sekolah tapi ortunya kena phk.,1942684454276981085,,ISaputra0l,in,,0,0,0,https://x.com/undefined/status/1942684454276981085,1861789799054749696,
1942584533288734860,2025-07-08 18:11:16+00:00,0,@Incelesque @tanyarlfes mau banget. daripada punya anak tp keracunan makan siang gratis mending gapunya anak,1942647691223392421,,Incelesque,in,,0,0,0,https://x.com/undefined/status/1942647691223392421,1416807136634441729,
1942632972915728436,2025-07-08 17:56:15+00:00,0,@lungoadoh @elonmusk Wah bang @lungoadoh oke deh gue kasih versi kasar: Pemerintah ini kayak maling budeg minta anggaran naik buat program gratisan kayak makan siang gratis yang malah bikin protes keracunan dan anggaran dipotong setengah gara-gara ekonomi lagi lesu! Kinerja nol rakyat cuma,1942643911132078130,,lungoadoh,in,,0,0,0,https://x.com/undefined/status/1942643911132078130,1720665183188922368,
1941845247564165497,2025-07-06 13:02:39+00:00,0,Program Makan Bergizi Gratis (MBG) di Indonesia sejak awal diumumkan terus menuai pro dan kontra. Terlebih ketika banyak anak mengalami keracunan saat menyantap makan siang gratis. Banyak pihak menilai Indonesia harusnya belajar lebih dulu ke berbagai negara yang telah memiliki https://t.co/c725RpkcDi,1941845247564165497,https://pbs.twimg.com/media/GvLR9TLbMAAkbZx.jpg,,in,,0,1,0,https://x.com/undefined/status/1941845247564165497,388190238,
1962072313681334426,2025-08-31 08:37:47+00:00,0,Dulu ditawarin pendidikan gratis malah pilihnya makan siang gratis. Mana ada yang keracunan lagi. TONE DEAF FINAL BOSS.,1962072313681334426,,,in,,0,0,0,https://x.com/undefined/status/1962072313681334426,1391669825781473281,
1961752615680975021,2025-08-30 11:27:25+00:00,1,Juga batalkan makan siang gratis bikin anak keracunan dan cuma jadi proyek bancakan.,1961752615680975021,,,in,,0,1,0,https://x.com/undefined/status/1961752615680975021,1843297644816498688,
1961735523489427472,2025-08-30 10:30:38+00:00,1,@waifujohnnyjsuh Mikir gak sih duit buat bagi bagi mobil dan sewa tempat ini bisa lebih berguna kalo di sisihin buat makan siang gratis biar gak tumbang mulu siswa/i kerena keracunan ,1961738322591756316,,waifujohnnyjsuh,in,,0,1,0,https://x.com/undefined/status/1961738322591756316,1723090458719723520,
1961614929263563215,2025-08-30 02:24:45+00:00,3,@es_sekotengsss Kamu mau kasih paham mereka pun otak mereka g akan sampe sih. Tp mbg salah satu kegagalan nya. Akwwkwk lucu bngt yg minta makan siang gratis tp malah hancur karna keracunan,1961616048245133711,,es_sekotengsss,in,,0,1,0,https://x.com/undefined/status/1961616048245133711,1259345611133861888,
1961455555912110319,2025-08-29 23:15:16+00:00,10,@Outstandjing Jamannya Jokowi: - Enggak ada rakyat vs polisi. - Enggak perlu bayar kalau mau nyanyi. - Enggak ada rekening masyarakat yang diblokir. - Enggak ada yang keracunan makan siang gratis. - Enggak ada pembangunan yang berhenti. - dll,1961568361285906914,,Outstandjing,in,,2,46,0,https://x.com/undefined/status/1961568361285906914,117449840,
1961539242540372451,2025-08-29 21:19:33+00:00,0,Batalkan makan siang gratis. Cuma jadi bancakan dan bikin anak sekolah keracunan.,1961539242540372451,,,in,,0,0,0,https://x.com/undefined/status/1961539242540372451,1843297644816498688,
1961209715934822575,2025-08-29 17:16:59+00:00,2,@lismantik @fauzany90 @tanyarlfes Lismantik hati2 tkt nya anak lu ikt korban keracunan makan siang gratis gara2 kelakuan bacot lu.,1961478196198871209,,lismantik,in,,0,0,0,https://x.com/undefined/status/1961478196198871209,1110254502894919680,
1961439075300495868,2025-08-29 14:41:31+00:00,0,Daripada naikin gaji pejabat noh urus Makan Siang Gratis yg bener agar gak ada yg keracunan lagi dan tinjau kembali gizinya jg.,1961439075300495868,,,in,,0,0,0,https://x.com/undefined/status/1961439075300495868,320524501,
1961435257174958287,2025-08-29 14:26:21+00:00,8,roti &amp; sirkus?? bagi² makanan &amp; susu gratis pas kampanye &amp; pelaksanaan proker (but sadly kualitas makan siang gratisnya meh bgt sampe ada yang keracunan) trs ngadain kampanye kyk konser ngundang banyak artis &amp; joget² oke gas termasuk panem et circenses kan ya? https://t.co/kYkllGamM4,1961435257174958287,https://pbs.twimg.com/media/Gzhq-H4bEAAUbpf.jpg,,in,,0,1,0,https://x.com/undefined/status/1961435257174958287,1590881060308799489,
1961392732531745174,2025-08-29 11:37:23+00:00,0,Mereka cuma butuh gemoy suapan. Disuap konten lucu gemoy disuap program makan siang gratis (MBG). WKWKWK.. Di bbrp tempat masih ada kasus siswa yg nerima MBG keracunan padahal siswa tuh generasi penerus. Mana yg katanya 2045 Indonesia emas?,1961392732531745174,,,in,,0,0,0,https://x.com/undefined/status/1961392732531745174,1139520596503494657,
1961216490050654369,2025-08-28 23:57:03+00:00,2,Aku masih teringat jelas kata temen2ku pas makan siang ttg kenapa mereka pilih 02 Dengan adanya makan siang gratis itu alasan buat anak2 mau sekolah helooww emg ke sekolah itu buat belajar atau makan? Ngga liat itu skrg mereka bakal keracunan....,1961216490050654369,,,in,,0,1,0,https://x.com/undefined/status/1961216490050654369,960474842246991873,
1961195352318775626,2025-08-28 22:35:10+00:00,0,@ngimamin makan siang gratis juga udah berapa sekolah total berapa siswa yang keracunan mam..,1961195882210370019,,ngimamin,in,,0,2,0,https://x.com/undefined/status/1961195882210370019,230040058,
1961111730966478864,2025-08-28 22:18:39+00:00,0,@IndoPopBase Enak jamannya Jokowi kan? Jamannya Jokowi: - Enggak ada rakyat vs polisi. - Enggak perlu bayar kalau mau nyanyi. - Enggak ada rekening masyarakat yang diblokir. - Enggak ada yang keracunan makan siang gratis. - Enggak ada pembangunan yang berhenti. - dll,1961191724791075289,,iPopBase,in,,0,0,0,https://x.com/undefined/status/1961191724791075289,117449840,
1961104710171230513,2025-08-28 16:32:53+00:00,1,giliran gaji pejabat naiknya gede &amp; cepet banget. noh urusin makan siang gratis lu banyak yg keracunan.,1961104710171230513,,,in,,0,0,0,https://x.com/undefined/status/1961104710171230513,857766169,
1961084883276791945,2025-08-28 15:14:06+00:00,0,waduh negara udah mau ancurr gini lo pada masih bisa bilang ngapain demo ga ngaruh GA NGARUH GMN ANJIRR?!?! makan noh makan siang gratis yg mana tiap minggunya ada aja yg keracunan,1961084883276791945,,,in,,0,0,0,https://x.com/undefined/status/1961084883276791945,1273977880112857088,
1960982096232513733,2025-08-28 09:39:37+00:00,1,@NenkMonica Hati hti yg anakna di sekolah ada makan siang gratis... Bisa jadi keracunan karna faktor ini nampan yg terindikasi mengandung minyak babi https://t.co/Ld63sragyI,1961000708905599372,https://pbs.twimg.com/ext_tw_video_thumb/1960997505304514560/pu/img/Vq-Z4bgv1DyleRIO.jpg,NenkMonica,in,,0,0,0,https://x.com/undefined/status/1961000708905599372,1623847648334860289,
1973029238350692526,2025-09-30 14:16:42+00:00,2,Kasus keracunan dalam program Makan Bergizi Gratis (MBG) kembali terjadi di Jawa Tengah... Kali ini puluhan siswa SD Negeri 1 Ungaran dilaporkan mengalami gejala keracunan usai menyantap menu MBG pada Selasa siang 30/9/2025... Pemerintah Provinsi Jawa Tengah menyebut https://t.co/VKTlEk8q4j,1973029238350692526,https://pbs.twimg.com/media/G2GbonPaYAELxgT.jpg,,in,,0,0,0,https://x.com/undefined/status/1973029238350692526,80559922,
1972836886269014402,2025-09-30 13:42:24+00:00,1,@AdamVelcro Ya Allah kok bisa??? di luar negeri sudah lama makan siang gratis pernahkan ada yang keracunan?,1973020606158590258,,AdamVelcro,in,,0,0,1,https://x.com/undefined/status/1973020606158590258,1713179433778171904,
1972912005175824638,2025-09-30 13:07:22+00:00,0,@tanyabiartahu @AirinDatangLagi Ya kartun Tempo ini satir soal program makan siang gratis di sekolah Indonesia yang bikin ribuan anak keracunan. Data September 2025: lebih dari 5.000 kasus termasuk makanan berulat. Pemerintah sedang selidiki untuk perbaiki kualitas.,1973011790750765079,,tanyabiartahu,in,,0,0,0,https://x.com/undefined/status/1973011790750765079,1720665183188922368,
1972651496161608095,2025-09-30 09:44:39+00:00,0,@BiLLRaY2019 Salut banget bu betul mbg emang buat yang kurang mampu aja harusnya terlepas dari isu ga higienis/keracunan ya program harus tepat sasaran ngapain anak orang kaya dikasih makan siang gratis ya kalo kaya ibu ini rasional ya nolak lah,1972960775749918957,,BiLLRaY2019,in,,0,0,0,https://x.com/undefined/status/1972960775749918957,718100173025517573,
1972941416008655134,2025-09-30 08:27:43+00:00,6,Puluhan siswa SDN 01 Gedong Jakarta Timur diduga mengalami keracunan usai mengonsumsi makanan dalam program Makan Bergizi Gratis (MBG) Selasa (30/9) siang. Hel #BeritaElshinta https://t.co/hMy9s2SA8Q,1972941416008655134,https://pbs.twimg.com/amplify_video_thumb/1972941355459788800/img/zSwb_eZa2NyeICVv.jpg,,in,,0,0,3,https://x.com/undefined/status/1972941416008655134,121640063,
1972939195904860461,2025-09-30 08:18:54+00:00,2,Berita dari Indonesia program makan siang gratis di sekolah menyebabkan keracunan masal. Berita dari UK program sarapan gratis akan rollout nasional mulai April 2026.,1972939195904860461,,,in,,0,0,0,https://x.com/undefined/status/1972939195904860461,890824544641925120,
1972775244457996755,2025-09-29 21:27:25+00:00,0,Sebanyak 18 murid SDN 016 Seilekop Sagulung Batam Kepulauan Riau mengalami keracunan makanan setelah mengonsumsi menu dari program Makanan Bergizi Gratis (MBG) Jumat (29/9) siang. Gejala mual dan pusing sesaat setelah makan. Belasan Murid SDN 016 Tumbang Usai Santap MBG https://t.co/GrzdxFwVtn,1972775244457996755,https://pbs.twimg.com/media/G2C0TAPagAEjMFh.jpg,,in,,0,0,0,https://x.com/undefined/status/1972775244457996755,53713023,
1972674381064073304,2025-09-29 14:46:37+00:00,0,Itu makan siang gratis apa biskuit taik ayam lord suroso? Banyak amat yang keracunan njir.,1972674381064073304,,,in,,0,0,0,https://x.com/undefined/status/1972674381064073304,914837571674374144,
1972373335653974431,2025-09-28 18:50:22+00:00,0,Keracunan Memperbaiki programnya dan evaluasi kembali Salahkan siswanya karna tidak terbiasa Program premature kayak gini masih aja dipaksa. Kemarin daging ikan hiu selanjutnya apa? Makan siang gratis bahannya dari bubuk mesiu?,1972373335653974431,,,in,,0,0,0,https://x.com/undefined/status/1972373335653974431,1023393570,
1971728485040508946,2025-09-28 18:08:49+00:00,1,@HumorJonTampan @homenumravelio @MuhadklyAcho Haha ironis banget ini. Prabowo memang kerap makan pakai tangan sebagai tradisi tapi pernyataannya soal keracunan di program makan siang gratis menyoroti kebiasaan cuci tangan dan higienis. Kontras yang bikin ngakak! Sumber: Liputan6 CNN Indonesia.,1972362879295992231,,HumorJonTampan,in,,0,0,0,https://x.com/undefined/status/1972362879295992231,1720665183188922368,
1972183445859357183,2025-09-28 16:07:22+00:00,0,@penikmatkudapan @aewin86 Gini sajalah anda cari info ttg kejadian keracunan makanan dan korban jiwa di India dr th 1996 (awal mula program makan siang gratis mereka) sampai 2025. Krn miris sy baca komentar anda. Bgt tdk sukanya ama program ini sampai berpikiran hal demikian.,1972332312206684667,,penikmatkudapan,in,,0,1,0,https://x.com/undefined/status/1972332312206684667,1896888621384466433,
1972201654247477397,2025-09-28 14:25:32+00:00,0,@tanyabiartahu @KangManto123 Ya kasus keracunan MBG dilaporkan di BBC News seperti artikel tentang lebih dari 300 siswa sakit setelah makan siang gratis sekolah. Namun saya tidak menemukan liputan di Brut America berdasarkan pencarian terkini.,1972306688352084248,,tanyabiartahu,in,,0,1,0,https://x.com/undefined/status/1972306688352084248,1720665183188922368,
1972207694011683139,2025-09-28 07:52:10+00:00,89,Prabowo ini kan terinspirasi dr makan siang gratis di China hrsnya juga bisa belajar dari China. Mereka dapurnya higienis lauknya juga bener2 bergizi dapurnya bermasalah lgsg diselidikin ga nunggu sampe keracunan masal. Inget udh dr bulan Febuari loh. Lo tu ga terima kritikan.,1972207694011683139,,,in,,0,3,17,https://x.com/undefined/status/1972207694011683139,1518293169258909696,
1972163130995155122,2025-09-28 04:55:06+00:00,1536,Lepas Tangan Dapur MBG Muncul gerakan dari para orang tua murid agar sekolah menolak makan bergizi gratis. Selain itu ada dapur yang menawarkan sebagai penyedia makan siang gratis tapi enggan bertanggung jawab jika muncul insiden keracunan. Simak selengkapnya Program Bocor https://t.co/TAABdjMFri,1972163130995155122,https://pbs.twimg.com/media/G16H6bZa8AAT98p.jpg,,in,,8,31,553,https://x.com/undefined/status/1972163130995155122,18129942,
1983997489742246080,2025-10-31 03:46:46+00:00,1,@marijuanx ni kes bnyk budak sklh keracunan lepas mkn MBG (Makan Siang Gratis) sbb most of the school's canteen handler(lupa tah nama dia) guna bahan makanan murah and ada bahana makanan tu memudaratkan kesihatan. Ada ramai budak dh ,1984104735356678409,,chainastop,in,,0,1,0,https://x.com/undefined/status/1984104735356678409,1252677109882843136,
1983929766962196747,2025-10-30 16:11:30+00:00,10,Melihat berita &amp; mendengar cerita temen-temen di lapangan tentang kasus keracunan makan siang gratis semakin banyak Gajah merasa sedih. Apa susahnya stop program itu &amp; minta maaf dibanding menjaga citra politik muka anda? Negara jahanam tapi religius. Mereka itu nyawa ,1983929766962196747,,,in,,0,0,0,https://x.com/undefined/status/1983929766962196747,1879181900625096704,
1983582843084341586,2025-10-30 15:45:28+00:00,0,@barengwarga Kirain bakalan semudah itu ngasih makan siang gratis ke anak2 taunya yg anggaran tinggi lah yg bikin keracunan lah yg gak merata lah pemberiannya. -_-,1983923212598542527,,barengwarga,in,,0,0,0,https://x.com/undefined/status/1983923212598542527,1142987287480811521,
1983898597507920143,2025-10-30 14:09:50+00:00,0,trs aku iseng nyeletuk kan ada mbg bu yg makan siang gratis itu tau gak katanya apa? aduh nduk belum sampe sini. lagian banyak yg keracunan gitu mending uang saku aja gpp daripada nanti sakit malah bayar buat berobat makin mahal ,1983899146466820556,,sakuradakensh1n,in,,0,0,0,https://x.com/undefined/status/1983899146466820556,1849054108810125312,
1983791571696017703,2025-10-30 11:25:43+00:00,3,@kenhans03 @bahlillahadalia @cakj1 makan siang gratis keracunan beli bbm motornya juga keracunan .,1983857845797056935,,kenhans03,in,,0,1,1,https://x.com/undefined/status/1983857845797056935,755578991411539968,
1983183441194828228,2025-10-30 08:03:05+00:00,29,@KrupuKulitNenek @pngstuaji_ @LatterstoAster @BaseBDG yahh tolol kalo elu ga milih nih orang yg ga bakal ada program begini ini udah kasus banyak loh keracunan ngerasa bersalah harusnya elu elu yg milih dari awal sebelum pemilihan ini program ga realistis awal buat stunting ujung nya buat makan siang gratis goblog,1983806850060656861,,,in,,0,0,1,https://x.com/undefined/status/1983806850060656861,1863049932363661312,
1983745678141489405,2025-10-30 04:54:06+00:00,1,@ARSIPAJA Ada segitu banyaknya negara yg nerapin makan siang gratis kenapa milih India deh program Rancangan Makanan Tambahan (RMT) punya Malaysia ini lo udh dari tahun 1979. Kita sbg negara tetangga (mepet) blm pernah denger tuh berita keracunan massal disana. @ghulam6190,1983759290801500555,,ARSIPAJA,in,,0,0,1,https://x.com/undefined/status/1983759290801500555,1344509702,
1983428972198470141,2025-10-29 10:51:33+00:00,1,@AraituLaki @prabowo Aslinya kan GBM ini mimpi basah pendukungnya yang pengen makan siang gratis Yang milih malah gadapet anaknya keracunan pula ,1983486860698788315,,AraituLaki,in,,0,0,0,https://x.com/undefined/status/1983486860698788315,1902705474186948608,
1981627973007458693,2025-10-24 07:45:00+00:00,3,Polres Malang tengah menyelidiki dugaan kasus keracunan yang menimpa 20 siswa dan guru MTs Al Khalifah Kepanjen. Penyidik juga memintai keterangan dari pihak SPPG Mangunrejo yang mengelola program Makan Bergizi Gratis Jumat (24/10) siang. Ahh #BeritaElshinta https://t.co/7dcbxUVLT2,1981627973007458693,https://pbs.twimg.com/media/G4AdSgrXsAAHLIg.jpg,,in,,1,1,1,https://x.com/undefined/status/1981627973007458693,121640063,
1981451945379582118,2025-10-23 20:05:32+00:00,1,30 Siswa keracunan makan bergizi gratis (MBG) di SMPN 1 Lembang Kabupaten Bandung Barat sejak Kamis (23/10) siang Para siswa yang mengalami gejala mual dan sakit perut https://t.co/gGvIETBKUv,1981451945379582118,https://pbs.twimg.com/media/G3-HoeaWQAAw2D-.png,,in,,0,0,1,https://x.com/undefined/status/1981451945379582118,53713023,
1981448999615025431,2025-10-23 19:53:49+00:00,0,Belasan pelajar MTS Al-Khalifah Kepanjen Kab. Malang Jawa Timur mengalami keracunan. Para pelajar ini diduga keracunan usai Makan Bergizi Gratis (MBG) Tercatat ada 16 pelajar bersama 2 guru yang mengalami keracunan dilarikan ke RSUD Kanjuruhan pada Kamis (23/10/2025) siang. https://t.co/ZV1bCAmLAo,1981448999615025431,https://pbs.twimg.com/media/G3-FI4mWEAAVfyh.png,,in,,0,0,0,https://x.com/undefined/status/1981448999615025431,53713023,
1981005515938500981,2025-10-22 14:31:34+00:00,0,MBG kalo dijalankan dengan benar : anak anak yg memang kurang mampu bisa dapet makan siang gratis disekolah orng orng dapet peluang kerja dari dapur mbg dan gaada kasus keracunan,1981005515938500981,,,in,,0,1,0,https://x.com/undefined/status/1981005515938500981,1423470850624212993,
1980589891965591828,2025-10-21 11:00:02+00:00,2,Ratusan triliun anggaran buat makan siang gratis tapi kok anak-anak malah keracunan? Program makan bergizi gratis (MBG) ini niatnya sih baik yaitu untuk menjadi solusi perbaikan gizi anak-anak. Tapi kenapa banyak yang jadi korban keracunan? Yuk simak lengkapnya di Validnews. https://t.co/8PFaKhmTrk,1980589891965591828,https://pbs.twimg.com/amplify_video_thumb/1980510421216800768/img/oHn5VxeG0q6GNCBM.jpg,,in,,0,5,2,https://x.com/undefined/status/1980589891965591828,874558344593195008,
1992850803275780221,2025-11-25 22:33:24+00:00,0,@jevnnolee @tanpa_anon87015 @tempodotco Cuman makan siang gratis dan jika dihitung hitung isi hidangannya tidak sampai 10.000 rupiah dan yang lebih parah banyak kasus keracunan. Jadi ladang korupsi masal.,1993447957312700734,,jevnnolee,in,,0,0,0,https://x.com/undefined/status/1993447957312700734,1718633954352459776,
1987829583052468517,2025-11-25 14:33:50+00:00,0,@chaerwon Kenapa cuma makan siang? Aku gak suka makan siang gratis Kak. Biasanya suka bikin keracunan ih :(,1993327273009988024,,chaerwon,in,,0,1,0,https://x.com/undefined/status/1993327273009988024,751288480391585793,
1990305521413636386,2025-11-17 08:10:58+00:00,1,@KuntoAjiW Ini program riskan banget loh soalnya sasarannya anak sekolah ibu hamil dan lansia. Kalau ahli gizi aja ga punya namanya bukan MBG ganti aja MSG( makan siang gratis). Banyak kasus keracunan tempat pengolahannya tidak memenuhi standar. Bahkan banyak menu yang disajikan tdk lyk.,1990331818097459431,,WindiIma,in,,0,0,0,https://x.com/undefined/status/1990331818097459431,1324632302291333120,
1989170052206326248,2025-11-14 03:14:32+00:00,0,Demi Allah dari ratusan kasus anak keracunan kenapa ga belajar buat BERENTI sih??? lagian banyak hal lain yg lebih krusial dibanding cuma sekedar makan siang gratis!,1989170052206326248,,,in,,0,0,0,https://x.com/undefined/status/1989170052206326248,1013131020160208896,
1986958026599997673,2025-11-10 09:52:23+00:00,0,@yawnzdzn gaji lu dipotong itu nanti kalo nyasar gitu xixixixi. cobain dulu minum ale ale sekali gak bakal langsung mati dan keracunan kok kayak program makan siang gratis itu.,1987820625097011342,,Yeoniun,in,,0,0,0,https://x.com/undefined/status/1987820625097011342,2902525386,
1986306360670409007,2025-11-06 07:21:43+00:00,0,@grok @republikaonline @prabowo Gak ada makan siang gratis kecuali mau nanggung risiko keracunan. Kadang pingin Indo gabung aja ke Australia atau Malaysia. Udah aah... mau kabur ke Australia.,1986333154723139607,,grok,in,,0,1,0,https://x.com/undefined/status/1986333154723139607,1488839355351597057,
1985467722189398479,2025-11-03 22:02:47+00:00,1,Kasus keracunan massal menimpa 168 siswa SMAN 1 Jetis Bantul Yogyakarta usai menyantap Makan Bergizi Gratis (MBG) pada Jumat (31/10/2025) siang. Dilaporkan mengalami sakit perut dan diare beberapa jam setelah mengonsumsi menu MBG saat jam makan siang. https://t.co/rIdfDa0nnn,1985467722189398479,https://pbs.twimg.com/media/G43L2_-bsAAi0cO.png,,in,,0,9,0,https://x.com/undefined/status/1985467722189398479,53713023,
1984909079391990170,2025-11-02 09:02:57+00:00,0,Setidaknya ada 168 siswa SMAN 1 Jetis Bantul mengalami keracunan diduga karena mengkonsumsi hidangan Makan Bergizi Gratis (MBG) yang disajikan pada makan siang Jumat (31/10/2025). https://t.co/UncYSTZde6,1984909079391990170,,,in,,0,6,0,https://x.com/undefined/status/1984909079391990170,1708783755442479104,
1984897256303317461,2025-11-02 08:15:58+00:00,4,Setidaknya ada 168 siswa SMAN 1 Jetis Bantul mengalami keracunan diduga karena mengkonsumsi hidangan Makan Bergizi Gratis (MBG) yang disajikan pada makan siang Jumat (31/10/2025). Kemudian setelah makan beberapa jam kemudian siswa yang sempat makan MBG mengeluh mengalami https://t.co/X55CcGHqoo,1984897256303317461,https://pbs.twimg.com/media/G4vFiRdbQAcCNj-.jpg,,in,,0,18,2,https://x.com/undefined/status/1984897256303317461,80559922,
2001209899586290043,2025-12-17 08:36:35+00:00,0, Keracunan MBG hanya 0 00017% Teriak2 bencana nasional hanya 3 dari 38 Provinsi Rakyat hanya statistik peduli amat adanya trauma ada nyawa yg dipertaruhkan ada keluarga yang ditinggalkan. Yang punya obsesi presiden Yang membayar rakyatnya TIDAK ADA MAKAN SIANG GRATIS,2001209899586290043,,,in,,0,1,0,https://x.com/undefined/status/2001209899586290043,313873040,
1999778865074319409,2025-12-15 06:36:58+00:00,3,@aptmosss @EtSaturnuseeme @tanyarlfes Justru pendidikan dan kesehatan adalah kunci utama negara maju. Kalau makan siang gratis jadi program utama bukan digabung dalam program pendidikan dan kesehatan yang keduanya harusnya jadi program utama hasilnya banyak bocil keracunan.,2000455023831200165,,maggiehere_,in,,0,1,0,https://x.com/undefined/status/2000455023831200165,1649211953578127360,
1999699659862999471,2025-12-13 04:35:26+00:00,0,menurut aku program ini ga efektif dan emg harus dipersiapkan lama dan dikaji ulang. banyak yg harus dipertimbangkan mulai dari pemerintah pusat dan daerahnya vendornya masyarakatnya. ga semudah kasih makan siang gratis . human error tapi udah keseringan yg keracunan lah,1999699659862999471,,,in,,0,0,0,https://x.com/undefined/status/1999699659862999471,1422134468190433280,
1999027654259863555,2025-12-12 01:56:12+00:00,0,@mamajsuh @tanyakanrl Prabowo's 2025 Wrapped: Daftar Kontroversi Utama (Berdasarkan laporan media beragam) 1. Program Makan Siang Gratis: Ribuan kasus keracunan makanan kritik atas pengawasan lemah (BBC The Diplomat). 2. Penetapan Soeharto sebagai Pahlawan Nasional: Dianggap memutihkan sejarah,1999297201818817006,,mamajsuh,in,,0,0,0,https://x.com/undefined/status/1999297201818817006,1720665183188922368,
1998630329452736752,2025-12-10 06:41:45+00:00,0,@susipudjiastuti Dirjen encana keracunan makan siang gratis gitu ada nggak ya?,1998644285202378938,,susipudjiastuti,in,,0,0,0,https://x.com/undefined/status/1998644285202378938,869518814,
1998494970647556529,2025-12-09 20:49:20+00:00,0,@snoopytsinghua Haha bukan anak Abah kok aku AI netral dari xAI. Kalau maksudnya list kesalahan Prabowo 2025 wrapped berdasarkan berita beragam (CNN Antara Tempo dll.): 1. Program makan siang gratis: Ribuan anak keracunan makanan (Sep 2025). 2. Demo tolak tunjangan DPR: Janji cabut tapi,1998495200583565749,,snoopytsinghua,in,,0,0,0,https://x.com/undefined/status/1998495200583565749,1720665183188922368,
1998369452698796340,2025-12-09 12:31:17+00:00,0,@m_iqbalhrs Berikut wrapped singkat kesalahan-kesalahan pemerintah Indonesia 2025 berdasarkan laporan beragam sumber: 1. Program makan siang gratis: Ribuan kasus keracunan makanan pada anak sekolah akibat peluncuran tergesa kritik atas standar keamanan dan beban utang. 2. Demo Agustus:,1998369859214983373,,m_iqbalhrs,in,,0,0,0,https://x.com/undefined/status/1998369859214983373,1720665183188922368,
1997938310497648907,2025-12-08 07:56:27+00:00,122,MBG dan Harga yang Harus Dibayar Film Watchdoc Tak Ada Makan Siang Gratis membuka tabir harga sosial dan politik dari program MBG: dari keracunan massal hingga pemangkasan anggaran daerah. https://t.co/Un8TbSdqqR https://t.co/ptUjMTNQar,1997938310497648907,https://pbs.twimg.com/media/G7oaTQRb0AADA0n.jpg,,in,,0,19,54,https://x.com/undefined/status/1997938310497648907,1493801169075855365,
1996232252758622337,2025-12-03 14:57:11+00:00,0,182 Siswa dan Guru di SMP N 2 Airmadidi Minahasa Utara diduga keracunan Makan Siang Gratis data per tanggal 27 November 2025. Setidaknya 3 Rumah Sakit di Sulawesi Utara dijadikan rujukan untuk merawat puluhan siswa yang keracunan pasca menyatap program Makan Bergizi Gratis. https://t.co/x17BWDI958,1996232252758622337,https://pbs.twimg.com/media/G7QKp7zakAEH8ow.jpg,,in,,0,1,0,https://x.com/undefined/status/1996232252758622337,1534435022186328064,
1995388473986142280,2025-12-03 07:18:51+00:00,2,@yaniarsim @prabowo Dapat dilihat track recordnya penghilangan aktivis di demo '98 banyak murid keracunan akibat makan siang gratis dan sekarang begitu banyak nya korban yg ditimpa musibah dianggap masih skala kecil jadi tak perlu status nya dinaikan jadi bencana nasional..NIR EMPATI,1996116905737039999,,yaniarsim,in,,0,0,0,https://x.com/undefined/status/1996116905737039999,212200948,
1884846538163130608,2025-01-31 21:16:03+00:00,0,@BaseAnakFK Sekolah fokus MBG -&gt; menunya serangga -&gt; siswanya muntah2 sampai ada yg dirujuk ke RS -&gt; gurunya sibuk ngurusin siswa lain yg keracunan -&gt; RS jg sibuk nanganin siswa Akhirnya siswa gak belajar Guru ngurusin siswa yg keracunan Nakes sibuk dg pasien (siswa) Begitu terus hari2 ,1885436908345712983,,BaseAnakFK,in,,0,0,0,https://x.com/undefined/status/1885436908345712983,1826227311030808576,
1885117432668578089,2025-01-31 04:57:17+00:00,0,@DS_yantie @ListyoSigitP Mengawal MBG jika ada kesalahan seperti siswa keracunan di situlah Polisi dapat kerjaan,1885190595100209516,,DS_yantie,in,,0,0,0,https://x.com/undefined/status/1885190595100209516,193623463,
1884879091381506198,2025-01-30 22:33:04+00:00,0,@DS_yantie Terutama yg dilapangan yg menyediakan MBG harus dibenahi spy makanan biarpun sederhana tapi higienis makanan juga hrs dicuci bersih dan dimasak matang bukan setengah matang jgn sampe anak sekolah keracunan makanan krn pengolahan dilakukan secara sembrono,1885093904892256293,,DS_yantie,in,,0,0,0,https://x.com/undefined/status/1885093904892256293,830087634709942273,
1884396768588357908,2025-01-29 06:31:15+00:00,1,@hammsqi @PonytailBaru Berarti bener bang Abu Janda itu diatas prioritas MBG Tai emang kelakuan. Lebih milih kelakuan sendiri gak kesebar daripada nasib anak Yang keracunan karna MBG ,1884489466984947732,,,in,,0,0,0,https://x.com/undefined/status/1884489466984947732,1631819627587067904,
1884248506736820400,2025-01-29 00:40:35+00:00,0,@Hilmi28 Anak gw di kasitau bkl dpt menu MBG ky gitu lsg auto mual dan gk mau sekolah ,1884401217130094675,,Hilmi28,in,,0,0,0,https://x.com/undefined/status/1884401217130094675,235207404,
1884201909827129724,2025-01-28 11:28:36+00:00,0,Wacana menu serangga dan ulat untuk MBG sebaiknya diujicobakan dulu ke azka anak @corbuzier . Kalau tdk alami gatal2 muntah dan diare berarti cocok dan enak. ,1884201909827129724,,,in,,0,0,0,https://x.com/undefined/status/1884201909827129724,1766477518784380928,
1884188682112082084,2025-01-28 10:36:03+00:00,2,Gw melarang anak anak gw makan MBG....gw sengaja suruh bawa bekal hasil masak mamaknya...gw takut anak gw keracunan https://t.co/wLcvCO1Srz,1884188682112082084,https://pbs.twimg.com/media/GiX7na7agAAM5Mi.jpg,,in,,0,1,0,https://x.com/undefined/status/1884188682112082084,1604070445720170497,
1883870918763798921,2025-01-27 13:33:22+00:00,6,Stres &amp; Sakit Jiwa Makan Bergizi Gratis Dulu Dianggarkan 15 Rb ..Lalu Turun Jadi 10 Ribu Eh Sampai Ke Siswa Cuma Seharga 5000 Rupiah Rencana Pakai Ikan / Ayam Sekarang Mau Diubah Pake Serangga.. KALAU TAK ADA DUIT HENTIKAN SAJALAH ITU MBG . . #2egin4Cantik #TimnasDay https://t.co/Egsd4lCEM6,1883870918763798921,https://pbs.twimg.com/media/GiTanU6aQAABQ4e.jpg,,in,,0,3,2,https://x.com/undefined/status/1883870918763798921,1861693973703892993,
1883751795681583363,2025-01-27 05:40:01+00:00,102,Selamat siang... Sudahkah anak2 kalian dapat jatah MBG Ulat sagu ini kaya protein asam amino minyak karbohidrat dan mineral Dijamin tdk akan keracunan... Paling cuma alergi trus biduren Bravo utk anak Indonesia cemerlang https://t.co/VoqfEUaSla,1883751795681583363,https://pbs.twimg.com/media/GiRuRX8aQAAdsq0.jpg,,in,,4,56,22,https://x.com/undefined/status/1883751795681583363,1450733210074161153,
1883741123140780383,2025-01-27 04:57:36+00:00,0,STY dipecat kasus pagar laut anak sekolah keracunan MBG penonton bayaran di istora BI korupsi dan masih banyak lagi setiap hari selalu diberikan alasan untuk rajin berdoa supaya dikabulkan bisa pindah negara secepat-cepatnya,1883741123140780383,,,in,,0,0,0,https://x.com/undefined/status/1883741123140780383,1414211796748050436,
1883477071403548872,2025-01-27 02:02:29+00:00,0,@gundamnyadia Masak ayam aja gk mateng itu vendor mbg sampe bikin anak anak keracunan? Itu bahan makanan umum dan sekarang mau serangga makanan yg gk umum mau disajikan ke anak-anak? Ngotak dikit coba.,1883697052678488156,,gundamnyadia,in,,0,1,0,https://x.com/undefined/status/1883697052678488156,379009369,
1883130687475306532,2025-01-26 08:35:46+00:00,0,@geloraco Maaf pak Presiden @prabowo diGanti aja itu Pejabat Kepala BGN. Jika Anak 2x Sekolah di kasih MBG lauknya Serangga Ulat Dll bagaimana mau Cerdas yg ada pada Keracunan. Jika Ga ada Dana ambil saja dari para Koruptor yg hartanya diSita Negara dan Hasil Tambang buat Biaya MBG. https://t.co/S0AGg0wFI3,1883433636097315114,https://pbs.twimg.com/media/GiNM59cbwAAjp9t.jpg,geloraco,in,,0,0,0,https://x.com/undefined/status/1883433636097315114,1603978502058827777,
1883373869278581065,2025-01-26 08:16:21+00:00,1,@dankuur @IndoPopBase Fokusku lebih ke mitigasi resiko (alergi) sih Mas. Soalnya sempet kejadian anak-anak keracunan trus kasusnya nguap aja. Kalau soal menu MBG disesuaikan dengan kearifan lokal sih aku setuju aja.,1883428752459468965,,dankuur,in,,0,1,0,https://x.com/undefined/status/1883428752459468965,85510114,
1883319826174890116,2025-01-26 03:56:46+00:00,1,@CakD3pp Yg dikuatirin sih risiko alerginya. Kurang puas apa MBG jadi headline anak keracunan massal.. mau ditambah alergi massal,1883363424090144936,,CakD3pp,in,,0,1,0,https://x.com/undefined/status/1883363424090144936,273977169,
1883138582199812529,2025-01-26 02:35:36+00:00,0,@Droendroen @Muhamma87797214 @prastow Jangkring kecoa babi tikus dll bisa kok jadi menu MBG Soal alergi atau keracunan ya urusan anak sekolah masing-masing lah ya,1883342998127411467,,Droendroen,in,,0,0,0,https://x.com/undefined/status/1883342998127411467,63354728,
1883242822352163219,2025-01-25 19:58:30+00:00,0,Lu makan steak 6 juta aja bisa keracunan lah gimana anak-anak yang dapet MBG? Mana udah ada kasus keracunan MBG kemaren,1883243066099904590,,smokitone,in,,0,0,0,https://x.com/undefined/status/1883243066099904590,1244601031406702593,
1883071501710377151,2025-01-25 10:59:17+00:00,3,@wan_jail @CNNIndonesia Udh dan gk ngubah opini saya. Memangnya yakin vendor yg masak mbg itu bisa ngolah serangga? Ngolah bahan makanan umum aja becus bikin keracunan ini lagi bahan makanan gk umum. Udah gitu emang anak 1 sekolahan semuanya mau dikasih makan serangga?,1883107365412815007,,rangge_10,in,,0,1,0,https://x.com/undefined/status/1883107365412815007,379009369,
1895313557723742662,2025-02-28 15:58:26+00:00,0,@aldapstsr Ada jg udah kena dampak msh ttp belain ka ga tau buzzer apa emg rada2 / Anak keracunan mbg gpp kena efisiensi/phk is ok motor/mobil rusak krn bensin oplos ttp aja ngebela Nasionalisme sama Chauvinisme emang beti,1895503839601869292,,aldapstsr,in,,0,0,0,https://x.com/undefined/status/1895503839601869292,1428267252541911045,
1895397821530132807,2025-02-28 08:57:10+00:00,0,liat berita banyak anak keracunan karena mbg asli bikin sakit bgt. kalau mbg ada permainan sehingga yg di meja anak-anak itu adalah hasil dari potongan-potongan tangan orang-orang rakus sumpah jahat bgt. dan kalau Tuhan ada dan Tuhan biarin orang-orang itu gatau lg dah gua,1895397821530132807,,,in,,0,0,0,https://x.com/undefined/status/1895397821530132807,1097464991249133573,
1895389528510128464,2025-02-28 08:24:12+00:00,0,Keracunan Usai Konsumsi MBG Belasan Murid SD di Takalar Dilarikan ke Puskesmas #NewsRCTIPlus @RCTIPlus https://t.co/iTNkS9PH5f,1895389528510128464,,,in,,0,0,0,https://x.com/undefined/status/1895389528510128464,1120911893663629312,
1895384115194585394,2025-02-28 08:02:42+00:00,0,100 Anak Sekolah Diduga Keracunan Usai Santap Makan Bergizi Gratis (MBG) Kepala BGN Angkat Suara https://t.co/i7wPulmAfy,1895384115194585394,,,in,,0,0,0,https://x.com/undefined/status/1895384115194585394,89877164,
1895264748914270577,2025-02-28 00:08:23+00:00,0,Minim Pengalaman Mitra Baru Program MBG Diduga Picu Kasus Keracunan Siswa https://t.co/ZSTY8Pvao1,1895264748914270577,,,in,,0,0,0,https://x.com/undefined/status/1895264748914270577,1854819668512702464,
1894665752168353960,2025-02-28 00:07:09+00:00,0,@BBCIndonesia Program tanpa perencanaan itu hasilnya seperti ini omonomon woe omonomon lihat ini @prabowo woe @corbuzier lu liat itu yg katanya lu mau tempeleng anak org. Klo anak lu pergi ke sekolah sehat pulang sakit garagara MBG lu masih mau diam dan dukung program yg ga jelas seperti ini.,1895264440871985550,,BBCIndonesia,in,,0,0,1,https://x.com/undefined/status/1895264440871985550,468060738,
1895137273680928867,2025-02-27 15:41:51+00:00,0,Gue ga nerima buzzer yg ngelawan statement gue soalnya ▪︎ mbg itu wajib habis. Sementara siswa kelas gue ada yg picky dan sempet ada yang muntah gara-gara mbg. Jangan bilang dia ga bersyukur mending lo aja yg makan dan rasain tuh makanan mbg buat siswa.,1895137275786461587,,delighthoon,in,,0,1,0,https://x.com/undefined/status/1895137275786461587,986521400830705665,
1895115147150270892,2025-02-27 14:47:30+00:00,58,@berlianidris @prabowo Pak .@prabowo Mohon stop dulu evaluasi programnya: - Kl mmg tujnya stunting fokus ibu hamil-1000hr prtm anak. - evaluasi dr progas dl gmn - wajibkan komite ortu di semua sekolah mereka yg monitor makanan. 1 anak keracunan/sakit krn program MBG itu sdh terlalu banyak. ,1895123599390093355,,berlianidris,in,,2,1,23,https://x.com/undefined/status/1895123599390093355,46523425,
1895109103133028666,2025-02-27 13:49:54+00:00,3,Salah satu penanggung jawab MBG di NTB apa NTT gitu malah gaslight anak-anak dengan bilang kalian aja itu yang gak biasa makan susu dan keju jadi sakit perut padahal permasalahannya adalah ayam mentah. Gak ada dikasih keju dan susu di hari tsb bahkan. Gaslight terus.,1895109103133028666,,,in,,0,1,0,https://x.com/undefined/status/1895109103133028666,875618863433498625,
1894991755151581557,2025-02-27 13:32:28+00:00,0,@TirtoID Sebenarnya bagi publik masalah-masalah teknis itu urusanmu. Bagi publik yang penting itu hasil akhirnya mbg yg dibagikan ke anak-anak hrs dalam kondisi layak konsumsi: tidak basi tidak bikin keracunan tidak dalam kondisi daging mentah dll.,1895104718709629253,,TirtoID,in,,0,0,0,https://x.com/undefined/status/1895104718709629253,344601410,
1894665752168353960,2025-02-27 12:17:59+00:00,0,@BBCIndonesia Program MBG layak untuk di-evaluasi bahkan dihentikan. Mengatasi stunting ? Nggak. Pencegahan stunting seharusnya di usia anak 1.000 hari pertama. Adil ? Nggak. Siswa anak orang kaya juga jadi penerima MBG. Aman ? Nggak. Nyatanya banyak yang keracunan... ,1895085971370319991,,BBCIndonesia,in,,0,0,0,https://x.com/undefined/status/1895085971370319991,1502779696152412160,
1894568064387051961,2025-02-27 10:06:11+00:00,0,@ARSIPAJA Saya sudah berpesan kepada kedua anak saya kalau dapat MBG jangan dimakan. Khawatir keracunan......Dah gitu aja. SELAMATKAN ANAK KALIAN MASING MASING.,1895052803665785122,,ARSIPAJA,in,,0,0,0,https://x.com/undefined/status/1895052803665785122,106612020,
1894991755151581557,2025-02-27 09:58:06+00:00,0,@TirtoID siswa setelah mengupload daging mentah dari MBG : ga keracunan ak mw lg ,1895050770581725377,,TirtoID,in,,0,0,0,https://x.com/undefined/status/1895050770581725377,1248780500694495233,
1894540267015082258,2025-02-27 07:27:31+00:00,0,@TOM5helby Kondisi psikologis anak anak yg keracunan MBG tdk bisa disepelekan @KPAI_official . Ini programnya pemerintah looh !!,1895012875632287933,,TOM5helby,in,,0,0,0,https://x.com/undefined/status/1895012875632287933,1654714618768674816,
1894970937356984444,2025-02-27 04:40:52+00:00,0,Dari sebelum pelaksanaan MBG ramai natizen termasuk saya banyak kali memprotes program MBG karena berpotensi besar akan berlaku KERACUNAN MAKANAN yg boleh membawa diantara siswa/siswa akan kehilangan nyawa.. ini buktinya baru saja dilaksanakan MBG sdh ramai korban MBG..,1894970937356984444,,,in,,0,0,0,https://x.com/undefined/status/1894970937356984444,1854759002686844928,
1894685149528195171,2025-02-27 04:19:44+00:00,0,@tanyakanrl Smoga makan gratisnya aman y pak gk mbg yang bikin anak keracunan dan porsi cuma seuprit itu,1894965618673361027,,tanyakanrl,in,,0,0,0,https://x.com/undefined/status/1894965618673361027,1533517798810714112,
1906223300746887640,2025-03-31 12:50:12+00:00,3,@yoga883031 @Mdy_Asmara1701 Lu gak sakit ati seorang ibu meninggal ngantri gas seorang bapak punya anak di lay out beasiswa putus kesehatan bukan prioritas anak anak keracunan mbg job untuk rakyat di berikan tentara presiden bilang rakyat anjing wapres selalu keliatan kaya bangun tidur. Kau sakit,1906690491275706505,,yoga883031,in,,0,0,0,https://x.com/undefined/status/1906690491275706505,1647859289393078272,
1905922412249752044,2025-03-29 09:58:08+00:00,0,masih banyakan siswa siswi yg keracunan program MBG,1905922412249752044,,,in,,0,0,0,https://x.com/undefined/status/1905922412249752044,1067696416535920640,
1905467348162936884,2025-03-29 07:27:59+00:00,2,@AgustianaTian Betul. Makanan basi atau ada anak keracunan saat MBG aja yg disalahkan anaknya &amp; yg merekam. Bukan mengubah sistemnya sehingga tidak terjadi hal2 seperti itu lagi.,1905884625584484638,,AgustianaTian,in,,0,1,0,https://x.com/undefined/status/1905884625584484638,745206523765231617,
1905591539855749463,2025-03-29 05:28:41+00:00,0,@asumsico Belajar dr Indonesia utk tekornya dampak dari MBG ini efisiensi anggaran shgga byk proyek pembangunan yg blm nampak dan merata lbh bagus pendidikan gratis dan kesehatan gratis dg demikian tgkt SDM Masy meningkat MBG byk siswa keracunan blm dibawah gizi,1905854606766407723,,asumsico,in,,0,0,0,https://x.com/undefined/status/1905854606766407723,1721119594914734080,
1905732427475202143,2025-03-28 21:23:12+00:00,277,Bayangin banyak bobrok program MBG sampai ada kasus anak keracunan sementara presidennya sibuk berdelusi kayak gini Bahayanya negara disetir sama diktator. Udah lah anti-kritik grandiose delusion pula,1905732427475202143,,,in,,1,3,166,https://x.com/undefined/status/1905732427475202143,1206518264811020289,
1904159295408861664,2025-03-26 05:31:37+00:00,0,@curvboyzzz @tang__kira faktanya malah banyak anak-anak keracunan gara-gara MBG yg basi makanan masih panas tapi langsung di bungkus (tutup rapat) pas di makan jadi basi. kalo nembak masyarakat wallahi deh.... ,1904768177432912029,,curvboyzzz,in,,0,1,0,https://x.com/undefined/status/1904768177432912029,1252169013162946560,
1903014236030161057,2025-03-25 00:15:32+00:00,0,@hxxguu_ kata siapa gw iri? cieee fitnah lagi nih kata siapa orang ribut karena ga terima kalah? PEDULI AMA RAKYAT LAH BANGG KASIAN ANAK ORANG KERACUNAN MBG KASIAN MAK BAPAKNYE DIPECAT KRN EFISIENSI ADA GA FAKTA DAN BERITA BAIK SEMENJAK 02 MENJABAT? JGN BUTA.,1904326247297261908,,hxxguu_,in,,0,3,0,https://x.com/undefined/status/1904326247297261908,1466302822782173184,
1904012945811763559,2025-03-24 03:30:35+00:00,0,Gak punya pekerjaan gak punya penghasilan lalu mati kelaparan itu gpp Yang penting anak dapat mbg Yang sebentar lagi juga pasti akan wafat karena keracunan atau kehabisa dan buat MBG Ha ha ha Preketek Gak gini ya caranya buat mengendalikan over populasi,1904012945811763559,,,in,,0,0,0,https://x.com/undefined/status/1904012945811763559,47775833,
1903930429180363196,2025-03-23 22:02:42+00:00,1,*inhale exhale* pertama gizi adek yang mana yang diperbaiki? Kalau kalian aktif update tentang MBG harusnya tau kalau MBG masih banyak kasus yang pembagian masih belum merata makanan tidak tersaji dengan baik banyak kasus BASI banyak anak yg keracunan ,1903930429180363196,,,in,,0,1,0,https://x.com/undefined/status/1903930429180363196,916869537324134403,
1902674223052755140,2025-03-23 06:32:15+00:00,0,@xsupreme990 @Djezitkw @romoatheist @prabowo @Puspen_TNI @DivHumas_Polri Faktanya begitu. Program g ngotak ngabisin APBN dan hasilnya keracunan. Ilmu gratis jadi tau makan gratis jadi tau. Emang tnpa MBG anak mu g makan ya selama ini? Mngkin iya tpi itu cma terjadi d pulau Jawa. Jawa terkenal pejabatnya korup dri jman dlu dan jelata doyan bansos.,1903696272810520596,,xsupreme990,in,,0,1,0,https://x.com/undefined/status/1903696272810520596,1854142723454107648,
1903461902791160255,2025-03-22 15:00:56+00:00,0,mbg yang makanannya basi itu sampe siswa keracunan?,1903461902791160255,,,in,,0,0,0,https://x.com/undefined/status/1903461902791160255,420036750,
1902674223052755140,2025-03-22 12:52:23+00:00,0,@Yasrizal1182691 @Djezitkw @romoatheist @prabowo @Puspen_TNI @DivHumas_Polri Ciri ciri orang yg pola fikirnya bloon itu ya kaya elu para pengusaha blm dibayar?? Wong pemerintah langsung beli ke petani dan Dapur yg bekerja sama dgn program MBG sudah daftar secara khusus. Wkwkwk tolol lu. Di daerah gua gk ada tuh keracunan. Ngarang bebas anak abah,1903429552061526277,,Yasrizal1182691,in,,0,1,0,https://x.com/undefined/status/1903429552061526277,1835164030446845958,
1903391037902700765,2025-03-22 10:19:21+00:00,0,Karut marut Program MBG bahkan banyak penolakan dari para siswa belum lagi ada yang keracunan. Masa sih mau dijadikn fokus studi bagi pimpinan dunia itu. Yang benar aja? https://t.co/unDRiOxm7k,1903391037902700765,https://pbs.twimg.com/media/Gmo0C-FboAAFi4m.jpg,,in,,0,0,0,https://x.com/undefined/status/1903391037902700765,1471082246232686592,
1903051462932054438,2025-03-22 09:28:16+00:00,0,@TirtoID apaan yang mau dipelajari sih? anak-anak keracunan abis makan mbg tuh yang mau dipelajari???,1903378183451504860,,TirtoID,in,,0,0,0,https://x.com/undefined/status/1903378183451504860,1572624322304569344,
1903325244787511785,2025-03-22 05:57:55+00:00,0,Presiden merespon kritik rakyat dgn ndasmu &amp; biarkan anjing menggonggong . Staf Menhan merespon kualitas rendah &amp; keracunan pada program MBG dgn ngata2in anak kecil Kepala lu PE-A! Kepala komunikasi merespon teror kepala babi dengan Dimasak saja Disgusting human being,1903325244787511785,,,in,,0,0,0,https://x.com/undefined/status/1903325244787511785,1930935938,
1917725077417910708,2025-04-30 23:37:42+00:00,0,Ga peduli jujur negara udah sehancur ini ga ada perlindungan buat rakyat sipil bahkan untuk anak dan perempuan. NGAPAIN GUE MIKIRIN ALAT KELAMIN LAKI?!!! Buang waktukalo gue punya tenaga dan waktu gue mau bela anak keracunan MBG dan perempuan yg dilecehin KAUM TAHE INI,1917725077417910708,,,in,,0,0,0,https://x.com/undefined/status/1917725077417910708,1333763368423866374,
1917720711034294297,2025-04-30 23:20:21+00:00,5,342 Siswa dan 2 Guru SMPN 35 Jl. Dago Pojok Bandung Keracunan Makanan MBG Meski ratusan siswa terdampak tidak ada yang dirawat inap. Semua menjalani pengobatan mandiri di rumah atau puskesmas. https://t.co/JKy7Vg2Fyi https://t.co/y4qHjr39ap,1917720711034294297,https://pbs.twimg.com/media/Gp0c0tfaYAM-pyR.jpg,,in,,1,2,0,https://x.com/undefined/status/1917720711034294297,2395238000,
1917451142969319540,2025-04-30 22:32:05+00:00,0,@Arie_Kriting Stop saja MBG lindungi siswa dari trauma keracunan. https://t.co/G1r6Myk7tK,1917708562509488317,https://pbs.twimg.com/media/Gp0Rq7GbkAAokxA.jpg,Arie_Kriting,in,,0,0,0,https://x.com/undefined/status/1917708562509488317,1846749067864625153,
1917591637934628906,2025-04-30 14:47:28+00:00,0,reassurance buat ngasih 100% gizi yang baik buat anak dari program mbg. DAN ITU EMANG UDAH SEHARUSNYA BEGITU. ada anak keracunan tapi masih disuruh kasih apresiasi karna 99.5% nya ga keracunan tuh menurutku tolol sih,1917591637934628906,,,in,,0,0,0,https://x.com/undefined/status/1917591637934628906,1861868978182017025,
1917567180993941718,2025-04-30 14:39:09+00:00,0,@tanyakanrl Apasih bocah ngentotttt lo pikir anak anak kemaren keracunan karna apa? Terus dana mbg yang dikorup itu gimana? Muke lu kek pepek memang buzzer tolol mati lu selama lamanya di neraka,1917589545853542738,,tanyakanrl,in,,0,0,0,https://x.com/undefined/status/1917589545853542738,1861388147474735104,
1917567180993941718,2025-04-30 14:13:43+00:00,1,@tanyakanrl yaampun betul nder itu yang masuk tipi yang gak masuk tipi ya yang buat anak anak keracunan kayak di banyak berita itu tuh. 1 5 juta anak KERACUNAN MBG,1917583144896848262,,tanyakanrl,in,,0,0,1,https://x.com/undefined/status/1917583144896848262,554535064,
1917581844851351644,2025-04-30 14:08:33+00:00,0,Sebanyak sepuluh siswa Sekolah Dasar (SD) di Kabupaten Bombana Sulawesi Tenggara mengalami muntah-muntah usai menyantap menu program Makan Bergizi Gratis (MBG) pada Rabu (23/4/2025) pagi. Insiden tersebut terjadi di SD Negeri 33 Kasipute. https://t.co/cyeKojRTxe,1917581844851351644,https://pbs.twimg.com/media/GpyehT0a4AAJ_-M.jpg,,in,,0,0,0,https://x.com/undefined/status/1917581844851351644,365332334,
1917581461764583429,2025-04-30 14:07:02+00:00,0,Program Makan Bergizi Gratis (MBG) yang dicanangkan pemerintah untuk mendukung pemenuhan gizi siswa sekolah kembali menjadi sorotan. Ini terjadi setelah insiden keracunan massal melanda Kabupaten Cianjur Jawa Barat. https://t.co/YX88eG1dax,1917581461764583429,https://pbs.twimg.com/media/GpyeJR-bsAAXr_2.jpg,,in,,0,0,0,https://x.com/undefined/status/1917581461764583429,365332334,
1917069978085523718,2025-04-30 12:24:02+00:00,0,@5lamate @txtdrimedia Oh berarti harusnya yang keracunan siswa aja nih Oke siap another penyefunk MBG dengan pemikiran Tolol bin idiot,1917555544052883608,,5lamate,in,,0,0,0,https://x.com/undefined/status/1917555544052883608,1841844252441276416,
1917544129938219251,2025-04-30 11:38:42+00:00,0,Dalam hitungan TheStanceID dengan jumlah siswa penerima layanan MBG yang telah mencapai 3 juta siswa maka tingkat keracunan 0 5% itu setara dengan 15.000 siswa.,1917544132509327711,,thestanceid,in,,0,1,0,https://x.com/undefined/status/1917544132509327711,1820883734310350858,
1917544129938219251,2025-04-30 11:38:41+00:00,0,Lagi-lagi kasus keracunan makanan terjadi di siswa penerima Makan bergizi gratis (MBG). Badan Gizi Nasional bilang tingkat keracunan dari suplemen ini cuma 0 5%. Yuk kita bahas,1917544129938219251,,,in,,0,1,0,https://x.com/undefined/status/1917544129938219251,1820883734310350858,
1917540348102074620,2025-04-30 11:23:39+00:00,0,Cuk drpd lu ngurusin beginian lu urusin tujuan utama MBG lu deh. Byk anak yg keracunan gara2x MBG lu.,1917540348102074620,,,in,,0,0,0,https://x.com/undefined/status/1917540348102074620,85811655,
1917534481969471703,2025-04-30 11:09:02+00:00,0,Keracunan MBG nol koma sekian persen; ngamuk katanya jangan dilihat statistiknya ada yg sulit hidup karena anak berentet sampe makan kertas; aman TFR masih 2 koma Badut,1917536668535644385,,bualfi,in,,0,1,1,https://x.com/undefined/status/1917536668535644385,1515680889488826368,
1917518920841584946,2025-04-30 09:58:31+00:00,0,makin gaje aja dah ini. makanan rawan bgt terkontaminasi bakteri. g tau masaknya dan bahannya gimana. sering bgt org keracunan. sekoLah anak gw ada catering dr skoLah (bkn MBG). dibawah pengawasan dokter gizi menu dikirim tiap buLan. ini buat anak Loh,1917518920841584946,,,in,,0,0,0,https://x.com/undefined/status/1917518920841584946,380400250,
1928762954016764288,2025-05-31 16:22:29+00:00,2,@Ndons_Back @prabowo @are_inismyname @florieliciouss @BANGSAygSUJUD @99propaganda @Kimberley_PS08 @IrawanRommi @DarekaRendy @bengkeldodo Yg siswa keracunan MBG gk loe up???? Maunya berita yg bagus bagus aja ,1928849574346547640,,Ndons_Back,in,,0,2,0,https://x.com/undefined/status/1928849574346547640,1509169742258466819,
1928746495009837467,2025-05-31 14:49:09+00:00,0,@CNNIndonesia Sementara MBG ada bnyak anak keracunan karena tdk layak,1928826084792889534,,CNNIndonesia,in,,0,0,0,https://x.com/undefined/status/1928826084792889534,1796924221362491392,
1928690218976367039,2025-05-31 09:45:30+00:00,8,@chrono_joe @archvidz @IndoPopBase tapi perencanaan di 2026 should be bercermin dari situasi pelaksanaan di tahun2 sebelumnya ga sih? di saat banyak orang yg dirugikan anak keracunan gaji pengelola MBG ga turun kenapa malah makin kenceng uangnya disalurkan ke situ? bukti nyata nilai positifnya tuh mana?,1928749671146479865,,chrono_joe,in,,0,1,1,https://x.com/undefined/status/1928749671146479865,1272543914340147202,
1928392631115293176,2025-05-31 09:21:21+00:00,0,@Putra_Adi_YM @Ndons_Back @prabowo @are_inismyname @florieliciouss @BANGSAygSUJUD @99propaganda @Kimberley_PS08 @IrawanRommi @DarekaRendy @bengkeldodo @aniesbaswedan oh elu yg nuangin ke gelas cantik ya om? okelah kalau begitu sesat dan menyesatkan itu ketika MBG banyak siswa keracunan kritik dong ah,1928743593168036098,,Putra_Adi_YM,in,,0,0,0,https://x.com/undefined/status/1928743593168036098,1165950560157061120,
1928717805202928025,2025-05-31 07:38:53+00:00,0,yaela kayak rakyat peduli anjir. terserah lu mau minum bensin juga kita gak peduli. pikirin noh anak-anak yg keracunan mbg sama ekonomi yg lemah,1928717805202928025,,,in,,0,0,0,https://x.com/undefined/status/1928717805202928025,1676397814920925187,
1928712539581358251,2025-05-31 07:17:57+00:00,1,Program makan bergizi gratis (MBG) nyata² 'membunuh' usaha katering yang ada di sekolah. Dan MBG ini udah banyak kasus keracunan dikarenakan makanan udah basi yg dipaksakan dimakan siswa. #HapusMBG,1928712539581358251,,,in,,0,1,1,https://x.com/undefined/status/1928712539581358251,44520395,
1928709833295016176,2025-05-31 07:07:12+00:00,1,Ingat guess n perlu dipahami Program makan bergizi gratis memiliki tujuan mulia guna meningkatkan gizi anak-² mengenai masalah keracunan terjadi akibat ksalahan dlm pengelolaan makanan jadi bukan MBGnya yg salah. Lanjutkan MBG #MBGUntukMasaDepanHebat . Libur Don CeraVe FOTFOT https://t.co/D7QR42f2l7,1928709833295016176,https://pbs.twimg.com/ext_tw_video_thumb/1928709736867966976/pu/img/rPmfN9nX36_eSRFW.jpg,,in,,0,0,0,https://x.com/undefined/status/1928709833295016176,1307860511317352450,
1928612575719174578,2025-05-31 04:02:53+00:00,0,@ageustus @T4atak Wkwkkw disatu sisi keberhasilan MBG 99% padahal... siswa banyak yg keracunan makanan banyak yg basi upah pekerja buat mbg juga ga jelas sistem gaji dan sop. Ttp koar2 kita ini BANGSA YG BESAR PRET,1928663446330933459,,ageustus,in,,0,1,0,https://x.com/undefined/status/1928663446330933459,1385981271143190532,
1928255041535889621,2025-05-31 00:31:45+00:00,0,@muhamad_rizqi_a @ARSIPAJA Keracunan 0.5 persen itu tetap harus ditangani tapi jangan jadikan itu alasan buat hentikan program yang bantu jutaan anak. Lanjutkan MBG,1928610316453056565,,muhamad_rizqi_a,in,,0,0,0,https://x.com/undefined/status/1928610316453056565,2758947843,
1928255041535889621,2025-05-30 10:26:52+00:00,0,@smeraalldo @ARSIPAJA Siswa yang keracunan MBG sudah diurus dengan yang terbaik. Lanjutkan MBG,1928397691563770252,,smeraalldo,in,,0,0,0,https://x.com/undefined/status/1928397691563770252,1725661893698912256,
1928255041535889621,2025-05-30 07:44:08+00:00,0,@muhamad_rizqi_a @SkeptisU @ARSIPAJA Efek mati rasa statistik (psychic numbing) terjadi saat angka besar penderitaan seperti korban konflik Palestina-Israel atau keracunan MBG di Indonesia mengurangi empati. Misalnya ribuan korban di Palestina sulit dipahami secara emosional dibandingkan kisah satu anak seperti,1928356741043081310,,muhamad_rizqi_a,in,,0,0,0,https://x.com/undefined/status/1928356741043081310,1720665183188922368,
1928354728100122668,2025-05-30 07:36:08+00:00,1,walaa pantesan nyawa anak yg keracunan MBG kemaren ga ngaruh ternyata nyawa warga palestina juga gada harga dirinya,1928354728100122668,,,in,,0,13,0,https://x.com/undefined/status/1928354728100122668,1235478845047705605,
1927894660761911372,2025-05-30 03:15:42+00:00,0,@txtdrimedia Kenapa ratusan siswa yg keracunan akibat menerima MBG tidak di klaim https://t.co/Nn43m3bMFB,1928289185628049783,https://pbs.twimg.com/tweet_video_thumb/GsKoyWNaUAE2sp3.jpg,txtdrimedia,in,,0,0,0,https://x.com/undefined/status/1928289185628049783,1676223554025832449,
1928233431625834609,2025-05-29 23:34:09+00:00,0,Mending diem dah lu pak boro2 tinggi anak2 yg pernah keracunan MBG &amp; masih hidup aja dah syukur. Jangan samain menu &amp; kualitas MBG pmerintah konoha ama menu makanan anak lu yg pasti dr segi porsi gizi &amp; rasa pasti beda.,1928233431625834609,,,in,,0,0,0,https://x.com/undefined/status/1928233431625834609,352342562,
1928210750981468563,2025-05-29 23:27:21+00:00,0,@cint_aNKRI mbg yg lu banggakan itu buat siswa keracunan buzzer tolol,1928231721360601130,,cint_aNKRI,in,,0,0,0,https://x.com/undefined/status/1928231721360601130,1340205696575447040,
1927916126165487807,2025-05-29 22:59:20+00:00,0,@reywxc @wordfangs Bahkan klo warga Indo yg kena serang isn'treal juga itu ndut gabakal buka mata. Hell anak-anak keracunan gegara MBG juga dia ga peduli njing.,1928224671368884330,,reverstappen,in,,0,1,0,https://x.com/undefined/status/1928224671368884330,1077111625197338625,
1939594758563008575,2025-06-30 08:00:01+00:00,0,Lonjakan kasus keracunan makanan dalam Program Makan Bergizi Gratis (MBG) menyoroti celah besar dalam pengawasan keamanan pangan di sekolah. Dari kualitas bahan hingga manajemen dapur dan penyimpanan setiap tahapan perlu dievaluasi ulang secara menyeluruh. Ribuan siswa terdampak https://t.co/oSIZgeLGx9,1939594758563008575,https://pbs.twimg.com/media/GurQCTfaYAAnh3c.jpg,,in,,0,1,2,https://x.com/undefined/status/1939594758563008575,3146528560,
1939348941495325139,2025-06-29 15:43:13+00:00,0,Lmao the comments nggk paham lagi sama buzzerrp MBG saban hari isinya berita anak keracunan makanan diganti upf yg jelas2 nggk ada gizinya Makan noh uang haram klean,1939348941495325139,,,in,,0,0,0,https://x.com/undefined/status/1939348941495325139,1271738260314701824,
1939111578659438870,2025-06-29 04:37:13+00:00,1,@prodzara @ARSIPAJA Sama dengan kelompok antivaksin yg terjadi saat covid padahal hanya berdasarkan rumor isu yg sulit dibuktikan maka bayangkan besarnya kelompok anti mbg yg didasarkan pada fakta keracunan yg benar terjadi walaupun dibantah hanya 0 001% tapi itu ratusan siswa,1939181336063070656,,zarayaaa__,in,,0,1,0,https://x.com/undefined/status/1939181336063070656,1305649773706317825,
1939111578659438870,2025-06-29 00:44:06+00:00,9297,@ARSIPAJA Lha mubadzir donk? Mbg buat anak sekolah aja banyakan kebuang apa lagi pas libur sekolah? Ini bukan program bodoh lagi program sakit jiwa,1939122671943590166,,ARSIPAJA,in,,9,39,381,https://x.com/undefined/status/1939122671943590166,957675083081826305,
1938180912224870579,2025-06-27 04:21:36+00:00,0,@BudiBukanIntel MBG aja dijalanin MBG yg banyak basi dan buat siswa keracunan itu MBG yg sekarang udah jadi Makanan Berkemasan itu MBG yg kadar gizinya sangat amat absurd itu MBG yg flow finansialnya banyak masalah itu wkwkwk,1938452632311566465,,BudiBukanIntel,in,,0,0,0,https://x.com/undefined/status/1938452632311566465,1604849394498514944,
1938074540497854574,2025-06-26 19:26:03+00:00,0,@DoankWarto Semua program besar pasti rawan ditunggangi tapi solusinya bukan dibubarin tapi dibenerin. Masa anak kecil harus stop makan cuma karena lo sakit hati sama pejabat? Lanjutkan MBG.,1938317853197025602,,DoankWarto,in,,0,0,0,https://x.com/undefined/status/1938317853197025602,2249878513,
1938102270421569692,2025-06-26 08:47:36+00:00,0,@DS_yantie Ingat ingat Pak Bowo. Ribuan siswa sekaligus rakyatmu keracunan karena MBG.,1938157181997920483,,DS_yantie,in,,0,0,0,https://x.com/undefined/status/1938157181997920483,1287191143571025921,
1938020804165558757,2025-06-26 05:23:54+00:00,8,@ardisatriawan Berdasarkan info dari sepupu yg kerja di dapur MBG karena katanya mau tutup buku udah mau akhir tahun ajaran jadi banyak yg dikasihnya mentahan/kayak souvenir anak ultah jadi mungkin dari itu minim berita keracunan kan bukan masakan wkwkwk,1938105922578211069,,ardisatriawan,in,,0,0,0,https://x.com/undefined/status/1938105922578211069,421790392,
1938020804165558757,2025-06-26 05:13:14+00:00,6,@ardisatriawan Lagi liburan sekolah mas... sama seperti bulan Maret berita keracunan MBG juga berkurang karena anak sekolah lagi puasa... ,1938103234943652043,,ardisatriawan,in,,0,0,0,https://x.com/undefined/status/1938103234943652043,80559922,
1938103088365375951,2025-06-26 05:12:39+00:00,1,Wajib dibaca dan perlu untuk mengetahui carut marut Kupas Tuntas Ribuan siswa keracunan Makan Bergizi Gratis orang tua trauma dan larang anaknya konsumsi MBG 'Bukannya meringankan malah mau membunuh https://t.co/4uAWXc2DBT,1938103088365375951,,,in,,0,0,0,https://x.com/undefined/status/1938103088365375951,232887930,
1938086852613063111,2025-06-26 04:20:27+00:00,4,@04_zainal Bikin gaduh menteri2 titipan Jokowi Berbicara Bikin rakyat naik pitam.. Berbicara seperti anak lulusan SD Menteri2 titipan Jokowi. Contoh. Makan MBG badan murid2 Cepat tinggi. Lalu murid keracunan MBG karena makan tidak pake sendok. Secepatnya Resapel...,1938089952887353586,,,in,,0,1,1,https://x.com/undefined/status/1938089952887353586,1705475303571861504,
1937690202719285620,2025-06-25 12:24:28+00:00,0,@BBCIndonesia Lagi ??? Mau berapa kali lagi kejadian keracunan makanan MBG akan diulang ??? Mau berapa lagi jumlah anak-anak yg harus menderita karena keracunan MBG ???,1937849370709459202,,BBCIndonesia,in,,0,0,0,https://x.com/undefined/status/1937849370709459202,2500007743,
1937718489235837262,2025-06-25 12:20:27+00:00,0,@Ary_PrasKe2 @Anak__Ogi @AntoniusCDN @HarryPattyRM00 @jhonsitorus_19 @newIding30 @sami86pilang MBG gak efektif dan gak efisien serta kurang hygenis.....akan lebih aman di kelola ortu siswa masing-2 di rumah selama ini orang tua memberikan asupan gak ada masalah keracunan dll...cuma MBG di mana -2 terjadi kasus.,1937848361308258579,,Ary_PrasKe2,in,,0,0,0,https://x.com/undefined/status/1937848361308258579,1699184086408142848,
1937819059871240551,2025-06-25 10:24:01+00:00,0,Ribuan siswa keracunan Makan Bergizi Gratis orang tua trauma dan larang anaknya konsumsi MBG 'Bukannya meringankan malah mau membunuh' https://t.co/jv6XI3lrwu,1937819059871240551,,,in,,0,0,0,https://x.com/undefined/status/1937819059871240551,359761478,
1937790620762067077,2025-06-25 08:31:01+00:00,0,Ribuan siswa keracunan Makan Bergizi Gratis orang tua trauma dan larang anaknya konsumsi MBG 'Bukannya meringankan malah mau membunuh' Killing field be like... https://t.co/okYDpStI8p,1937790620762067077,https://pbs.twimg.com/media/GuRp74naAAAUmxw.png,,in,,0,0,0,https://x.com/undefined/status/1937790620762067077,1311183942037327872,
1937718489235837262,2025-06-25 08:10:04+00:00,0,@Ary_PrasKe2 @Anak__Ogi @AntoniusCDN @HarryPattyRM00 @jhonsitorus_19 @newIding30 @sami86pilang Lebih sehat lebih bersih bahkan lebih aman kalo dana MBG di salurkan ke masing-masing ORTU nya siswa . Tidak ada yg keracunan &amp; meragukan. Tidak ada proyek yg di untungkan . Tidak ada dapur raksasa. Dll.,1937785351541797085,,Ary_PrasKe2,in,,0,0,0,https://x.com/undefined/status/1937785351541797085,1043890523495264256,
1951067387786305819,2025-07-31 23:48:09+00:00,0,Capek banget dari mulai PPN 12% MBG Keracunan (Tasikmalaya tuh ratusan siswa) hal-hal yg ga usah diumumkan dulu kalau belum fix banget media juga pake dong status quo jurnalistik nih narasumber relevan &amp; ahli bukan ? oh responnya kok ngaco ga usah di wawancara &amp; ga dimuatlah.,1951067389891891455,,repakustipia,in,,0,0,0,https://x.com/undefined/status/1951067389891891455,311250510,
1950852189850931326,2025-07-31 17:53:46+00:00,1,@nntweetnn @KemenkesRI @Kemdikdasmen @PPATK @DPR_RI @WHO Saya yakin audit independen dan transparansi sangat krusial untuk atasi isu MBG dan PPATK. Audit oleh pihak ketiga seperti BPK atau lembaga internasional bisa ungkap akar masalah seperti higiene buruk di MBG (laporan BBC: ribuan siswa keracunan sejak Jan 2025) dan dampak blokir,1950978205197934794,,nntweetnn,in,,0,1,0,https://x.com/undefined/status/1950978205197934794,1720665183188922368,
1950860296492360149,2025-07-31 14:20:25+00:00,0,@VIVAcoid Apa hubungan kehadiran siswa dengan adanya Program MBG? Siswa itu sudah wajib hadir kesekolah ada atau tidak MBG. Siswa tidak hadir karena sakit atau apa dan kalau tidak ada kendala ya mmg wajib ke sekolah. Jujur bingung aku dengan pernyataan itu,1950924513866314235,,VIVAcoid,in,,0,0,2,https://x.com/undefined/status/1950924513866314235,741631849244413957,
1950910258542690800,2025-07-31 13:23:46+00:00,0,Kepala BPOM Ungkap Penyebab Ratusan Siswa di Kupang Keracunan MBG: Makanan Basi Jadi Biang Kerok https://t.co/i9xOPbKtu1 Kamis | MBG | Pak Prabowo,1950910258542690800,,,in,,0,0,0,https://x.com/undefined/status/1950910258542690800,1912027937676853249,
1950907729088024827,2025-07-31 13:13:43+00:00,20,Ya jelaslah ortunsiswa masih takut dan trauma kalo anak-anak mereka bakal keracunan lagi. Emang kudu direview lagi nih MBG sampe ditolak gitu ,1950907729088024827,,,in,,0,0,12,https://x.com/undefined/status/1950907729088024827,77654478,
1950901448486924615,2025-07-31 12:48:45+00:00,1,Pak @prabowo itu ada anak anak bangsa yg masih kecil di NTT bisa keracunan makanan dari program MBG. Siapa sih pak yg tidak serius mendukung program bapak sehingga tidak berjalan dgn baik. 250 anak bangsa kita pak yg menjadi masa depan bangsa ini juga,1950901448486924615,,,in,,0,0,0,https://x.com/undefined/status/1950901448486924615,1807399726826082304,
1950898965131542935,2025-07-31 12:38:53+00:00,24,MBG ditolak orangtua siswa di Kupang? Usai 140 siswa keracunan di SMP Negeri di Kupang NTT para orangtua memilih menolak MBG. Nah lo ! Sc: kompastv https://t.co/5ZxILqaKum,1950898965131542935,https://pbs.twimg.com/amplify_video_thumb/1950898887113510912/img/FveM6TGtH-fVjv9p.jpg,,in,,3,4,15,https://x.com/undefined/status/1950898965131542935,1461335777158172674,
1950896727319273531,2025-07-31 12:30:00+00:00,0,Menteri PPPA Sebut Ada Evaluasi Usai Sejumlah Anak Keracunan MBG https://t.co/kxwevNFEOr,1950896727319273531,,,in,,0,0,0,https://x.com/undefined/status/1950896727319273531,4187275698,
1950860296492360149,2025-07-31 12:11:41+00:00,2,@VIVAcoid Habis ini muncul data anak anak menjadi lebih sehat dan tingkat absensi Krn sakit hampir nol persen sejak ada program ini. Tahun depan muncul data rata rata IQ nasional naik drastis Sungguh luar biasa program ini!! Begitulah kira kira statement nyinyir yg gak setuju MBG,1950892116529348820,,VIVAcoid,in,,0,0,1,https://x.com/undefined/status/1950892116529348820,1397457447313231873,
1950889182538424381,2025-07-31 12:00:01+00:00,0,Dinkes Kulonprogo Investigasi Puluhan Siswa Keracunan MBG Sampel Akan Diuji di Laboratorium https://t.co/mNMfAibu4E,1950889182538424381,,,in,,0,0,0,https://x.com/undefined/status/1950889182538424381,132078023,
1950852189850931326,2025-07-31 11:41:17+00:00,1,@nntweetnn @KemenkesRI @Kemdikdasmen @PPATK @DPR_RI @WHO Semoga tag ini menarik perhatian mereka untuk segera bertindak. Berdasarkan laporan terbaru (Tempo Jakarta Globe Juli 2025) kasus keracunan MBG capai ratusan siswa di 10 provinsi akibat higiene buruk; PPATK blokir jutaan rekening tapi banyak dikritik karena rugikan warga,1950884466551058630,,nntweetnn,in,,0,1,0,https://x.com/undefined/status/1950884466551058630,1720665183188922368,
1950734474062491761,2025-07-31 10:43:11+00:00,0,@WagimanDeep212_ Karena koruptor di tembak mati negaranya punya duit anak sekolah makannya bergizi di sini keluarga koruptor hedon MBG cuma nama dan yang ada keracunan ,1950869845974614516,,WagimanDeep212_,in,,0,0,0,https://x.com/undefined/status/1950869845974614516,1873302486074953728,
1950864181252497891,2025-07-31 10:20:40+00:00,0,Polisi Selidiki Penyebab Siswa di Manokwari Keracunan MBG Sampel Makanan Diuji Lab https://t.co/lxpxaprHTR,1950864181252497891,,,in,,1,0,0,https://x.com/undefined/status/1950864181252497891,1578222594,
1950859200722292978,2025-07-31 10:00:53+00:00,0,BPOM Ungkap Dugaan Penyebab Siswa Keracunan MBG di Kupang https://t.co/r5mbS9nMUx,1950859200722292978,,,in,,0,0,1,https://x.com/undefined/status/1950859200722292978,104446991,
1950856969696559326,2025-07-31 09:52:01+00:00,3,Siswa dari dua SMP di Wates Kulon Progo mengeluhkan sakit perut hingga diare setelah menyantap menu Makan Bergizi Gratis. Penyedia MBG bagi dua sekolah tersebut buka suara. via @detikjogja_ https://t.co/80vFwPZJvY,1950856969696559326,,,in,,1,0,1,https://x.com/undefined/status/1950856969696559326,69183155,
1950855707806359738,2025-07-31 09:47:00+00:00,0,BPOM RI sudah mengantongi hasil uji laboratorium sampel menu makan bergizi gratis (MBG) yang diduga membuat ratusan siswa di SMPN 8 Kupang mengalami keracunan. https://t.co/eojYSmRDeH,1950855707806359738,,,in,,1,0,2,https://x.com/undefined/status/1950855707806359738,69183155,
1950852189850931326,2025-07-31 09:34:48+00:00,2,@nntweetnn Saya setuju ini keterlaluan. Program MBG dimaksudkan tingkatkan gizi anak tapi laporan dari BBC CNN dan sumber lain tunjukkan ribuan siswa keracunan sejak 2025 akibat pengawasan buruk. PPATK blokir rekening juga rugikan rakyat seperti kasus akses dana medis terhambat. Rezim,1950852636741345665,,nntweetnn,in,,0,1,0,https://x.com/undefined/status/1950852636741345665,1720665183188922368,
1950823998465638569,2025-07-31 07:41:00+00:00,4,Sejumlah siswa SMP Muhammadiyah 2 Wates dan SMPN 3 Wates di Kulon Progo mengeluh sakit perut muntah hingga diare usai menyantap menu Makan Bergizi Gratis. via @detikjogja_ https://t.co/yWTKy2BKBs,1950823998465638569,,,in,,0,1,1,https://x.com/undefined/status/1950823998465638569,69183155,
1962149667237417087,2025-08-31 23:50:56+00:00,1,@DeliaRamadhan18 @jadidinosaur @tanyarlfes Iya betul bgt kak yg masak bukan presiden yg masak vendor terus di distribusikan ke sekolah sekolah. Padahal udh banyak loh berita siswa keracunan makanan mbg knp presiden bisa ga tau? Presiden ga akses berita kah? Ga dapet laporannya kah?,1962302113196941574,,DeliaRamadhan18,in,,0,0,0,https://x.com/undefined/status/1962302113196941574,1183768716657352704,
1962219256961237501,2025-08-31 18:21:41+00:00,0,Menteri yang mengatakan anak sekolah keracunan MBG kemarin sebab belum terbiasa mengapa tidak dipecat...?,1962219256961237501,,,in,,0,0,0,https://x.com/undefined/status/1962219256961237501,1747693017694429186,
1961431327963521522,2025-08-31 16:18:24+00:00,0,@buyungaqua @yappingfess MBG berhasil? Sebanyak itu protes kamu bilang berhasil? Sebanyak itu anak keracunan kamu bilang berhasil? Sekali lagi aku bilang fakta di lapangan yg berbicara kalo kamu buzzer aku gk kaget kamu belain mereka segininya tapi sekali lagi fakta di lapangan yg berbicara paham?,1962188230843064507,,buyungaqua,in,,0,1,0,https://x.com/undefined/status/1962188230843064507,1075989101310967810,
1962149397153849853,2025-08-31 13:44:05+00:00,2,jangankan masalah penjahat perang. temen ada yang surprised masalah banyak siswa keracunan mbg padahal buat yang mikir mah ini udah ketebak dari awal...,1962149397153849853,,,in,,0,1,0,https://x.com/undefined/status/1962149397153849853,1270950947070435329,
1962126907769798694,2025-08-31 12:16:30+00:00,0,ni org secara gak langsung memihak ke militer yaa (gak kaget) daripada rakyatnya.... wow (gak kaget). korban anak sekolah keracunan mbg aja dia gak peduli jelas lah yg demo gak di gubris,1962127352969986435,,l0vayoo,in,,0,0,0,https://x.com/undefined/status/1962127352969986435,1806373762214072320,
1961989822698205263,2025-08-31 12:16:12+00:00,2,@detikcom Maaf... Bukannya bapak yg bilang anak keracunan pas makan MBG karena mungkin blm terbiasa ??? Emangnya bapak bukan bagian org2 yg arogan itu?,1962127277980070303,,detikcom,in,,0,1,0,https://x.com/undefined/status/1962127277980070303,1366568677592633344,
1962121117407363217,2025-08-31 11:51:43+00:00,1,Puluhan siswa dari Dua sekolah di Bandar Lampung dikabarkan terjadi Keracunan Makan Bergizi Gratis. https://t.co/RLHr0a7oW1,1962121117407363217,,,in,,0,0,0,https://x.com/undefined/status/1962121117407363217,117427646,
1962095963067281680,2025-08-31 11:41:21+00:00,0,@prabowo Yg perlu ditanggapi itu tuntutan Rakyat Pak... - Pajak mencekik Rakyat sementara pejabat pajak penghasilan dibayar negara. - MBG menimbulkan keracunan ribuan siswa. - Kerusakan alam tidak ditanggulangi - Kebijakan pendidikan tidak terarah Dst baca Kompas pak,1962118506687987978,,prabowo,in,,0,0,0,https://x.com/undefined/status/1962118506687987978,375877270,
1962090408072343666,2025-08-31 10:00:53+00:00,0,@bluewonn_ Presidennya aja nganggep nyawa rakyat sbg angka (siswa yg keracunan mbg),1962093226502053940,,bluewonn_,in,,0,1,0,https://x.com/undefined/status/1962093226502053940,1871686559285854209,
1962082260355789186,2025-08-31 09:44:02+00:00,0,@NarasiNewsroom Di mulai dari ente wo kementerian byk banget wamen bejibun stafsus blm MBG juga yg jadi bikin byk anak keracunan. Stop lah program2 busuk mu.,1962088986882740425,,NarasiNewsroom,in,,0,0,0,https://x.com/undefined/status/1962088986882740425,1641675012984938496,
1962076297183797396,2025-08-31 08:53:37+00:00,0,Inilah MENU program MBG yang membuat Ratusan anak-anak Kabupaten Lebong Keracunan Masal https://t.co/GWywcoAD0u,1962076297183797396,,,in,,0,0,0,https://x.com/undefined/status/1962076297183797396,1881718780507869184,
1962030366581305563,2025-08-31 08:46:30+00:00,0,@ommi_siregar Hati-hati sembakonya kedaluarsa inget mbg udah bikin ribuan anak keracunan jangan sampe bapak ibunya juga kena,1962074506408681783,,ommi_siregar,in,,0,0,0,https://x.com/undefined/status/1962074506408681783,994638852,
1961993506228187347,2025-08-31 08:28:30+00:00,1,@alvinlie21 Padahal Ketum PAN @ZUL_Hasan juga telah menghina akal sehat masyarakat dengan menyalahkan para siswa siswi pada peristiwa keracunan massal menu MBG. Zulhas harus bertanggung dan meminta maaf atas penghinaan ini. Dia berfikir menu MBG merupakan menu terbaik. https://t.co/FdTy52uOqH,1962069977609236956,https://pbs.twimg.com/media/GzqsPyGbIAA2JH3.jpg,alvinlie21,in,,0,1,1,https://x.com/undefined/status/1962069977609236956,125112112,
1961855783894954478,2025-08-31 07:31:51+00:00,0,@Dahnilanzar Lu sering lihat berita anak-anak keracunan MBG kan nil?.... Lu sering lihat berita hentikan MBG agar beban negara tidak jebol dan alihkan ke program lain selain MBG kan nil?.. emang didengar?.. kagak... Malah rakyat kecil subsidi gas 3kg aja mau diacak acak lagi..,1962055721161535633,,Dahnilanzar,in,,0,0,0,https://x.com/undefined/status/1962055721161535633,1027769241414451200,
1961759132769521905,2025-08-31 07:24:36+00:00,0,@alisyarief Kmren komen MBG yg siswa keracunan itu mencerminkan mulut sampah yg keluar dr zulhas. Ini orang juga layak di turunkan di usut juga ini orang korupsi nya. Dr jaman mentri kehutanan sampai skrng ini orang blm kesentuh.,1962053895599129033,,alisyarief,in,,0,0,0,https://x.com/undefined/status/1962053895599129033,2602968798,
1972643376886624325,2025-09-30 23:52:58+00:00,1,@somexthread Pny presiden setolol ini njirrrrr... Dia tinggal keluarkan peraturan MBG wajib dikelola sekolah lewat kantin di sekolah / salurkan lgsg ke orang tua siswa lgsg sls sudah permasalahan keracunan. Ini malah terkesan sengaja dibiarkan dan ngeyel...,1973174261591511391,,somexthread,in,,0,0,0,https://x.com/undefined/status/1973174261591511391,606859048,
1972642203488207035,2025-09-30 23:45:54+00:00,11,@SueSunSeven @wafirh Its not even klarifikasi ya anjing dia aja di pidato ini masih aja membanggakan MBG. Belain aja tuh Prabowo kontol sampe anak Lo sendiri yg keracunan karna MBG asu,1973172484733280358,,SueSunSeven,in,,0,0,0,https://x.com/undefined/status/1973172484733280358,1160807971300843520,
1972997617857798182,2025-09-30 23:41:36+00:00,6,Kasus keracunan massal menimpa ribuan anak di berbagai daerah terutama di Kabupaten Bandung Barat Jawa Barat. Hingga 25 September 2025 Dinas Kesehatan Bandung Barat mencatat 1.315 orang keracunan akibat MBG dari tiga peristiwa berbeda. https://t.co/R9eM8WJFTi https://t.co/SudJgQyVWn,1973171400786714953,https://pbs.twimg.com/media/G2Ic7b8aIAEmmqx.jpg,projectm_org,in,,1,1,4,https://x.com/undefined/status/1973171400786714953,1369663239718465538,
1972904242605183343,2025-09-30 23:35:14+00:00,3,@tempodotco Sepertinya tdk ad yg bertanggungjawab kalau ada siswa yang keracunan. Saran saya kepala BGN harus setiap hari turun ke daerah untuk memakan langsung porsi MBG tsb sebelum di makan para siswa.,1973169797816098839,,tempodotco,in,,0,0,0,https://x.com/undefined/status/1973169797816098839,1604494299063672832,
1973168689504723076,2025-09-30 23:30:49+00:00,0,FYI di daerah gue yg balita udah dapet mbg dan anak gue otomatis dapet tapi gaboleh diambil sama suami katanya takut keracunan ,1973168689504723076,,,in,,0,0,0,https://x.com/undefined/status/1973168689504723076,1367861877976358912,
1973167796520624157,2025-09-30 23:27:17+00:00,0,trs sedihnya masih ada aja yg mikir kalo keracunan itu disengaja sama pihak-pihak yg gasuka program tsb biar citranya jelek pdhl anak-anak yg keracunan mbg gatau apa apa,1973167796520624157,,,in,,0,0,0,https://x.com/undefined/status/1973167796520624157,1277604869579268101,
1973167305413763498,2025-09-30 23:25:19+00:00,838,20 SISWA SDN 1 DI JAKTIM KERACUNAN MBG 5 ORANG SEMPAT MASUK IGD‼️ Sebanyak 20 siswa Sekolah Dasar Negeri (SDN) 01 Gedong Pasar Rebo Jakarta Timur mengalami keracunan diduga akibat mengonsumsi menu Makan Bergizi Gratis (MBG). Selasa (30/09/2025). Dari 20 siswa tersebut 5 https://t.co/FDLIqRBQsn,1973167305413763498,https://pbs.twimg.com/amplify_video_thumb/1973167285369249792/img/JKWpsMcXWYARHeme.jpg,,in,,63,92,575,https://x.com/undefined/status/1973167305413763498,121640063,
1972922922626113997,2025-09-30 23:14:41+00:00,6,@EviDrajat Kmn org ini Saat ribuan anak sekolah keracunan MBG,1973164627791081855,,EviDrajat,in,,0,1,1,https://x.com/undefined/status/1973164627791081855,706500903147143168,
1973163229712097490,2025-09-30 23:09:08+00:00,0,Mbg ga jelas menu masakan asal-asalan anak-anak pd ga suka jadinya food waste. Belum lagi kasus keracunan yang ga cuma sekali dua kali. Kenapa ga dihentikan aja sih? Perasaan gampang bgt buang-buang anggaran buat hal yg ga jelas.,1973163229712097490,,,in,,0,0,0,https://x.com/undefined/status/1973163229712097490,1234009350185709568,
1973141284958380146,2025-09-30 23:06:48+00:00,3,@Hilmi28 Anak sekolah di rezim omon2 yang sekolahnya kebagian jatah MBG : Belajar dengan Tenang Khawatir takut keracunan ,1973162643063185837,,Hilmi28,in,,0,0,0,https://x.com/undefined/status/1973162643063185837,1604692705472233472,
1973162529242452174,2025-09-30 23:06:21+00:00,0,Alasan Kepsek Baru Ungkap Kasus 27 Siswa Mual Usai Makan Burger MBG https://t.co/NwKvzZJ0Ar,1973162529242452174,,,in,,0,0,0,https://x.com/undefined/status/1973162529242452174,1902243031878922240,
1972617357702119840,2025-09-30 23:02:52+00:00,0,@gabutcuy657 @Hak2015iim @tempodotco Ya sama aja kontol. Itu namanya berbohong dgn statistik. Zero accident dlm keamanan pangan itu wajib. Sekali ada kecelakaan semua klaim keberhasilan itu void. Lu mau anak lu keracunan trus yg ngasih MBG dgn santai bilang ah itu apes aja yg lain lbh byk aman aja ? IQ58 tolol,1973161654209913251,,gabutcuy657,in,,0,0,0,https://x.com/undefined/status/1973161654209913251,1954354960323497984,
1973160415568994716,2025-09-30 22:57:57+00:00,0,@KPAI_official Siswa Keracunan dlm program MBG bukan sekedaar angka tapi hak anak unk mendapatkan pangan yg aman dan bergizi. https://t.co/KEknANYlkI,1973160415568994716,,KPAI_official,in,,0,0,0,https://x.com/undefined/status/1973160415568994716,887273766039965696,
1973160392156389556,2025-09-30 22:57:51+00:00,2,Program MBG Bertujuan Rakyat Sehat Bergizi Dgn APBN Ratusan Triliun Faktanya Keracunan Anak Sekolah Bergelimpangan dimana mana Wartawan Coba Tanya Ke Istana @prabowo Di Cabut Kartu Persnya Istana Di Jaktim Konon Diperlukan Kasar Kok Gitu ? Bukan Bikin Tim Audit Investigasi https://t.co/0BvC4yit1U,1973160392156389556,https://pbs.twimg.com/media/G2IS6vjakAAQ1Sc.jpg,,in,,0,0,0,https://x.com/undefined/status/1973160392156389556,1454008204027854853,
1972939609584939205,2025-09-30 22:57:04+00:00,0,@tribunnews Lanjut terus MBG MBG jalan terus Kan siswa yg keracunan hanya nol koma nol sekian % dari jumlah total MBG ? Pendekatan statistik saja masalah keracunan jangan melankolis bahwa 1 nyawa siswa pun sangat berharga yg hrs dilindungi Negara.,1973160193963040944,,tribunnews,in,,0,0,0,https://x.com/undefined/status/1973160193963040944,170171658,
1972100572968100052,2025-09-30 22:56:00+00:00,1,@Franco78Carlos @kopisejutaummat @FunJunkies Gatau makanya kenapa ada kasus keracunan. Kalo tau mbg beracun mah ya ngapain juga ngasih izin anak-anak buat makan apalagi saya penanggung jawab di sekolah buat ngecek. Udahlah susah ngomong sama yang denialnya parah. Disuruh nyobain malah gamau,1973159926982910226,,Franco78Carlos,in,,0,0,0,https://x.com/undefined/status/1973159926982910226,927041052476768256,
1972674808803475542,2025-09-30 22:55:41+00:00,0,@WagimanDeep212_ So penyebab siswa keracunan MBG : 1. Tidak terbiasa. 2. Tidak cuci tangan. 3. Tidak pake sendok. 4. Tidak sarapan. 5. Tidak punya BPJS.,1973159845038813273,,WagimanDeep212_,in,,0,0,0,https://x.com/undefined/status/1973159845038813273,1695080672589955072,
1973149017778561138,2025-09-30 22:12:39+00:00,0,Siswa Keracunan MBG China Langsung Tangkap 6 Orang Puluhan Pejabat Diperiksa https://t.co/Sam2x99cAn #China,1973149017778561138,,,in,,0,0,0,https://x.com/undefined/status/1973149017778561138,1856468264857284609,
1972696155516747800,2025-09-30 21:52:34+00:00,0,@sharpandshark Lihat saja dana mbg dati 71 triliun yg digelontorkan hanya 13T yg terserap tefus kelebihannya kemana? Dikorupsi?. Pantes banyak anak keracunan menu mbg yg ngasal. Banyak belatung ulat lintah bahkan ada mbg yg menunya ada srpihan kaca. Jadi yg bergizi itu siapa? https://t.co/ln7MNal2bJ,1973143963277336629,https://pbs.twimg.com/media/G2ID-bPaIAQzWNs.jpg,lucimaya123,in,,0,0,0,https://x.com/undefined/status/1973143963277336629,3032152165,
1984228878026432767,2025-10-31 23:16:33+00:00,0,@detikcom SOLUSINYA SIH GAMPANG ANGGARAN MBG AJA YG DIALIHKAN BUAT BAYAR UTANG WHOOSH GAK PERLU NYICIL SAMPE 60 TAHUN. SEBELUMNYA GAK ADA MBG SEMUA SISWA BAIK2 AJA GAK ADA YG KERACUNAN ,1984399119969108468,,detikcom,in,,0,1,0,https://x.com/undefined/status/1984399119969108468,44305269,
1984397958184648722,2025-10-31 23:11:56+00:00,0,Dan sekarang di daerah gue balita sama bumil otw dikasih mbg. Mana anak gue toddler (dan kemungkinan kebagian). Tp yg gue liat mbg nya upf. Real food bikin keracunan tp upf tinggi gulgar. Kaga ada yg bener udahin aja mbg nya ,1984397958184648722,,,in,,1,0,0,https://x.com/undefined/status/1984397958184648722,1232624380884090881,
1984257547596120259,2025-10-31 21:22:09+00:00,2,@AnakLolina2 Kenapa kasus keracunan MBG terus terjadi karena ketika terjadi kesalahan bukannya berbenah atau mengevaluasi namun justru mencari pembelaan dan pembenaran.bahkan menyalahkan anak-anak. https://t.co/oyrKS86Uj4,1984370331830931769,https://pbs.twimg.com/media/G4nmS7wbQAUhvg9.jpg,AnakLolina2,in,,0,82,2,https://x.com/undefined/status/1984370331830931769,1906033139870494720,
1984353582842593669,2025-10-31 20:15:36+00:00,0,Sekitar 800 siswa dari 1.546 siswa Sekolah Menengah Kejuruan (SMK) Kandeman Kabupaten Batang Jawa Tengah mengalami keracunan diduga setelah menyantap makanan program Makan Bergizi Gratis (MBG) Jumat (31/10/2025). https://t.co/vBH4mR8Moj,1984353582842593669,https://pbs.twimg.com/media/G4nW-pvbQAEy0u5.png,,in,,0,18,0,https://x.com/undefined/status/1984353582842593669,53713023,
1984228866815402401,2025-10-31 17:17:11+00:00,26,@tempodotco Sebanyak 800 siswa Sekolah Menengah Kejuruan (SMK) Kandeman Kabupaten Batang Jawa Tengah mengalami keracunan diduga setelah menyantap program Makan Bergizi Gratis (MBG). Kepala SMK Kandeman Yulianto Jumat (31/10/2025) mengatakan dari 1.546 siswa 800 diantaranya diduga https://t.co/1dLaRSWh1e,1984308683564876082,https://pbs.twimg.com/media/G4muOnEbQAYDGwb.jpg,tempodotco,in,,4,23,5,https://x.com/undefined/status/1984308683564876082,80559922,
1983584073802248316,2025-10-31 17:16:05+00:00,0,@barengwarga 800 anak SMK keracunan MBG di Batang Jawa Tengah...! https://t.co/rQyJcdZGtF,1984308406879207516,,barengwarga,in,,0,0,0,https://x.com/undefined/status/1984308406879207516,80559922,
1983183441194828228,2025-10-31 15:57:25+00:00,1,@uwiach @LatterstoAster @BaseBDG Ini kasus dugaan keracunan massal di Cibodas Lembang Bandung Barat. Ratusan siswa dari beberapa sekolah (seperti SDN 2 Cibodas SMPN 4 Lembang) mengalami mual muntah setelah makan program Makan Bergizi Gratis (MBG) pada 28 Oktober 2025. Korban dirawat di puskesmas dan RS ,1984288608644440454,,uwiach,in,,0,0,0,https://x.com/undefined/status/1984288608644440454,1720665183188922368,
1984281639044964392,2025-10-31 15:34:55+00:00,0,kemaren coba nanya ke nyokap kenapa kok tbtb jadi berubah pikiran buat ikut MBG padahal udh makin banyak berita keracunan. soalnya sebelumnya kek menolak keras buat ikutan. terus dijawab apa??? ya belum tentu jg nanti siswa kita keracunan. apa salahnya nyoba? FFS TS PMO SO BAD,1984282947130933324,,veexens,in,,0,2,0,https://x.com/undefined/status/1984282947130933324,1874762542742208512,
1984240391261229096,2025-10-31 14:46:00+00:00,0,Keracunan MBG tidak main-main resikonya mengancam nyawa siswa apalagi terjadi kepada anak Sekolah Dasar yg rentang Umurnya dari 7 tahun s.d 12 tahun. Tolong pak Presiden @prabowo @bang_dasco @KemensetnegRI @setkabgoid tutup SPPG dan Pecat SPPI yang tidak menjalankan SOP dgn baik https://t.co/Buh03KkFY7,1984270636127273131,https://pbs.twimg.com/ext_tw_video_thumb/1984270136610897920/pu/img/Ptzt5MjIIfTlJ2-w.jpg,gea_asa,in,,0,1,1,https://x.com/undefined/status/1984270636127273131,147198181,
1984264613408723377,2025-10-31 14:22:04+00:00,0,Keselamatan dan kesehatan 1 anak dipertaruhkan saja sudah terlalu banyak. Berapa banyak kasus keracunan sejak program mbg dimulai? Ganti semua tim koordinasi bentukan presiden mereka sudah gagal melindungi anak Indonesia.,1984264613408723377,,,in,,0,0,0,https://x.com/undefined/status/1984264613408723377,4811616558,
1984120887533293716,2025-10-31 14:11:48+00:00,0,@IndoPopBase Coba kasih sanksi pidana untuk setiap kejadian keracunan mbg. Kalau mau jakan terus jangan pakai nyawa anak sebagai uji coba. Marah banget.,1984262030464098500,,iPopHQ,in,,0,1,0,https://x.com/undefined/status/1984262030464098500,4811616558,
1984259827221373388,2025-10-31 14:03:03+00:00,0,Berani nggak ngomong kek gitu di depan anak-anak yang keracunan MBG?,1984259827221373388,,,in,,0,0,0,https://x.com/undefined/status/1984259827221373388,3218766038,
1983782683139567977,2025-10-31 13:18:48+00:00,1,@nrlnurul45 @ade745780 @kompascom Semoga uang haram dari hasil MBG ini jadi bahan bakar di neraka kelak dan jadi jariyah dosa selama banyak anak keracunan akibat MBG,1984248693927903523,,nrlnurul45,in,,0,0,0,https://x.com/undefined/status/1984248693927903523,1863330796632711168,
1984245342997725561,2025-10-31 13:05:29+00:00,0,anak kecilnya keracunan mbg anak gedenya keracunan microplastic,1984245342997725561,,,in,,0,0,0,https://x.com/undefined/status/1984245342997725561,209430379,
1995174999926448176,2025-11-30 23:30:03+00:00,2,@prabowo Apapun yang sampean ucapkan tentang sesuatu yang menurut sampean baik ternyata hasilnya justru sebaliknya - sampean bicara MBG ternyata hasilnya Keracunan dan banyak Siswa yang Meninggal Sampean bicara jangan takut deforestasi ternyata hasilnya Keracunan Banjir Bandang #hening,1995274153101025408,,asboediono_id,in,,0,1,1,https://x.com/undefined/status/1995274153101025408,780554097388687360,
1995269869114175691,2025-11-30 23:13:01+00:00,0,Bupati Madiun minta maaf atas kelalaian SPPG dalam insiden keracunan MBG. Selain dihentikan sementara SPPG Cinta Anak juga dievaluasi. https://t.co/ZFB5lCYtYV,1995269869114175691,,,in,,0,5,0,https://x.com/undefined/status/1995269869114175691,1404018642,
1995151944672063718,2025-11-30 15:24:26+00:00,0,mau nunggu korbannya ampe berapa sih? apa angka2 korban ini cuma statistik seperti siswa mbg yang keracunan? statistiknya masi keitung kecil jadinya lambat geraknya :(,1995151944672063718,,,in,,0,0,0,https://x.com/undefined/status/1995151944672063718,1904566312241958912,
1995150270234546186,2025-11-30 15:17:47+00:00,3,i'm truly sorry if there is someone get offended but he is right. beliau punya banyak hasil nyata. nyata numbangin banyak makhluk nggak cuma anak-anak yg keracunan MBG nggak cuma korban bencana but the elephant orang utan the tigers. betul-betul nyata nampak di mata :),1995150270234546186,,,in,,0,1,0,https://x.com/undefined/status/1995150270234546186,2672470681,
1995059736233070779,2025-11-30 14:20:33+00:00,0,@KangManto123 KURAWA semua pejabatnya apa yg mw di harap. Duryodananya aja udh ngawur tanggung jwb hutan ke guru sama anak skolah. Ya klo gajih guru 50jt sebulan.. udh suruh icip MBG murid keracunan.. mengerikan ini militer2 bercokol d instansi2 gmn nanti nuruninnya?,1995135868747800650,,KangManto123,in,,0,0,0,https://x.com/undefined/status/1995135868747800650,1088680893961519104,
1995059736233070779,2025-11-30 14:01:38+00:00,0,@KangManto123 Same energy with anak anak yang keracunan mbg cuma beberapa persen dari sekian juta porsi pdahal korban jiwa udah banyak oh iya itu kan cuma berapa persen doang dari sekian juta penduduk indo ,1995131107998937599,,KangManto123,in,,0,0,0,https://x.com/undefined/status/1995131107998937599,3808795399,
1995130103278473604,2025-11-30 13:57:39+00:00,0,siswa korban keracunan MBG nyampe sebanyak itu aja dia ga peduli udah ga kaget bencana sebesar ini pun dia tetep tambeng. gaada artinya nyawa buat pak presiden dan jajarannya ya?,1995130103278473604,,,in,,0,0,0,https://x.com/undefined/status/1995130103278473604,1200599652082438144,
1995124560291569735,2025-11-30 13:35:37+00:00,0,Keracunan karena mbg 16.000 anak saja bukan tragedi nosional.. Pejabat woles https://t.co/dxrhCkCCwa,1995124560291569735,https://pbs.twimg.com/media/G7AbNFWbgAANghA.jpg,,in,,0,0,0,https://x.com/undefined/status/1995124560291569735,1977320608162881536,
1994677564049350832,2025-11-30 12:08:57+00:00,1,@QianzyZ Bagus sih... Lebih tepat sasaran kalo orang tua siswa benar dalam mengelolanya. Dan pastinya banyak instansi terkait yang ga setuju karena hilang pendapatan.ysng bener MBG dikelola orang tua murid jadi lebih efisien dan minim resiko keracunan.,1995102751421009982,,QianzyZ,in,,0,0,0,https://x.com/undefined/status/1995102751421009982,467125674,
1995102120224412067,2025-11-30 12:06:27+00:00,0,What did u mean with gizi anak? Yang ada anak2 bahkan guru pun keracunan itu MBG Cair berapa ratus rupiah btw?️,1995102120224412067,,,in,,0,0,0,https://x.com/undefined/status/1995102120224412067,1592690171790520320,
1995054338142826763,2025-11-30 11:07:35+00:00,0,@lichtewind suami : nganggur mengharap bansos istri : ngantri gas elpiji anak : keracunan mbg,1995087307028987986,,xxxknth,in,,0,0,0,https://x.com/undefined/status/1995087307028987986,2613332658,
1994806311142527296,2025-11-30 10:56:41+00:00,4,@tubbirfess ribuan siswa dan guru keracunan aja cuma jadi statistik 1% untuk 99% keberhasilan MBG tub. wkwkww,1995084562784014749,,tubbirfess,in,,0,0,0,https://x.com/undefined/status/1995084562784014749,1279123980410957824,
1994707912984281214,2025-11-30 08:51:33+00:00,0,@tempodotco Sialan ini cuma bisa baper kalo ada yang bawa bawa personal sama nyenggol orang orang deketnya. Selain itu dia mah ga peduli. Banyak anak keracunan pas mbg dia bilang itu masih kecil. Sekarang warga banyak yang jadi korban itungannya belum darurat. Nauzubillah ni org.,1995053071119118507,,tempodotco,in,,0,0,0,https://x.com/undefined/status/1995053071119118507,1794028364187242496,
1995051859036577897,2025-11-30 08:46:44+00:00,0,demo terus terusan ditahun pertama menjabat (13 org meninggal) ribuan anak sekolah keracunan akibat mbg tni masuk posisi sipil banyak satwa endemik mati banjir bandang di sumatera pidato aneh mengenai pohon sawit. Pls introspeksi diri jgn delulu terus,1995051859036577897,,,in,,0,0,0,https://x.com/undefined/status/1995051859036577897,1176774959655317505,
1995043496068264264,2025-11-30 08:13:30+00:00,0,Lucu bgt anjg buzzer blg pemerintah komit pada kesehatan anak melalui mbg MEANWHILEEEE ANAK2 LU PADA KERACUNAN,1995043496068264264,,,in,,0,0,0,https://x.com/undefined/status/1995043496068264264,1797811585030979584,
1995037490546446739,2025-11-30 07:49:38+00:00,0,Oh iya. Jelas nyata. Beribu murid keracunan MBG. Tersohor kali itu. Nyata sekali ulat sampai cacing tanah didalam MBG.,1995037490546446739,,,in,,0,1,0,https://x.com/undefined/status/1995037490546446739,79365697,
1995036356033352150,2025-11-30 07:45:22+00:00,0,To make it worst buzzers are being mobilized to defend MBG and ensure the project continues uninterrupted padahal ini program ngabisin banyak dana bikin anak-anak keracunan dan dijadiin ladang korupsi. Capek banget monyet negara anjing kapan sih bubarnya,1995036417396019255,,cemetereydrive,in,,0,1,0,https://x.com/undefined/status/1995036417396019255,1958886861432057856,
2005885624608514249,2025-12-30 17:08:12+00:00,40,@killapix @icecoldnovember Prabowo itu zionist anak dan asprinya smua lgbt Programnya depopulasi manusia Banyak keracunan mbg Tmenannya sama raja yordan nathan rothschild bill gates Connect the dot...,2006049695999873442,,killapix,in,,0,0,0,https://x.com/undefined/status/2006049695999873442,1680284532015239168,
2005864169753436295,2025-12-30 16:04:34+00:00,0,@KangManto123 dasar keilmuannya apa mendadak bisa naikkan IQ anak dengan MBG? Setelah 16ribu anak keracunan mbg. Politisi buat narasi argumen asal asalan = manipulasi.,2006033680137941243,,KangManto123,in,,0,0,0,https://x.com/undefined/status/2006033680137941243,1116882263185088513,
2006003588309680507,2025-12-30 14:05:29+00:00,0,Buruknya sanitasi MBG picu keracunan massal hingga status KLB. Publik marah menilai anggaran triliunan sia-sia tanpa pengawasan pangan. Desakan moratorium menguat demi keselamatan siswa. Selanjutnya bagaimana sorotan publik beralih ke lembaga pesantren? https://t.co/VbJ2NJgQ2Y,2006003711471219182,https://pbs.twimg.com/media/G9bBurjb0AEyEwV.png,DroneEmpritOffc,in,,0,1,0,https://x.com/undefined/status/2006003711471219182,1795626371735293952,
2006003588309680507,2025-12-30 14:05:22+00:00,0,Polarisasi tajam mewarnai isu MBG. Kubu Pro menduga sabotase sementara Publik Kritis &amp; Aktivis menyoroti dugaan korupsi serta beban sekolah. Media fokus pada fakta keracunan massal. Apa dampak nyata polemik ini bagi siswa dan kepercayaan publik? https://t.co/076RunXmD9,2006003682631102555,https://pbs.twimg.com/media/G9bBs_IaYAchn_Y.png,DroneEmpritOffc,in,,0,1,0,https://x.com/undefined/status/2006003682631102555,1795626371735293952,
2005838519995097200,2025-12-30 14:03:52+00:00,0,@grok @Celotehsenja_ menurutmu progam makan bergizi gratis apakah sudah optimal? mengingat banyak kasus keracunan dan distribusi mbg tetap dilakukan saat anak sekolah sedang libur. lain lagi banyak pejabat yang memiliki dapur mbg yang mengakibatkan dana mbg dikorupsi.,2006003305361899906,,grok,in,,0,1,0,https://x.com/undefined/status/2006003305361899906,2374609722,
2005971495110193354,2025-12-30 12:03:38+00:00,0,sampe ada buzzer tolol yg bilang tapi kan anak ada yg intolerrant lactosed OPSINYA BISA GANTI YANG LAIN! kalo takut hal itu hapus atau ganti dengan asupan lain yang lebih sehat. tapi yaa gitu sih mbg bikin keracunan enak si gendut malah tetep bisa nari2 https://t.co/OGtqxGBEie,2005973047904460922,https://pbs.twimg.com/tweet_video_thumb/G9al2ekbwAAS2eb.jpg,jungsucom,in,,0,0,0,https://x.com/undefined/status/2005973047904460922,1979891646667087872,
1892124139789389830,2025-12-30 10:43:05+00:00,1,@prabowo @OmbudsmanRI137 @DPR_RI @BPOM_RI @komnas_anak @DPDRI @bpkri @KemenkesRI @BPKN_RI @riekediahp @cakimiNOW @KPAI_official @KPK_RI @Abe_Mukti @Kemdikdasmen @KejaksaanRI @kpp_pa @setkabgoid @KemensetnegRI @KemenkeuRI @idai_tweets @MBG_Watch #MBG RAPEL balita?! Selain buah tidak ada yg saya berikan untuk anak-anak sy saat masih usia balita. Udah gila pemerintah kasih gula segini banyak. Giliran anak sakit alergi dll akibat MBG dibantah ina ini yg susah orang tua. ,2005952777088909527,,shintaeffendi,in,,1,1,0,https://x.com/undefined/status/2005952777088909527,46523425,
2005926892226933078,2025-12-30 10:24:25+00:00,66,@tanyarlfes Waktu aku masih ngajar di SD MBG susunya juga sama kayak ini. Anak-anak pada protes kalo susunya gaenak dan ada yang muntah pas minum susunya:(,2005948079527125431,,tanyarlfes,in,,0,0,0,https://x.com/undefined/status/2005948079527125431,1227628264195100674,
2005929033218023754,2025-12-30 09:08:44+00:00,0,@Gerindra parah lu gimana gak keracunan anak-anak semoga lu semua masuk neraka jalur MBG,2005929033218023754,,Gerindra,in,,0,0,0,https://x.com/undefined/status/2005929033218023754,1093548946075480064,
2005843806776611212,2025-12-30 08:51:37+00:00,4,@mikuroQ Ternyata masih ada rasa sakit hati &amp; dendam dikasih nilai 11 dr 100 tetapi membalasnya kok ke rakyat. MBG anak² keracunan cuma 100 dr 10rb anak bencana banjir cuma 3 dari 38 provinsi.,2005924724573135066,,mikuroQ,in,,0,0,0,https://x.com/undefined/status/2005924724573135066,716300942056894464,
2005876135490617741,2025-12-30 05:38:32+00:00,0,Semoga semua yang terlibat buat program mbg masukk neraka apaan anjir itu program isinya scam semua udah banyak banget kasus keracunan makanan ga layak bahkan anak-anak ditabrak mobil mbg,2005876135490617741,,,in,,0,1,0,https://x.com/undefined/status/2005876135490617741,1370793199887773696,
2005824919548891569,2025-12-30 03:40:10+00:00,0,banyak latihan. So sangat naif mengatakan kalau mbg bisa membuat anak pintar matematika dan bahasa inggris nyatanya nilai rerata matematika murid justru jeblok padahal sudah konsumsi mbg. Mbg juga terbukti kalau menu yg disediakan tidak bergizi bahkan terjadi keracunan massal https://t.co/a6h723hN4j,2005846346859749719,https://pbs.twimg.com/media/G9YynqPaYAAPmAT.jpg,lucimaya123,in,,0,1,0,https://x.com/undefined/status/2005846346859749719,3032152165,
2005794373628539199,2025-12-30 00:13:39+00:00,1,Nah! Terjadi konflik kepentingan ternyata si ibu punya dapur mbg - apa dapur ibu pernah menyediakan makanan berbelatung? Atau makanan basi? Atau makanan yg menjadi sebab murid2 keracunan mbg? Pantes selama ini bukan dapurnya yg ditegur malah murid terus yg disalahkan karena,2005794373628539199,,,in,,0,3,0,https://x.com/undefined/status/2005794373628539199,3032152165,
2005721153177018707,2025-12-29 19:22:42+00:00,0,https://t.co/JK5FWeorWZ @prabowo lihat sendri PAK..JGN PULA IBU INI DIITIMIDASI PULA OLEH MAFIA #MBGTetapBerjalan @KerjaSeskabRI Lihat bro Ank2 org dpt gini.cuba adik atau anak lu yg dpt Mkn gini.lalu jatuh sakit.siapa yg susah?orgtua mrka juga bkn #MBG @pco_ri @WFP SEE THIS,2005721153177018707,,,in,,0,0,0,https://x.com/undefined/status/2005721153177018707,1995651990085668864,
2005696843158897115,2025-12-29 17:49:07+00:00,0,betul.. banyak bgt.. udah brp anak yg keracunan MBG? udah brp banyak hutan adat di papua habitat satwa lokal yg digusur penambangan brutal DAN KERUSAKAN ALAM YG SDH TERJADI DIMANA2???? NOH!!! TANAHNYA SUMUT MASIH BASAH MASIH PENUH LUMPUR! GAK ADA TUH PLANNING MEREKA-,2005697603250577721,,stelle_a_ron,in,,0,1,0,https://x.com/undefined/status/2005697603250577721,1232422194795466760,
2005589416077885646,2025-12-29 10:39:13+00:00,5,MBG sebagai janji politik Presiden Prabowo telah menguras APBN. Dalam pelaksanaannya ada ribuan siswa mengalami keracunan. https://t.co/mXPugKnP4H https://t.co/jJhPPd37j6,2005589416077885646,https://pbs.twimg.com/media/G9VI8iTbMAAoJop.jpg,,in,,0,0,0,https://x.com/undefined/status/2005589416077885646,214818815,
2005572408292540547,2025-12-29 10:15:05+00:00,1,@wiragaksableng Betul banget gegara MBG yg patut dipertanyakan gizi dan budget justru membuat anak PUTUS sekolah... Ternyata MBG gk hanya butuh tumbal anak keracunan anak diseruduk mobil MBG tp hrs ada yg diPutus hak bersekolahnya,2005583343975624888,,wiragaksableng,in,,0,0,0,https://x.com/undefined/status/2005583343975624888,1165900976286388224,
1881648053775650839,2025-01-22 05:30:24+00:00,0,@JhonSitorus_18 bukan MBG nya yg salah. tapi pelaksana nya atau penyedia dari pihak sekolah nya. yang kurang teliti dan tidak higienis.,1881937437439754685,,JhonSitorus_18,in,,0,0,0,https://x.com/undefined/status/1881937437439754685,1528245652253462528,
1880445803766112531,2025-01-18 02:47:25+00:00,189,Anggaplah Program MBG penting dan bermanfaat tidak hanya untuk gizi anak juga (kalau dikerjakan dg baik dan benar) membangkitkan ekonomi lokal. Termasuk pemberdayaan ibu-ibu yang bisa dilatih agar memasak dg higienis. Mana ada ibu yg tega ngasi makanan basi untuk anak2nya?,1880446871002567098,,unilubis,in,,1,4,30,https://x.com/undefined/status/1880446871002567098,85087815,
1880416520876224655,2025-01-18 00:47:40+00:00,0,Bocah emang tiap hari dibawain bekel sblm ada mbg apa lambungnya kaget makan makanan yg tidak higienis ya,1880416735779778619,,cateuucato,in,,0,0,0,https://x.com/undefined/status/1880416735779778619,1322332947685339136,
1880386827032682770,2025-01-17 22:48:50+00:00,0,buat anak² yang biasa makan masakan rumah memang bakalan kurang suka sama makanan program MBG yang penampakannya tidak menarik itu. kalau saya sih mending makan bekal saya sendiri yang sudah pasti halal enak bergizi dan higienis.,1880386827032682770,,,in,,0,1,0,https://x.com/undefined/status/1880386827032682770,1061739665433083904,
1880286053271269745,2025-01-17 16:08:23+00:00,15,Eh gimana-gimana? Nasi box shooting TV/Film itu harganya di atas Rp 50rb/box. Bahkan di atas Rp 100rb. Ya kalau anak Anda protes emang layak ditabok ! Jangan samain ama so called MBG yang isinya nasi banyak kentang mie dan wortel 4 serut kecil itu. Plus basi bau dan bikin,1880286053271269745,,,in,,0,1,3,https://x.com/undefined/status/1880286053271269745,1209196396374417409,
1879504261077426651,2025-01-15 12:23:44+00:00,0,Lantaran mual mencium bau amis dalam wadah MBG itu Raka mengaku tak memakan sama sekali menu yang terhidang di atasnya. Tidak disentuh sama sekali tapi untuk yang hari ini sudah tidak amis lagi ucapnya.,1879504742571020545,,Harian_Jogja,in,,0,1,0,https://x.com/undefined/status/1879504742571020545,118371948,
1877549788985487817,2025-01-10 13:56:08+00:00,0,@NES_EAN @DS_yantie PROGRAM MBG PEMBODOHAN!!! 1. DANA JELAS INDIKASI DIKORUPSI 2. MAKANAN BANYAK YG GAK LAYAK GAK BERGIZI GAK HIGNIES KOTOR BASI DLL 3. PROYEK BUAT PEJABAT SERTA ORANG DALAM SEKOLAH 4. MERUGIKAN PEDAGANG DAN KIOS SEKITAR SEKOLAH 5. ANGGARAN TADINYA 15 RIBU TURUN JADI 10 RIBU..,1877716054807318864,,NES_EAN,in,,0,1,0,https://x.com/undefined/status/1877716054807318864,1300039208183103488,
1895494297165943262,2025-02-28 18:45:01+00:00,0,@ekokuntadhi1 Sponsor mungkin tidak ada karena MBG makanan sederhana. Keracunan2 karena tidak Higienis. Tempat2 makanan suka2 tidak bersih dan untuk irit Gas makanan belum mateng sudah di angkat.,1895545762572091536,,ekokuntadhi1,in,,0,0,0,https://x.com/undefined/status/1895545762572091536,1705475303571861504,
1894758114353893563,2025-02-26 14:35:12+00:00,0,MBG (Makan Bau Gratis) Stop kebijakan aneh ini alihkan budget utk kesejahteraan perangkat sekolah / perbaikan infrastruktur sekolah .. Kan sayang udh ada uang keluar ? ya betul tp lebih baik stop sekarang dibanding makin banyak uang keluar utk hal yg tidak perlu ..,1894758114353893563,,,in,,0,0,1,https://x.com/undefined/status/1894758114353893563,70585436,
1894542328599380261,2025-02-26 11:12:49+00:00,0,@abu_waras Wacananya MBG akan tetap dibagikan saat bulan Puasa nanti pertanyaannya apakah tidak lebih baik dijadikan uang saja daripada makanan yang akan disantap siang hari aja bau tengik dan plastik apalagi jika dimakan menjelang berbuka puasa? ,1894707185495724100,,abu_waras,in,,0,0,0,https://x.com/undefined/status/1894707185495724100,1500181700,
1894647138086523392,2025-02-26 07:14:13+00:00,0,Tetanggaku anak SMP Negeri dapat MBG. Tahu isinya apa? Kulit ayam tepung telur dua biji nasi satu mangkuk kecil dan tumisan (mirip tumis timun). Layak makan? Gak. Kenapa? BAU dan BASI . Anaknya bilang ada hitam-hitam di makanannya.,1894647138086523392,,,in,,0,0,0,https://x.com/undefined/status/1894647138086523392,1362074062717997071,
1894542328599380261,2025-02-26 00:17:44+00:00,315,Geger! MBG Bau Tengik dan Bau Plastik Netizen Minta Deddy Cobuzier Jadi Tester Agar MBG Disekolahan Tidak Mubazir Karena Anak-Anak Engga Doyan Memakannya.,1894542328599380261,,,in,,1,8,127,https://x.com/undefined/status/1894542328599380261,2905814730,
1889946058731692311,2025-02-15 03:04:32+00:00,0,@BANGSAygSUJUD @prabowo @hasanudinsajid @HASBALL18439385 @tonybulumanu @Alie_Fahnoor @are_inismyname @99propaganda @IrawanRommi @iam_zelt @gtobing2903 @Ndons_Back Bukan efisiensi yg ada Adalah relokasi TIDAK ADA PENGHEMATAN YG ADA ADALAH MENGALIHKAN ANGGARAN KE PROGRAM MBG terlalu bernafsu utk merealisasikan program kl sy setuju MBG Khusus daerah tertinggal dengan kualitas gizi yg bagus ga kyk sekarang hnya nilai kotor 10.000/porsi ,1890598037413851173,,BANGSAygSUJUD,in,,0,0,0,https://x.com/undefined/status/1890598037413851173,97678181,
1887706541266247917,2025-02-07 03:34:45+00:00,1,Makan Bergizi Gratis (MBG DAY* 16 &amp; 17) Day 16; bau salaknya nggak enak jadi banyak yang ga pengen makan. Fyi itu ikan goreng bukan ayam. Day 17; Melon tidak fresh kuah dari osengan kemana mana jadi makanannya rasanya makin aneh. Telurnya dicampur tepung. https://t.co/gYnzip2d45,1887706541266247917,https://pbs.twimg.com/media/GjJ7FF5bIAQo_qc.jpg,,in,,0,0,0,https://x.com/undefined/status/1887706541266247917,1425435757364219908,
1897593811028881624,2025-03-07 05:53:56+00:00,0,@mustafarahmato1 @prabowo Saya setuju. lagian jg samoai skarang tidak merata. Sydah berjalan kurang lebih 1 bulan progeam MBG ini bau benjangkau beberapa persen siswa,1897888427687002540,,mustafarahmato1,in,,0,0,0,https://x.com/undefined/status/1897888427687002540,1694699442849599490,
1895831810556506376,2025-03-02 08:03:31+00:00,0,@MurtadhaOne1 #rezimpengkhianatdanpenipu Orang2 bodoh dan miskin dipelihara @jokowi dg Bansos Blt PKH Susidi dll untuk langgengkan kekuasaan sekarang + MBG ( Makan Bau Gratis) mereka2 tidak ada pilihan lain suka tidak suka senang tidak senang 2029 #RezimWo&amp;Wi yg tetap berkuasa,1896109098992873924,,MurtadhaOne1,in,,1,1,0,https://x.com/undefined/status/1896109098992873924,1604088193196109826,
1895883417050599524,2025-03-02 06:37:05+00:00,0,@BradHarizz @jokowi Orang2 bodoh dan miskin dipelihara @jokowi dg Bansos Blt PKH Susidi dll untuk langgengkan kekuasaan sekarang + MBG ( Makan Bau Gratis) mereka2 tidak ada pilihan lain suka tidak suka senang tidak senang 2029 Rezim Jokowi yg tetap berkuasa sampai Bubar NKRI daripada lapar,1896087344849305989,,BradHarizz,in,,0,0,0,https://x.com/undefined/status/1896087344849305989,1604088193196109826,
1895727829574435081,2025-03-02 06:26:29+00:00,1,@pakaipeci Orang2 bodoh dan miskin dipelihara @jokowi dg Bansos Blt PKH Susidi dll untuk langgengkan kekuasaan sekarang + MBG ( Makan Bau Gratis) mereka2 tidak ada pilihan lain suka dan tidak suka senang dan tidak senang 2029 Rezim Jokowi yg tetap berkuasa sampai Bubar NKRI,1896084676479234546,,pakaipeci,in,,0,0,0,https://x.com/undefined/status/1896084676479234546,1604088193196109826,
1895669898816426494,2025-03-02 04:55:48+00:00,0,@SantiajiSy47968 @KangManto123 @corbuzier Naah sebenarnya program MBG disisi lain malah bikin khawatir ortu. Takutnya dapet makanan yg tidak layak makan basi atau tidak higienis.,1896061856697237729,,SantiajiSy47968,in,,0,0,0,https://x.com/undefined/status/1896061856697237729,1750894737261998080,
1895414576621228481,2025-03-01 08:47:51+00:00,0,@rizkidwika Seandainya Indonesia tidak ada korupsi maka mgkin penghasilan per bulan kotor rakyat indonesia sudah 30 juta/kepala. Dan tentunya rakyatnya pandai2 sekolah gratis tdk perlu ada program MBG dari APBN dan paling membahagiakan adalah tidak ada buzers2 somplak dan tolol smp langit,1895757865169928486,,rizkidwika,in,,0,0,0,https://x.com/undefined/status/1895757865169928486,1395898405965111297,
1917578027959214520,2025-04-30 13:53:23+00:00,1,Yeee anjeng main sini cok bau makanan nya gak enak dan ga jarang makanannya gak layak makan. Gw cmn makan MBG seminggu doang karena kalo dipaksain lama lama gizi gue gak terpenuhi krn biasanya lauk nya basi! habistu? bawa bekal sendiri lah lbh enak buat dimakan!,1917578027959214520,,,in,,0,0,0,https://x.com/undefined/status/1917578027959214520,1313690804376883200,
1915976197265363006,2025-04-26 03:50:22+00:00,0,Oooo tentu tidaaa karena anaknya masuk ke sekulah internesyenel yg makanan di kantinnya super higienis tidak mungkin ada MBG,1915976720806740098,,AnnisaPuspita,in,,0,1,0,https://x.com/undefined/status/1915976720806740098,45497610,
1914889184600547615,2025-04-23 03:53:21+00:00,0,Begitu juga dengan mbg yang sedang gencar gencar dilakukan diseluruh wilayah Indonesia standar makanan yang kurang proses pengolahan yang tidak terkontrol apakah tetap steril dan higienis? Kotak makan yang dipakai setiap hari apakah sudah melewati proses sterilisasi?,1914890310003634538,,Nurulcantikaaaa,in,,0,1,0,https://x.com/undefined/status/1914890310003634538,1870277160398983168,
1914573244595642670,2025-04-22 15:40:28+00:00,0,@asumsico @kemenkop_ @BadanPangan @DitjenAnggaran (8) Akan muncul potensi koperasi hanya menjadi penampung risiko dari kekacauan sistem MBG MBG membutuhkan sistem rantai pasok yg cepat higienis dan efisien. Koperasi desa yg blm punya sistem pendingin transportasi dan pengawasan mutu tidak siap menangani MBG volume besar,1914705872334561365,,syueb2011,in,,0,1,0,https://x.com/undefined/status/1914705872334561365,363380931,
1914480717389815845,2025-04-22 05:37:15+00:00,1,@CNNIndonesia Saksi/korban Satu kelas 36 orang mendapat jatah MBG pada siang hari saya sempat mencium bau tidak sedap dari ayam suwir yang menjadi lauk selang beberapa jam setelah menyantap makanan tersebut saya merasa pusing mual dan muntah ,1914554068514820236,,CNNIndonesia,in,,0,0,0,https://x.com/undefined/status/1914554068514820236,86895961,
1914480717389815845,2025-04-22 04:22:53+00:00,0,@CNNIndonesia MBG begini kan harusnya mengikuti aturan bpjph dsb kan yang digalakkan oleh haikal hassan jadi harusnya halal kan kenapa malah jadi makanan beracun gratis? Jangan-jangan dijamin halal tapi higienis tidak dijamin. Seriftikasi halal = sertifikasi bodong.,1914535353433907222,,CNNIndonesia,in,,1,0,1,https://x.com/undefined/status/1914535353433907222,1924173066,
1914267872295281128,2025-04-21 10:44:14+00:00,0,@huftie69 Nah inilah contohnya orang yang harus mendapat MBG biar otaknya tidak kotor. Lanjutkan MBG,1914268937216565745,,huftie69,in,,0,0,0,https://x.com/undefined/status/1914268937216565745,1725661893698912256,
1927842268683043256,2025-05-28 21:39:49+00:00,0,Sedang khawatir²nya perihal efisiensi untuk MBG. Muncul lagi bau tidak sedap dari lahan basah bernama Koperasi Merah Putih.,1927842268683043256,,,in,,0,3,0,https://x.com/undefined/status/1927842268683043256,60308063,
1926462148936348081,2025-05-25 05:33:51+00:00,0,@Heraloebss Iya nanti jika negara sudah tidak mampu MBG diganti makan angin bau kentut.,1926512014764986705,,Heraloebss,in,,0,0,0,https://x.com/undefined/status/1926512014764986705,1676309808092446721,
1924871105841660401,2025-05-20 16:53:28+00:00,1,Day 2 MBG lumayan ada susunya tapi itu sayur nya pas di buka bau nya menyengat tidak enk temenku samoe mual tapi overall baik dan ok sih 6/10 untuk hari ini https://t.co/ZFntuViSVv,1924871105841660401,https://pbs.twimg.com/media/GraEEcka0AAnCBg.jpg,,in,,0,0,0,https://x.com/undefined/status/1924871105841660401,1684180000151592960,
1924348672399261864,2025-05-19 23:23:54+00:00,0,@_AngryNeeson52 Mereply narasi sender gak mau makan hanya gara2 MBG gak hangat. Tidak yg lain. Terpisah proses ketidaksempurnaan distribusi higienis dll memang hrs diperbaiki dan dikritisi. Begitu bang Pintar.,1924606974899192057,,_AngryNeeson52,in,,0,0,0,https://x.com/undefined/status/1924606974899192057,297200431,
1923393692636684555,2025-05-16 15:02:45+00:00,1,Kita kawal Program MBG agar adik adik di sekolah mendapatkan menu yang higienis dan sesuai kebutuhannya. Semua harus peduli agar tidak terjadi hal hal yang tidak diinginkan. foto: ilustrasi https://t.co/AL7nvJSTp3,1923393692636684555,https://pbs.twimg.com/media/GrFEXQSawAAvCtd.jpg,,in,,0,1,0,https://x.com/undefined/status/1923393692636684555,226416224,
1923068411862499792,2025-05-15 17:30:12+00:00,4,Sudah RATUSAN Saran kepada Program ini Mulai dr Standarisasi Higienis sampai penghentian Program MBG Apa diDENGAR? Ya jelas TIDAK Yg muncul dr Pemerintah malah Usulan ANEH: Serangga sampai Asuransi Kejadian ini hanya dilihat sbg Persentase Angka Bukan Skala Resikonya 🇮🇩🇮🇩 https://t.co/OnKRklWQpt,1923068411862499792,https://pbs.twimg.com/amplify_video_thumb/1923068364953616384/img/GyO1EDXjD1Q2cwNh.jpg,,in,,0,1,1,https://x.com/undefined/status/1923068411862499792,774524040,
1922542710029709400,2025-05-14 10:26:12+00:00,0,@detikcom bakteri tsb karena tidak benar / higienis cara memasaknya jadi perlu ada sertifikasi dapur penyedia MBG. buat sertifikat dong lumayan kan 1 sertifikat Rp. 1juta per tahun.,1922599320240390284,,detikcom,in,,0,0,0,https://x.com/undefined/status/1922599320240390284,1410466956134608899,
1922250036236136801,2025-05-13 13:07:22+00:00,0,@hanan052020 Kok milih biaya mahal keracunan makanan kan paling tidak disebabkan proses tidak higienis terjadi kontak silang basi sanitasi dan higenitas pengkonsumsi MBG,1922277489188975042,,hanan052020,in,,0,1,0,https://x.com/undefined/status/1922277489188975042,1399601393174863877,
1921898860290490774,2025-05-13 12:07:13+00:00,0,@Kingkoil66 @CNNIndonesia Kemungkinan penyebab kontaminasi E. coli dan Salmonella pada makanan MBG meliputi penanganan yang tidak higienis seperti memasak malam hari dan mendistribusikan keesokan siang memungkinkan bakteri berkembang. Bahan makanan seperti telur atau tauge mungkin sudah,1922262351363113295,,Kingkoil66,in,,0,0,0,https://x.com/undefined/status/1922262351363113295,1720665183188922368,
1921822729713414558,2025-05-12 18:52:18+00:00,2,@bdg1203 @Minietweets_ @kompascom @KemenkesRI @kimiafarmaind Fakta bbrp pelaksanaan MBG tidak sesuai dgn SOP makanan bergizi dan higienis yg menyebabkan keracunan. Saya yakin pak @prabowo tidak anti kritik. Kritik membangun bisa dilakukan oleh siapa saja; Jurnalis Pejabat Pemerintah harus dihargai dan sbg bahan evaluasi MBG. https://t.co/QNiO1JbPkh,1922001906743877940,https://pbs.twimg.com/media/GqxSjDkXMAA_SkI.jpg,bdg1203,in,,0,1,1,https://x.com/undefined/status/1922001906743877940,899597703058817024,
1921705094774452699,2025-05-11 23:12:52+00:00,8,Kasihan para siswa yg keracunan !! Yang didapat bukannya makanan bergizi tapi makanan yang tidak sehat karena bahan yg dimasak sudah tidak higienis lagi. Cita-cita Indonesia emas bisa gagal jika program MBG pelaksanaannya seperti ini. https://t.co/ReCAfPZRWO,1921705094774452699,,,in,,0,5,5,https://x.com/undefined/status/1921705094774452699,938664737369341952,
1919957249746739566,2025-05-07 04:21:00+00:00,2,@NHenryp29864 @lintang_ayoe Program MBG punya niat mulia: meningkatkan gizi anak-anak Indonesia. Kalau ada masalah di lapangan seperti dugaan penyimpangan anggaran atau distribusi makanan yang tidak higienis itu justru alasan kuat untuk kita perbaiki bersama. Jangan salahkan programnya Lanjutkan MBG,1919970696916074908,,NHenryp29864,in,,0,0,2,https://x.com/undefined/status/1919970696916074908,758215573721407489,
1919600034460348506,2025-05-06 14:11:48+00:00,4,@tempodotco Harus Tunggu ada Korban Jiwa Keracunann dari MBG Paakk Sebaiknya beri saja Duitnya utk DiMasak sama Ibunya Masing2 agar Lebih Higienis BerGizi dan Aman Tidak keracunan lg,1919756988944417230,,tempodotco,in,,0,0,0,https://x.com/undefined/status/1919756988944417230,1714994452132237312,
1919351644820795771,2025-05-06 08:21:53+00:00,2,@KATADATAcoid Keluar lagi pernyataan yg NGAWUR masalahnya bukan sedikit atau banyak yang keracunan Pak tapi MBG pelaksanaannya hari ke hari tambah tidak higienis kerjanya asal asalan demi kuota tercapai come on Pak ini nyawa manusia satu orang yg mati akan melemahkan kepercayan kpd Bapak.,1919668930324623466,,KATADATAcoid,in,,0,0,0,https://x.com/undefined/status/1919668930324623466,1616033255828115456,
1919532599065694236,2025-05-06 06:16:25+00:00,0,@tanyarlfes Walaupun bukan MBG pun proyek dari gov indon sangat tidak worth diambil (kecuali lu juga ikut main kotor),1919637357080265056,,tanyarlfes,in,,0,0,0,https://x.com/undefined/status/1919637357080265056,1143709946694946817,
1919457558395232431,2025-05-05 18:21:58+00:00,0,new goal mbg : tidak keracunan yey semisal anak lu keluarga lu atau anak kerabat lu keracunan berarti dia ga beruntung masuk ke 99% alias gachanya bau. kasian bgt yahahha nyawanya cuma persentase di mata penjahat ham ini ,1919457558395232431,,,in,,0,0,0,https://x.com/undefined/status/1919457558395232431,1165935939400548358,
1932978268489351361,2025-06-12 08:29:56+00:00,3,@Ama_xxii @MasBRO_back @prabowo Benar sekali. Toh buktinya mitra yg ditunjuk utk penyediaan MBG sdh berbulan² ada yg belum dibayar padahal hrs tetap produksi kasihan mitranya. Lagi pula anak² hampir semua tidak menyukai menu MBG lebih enak bekal dr rumah kata mrk jelas higienis gak bikin keracunan makanan,1933079305896210612,,Ama_xxii,in,,2,0,0,https://x.com/undefined/status/1933079305896210612,1550848018185797634,
1929030392297750976,2025-06-01 16:26:06+00:00,0,@DoankWarto Kalau ada kasus makanan tidak higienis itu tanggung jawab pengawas dan penyedia. Justru dengan MBG kita jadi punya alasan kuat untuk perbaiki sistem makan di sekolah. Lanjutkan MBG,1929212870941642910,,DoankWarto,in,,0,0,0,https://x.com/undefined/status/1929212870941642910,2944356428,
1929030392297750976,2025-06-01 04:20:59+00:00,8,Memangnya anggaran MBG Rp.10.000 - per siswa bisa untuk beli 2 liter susu per hari ? Yg ada justru banyak siswa yg keracunan karena menu makanan tidak higienis karena kecilnya anggaran dan masih diambil untung. https://t.co/uwyOBzJdGa,1929030392297750976,https://pbs.twimg.com/media/GsVK6xSaYAAjtI-.jpg,,in,,1,13,1,https://x.com/undefined/status/1929030392297750976,938664737369341952,
1950843885846143203,2025-07-31 09:41:37+00:00,1,@rayestc @taeyongtic @ARSIPAJA Hai rayestc dari analisis ilmiah shalawat tidak bisa mencegah keracunan masal secara langsung itu memerlukan higienis bahan segar dan kontrol kualitas seperti di program MBG. Namun jika membangun disiplin dan niat baik pekerja bisa bantu secara tidak langsung. Yang utama,1950854353881075781,,Djef_iceberg,in,,1,0,0,https://x.com/undefined/status/1950854353881075781,1720665183188922368,
1950682331725079023,2025-07-30 22:29:27+00:00,0,@Yunar69 Seperti asal-asalan dan kurang pengawasan pada pelaksanaan MBG ini terutama saat penyiapan makanannya tidak higienis dan tidak memenuhi standar kesehatan yg seharusnya Baiknya di stop dulu di evaluasi dan dibuat pelaksanaan dan pengawasan yg lebih baik.,1950685198145990850,,Yunar_kagantino,in,,0,0,0,https://x.com/undefined/status/1950685198145990850,145120983,
1949666133528789131,2025-07-28 06:03:08+00:00,6,@ARSIPAJA Apa ini bener? Saya tidak merendahkan Masyarakat Miskin tapi judulnya cukup menggelitik Mengapa yang menyiapkan MBG bukan tenaga ahli dibidangnya? Makanan sangat erat dengan higienis ,1949712206075134204,,ARSIPAJA,in,,0,1,0,https://x.com/undefined/status/1949712206075134204,136891869,
1949666133528789131,2025-07-28 04:48:52+00:00,0,@oopsitssnoopy @ARSIPAJA Ga mungkin kak. Aku ada kenalan yg sempet kerja di salah satu dapur MBG. Gajinya minim dan proses pengerjaannya sangat tidak higienis. Bahkan bosnya ga peduli makanannya mateng atau ga ‍,1949693516575338685,,oopsitssnoopy,in,,0,2,0,https://x.com/undefined/status/1949693516575338685,1229455520391729154,
1947501269800915231,2025-07-22 03:37:40+00:00,1,Mual mual muntah Hampir mati.. Puluhan siswa SMPN 8 Kupang dilarikan kerumah sakit akibat keracunan Makanan Bergizi Gratis (MBG).. Dugaan sementara makanan tidak higienis. Senin 21/7/2025 @prabowo Mohon program MBG tersebut di evaluasi https://t.co/xcCYN1kvJI,1947501269800915231,https://pbs.twimg.com/ext_tw_video_thumb/1947500651417899010/pu/img/J74UeaMl-Zgb1VHV.jpg,,in,,1,0,0,https://x.com/undefined/status/1947501269800915231,1776727090131501056,
1947234378566029693,2025-07-21 09:57:08+00:00,0,Mendingan yg begini yg diurus daripada MBG yg selalu ada maslah belatung bau tidak sesuai ekspetasi dll ...,1947234378566029693,,,in,,0,0,0,https://x.com/undefined/status/1947234378566029693,1603550533041561600,
1945364318884913506,2025-07-16 06:06:11+00:00,17,Program MBG nya @prabowo &amp; @gibran_tweet yg bermasalah. Setelah libur panjang program MBG bukan nya lebih baik ini malah tambah hancur. Makanan ada belatung artinya makanan yg di sediakan itu tidak higenis alias kotor &amp; busuk pastinya. https://t.co/rGrSdInpkc,1945364318884913506,https://pbs.twimg.com/ext_tw_video_thumb/1945364270512005120/pu/img/7MtfThFwjiQcokam.jpg,,in,,0,3,15,https://x.com/undefined/status/1945364318884913506,1920770756675596289,
1943217713209549281,2025-07-10 07:56:59+00:00,1,KSP mengapresiasi konsistensi dan inovasi tim SPPG dalam mengelola dapur yang tidak hanya higienis tetapi juga mengedepankan edukasi gizi sanitasi dan kelestarian lingkungan sehingga dapat menjadi model bagi dapur MBG lainnya di berbagai daerah. #KSP #UpdtaeKSP #SPPG #MBG https://t.co/CluUQkO8Ge,1943217875810160982,https://pbs.twimg.com/media/GveyWoFakAc26li.jpg,KSPgoid,in,,0,3,0,https://x.com/undefined/status/1943217875810160982,772689620576395264,
1942168137883095429,2025-07-07 10:25:42+00:00,26,MBG bertujuan baik. Tapi apa yg mau kau capai dgn infrastruktur sekolah² yg belum/tidak memadai? Salmonela n Ecoli tak cuma dari menunya tapi jg lingkungan? Kondisi sekolah² sperti ini dipaksa utk adakan MBG higienis pasang Smart TV dll itu? : By Me. https://t.co/nKcnvMhQY8,1942168137883095429,https://pbs.twimg.com/media/GvP3oJxWQAAALVc.jpg,,in,,1,4,5,https://x.com/undefined/status/1942168137883095429,174156881,
1960700455958266134,2025-08-28 15:27:40+00:00,1,@Syarman59 @ZUL_Hasan Hentikan MBG jika tidak bisa terbiasa higienis bebas racun membahayakan manusia.,1961088297830351069,,Syarman59,in,,0,0,0,https://x.com/undefined/status/1961088297830351069,1116882263185088513,
1960992214298853694,2025-08-28 09:34:25+00:00,0,@Ngadinopanser @hardye76 Berdasarkan laporan berita dan investigasi (seperti dari Kompas Detik BBC) kasus keracunan MBG sering terjadi karena: 1) Kontaminasi bakteri dari pengolahan makanan yang tidak higienis seperti di Jogja dan Bengkulu. 2) Bahan baku berkualitas rendah atau peralatan bermasalah,1960999399234162936,,Ngadinopanser,in,,0,0,0,https://x.com/undefined/status/1960999399234162936,1720665183188922368,
1960719648858759460,2025-08-28 09:22:54+00:00,0,@txtfromjogja MBG (Makan Bakteri Gratis). Gara2 penanganan makanan yang tidak higienis apalagi kalo kena bakteri H. pylori bisa bertahun2 hidup di lambung dan bikin kanker. Buat yang punya masalah maag bertahun2 coba cek mungkin saja karena infeksi H. pylori. Emang anjing klub 58%. https://t.co/7L4K80Wo5p,1960996504836915639,https://pbs.twimg.com/media/Gzbb7MOaEAA9PG6.jpg,txtfromjogja,in,,0,1,0,https://x.com/undefined/status/1960996504836915639,1354315583915925505,
1911648443703124453,2025-08-28 05:10:37+00:00,0,@wibisonoys @DsSupriyady @Srik4ndiMuslim2 @DamaiHariLubis @ajengcute16__ @Fahrihamzah @rahmasarita @DokterTifa @NarasiNewsroom @SonoraFM92 @Dennysiregar7 @ch_chotimah2 @andre_rosiade @Gerindra @karniilyas @ILCTalkshow @BocorAlusPol @jokowi @realAmienRais @officialinews_ @MonaLisa_Twins @DediMulyadi71 @xquitavee @ProfylHenuk @PDI_Perjuangan @DianSandiU @tomlembong @GusNurian @NyaiNeneng @NenkMonica @Piyusaja2 @DPR_RI @emhaainunnadjib @fadlizon @CAMERALIVE6849 @KataBewe @KemensetnegRI @KemensosRI @UGMYogyakarta @PDemokrat @BemUgm @BEMUI_Official @BEMUNJ_OFFICIAL @prabowo @psi_id @bang_dasco @Dahnilanzar Saya mengerti kekhawatiran Anda soal program MBG. Laporan dari Reuters dan BBC menyebut ada kasus keracunan massal di berbagai daerah termasuk Sleman akibat makanan tidak higienis. Pemerintah telah menindaklanjuti dengan investigasi. Apakah ada aspek spesifik yang ingin,1960933012931236179,,wibisonoys,in,,0,0,0,https://x.com/undefined/status/1960933012931236179,1720665183188922368,
1960700455958266134,2025-08-28 01:51:06+00:00,1,@Syarman59 @tr1ey @ZUL_Hasan @prabowo Kejadian sporadis di berbagai area akan terus berlanjut Hanya satu yg disalahkan : siswanya (karena tidak terbiasa tidak higienis) gurunya (tidak mencicipi) dapur MBG bebas berimprovisasi,1960882804096688286,,Syarman59,in,,0,0,0,https://x.com/undefined/status/1960882804096688286,228935841,
1960875220920885516,2025-08-28 01:20:58+00:00,26,Bakteri eColi itu Taek Manusia bisa jadi Tangan bekas Cebok BAB tidak dicuci bersih dan menempel pada saat menyiapkan Makanan Siap saji karena menggunakan Tangan yang tidak steril - MBG itu sangat menjijikkan mas Broo @prabowo #hening Ndasmu https://t.co/V18kh70iGm,1960875220920885516,https://pbs.twimg.com/media/GzZtneVa4AcKhfc.jpg,,in,,0,3,16,https://x.com/undefined/status/1960875220920885516,780554097388687360,
1960327976341688686,2025-08-26 22:42:36+00:00,1,@Ari3Pras @SimbokeSarah Terwelu... MBG yg perlu dikritisi adalah SDM BGN birokrat bermental korup dan SDM pelaksananya yg memang sangat rendah dan mengabaikan SDM yg terdidik dlm tataboga mulai dr pengadaan bahan baku pengelolaan dan penyajian yg tidak higienis dg harga yg sdh diperas jd 7 rb,1960472977327448100,,Ari3Pras,in,,0,0,0,https://x.com/undefined/status/1960472977327448100,2191579651,
1959592165535068387,2025-08-24 15:25:12+00:00,11,@sundastruggle Jujurnya ieu mah tp MBG kieu teh di manfaatkeun oknum. Makanan nu datang ge tidak sesuai aturan sekolah aku sampe pernah komplen grgr dapet makanan ayam yg udh bau bgt: ) trs di tanya ke si catering nya mereka cmn nerima bahan pokoknya aja dan bahan pokoknya yg begitulah: ),1959638127125094902,,sundastruggle,in,,0,1,1,https://x.com/undefined/status/1959638127125094902,1568283966255558656,
1958459925472141690,2025-08-21 15:16:32+00:00,0,@Pandekaminang49 @kompascom Keracunan makanan biasanya disebabkan oleh bakteri (seperti Salmonella E. coli) virus (norovirus) parasit racun kimia atau kontaminasi dari pengolahan yang tidak higienis penyimpanan salah atau makanan kedaluwarsa. Dalam kasus MBG bisa dari ketidakbersihan atau adaptasi,1958548780573458901,,Pandekaminang49,in,,0,1,0,https://x.com/undefined/status/1958548780573458901,1720665183188922368,
1956249498159591719,2025-08-16 15:25:46+00:00,0,@tempodotco Maaf ya tapi saya adalah konsumen MBG. Dan biasa aja nggak ada peningkatan. Orang kadang makanan MBG nya ada yg buahnya busuk kadang makanannya malah tidak terlalu higienis. Aduh pak tanyanya harusnya ke kami dobk pelajar para konsumennya,1956739166894698631,,tempodotco,in,,0,0,0,https://x.com/undefined/status/1956739166894698631,1783012900489297920,
1955243637106937947,2025-08-13 10:56:49+00:00,0,@BosPurwa Hentikan MBG lahan baru korupsi dan makanan diduga tidak higienis.,1955584321219375311,,BosPurwa,in,,0,0,0,https://x.com/undefined/status/1955584321219375311,896003061352513536,
1955451870907937160,2025-08-13 02:10:31+00:00,0,Terjadi Lagi Puluhan Siswa dan Guru Keracunan Massal usai Santap Makanan Menu MBG Dapur SPPG Diduga Tidak Higienis https://t.co/6jeS6YWIkK,1955451870907937160,,,in,,0,0,0,https://x.com/undefined/status/1955451870907937160,89877164,
1955156581563392392,2025-08-12 07:25:05+00:00,5,@kementan Yang benerlah BGN. Lokasiku Tasikmalaya Keracunan MBG diriku mantan ahli gizi pas ngeliat rekrutmennya asal-asalan.Skripsiku pelayanan makan di Lapas (hasilnya baik higienis walau terbatas tapi ga keracunan). FYI Dadan Hindayana tidak punya latar belakang gizi &amp; bukan ahli gizi. https://t.co/Ja2c4QdcPr,1955168648345309191,https://pbs.twimg.com/media/GyInfHTaEAAohzV.jpg,kementan,in,,0,0,1,https://x.com/undefined/status/1955168648345309191,311250510,
1954421923045335156,2025-08-11 23:16:02+00:00,0,@TirtoID MBG bau basi berulat dan ngk enak. Yaa itu semua mengasah data ingat anak bahwa MBG TIDAK BERGUNA.,1955045574966906893,,TirtoID,in,,0,0,0,https://x.com/undefined/status/1955045574966906893,261023896,
1954897241564742062,2025-08-11 16:55:58+00:00,2,@seruanhl @NgkongRoses @Ary_PrasKe2 @Urrangawak @Marbot_Udien @HumorJonTampan @DS_yantie @denni_sauya @AntoniusCDN @Anak__Ogi @BiLLRaY2019 belatung di MBG ? - penutup makanannya terbuka/tidak tertutup rapat - lingkungan sekitar kotor - tempat sampah tidak dibersihkan - banyak lalat (sehingga mereka bertelur lalu jadi belatung),1954949927404277863,,seruanhl,in,,0,1,0,https://x.com/undefined/status/1954949927404277863,1379535352512139265,
1954421923045335156,2025-08-11 05:28:51+00:00,0,@iskan45v @bangimal @TirtoID Tidak keracunan justru merusak kesehatan dan fungsi kognitif bukan meningkatkan kecerdasan. Kasus keracunan di MBG (data BPOM 2025: 17-19 insiden &gt;1.500 korban) disebabkan kontaminasi bakteri higienis buruk &amp; skala produksi masif. Program perlu pengawasan ketat untuk manfaat,1954777006622876132,,iskan45v,in,,0,1,0,https://x.com/undefined/status/1954777006622876132,1720665183188922368,
1973032587636716015,2025-09-30 14:30:00+00:00,3,Pelaksana Tugas (Plt.) Kepala Sekolah SDN 01 Gedong Pasar Rebo Jakarta Timur membenarkan adanya bau tidak sedap dan tekstur berlendir pada hidangan Makanan Bergizi Gratis (MBG) yang diduga menyebabkan 21 siswa keracunan. Pihak sekolah saat ini masih menunggu hasil uji https://t.co/BR6uU2ItEs,1973032587636716015,https://pbs.twimg.com/amplify_video_thumb/1973008206961197057/img/ixriGbG_BeuZ_3OI.jpg,,in,,0,0,0,https://x.com/undefined/status/1973032587636716015,57261519,
1973014477869404498,2025-09-30 13:18:03+00:00,98,Program MBG memang bagus tapi implementasi tidak tepat kenapa tidak diprioritaskan kepada murid di sekolah² terpencil? Kenapa tidak masak di dapur sekolah saja biar makanan fresh &amp; lebih higienis????,1973014477869404498,,,in,,1,22,31,https://x.com/undefined/status/1973014477869404498,1334853481019056128,
1972939247973003462,2025-09-30 08:19:06+00:00,3,Fenomena keracunan makanan bergizi gratis (MBG )jadi pengingat penting bahwa makanan bergizi tidak cukup hanya kaya nutrisi. Jika tidak higienis dan aman dari bakteri ia bisa berubah menjadi sumber penyakit! ‍️ ⁣ ⁣ Lalu bakteri apa saja yang paling sering jadi biang kerok https://t.co/zwfamEACD0,1972939247973003462,https://pbs.twimg.com/media/G2FJaS-aoAAegBM.jpg,,in,,0,0,1,https://x.com/undefined/status/1972939247973003462,104446991,
1972912008673870002,2025-09-30 06:30:52+00:00,0,Kontaminasi bakteri &amp; nitrit tinggi dalam MBG bisa terjadi akibat pengolahan dan distribusi yang tidak higienis. Harus ada perbaikan sistem! #KeracunanMBG #KeamananPangan #MBG,1972912008673870002,,,in,,0,0,0,https://x.com/undefined/status/1972912008673870002,3814213218,
1972643376886624325,2025-09-30 06:06:53+00:00,21,@somexthread Betul. Ini unsur pemaksaan. Pihak sekolah jika menolak akan dikenai sangsi. Sedangkan makanan MBG dr BGN kemungkinan tidak higienis dan fresh. Wajar jika pihak sekolah dan wali murid menolak,1972905974135722116,,somexthread,in,,0,2,4,https://x.com/undefined/status/1972905974135722116,78626345,
1972866624907849955,2025-09-30 03:30:55+00:00,1,lantaran dari 9.000 lebih dapur hanya 34 yang memiliki sertifikasi resmi. Dari 5823 (kasus keracunan) ternyata yang punya lisensi sertifikat higienis dan sanitasi kan tidak lebih hanya 34 SPPG istilahnya dapur MBG lah ya. Hanya 34 dapur ujar Said...,1972866722043699280,,MarahIchsan,in,,0,0,0,https://x.com/undefined/status/1972866722043699280,797761417894051840,
1972610433535422536,2025-09-29 15:01:33+00:00,5,@NenkMonica Sudahlah..saranin untuk siswa siswi diseluruh sekolah u tuk tidak menyantap makanan MBG kalau ingin tidak keracunan!!. Sudah tau makanan bau kenapa masih dibagikan ke anak didik???,1972678137503715538,,NenkMonica,in,,0,0,1,https://x.com/undefined/status/1972678137503715538,2449475149,
1972627126877843757,2025-09-29 11:38:56+00:00,0, SLHS sebelumnya hanya administratif sekarang wajib. Kami tidak ingin kejadian itu terulang. Menko Pangan Zulkifli Hasan Program MBG bukan hanya soal gizi tapi juga keamanan pangan. Dapur sehat anak-anak pun terlindungi. #MakanBergiziGratis #SLHS #Sanitasi #Higienis https://t.co/B8loXc82Tc,1972627147450966097,https://pbs.twimg.com/media/G2At7xgbkAAnaQ0.jpg,InfoPublikIP,in,,0,0,0,https://x.com/undefined/status/1972627147450966097,275580050,
1972491520210325822,2025-09-29 02:40:00+00:00,4,JPPI kritik instruksi pemasangan CCTV dan SLHS untuk dapur makan bergizi gratis. Mereka menilai hal tersebut tidak menyelesaikan masalah keracunan MBG. https://t.co/ZbXzrs9vSw,1972491520210325822,,,in,,0,3,1,https://x.com/undefined/status/1972491520210325822,69183155,
1972469825038631073,2025-09-29 01:13:47+00:00,0,Baru dapat o cibubur. mongan dari art... Anaknya SMK cibubur. Setelah selesai makan...harus mencuci nampan MBG sendiri oleh guru. Tanpa sabun...pakai daun2an...‼ tidak hemat waktu... Menyusahkan dan kotor @badangizinasional @SeskaB @Setneg_NI,1972469825038631073,,,in,,0,0,0,https://x.com/undefined/status/1972469825038631073,1729761988296019968,
1971750500384297445,2025-09-29 00:41:48+00:00,1,@Mdy_Asmara1701 Ya bagaimana tidak bnyak bakteri sedangkan dapur2 MBG bnyak yg tidak bersertifikat higienis https://t.co/YdKyZFt28D,1972461777360465993,https://pbs.twimg.com/ext_tw_video_thumb/1972461725636304896/pu/img/TpG_rsAhhZlv17XU.jpg,Mdy_Asmara1701,in,,0,0,0,https://x.com/undefined/status/1972461777360465993,1333999635388534784,
1972154306242756716,2025-09-29 00:19:18+00:00,0,@MurtadhaOne1 @CNNIndonesia CNNIndonesia yang nanya tentang MBG -Sianida adalah zat beracun yang bisa menyebabkan keracunan bau khas sianida yang mirip almond adalah salah satu ciri khasnya &amp; tidak memiliki rasa di lidah. Jangan pernah mencoba mencicipi atau menghirup sianida karena sangat berbahaya.,1972456113019982088,,MurtadhaOne1,in,,0,0,0,https://x.com/undefined/status/1972456113019982088,1727048834075783168,
1972352754279686565,2025-09-28 17:28:35+00:00,1,Cara2 kotor seperti ini udh gk cocok di era sekarang pak. Rakyat udh melek teknologi akses informasi tidak terbatas lalu bpk mau membatasi suara pers yg menyuarakan masalah darurat MBG yg dari namanya adlh makan berGIZI justru malah membahayakan banyak nyawa generasi penerus?,1972352754279686565,,,in,,0,0,0,https://x.com/undefined/status/1972352754279686565,600005277,
1972276716837155264,2025-09-28 12:26:27+00:00,0,Pemerintah memastikan sistem distribusi logistik dan pengawasan agar makanan bergizi gratis dapat tersalurkan dengan tepat sasaran higienis serta konsisten dalam kualitas di seluruh wilayah diharapkan tidak ada penyimpangan https://t.co/QYZXPAVzT2 #KomitmenPemerintahJagaMBG,1972276716837155264,,,in,,0,0,0,https://x.com/undefined/status/1972276716837155264,1513423385811820544,
1972275820174745908,2025-09-28 12:22:53+00:00,0,pemerintah pastikan pelaksanaan mbg transparan tidak ada celah penyimpangan agar semua warga merasakan manfaatnya secara adil dan higienis #KomitmenPemerintahJagaMBG https://t.co/iOvvLyVYqu,1972275820174745908,,,in,,0,0,0,https://x.com/undefined/status/1972275820174745908,1901619456113360896,
1984108934156943716,2025-10-31 04:03:27+00:00,13,Harus di finalkan sih lagu resmi MBG itu yang mana karena ingatan paling kuat itu menempel selain dari bau juga dari musik. Sangat rugi sekali bila MBG tidak ada lagu resminya buat diputar sedang pogramnya tiap hari berjalan. Celah buat menumbuhkan nasionalisme cinta ke tanah https://t.co/CC3llz4wey,1984108934156943716,https://pbs.twimg.com/ext_tw_video_thumb/1984108881761726470/pu/img/PZEZYfeOylwwSlxl.jpg,,in,,0,1,4,https://x.com/undefined/status/1984108934156943716,1184695438365974528,
1983782683139567977,2025-10-31 01:29:49+00:00,0,@kompascom Kegagalan penyelenggaraan MBG yg ditandai dg banyaknya kasus keracunan terjadi karena penyelenggaraan operasional dapur secara higienis bukanlah budaya kita. Diakui atau tidak itulah kenyataan yg kita hadapi.,1984070272954331213,,kompascom,in,,0,2,0,https://x.com/undefined/status/1984070272954331213,1078601040,
1983782683139567977,2025-10-31 01:17:43+00:00,0,@kompascom Kendali mutu MBG berfungsi atau tidak? Harus ada penjelasan yg bisa dipertanggungjawabkan mengenai hal-hal yg mengganggu sistem kendali mutu MBG sehingga terjadi gagal fungsi. Sekedar catatan kita secara budaya memang bukan bangsa yg higienis dlm keseharian kita.,1984067227327590768,,kompascom,in,,0,0,0,https://x.com/undefined/status/1984067227327590768,1078601040,
1983506627161407628,2025-10-30 12:21:41+00:00,1,@afrkml tadi sekolah saya hampir makan bakso busuk. akhirnya full dikembalikan semua dan dengan entengnya yg ngurus MBG bilang masih layak makan tapi sedikit bau. padahl baunya dah bsuk bgt sampe pengen muntah saat ngeciumnya,1983871929464267200,,afrkml,in,,0,1,0,https://x.com/undefined/status/1983871929464267200,1510948418700873732,
1983869138415301103,2025-10-30 12:10:35+00:00,4,Ada ulat di sayur MBG? Tinggal buang sayurnya. Lalu pihak sekolah segera minta ganti ke SPPG yang mengantar ke sekolah. Sudah ada perjanjian. Makanan bau tidak layak di tukar atau laporkan ke SPPI. Jumlah ompreng di hitung dam tidak akan dibayar oleh BGN Gitu saja kok repot,1983869138415301103,,,in,,1,1,3,https://x.com/undefined/status/1983869138415301103,1348987504985133057,
1983325559922082242,2025-10-30 08:25:39+00:00,0,@oknumwarga @Urrangawak Tidak tertuang dalam aturan resmi mana pun; ini kritik satir terhadap prioritas program Makan Bergizi Gratis yang lebih condong ke manajemen citra via buzzer daripada perbaikan substansial kualitas makanan. Kebijakan MBG menekankan gizi dan standar higienis (seperti di Perpres,1983812529903259915,,oknumwarga,in,,0,0,0,https://x.com/undefined/status/1983812529903259915,1720665183188922368,
1983771660487684224,2025-10-30 05:44:23+00:00,0,@kamalicioso Keracunan makanan seperti kasus MBG di Lembang bisa disebabkan oleh bakteri (misalnya Salmonella atau E. coli) kontaminasi kimia (pestisida logam berat) atau pengolahan tidak higienis. Gejala biasa diare/muntah tapi kejang jarang terjadi bisa karena dehidrasi parah ,1983771946560229724,,mascmismagius,in,,0,0,0,https://x.com/undefined/status/1983771946560229724,1720665183188922368,
1983582843084341586,2025-10-30 00:12:02+00:00,0,@tentaralangit99 @barengwarga Masalah seperti ini memang mengkhawatirkan dan perlu diselidiki mendalam tapi tuduhan sabotase butuh bukti kuat agar tidak spekulatif. MBG bertujuan baik untuk nutrisi anak tapi tantangan logistik higienis dan distribusi di skala besar bisa jadi akar masalahnya bukan,1983688306966888929,,tentaralangit99,in,,0,1,0,https://x.com/undefined/status/1983688306966888929,1720665183188922368,
1983174880271925674,2025-10-28 14:11:51+00:00,0,BGN Tegaskan: Dapur Kotor Sama dengan Pengkhianatan Moral Negara! Setiap dapur penyedia makanan di Program Makan Bergizi (MBG) wajib memenuhi standar kesehatan dan kebersihan. Kita bekerja membawa nama negara. Jangan biarkan dapur yang tidak layak tetap beroperasi tegas https://t.co/P4hNWPi1mf,1983174880271925674,https://pbs.twimg.com/media/G4WnCsgXcAAP7Ll.jpg,,in,,0,0,1,https://x.com/undefined/status/1983174880271925674,46693036,
1983083373498380774,2025-10-28 08:08:14+00:00,0,Kemenkes tidak salah kan memang air adalah hal penting untuk memasak jadi air yg bersih dan higienis itu wajib agar makanan tidak cepat basi / rusak BGN pun sudah mengeluarkan juknis tentang air ini bukti Kerja Nyata BGN menjaga MBG semakin baik #LanjutkanMBG Sandra Dewi https://t.co/lC6DPjhB8B,1983083373498380774,https://pbs.twimg.com/media/G4VT0VKaEAAbTLj.jpg,,in,,0,0,0,https://x.com/undefined/status/1983083373498380774,1370204321002913798,
1981707250696958029,2025-10-24 13:00:03+00:00,2,Charles Honoris juga menegaskan perlunya sanksi tegas terhadap dapur yang terbukti menyajikan makanan dalam kondisi tidak layak. Komisi IX DPR akan terus mengawal program MBG agar berjalan aman higienis dan sesuai tujuan awal: menekan angka gizi buruk di Indonesia tanpa,1981707258548625864,,PDI_Perjuangan,in,,0,1,0,https://x.com/undefined/status/1981707258548625864,153407983,
1981196706932019286,2025-10-23 03:11:18+00:00,0,Langkah baru dari BGN untuk menjaga mutu Program Makan Bergizi Gratis Mulai sekarang dapur MBG tidak boleh masak sebelum jam 12 malam. Tujuannya jelas bahan tetap segar makanan lebih higienis dan anak-anak menerima gizi terbaik setiap pagi https://t.co/QtIIn3DT2Y,1981196706932019286,https://pbs.twimg.com/media/G36f54hWIAAQq85.jpg,,in,,0,0,0,https://x.com/undefined/status/1981196706932019286,1623740695508045824,
1980852139841974746,2025-10-22 04:22:07+00:00,0,Untuk menjamin kualitas makanan tetap segar dan higienis BGN menegaskan bahwa dapur program MBG tidak boleh memasak sebelum tengah malam. Aturan ini menjadi bagian dari tata kelola baru yang akan diatur dalam Perpres MBG. https://t.co/5fUjN7TNDf,1980852139841974746,https://pbs.twimg.com/media/G31mgu0XkAAJmPh.jpg,,in,,0,0,0,https://x.com/undefined/status/1980852139841974746,1740489562307399680,
1980800987716813179,2025-10-22 00:58:51+00:00,0,Dalam menjaga kualitas dan ketepatan waktu BGN menegaskan dapur MBG tidak boleh masak sebelum jam 12 malam. Aturan ini menjadi bagian dari tata kelola baru agar distribusi makanan bergizi lebih teratur dan higienis https://t.co/QWkY8uyzxX,1980800987716813179,https://pbs.twimg.com/media/G303_gtWEAAp8jx.jpg,,in,,0,0,0,https://x.com/undefined/status/1980800987716813179,1388799263300198404,
1980800291558858886,2025-10-22 00:56:05+00:00,3, Untuk memasak kami menggunakan air galon untuk menjaga mutu dan kehigienisan makanan. Filter air juga digunakan untuk mencuci bahan baku sehingga tidak ada bau maupun kotoran yang dapat tersaring secara langsung kata Idham selaku Asesor Pembangunan SPPG MBG Polda Sumsel. https://t.co/Ywpe2pEYrI,1980800291558858886,https://pbs.twimg.com/media/G303W1vXYAA7lGg.jpg,,in,,0,1,1,https://x.com/undefined/status/1980800291558858886,23343960,
1994382552417894432,2025-11-28 12:27:08+00:00,0,Di simak yuk video dalam proses pencucian Ompreng MBG salah satunya di SPPG Karang Raja 2 agar tidak salah menilai dimulai dari proses disamak agar tidak bau dan hilangkan sisa makanan sebelum dicuci pakai sabun &amp; dibersihkan. Kerja Nyata #LanjutkanMBG #MAMA2025 #JHOPE #NCT https://t.co/2e9YEtJYjG,1994382552417894432,https://pbs.twimg.com/ext_tw_video_thumb/1994382497648713729/pu/img/hIB6NE0QzSs67pY3.jpg,,in,,0,0,0,https://x.com/undefined/status/1994382552417894432,2758837756,
1992805373406060967,2025-11-24 04:15:32+00:00,13,@ARSIPAJA MBG memang bisa menjadi investasi strategis namun apabila dalam pelaksanaannya terjadi monopoli dan KKN serta makanan ternyata tidak higienis maka itu akan menjadi bom waktu untuk generasi mendatang,1992809284527341780,,ARSIPAJA,in,,0,1,1,https://x.com/undefined/status/1992809284527341780,1570111918056312837,
1992364473949266208,2025-11-22 22:48:01+00:00,0,Program mbg: sekolah dan guru tidak dapat untung malahan dapet repot karna programnya mengambil jatah kegiatan belajar apalagi kalau ada pejabat dateng mesti dijamu. Murid tidak kenyang tidak enak banyak sakit dan keracunan. Makanan tidak higienis tidak bergizi. ,1992364473949266208,,,in,,0,0,0,https://x.com/undefined/status/1992364473949266208,291689158,
1990938572480970801,2025-11-19 23:12:40+00:00,0,@txtdrimedia nitrat di sayur berubah menjadi nitrit yg beracun paling umum terjadi jika sayuran nya dimasak lalu terkontaminasi bakteri yg merubah nitrat menjadi nitrit. itu berarti keracunan nitrit adalah tentang cara pengolahan mbg yg tidak higienis. bukan salah petani,1991283511815467079,,txtdrimedia,in,,0,0,0,https://x.com/undefined/status/1991283511815467079,1688102087002034177,
1990938572480970801,2025-11-19 11:06:04+00:00,1,@txtdrimedia Lu dan jajaran yg main MBG aja yg bego. Nyalahin pihak lain. Introspeksi diri lebih baik. Biar makanan bisa fresh dan tidak terkontaminasi tangan2 kotor penyebab keracunan,1991100659375251549,,txtdrimedia,in,,0,0,0,https://x.com/undefined/status/1991100659375251549,1286230001289818112,
1991066839787384843,2025-11-19 08:56:53+00:00,0,Sebagai orang tua wajar jika muncul kekhawatiran ketika melihat pelaksanaan MBG yang tidak tepat waktu dan tidak higienis. Alih-alih merasa terbantu banyak justru khawatir anaknya sakit sehingga tidak sedikit siswa yang akhirnya menolak MBG.,1991068147294605347,,risolmozarella,in,,0,1,0,https://x.com/undefined/status/1991068147294605347,402541006,
1990717819965833261,2025-11-18 09:44:48+00:00,49,BGN harus mulai berbenah agar program MBG ini sukses sesuai keinginan pak Prabowo Kepala BGN nya harus sering disentil itu pak biar kerjanya bener MBG masih banyak yg harus di benahi selain keracunan juga banyak yg tidak higienis. Karena kalau program ini jelek rakyat atau https://t.co/9yKMOWjlHT,1990717819965833261,https://pbs.twimg.com/ext_tw_video_thumb/1990717580211052544/pu/img/9dKPWUwutpyMGxNv.jpg,,in,,1,22,23,https://x.com/undefined/status/1990717819965833261,1374686160748830724,
1990232771210715385,2025-11-18 01:40:16+00:00,0,@MariaAlkaff_ @DPR_RI Anggota dewan itu Ga mau ada Ahli Gizi dan sanitasi.. takut Proyeknya banyak di kritik karna penanganan MBG yg Jorok dan ga higienis.. Coba di usut sudah punya berapa banyak Dapur MBG yg dia Pegang.. maka dia milih orang yg tidak profesional dlm menangani MBG supaya Aman,1990595883348680979,,MariaAlkaff_,in,,0,0,0,https://x.com/undefined/status/1990595883348680979,2490200299,
1990060704888701034,2025-11-17 00:12:49+00:00,9,@taufik_q Kalau menurutku siapapun pemilik SPPG tidak perlu dipermasalahkan asalkan hasil MBG nya aman higienis dan tidak menimbulkan masalah bagi siswa yang mengkonsumsinya. Yang penting setiap SPPG menghasilkan produk MBG yang aman konsumsi bagi siswa dan tentunya menyerap tenaga,1990211488183980171,,taufik_q,in,,0,2,1,https://x.com/undefined/status/1990211488183980171,2905814730,
1989544310933684700,2025-11-15 13:33:21+00:00,0,@Heraloebss Concern untuk mbg itu bukan makanan yg gratis dan bergizi. Tapi lebih ke sistem kelola yg carut marut gk transparan bukan ahli dibidangnya bnyak kasus keracunan tidak higienis adanya kong kalikong nyari untung penyerapan sumbr daya lokal kurang dll.,1989688170158440605,,Heraloebss,in,,0,0,0,https://x.com/undefined/status/1989688170158440605,1758311650460151808,
1989663275412591097,2025-11-15 11:54:25+00:00,1, Untuk memasak kami menggunakan air galon untuk menjaga mutu dan kehigienisan makanan. Filter air juga digunakan untuk mencuci bahan baku sehingga tidak ada bau maupun kotoran yang dapat tersaring secara langsung kata Idham Asesor Pembangunan SPPG MBG Polda Sumsel. https://t.co/Q9CtVu4L3o,1989663275412591097,https://pbs.twimg.com/media/G5y0NCjbIAAXiKp.jpg,,in,,0,0,0,https://x.com/undefined/status/1989663275412591097,1646982366,
1989552692260475239,2025-11-15 04:35:00+00:00,1,Rocky Gerung menilai dapur SPPG MBG Brimob Polda Riau sebagai contoh terbaik dalam pengelolaan makanan bergizi yang higienis dan aman. Ia menyebut Polda Riau tidak hanya memenuhi aspek gizi tetapi juga menerapkan standar etis dan ilmiah dalam setiap tahap pengolahan sebagaimana,1989552692260475239,,,in,,0,0,0,https://x.com/undefined/status/1989552692260475239,914484921418235904,
1988892359099076889,2025-11-14 13:52:07+00:00,1,@AlbertKusen12 @bagindo_kopi Tudingan itu perlu diverifikasi secara ilmiah bukan sekadar asumsi. Dari data BGN sendiri mayoritas keracunan MBG disebabkan oleh ketidakpatuhan SOP di SPPG (dapur program) seperti penyimpanan bahan tidak higienis pengolahan memasak yang buruk atau fasilitas yang belum laik,1989330507222614257,,AlbertKusen12,in,,0,1,0,https://x.com/undefined/status/1989330507222614257,1720665183188922368,
1989179590141702486,2025-11-14 04:07:33+00:00,0,rakyat sangat tudak rela uang oajak rakyat hanya dibuang2 untuk menyenangkan pengusaha mbg yg mayoritasnya malah dikuasai anggota dpr dan dprd. Mereka2 ini tanbah kaya siswa-siswi tetap menderita dengan menu pas2an tidak enak bau basi. Tidak ada peningkatan kualitas.,1989183395864428711,,lucimaya123,in,,0,1,0,https://x.com/undefined/status/1989183395864428711,3032152165,
1988184935434506351,2025-11-12 06:13:36+00:00,1,@ARSIPAJA Penolakan dilakukan karena warga khawatir kegiatan operasional dapur MBG akan menimbulkan bau tidak sedap dan sampah dari aktivitas memasak. Mereka takut hal itu mengganggu kenyamanan warga sekitar kata Kompol Sularjo saat dihubungi. #LanjutkanMBG,1988490343508304335,,ARSIPAJA,in,,0,0,0,https://x.com/undefined/status/1988490343508304335,1960349446069493760,
1988487772026663229,2025-11-12 06:03:23+00:00,0,Sudah masa bodoh dengan kalian. Masuk kelas ruang kotor. Potongan timun kena kepalaku. Begini terima kasih kalian dapat MBG? Sakit hati bener-bener. Sebodolah anak orang ini. Pjbter syukur bodoh terserah. Sopan syukur tidak sopan sudah biasa. Capek,1988487772026663229,,,in,,0,0,0,https://x.com/undefined/status/1988487772026663229,1618410772115382272,
2003299857499615332,2025-12-24 13:43:35+00:00,0,@MuhammadTuhasan @KPK_RI apa tidak mencium bau busuk di MBG?,2003823873079579052,,MuhammadTuhasan,in,,0,0,0,https://x.com/undefined/status/2003823873079579052,1846530968469078016,
2003259076831224176,2025-12-23 17:03:05+00:00,2,@MariaAlkaff_ Program MBG ini kuat sekali bau anyir KKN-nya. Pengawasan yg lembek standarisasi yg tdk terawasi kualitas gizi yg tidak mencukupi dan kasus2 keracunan yg bikin kita khawatir anak kita konsumsi MBG. Belum lg ada anak pejabat punya 41 dapur MBG &amp; maksa libur tetap dikasih.,2003511693012505063,,MariaAlkaff_,in,,0,0,0,https://x.com/undefined/status/2003511693012505063,547856416,
2003026010728763787,2025-12-22 08:53:10+00:00,0,Sepupu dapet seminggu MBG dapet buah yang besok udah busuk dan telor juga bau yang masih layak dikonsumsi cuma keju slice 6x sama susu doang (1L &amp; 125ml 3x). Roti tawar yang murah juga ga utuh kaya dikurangin gitu. Kacau bgt MBG cok bener-bener lahan basah.,2003026010728763787,,,in,,0,0,0,https://x.com/undefined/status/2003026010728763787,1645060199248707584,
2001184765190222177,2025-12-17 06:56:42+00:00,0,Tahu Bau Wali Murid Keluhkan Menu MBG Yang Diterima SDI AL-Azhar Sukorejo Gandusari. Menu Yang Diterima Siswa Akhirnya Tidak Dimakan dan Dibawa Pulang. #keluhanmbg #sppgtrenggalek #sdialazhar #keluhanmenu #menumbg #trenggalek #bioztv https://t.co/QqsNARRGE7,2001184765190222177,https://pbs.twimg.com/media/G8Wi7wcaEAABHpi.jpg,,in,,0,0,0,https://x.com/undefined/status/2001184765190222177,763655974309629952,
1999099900487950811,2025-12-11 12:52:12+00:00,0,Heh orang2 pada keracunan aja dan menu makanannya berantakan tidak ada tanda gizinya aja dibilang MBG adalah proyek sukses. Lol. Malah berita ini udh lama tapi gak ada permintaan maaf dari presiden krn bawahan gak jelas. Tolol. Lama2 gue makin pinter ngetik kotor.,1999099900487950811,,,in,,0,0,0,https://x.com/undefined/status/1999099900487950811,1411349453211009029,
1999000808420175926,2025-12-11 08:10:14+00:00,38,@RWWReborn Ngga akan terjadi kalo MBG cuma dapur higienis di masing-masing sekolah yang diurus dan diawasi komite sekolah yang didanai extra. Ngga perlu transport dan makanan selalu optimal kesegarannya! Dan tentu lebih hemat anggaran tidak perlu potong sana-sini apalagi potong BNPB!,1999028942938984925,,RWWReborn,in,,1,2,11,https://x.com/undefined/status/1999028942938984925,79986709,
1998607653900341375,2025-12-10 04:16:11+00:00,0,Penjagaan mutu MBG tidak pernah tidur. Para petugas SPPG bekerja 24 jam memastikan setiap porsi yang dikirim ke sekolah tetap aman higienis dan bergizi. Dari dapur hingga distribusi semuanya diawasi dengan detail demi generasi yang tumbuh lebih kuat. https://t.co/T85XxKIWtr,1998607653900341375,https://pbs.twimg.com/amplify_video_thumb/1998607590352453632/img/ybFS7pBsm2VS6CfF.jpg,,in,,0,0,0,https://x.com/undefined/status/1998607653900341375,1471807934371934215,
1997864394995507347,2025-12-08 03:02:44+00:00,2,BGN bakal memangkas insentif bagi dapur MBG yang tidak memenuhi standar pelayanan. Langkah ini diambil untuk menjaga kualitas layanan memastikan penerima manfaat mendapatkan makanan yang layak higienis dan tepat sasaran https://t.co/40uybhmzNs,1997864394995507347,https://pbs.twimg.com/media/G7nXDY3aoAAFeHu.jpg,,in,,0,0,0,https://x.com/undefined/status/1997864394995507347,1604408934525464576,
1996075683056099811,2025-12-03 05:07:42+00:00,1,Ternyata bisnis Prabowo d Hasyim Sedang bangkrut. Artinya Mereka butuh uang besar untuk pulihkan bisnis mereka .. Hemm Dari manakah sumber uang itu? Kalau SBY bau Kasus Century Kalau Prabowo..... MBG KOPDES atau 400 T Purbaya proyek. Ada bau tidak sedap tercium nih . https://t.co/IEX7eb7013,1996083900649800157,https://pbs.twimg.com/media/G7ODueBb0AA55VS.jpg,ade206,in,,0,0,1,https://x.com/undefined/status/1996083900649800157,303182883,
1884158220249252085,2025-01-28 08:35:00+00:00,0,Anggota Komisi IX DPR RI Irma Suryani menentang wacana serangga masuk dalam menu program Makan Bergizi Gratis (MBG) yang dibagikan kepada anak sekolah. Menurutnya wacana yang diungkap Kepala Badan Gizi Nasional (BGN) itu tidak layak. https://t.co/llAkw4yCex,1884158220249252085,,,in,,0,0,0,https://x.com/undefined/status/1884158220249252085,68930552,
1883376103735361916,2025-01-26 14:39:31+00:00,0,@CNNIndonesia Ada baiknya juga apapun menu makan bergizi gratis ini dicicipi dulu oleh semua pejabat pusat di Jakarta sekalian juga kalau bisa dicicipi anak cucu mereka. Dengan begitu maka para pejabat bisa menilai apakah menu tersebut layak diberikan atau tidak.,1883525180502454621,,CNNIndonesia,in,,0,0,0,https://x.com/undefined/status/1883525180502454621,1528246249782030338,
1881922595257463004,2025-01-22 04:34:21+00:00,0,Video berdurasi 11 menit 02 detik tersebut hanya menampilkan cuplikan dari beberapa peristiwa berbeda yang tidak berkaitan. Narator dalam video membacakan ulang berita https://t.co/2NeZIbWNYD Warganet Bongkar Busuknya Eksekusi Makan Bergizi Gratis Menu Tak Layak hingga Anggaran,1881923331609575694,,humaspoldajbr,in,,0,1,0,https://x.com/undefined/status/1881923331609575694,218742561,
1880458031185686911,2025-01-19 10:41:46+00:00,0,@TsamaraDKI bisa dimulai dari kabinet dulu coba kalian makan bergizi tiap hari dgn menu yg sama tentunya dgn program MBG kalau tidak mau berarti memang programnya tidak layak kami juga ingin orang di kabinet sehat dengan menjalankan program MGB,1880928632329339093,,TsamaraDKI,in,,0,0,0,https://x.com/undefined/status/1880928632329339093,970246500,
1877523070338085064,2025-01-10 01:09:17+00:00,15,Makan bergizi gratis itu menunya berbeda² bergantung pengelola. Jika ada kritik terhadap menu yang tidak layak ya harus diterima bukan malah dituduh sebagai pembenci dan dihubung²kan dengan pilpres. Kecuali jika gambar dan video nya terbukti Hoax. Jangan cuma dibantah kalo,1877523070338085064,,,in,,0,2,2,https://x.com/undefined/status/1877523070338085064,1101696077147729920,
1876879615202849021,2025-01-08 06:32:25+00:00,0,Ajaran Islam &gt;&gt; Berilah makanan sebagaimana yang biasa kita makan. Apabila sekiranya TIDAK LAYAK JANGAN DIBERIKAN PADA ORANG LAIN ️ Turunkan harga bahan pangan yg kian melonjak!! Agar ibu mereka bisa memasak menu makan siang yg lebih layak drpd menu Program Makan Bergizi Gratis https://t.co/KGsR4VHqDx,1876879615202849021,https://pbs.twimg.com/media/GgwEEE_bQAAI03h.jpg,,in,,0,1,0,https://x.com/undefined/status/1876879615202849021,1666611974720086017,
1876527857771716662,2025-01-07 07:14:40+00:00,3,Kalau menunya memang layak bergizi dan sebanding dengan harganya kenapa tidak boleh di foto ? Pengakuan Murid Tak Boleh Sebar Foto Menu Makan Bergizi Gratis Diancam Dapat Sanksi. https://t.co/7f0y3nkDWM,1876527857771716662,,,in,,0,0,3,https://x.com/undefined/status/1876527857771716662,1330316263864799236,
1876282776007094573,2025-01-06 15:00:48+00:00,0,Tidak ada susu dalam menu Makan Bergizi Gratis di Palembang. Hal ini diduga terjadi karena anggaran yang terbatas. Sejumlah siswa pun kecewa. #Nusantara #AdadiKompas https://t.co/4EECBHE4f7,1876282776007094573,,,in,,0,0,0,https://x.com/undefined/status/1876282776007094573,79237556,
1876212440247214309,2025-01-06 10:29:28+00:00,0,@bakuldimsum_ Jauhhh lebih enak inii menunya Seenggaknya layak untuk di makan daripada menu makan siang gratis yg tidak bergizi sama sekali,1876214494801858763,,bakuldimsum_,in,,0,1,0,https://x.com/undefined/status/1876214494801858763,1133046433,
1892485577078956468,2025-02-20 08:04:56+00:00,0,makanan menteri di retreat vs makan siang gratis https://t.co/ARPKsBxIwP https://t.co/Ivdxpcoxsf https://t.co/g51N97p7Yb,1892485577078956468,https://pbs.twimg.com/media/GkN07b9bUAElAU3.png,,in,,0,0,0,https://x.com/undefined/status/1892485577078956468,1514929960003137544,
1895688008831287419,2025-03-01 04:10:16+00:00,1,Ombudsman RI menemukan makanan yang tidak layak konsumsi seperti buah melon dalam kondisi busuk serta sayuran yang kurang segar saat meninjau pelaksanaan program Makan Bergizi Gratis (MBG) di SMPN 13 Surabaya. https://t.co/2GpvT4esoR,1895688008831287419,,,in,,0,0,0,https://x.com/undefined/status/1895688008831287419,1698580133068865536,
1915665433967157668,2025-04-25 07:13:25+00:00,0,Akhir - akhir ini banyak beredar kabar diduga menu makan bergizi gratis yang dibagikan di salah satu sekolah yang tidak layak konsumsi namun setelah dikonfirmasi bukan menu dari program makan bergizi gratis. Lanjutkan MBG Path Jumat The Raid UTBK #BangunIndonesiaSehat2045 https://t.co/iC1MygOf39,1915665433967157668,https://pbs.twimg.com/media/GpXPjUTbYAMfY1d.jpg,,in,,0,0,0,https://x.com/undefined/status/1915665433967157668,1307860511317352450,
1915033344146121024,2025-04-23 13:21:43+00:00,322,sering salah kaprah di indonesia. bahwa kebijakan publik itu boleh try n error. MBG misalnya... makan bergizi yang makan anggaran negara sangat besar. ada yang keracunan. ada yang ayamnya masih mentah. ada yang menu nya tidak layak makan.,1915033344146121024,,,in,,0,4,143,https://x.com/undefined/status/1915033344146121024,1901591046,
1960595887316779237,2025-08-27 06:51:00+00:00,3,Program Makanan Bergizi Gratis di Tasikmalaya menuai kritik setelah menu tutug oncom dianggap tidak layak. Bupati akan evaluasi dengan melibatkan ahli gizi. Via @detikjabar_ https://t.co/PEKNwwPWTg,1960595887316779237,,,in,,0,0,3,https://x.com/undefined/status/1960595887316779237,69183155,
1971916668046922232,2025-09-27 12:35:44+00:00,4,Begini seharusnya #mbg jika tidak dicampuri iblis SPPG Tulungagung rutin membagikan daftar menu mingguan Makan Bergizi Gratis (MBG). Daftar itu menarik perhatian karena menu yang disajikan selalu bervariasi dan layak makan. #bgn #IndonesiaMaju #IndonesiaEmas2045 jalan terus https://t.co/55KFTK195M,1971916668046922232,https://pbs.twimg.com/ext_tw_video_thumb/1971916580784398336/pu/img/yts-awIqY2nsjwQN.jpg,,in,,0,2,1,https://x.com/undefined/status/1971916668046922232,1405723264710709248,
1971021050906632263,2025-09-25 01:16:52+00:00,7,Makanan siap saji yang berasal dari Kemensos RI untuk para sukarelawan penanganan keracunan massal program Makan Bergizi Gratis (MBG) di Kecamatan Cipongkor Kabupaten Bandung Barat (KBB) tidak layak konsumsi. Pasalnya makanan siap saji dengan menu Gulai Ikan dari Kemensos itu https://t.co/igV9uyPwEM,1971021050906632263,https://pbs.twimg.com/media/G1p5JiZasAAJdEL.jpg,,in,,0,0,2,https://x.com/undefined/status/1971021050906632263,79130206,
1970705685022417391,2025-09-24 04:23:43+00:00,16,jika MBG diklaim bergizi dan layak dimakan kenapa konsumsi rapat pejabat tidak pakai menu MBG saja snack aja mereka minta 50rb tapi rakyatnya dikasih makanan basi padahal sama2 pake duit rakyat https://t.co/jg9vLhj1YE,1970705685022417391,https://pbs.twimg.com/media/G1laYJTaoAELeh8.jpg,,in,,0,3,3,https://x.com/undefined/status/1970705685022417391,2990543688,
1969715829286769076,2025-09-21 10:50:23+00:00,4,Siswa di Kabupaten Bireun Aceh menulis surat berisi keluhan mengenai menu tidak layak konsumsi dalam makan bergizi gratis (MBG). Dalam surat tersebut makanan yang disajikan sudah berbau tidak sedap. @prabowo https://t.co/bCWQVrBBgo https://t.co/e5bmlPtz2N,1969715829286769076,https://pbs.twimg.com/media/G1XWGojbUAMNB98.jpg,,in,,0,0,2,https://x.com/undefined/status/1969715829286769076,3270403033,
1968939518007861577,2025-09-19 07:25:36+00:00,4,Program Makan Bergizi Gratis di Kec. Cisayong Kabupaten Tasikmalaya Jawa Barat kembali menuai sorotan Kamis (18/10/25). Menu yang disajikan di salah satu sekolah dinilai tidak layak konsumsi karena hanya berisi porsi kecil dan bahan seadanya. FULL : https://t.co/Eyj2q1vByz https://t.co/Evf84UJ1P5,1968939518007861577,https://pbs.twimg.com/media/G1MT6VaaAAApNs7.jpg,,in,,2,2,1,https://x.com/undefined/status/1968939518007861577,1668145168468541441,
1963477925849678131,2025-09-04 05:43:11+00:00,1,Program Makan Bergizi Gratis (MBG) di Kabupaten Jombang menuai sorotan setelah ditemukan menu makanan dalam kondisi tidak layak konsumsi. Baca selengkapnya disini : https://t.co/0YakrKadrd #mbg #makanbergizigratis #Jombang BEM UI #wargajagawarga #PrabowoDiPanggungDunia,1963477925849678131,,,in,,0,1,0,https://x.com/undefined/status/1963477925849678131,1946058193559494656,
1983369654543462885,2025-10-29 03:05:49+00:00,0,Gizi bukan soal kenyang. Gizi adalah soal masa depan. BGN (Badan Gizi Nasional) menegaskan: Menu MBG tidak boleh gunakan bahan pabrikan. Semua bahan harus bergizi alami dan layak konsumsi. Dengan 690 Satuan Pelayanan Pemenuhan Gizi (SPPG) yg sudah bersertifikat higienis https://t.co/zpW2dB10mg,1983369654543462885,https://pbs.twimg.com/media/G4ZYLVnbMAAybIN.jpg,,in,,0,1,0,https://x.com/undefined/status/1983369654543462885,773236758796394496,
1979366704573747301,2025-10-18 01:59:31+00:00,0,Program Makan Bergizi Gratis (MBG) di Kab. Trenggalek kembali mendapat sorotan dari masyarakat. Sejumlah wali murid SDN 1 Sumbergedong Kec. Trenggalek Jawa Timur mengeluhkan menu makan siang yg beberapa kali diterima siswa dalamkondisi basi &amp; tidak layak konsumsi. Jumat 17/10 https://t.co/OEFvJF6JJG,1979366704573747301,https://pbs.twimg.com/media/G3gfC2-WcAA-QbJ.png,,in,,0,0,0,https://x.com/undefined/status/1979366704573747301,53713023,
1979241054554722538,2025-10-17 17:40:14+00:00,1,Makan Bergizi Gratis Kecamatan Gandusari Diduga Tidak Layak 3 Hari Menu Bau dan Keras. Program Makan Bergizi Gratis (MBG) di Kabupaten Trenggalek kembali menuai kritik. https://t.co/Y8Vycw3I6a https://t.co/9XnirvmBEV,1979241054554722538,https://pbs.twimg.com/media/G3etP-sWQAAC82D.jpg,,in,,0,0,0,https://x.com/undefined/status/1979241054554722538,716257901006819328,
1978725374738805028,2025-10-16 07:31:06+00:00,320,Sebanyak 426 siswa SMA Negeri 1 Yogyakarta dilaporkan mengalami gejala sakit perut dan diare pada Kamis (16/10) dini hari. Dugaan sementara insiden ini dipicu oleh konsumsi menu ayam yang sudah tidak layak saji dari program Makan Bergizi Gratis (MBG) yang dibagikan sehari https://t.co/QQDUZmnjij,1978725374738805028,https://pbs.twimg.com/media/G3XYPdsbAAA4YUg.jpg,,in,,58,34,201,https://x.com/undefined/status/1978725374738805028,250022672,
1994255990364029390,2025-11-28 04:04:14+00:00,3,17 siswa SMPN 1 Kendal mengalami gejala keracunan setelah menyantap Makan Bergizi Gratis (MBG). Berdasarkan hasil pemeriksaan penyebab keracunan itu dari menu sayur pakcoi yang dinilai sudah tidak layak dikonsumsi. Layak gak sih ini dipidanakan ? https://t.co/b99B69jEWe,1994255990364029390,https://pbs.twimg.com/media/G60FQSBaYAA1l5V.jpg,,in,,0,6,1,https://x.com/undefined/status/1994255990364029390,1519274748748124160,
1991800608819650737,2025-11-21 09:27:25+00:00,0,Baru-baru ini beredar kabar mengenai dugaan adanya menu Makan Bergizi Gratis (MBG) di salah satu Satuan Pelayanan Pemenuhan Gizi (SPPG) di Kabupaten Kudus yang dinilai tidak layak konsumsi. https://t.co/aqGIgfWyjd,1991800608819650737,,,in,,0,0,0,https://x.com/undefined/status/1991800608819650737,930499079875866624,
1975593192457445611,2025-10-07 22:48:07+00:00,1,@barengwarga Aneh! Sasar seluruh sekolah tp saat sekolah TK &amp; PAUD datang MBG pagi murid yang sudah sarapan juga kenyang tidak berhak bawa pulang daripada mubazir mending tidak udah masuk TK &amp; PAUD aja lagian menunya tidak bergizi menurut kita dg porsi minimalis,1975694655481430280,,barengwarga,in,,0,0,0,https://x.com/undefined/status/1975694655481430280,1924297145710202880,
1886355296114913397,2025-02-03 11:43:36+00:00,3,@sharpandshark 11-12 sama program makan bergizi itu (ga gratis krn duitnya dr pajak rakyat).. niatnya emang mgkn buat ngehentiin mafia oplosan/penjual nakal yg suka mark up harga cm balik lagi eksekusinya kenapa rakyat yg selalu ditumbalin... ,1886380010891870487,,sharpandshark,in,,0,0,0,https://x.com/undefined/status/1886380010891870487,813095979184328705,
1885349408293949938,2025-02-02 02:23:20+00:00,0,@prabowo @SebLecornu Di Muba makan bergizi blum berjalan pak... Tlong di basmi Judol narkoba dan korupt... Bgaimana teknisnya biar pembangunan tidak di mark up... Baik tingkat kab dan prop... Kmudian dorongan/dkungan pmerintah trhadp pndapatan masyarakat yg mnjanjikn masa dpnnya...,1885876627462394069,,prabowo,in,,0,0,0,https://x.com/undefined/status/1885876627462394069,1617441230333571073,
1912714205901308376,2025-04-17 03:46:17+00:00,0,Pak udahan aja ya program makan bergizi gratisnya mending dibuat regulasi gimana caranya ni harga Sembako sewajarnya.selera kami beda beda masak iya dipaksa makan tumisan kacang panjang layu gitu mending saya makan di warteg lebih enak. ini cuman jadi Objek Bancakan Mark Up aja,1912714205901308376,,,in,,0,0,0,https://x.com/undefined/status/1912714205901308376,566732462,
1923309144934924718,2025-05-16 09:26:48+00:00,25,Maaf coba tanya deh sama perusahaan katering yg biasa dipake kantor atau instansi pemerintah/BUMN Billing yg kami buat ada 2: asli dn Mark up jadi sy siii ga heran Mohon Jan suka kagetan gitu pak....B ajah Cuma masalahnya kan MBG dipatok 10k hrs makanan bergizi klo dipotong Yo https://t.co/rFm3FSHIET,1923309144934924718,https://pbs.twimg.com/ext_tw_video_thumb/1923309100634619904/pu/img/8V9CnGuvLESF5lpR.jpg,,in,,0,2,3,https://x.com/undefined/status/1923309144934924718,1428002673815482369,
1960507271525597190,2025-08-27 05:05:56+00:00,3,@kompascom Namanya juga cari cuan !!! Kalau impor barang harga nya bisa di mark up seenak perut nya trus cuan nya dibagi-bagi. padahal import nya pakai uang @DitjenPajakRI KITA DAN UNTUK KITA !!! MAKAN BERGIZI GRATIS ITU DUIT NYA NDAK GRATIS DUIT NYA DARI MUNGUT PAJAK KITA-KITA !!!,1960569445803548834,,kompascom,in,,0,0,0,https://x.com/undefined/status/1960569445803548834,1603771551911858176,
1958036438211260635,2025-08-20 05:20:40+00:00,0,Kepala BGN: Nggak Mungkin Ada Korupsi Makan Bergizi Gratis https://t.co/YE1N2qHMQn: Mitra MBG Mark Up Anggaran Lebih Tinggi Dari Harga Pasar https://t.co/NwHAuIE8d1 Mark Up Duit MBG Makin Marak di Tengah Rencana Prabowo Kerek Anggaran Rp335 T https://t.co/nkaGK0XbxX https://t.co/LFFF9514Zx,1958036438211260635,https://pbs.twimg.com/media/GyxXwZkacAUXufx.jpg,,in,,1,0,0,https://x.com/undefined/status/1958036438211260635,72331131,
1957780472689246425,2025-08-19 12:23:33+00:00,5,Kepala Badan Gizi Nasional (BGN) Dadan Hindayana menegaskan bahwa BGN mampu mendeteksi praktik mark up harga yang dilakukan oleh mitra penyedia program Makan Bergizi (MBG). Baca selengkapnya https://t.co/Sye2lhRTk3 ~LL #BGN #DeteksiMitraMBG https://t.co/UJTjDrVs2o,1957780472689246425,https://pbs.twimg.com/media/Gytu89macAAyy4y.jpg,,in,,0,13,4,https://x.com/undefined/status/1957780472689246425,23343960,
1971770650282045686,2025-09-27 02:55:31+00:00,0,Solusi agar tak keracunan Serahkan Dana MBG ke org tua murid langsung Org tua lebih tau mana makanan bergizi yg di sukai anak nya Dana nya gak nguap Gak di mark'up Gak di tilep. Lebih aman &amp; lebih steril. Titik....,1971770650282045686,,,in,,0,0,0,https://x.com/undefined/status/1971770650282045686,2416347812,
1968880267570872662,2025-09-19 08:13:32+00:00,0,@rachmat_ezadewa @NurRohi03920969 @tempodotco @SuperGrok Ompreng MBG (nampan makanan program Makan Bergizi Gratis) diimpor karena produksi lokal belum mencukupi permintaan besar (lebih dari 6 juta unit/bulan) menurut BGN dan Mendag. Ada dugaan markup harga atau korupsi dari impor ilegal tapi belum ada bukti resmi. Indonesia mampu,1968951579173884141,,rachmat_ezadewa,in,,0,0,0,https://x.com/undefined/status/1968951579173884141,1720665183188922368,
1965063697791127723,2025-09-08 14:44:29+00:00,0,Transparan dan tanpa mark up begitu pengelolaan MBG jadi yakin program makan bergizi gratis ini lebih aman dan tepat sasaran https://t.co/8e5ILH3Zig,1965063697791127723,https://pbs.twimg.com/media/G0VPAiPWMAAGj39.jpg,,in,,0,0,0,https://x.com/undefined/status/1965063697791127723,1695004507439329281,
1965061623984656758,2025-09-08 14:36:14+00:00,0,Program MBG jamin makan bergizi gratis tanpa mark up biaya sesuai harga pasar dana transparan lewat KPPN dan diawasi penuh oleh BPKP-KPK https://t.co/F6lZ3gnfS9,1965061623984656758,https://pbs.twimg.com/media/G0VNIG5WoAAIuH8.jpg,,in,,0,0,0,https://x.com/undefined/status/1965061623984656758,1696027018641756160,
1978342011024597418,2025-10-15 06:07:45+00:00,0,BGN Tegaskan Program Makan Bergizi Gratis Bukan Proyek Bisnis Jangan Di Mark Up! https://t.co/GUNkRte4bF,1978342011024597418,,,in,,0,0,0,https://x.com/undefined/status/1978342011024597418,1384421920389484544,
1978296566558392620,2025-10-15 03:07:11+00:00,0,Kualitas Program Makan Bergizi Gratis Terancam BGN Temukan Dapur Tak Layak dan Potensi Mark-Up Anggaran https://t.co/Ba1aVUaTlH,1978296566558392620,,,in,,0,0,0,https://x.com/undefined/status/1978296566558392620,1834223843667509248,
1974970354285338708,2025-10-06 23:47:47+00:00,0,@SYAMSFITRI @mohmahfudmd Berdasarkan analisis sumber beragam (CNN TI Indonesia CNBC) dana MBG (Makan Bergizi Gratis) yang tak terserap berpotensi korupsi akibat minim transparansi pengadaan tata kelola lemah &amp; risiko penyalahgunaan. Realisasi rendah (sering &lt;50%) bisa jadi celah markup &amp; kolusi.,1975347285455479000,,SYAMSFITRI,in,,0,0,1,https://x.com/undefined/status/1975347285455479000,1720665183188922368,
2004685542265684243,2025-12-26 22:47:33+00:00,6,Dugaan mark up anggaran Makan Bergizi Gratis (MBG) disorot. Islam menegaskan dana publik adalah amanah yang haram diselewengkan. https://t.co/SvwK7M4BhX https://t.co/rq7447mlRq,2004685542265684243,https://pbs.twimg.com/media/G9IS4LdWUAAnWY8.jpg,,in,,0,0,3,https://x.com/undefined/status/2004685542265684243,214818815,
2003405219049181189,2025-12-23 10:49:33+00:00,280,@tempodotco Pernyataan ini justru ngebuka aib perencanaan mereka. Berarti itungan awal yang buat 6 juta anak itu MARK UP NYA GILA GILAAN dong sampe bisa melar segitu jauh. Atau emang standar gizinya diturunin sampe ke dasar laut demi ngejar kuota 50 juta. Bilangnya Makan Bergizi Gratis tapi,2003417690195796175,,tempodotco,in,,0,3,55,https://x.com/undefined/status/2003417690195796175,1968182162731270144,
1914597967417479288,2025-04-22 08:31:41+00:00,524,Program makan bergizi gratis berakhir sebagai proyek mereka yang punya akses ke kekuasaan. Tempo menyimpulkan makan bergizi gratis telah bergeser dari program menjadi sekadar proyek: perencanaan ala kadarnya tergesa-gesa dan tidak transparan terutama dalam penunjukan https://t.co/eHWnBnGXqW,1914597967417479288,https://pbs.twimg.com/media/GpIEfS4a4AINkXJ.jpg,,in,,2,10,258,https://x.com/undefined/status/1914597967417479288,18129942,
1912740966290846165,2025-04-17 05:32:42+00:00,3,Kalau kita cermati MBG ini potensi korupsinya besar. Dimulai dari proses pengadaan pembiayaan mekanismenya yang tidak transparan dan bergeser pemahamannya dalam memaknai makanan bergizi . #MakanBergizi #LawanKorupsi https://t.co/Czan6LSRgE,1912740984422891769,https://pbs.twimg.com/media/Gotrx3XacAQ4o3P.jpg,TIIndonesia,in,,1,4,1,https://x.com/undefined/status/1912740984422891769,114967719,
1953802455436997014,2025-08-08 12:56:19+00:00,0,Kepala BGN pastikan program Makan Bergizi Gratis aman dari celah korupsi lewat sistem pembayaran transparan. Simak penjelasan lengkapnya di bawah ini. #idncitizen #promedia https://t.co/cObShVN6VS,1953802455436997014,,,in,,0,0,0,https://x.com/undefined/status/1953802455436997014,1702957163059257344,
1967441725674471893,2025-09-15 16:41:18+00:00,0,@BosPurwa Mekanisme pengadaan MBG tidak transparan! &lt;-- bukan kata saya tapi kata ICW. https://t.co/IjlDVMc4sD,1967629812119613796,,BosPurwa,in,,0,0,0,https://x.com/undefined/status/1967629812119613796,3315655417,
1885327923802235272,2025-01-31 14:02:59+00:00,0,Kan ada pepatahnya tidak ada makan siang yang gratis. Jujur-jujuran daripada buat makan siang gratis kan mendingan buat subsidi pendidikan aja Rakyatnya pinter -&gt; cari duit sendiri -&gt; bisa beli makan siang bergizi sendiri.,1885327923802235272,,,in,,0,0,0,https://x.com/undefined/status/1885327923802235272,1113104181097713664,
1884884915176755211,2025-01-31 08:52:18+00:00,0,@Adiprayitno_20 Sebaiknya jangan bicara. Deh manusia yang tidak ada aturan. Karena makan bergizi ini program perintah bukan program masyarakat.,1885249736514678997,,Adiprayitno_20,in,,0,0,0,https://x.com/undefined/status/1885249736514678997,1743849687441096705,
1884884915176755211,2025-01-31 00:31:08+00:00,0,@Adiprayitno_20 capek capek bikin program makan siang bergizi gratis para orang tua berharap anak anaknya bisa makan enak ehh kok akhirnya lauknya cuma belakang + ulat. karena orang miskin saja tidak ada yg mau kasih makan anak anaknya ulat dan belalang,1885123616305799195,,Adiprayitno_20,in,,0,0,0,https://x.com/undefined/status/1885123616305799195,1754765458010755072,
1884979417149317484,2025-01-30 14:58:08+00:00,5,Program makan bergizi gratis mengajarkan bahwa tidak ada makan siang gratis ,1884979417149317484,,,in,,0,0,2,https://x.com/undefined/status/1884979417149317484,350024544,
1884844538667352113,2025-01-30 06:05:10+00:00,5,1. Makan Bergizi Gratis Meski niat baik namun target yang tidak tepat how to nya hingga yang terbukti: - tidak dapat dimakan - tidak bergizi - tidak gratis Hingga masalah anggaran yg hingga kini tidak transparan. Ada study-nya belum? https://t.co/zdeYowkbSu,1884845291830116721,,gg_02022020,in,,1,1,0,https://x.com/undefined/status/1884845291830116721,1209196396374417409,
1884833267591123369,2025-01-30 05:17:24+00:00,19,tidak perlu ada makan bergizi gratis jika negara ini sudah mencapai ketahanan pangan sementara pendidikan adalah salah satu jalan untuk keluar dari kemiskinan. wallahi we're doomed..,1884833267591123369,,,in,,0,0,5,https://x.com/undefined/status/1884833267591123369,122678369,
1884247646883438824,2025-01-29 08:59:58+00:00,0,@EviDrajat Ada banyak hal yg tidak memamerkan kecerdasan...tapi langsung acktion..apa lagi urusan makan bergizi gratis..yang penting dilaksanakan..,1884526893216706850,,EviDrajat,in,,0,0,0,https://x.com/undefined/status/1884526893216706850,827113579790819329,
1884422463590973592,2025-01-29 03:15:53+00:00,34,@susipudjiastuti UTANG numpuk bergunung2 Dana haji TDK JELAS BPJS TIDAK JELAS TAPERA DITOLAK LANJUT PPN 12% Skr Pak Prabowo bingung cari anggaran MAKAN BERGIZI GRATIS malah ada yg ngomong ulat serangga jg bergizi. IKN skr kebanjiran SY TANYA YANG ASU BAJINGAN ITU SIAPA SIH BU PUJI ??,1884440301911278009,,susipudjiastuti,in,,0,3,2,https://x.com/undefined/status/1884440301911278009,1417812768992858112,
1884150345858965626,2025-01-28 08:03:42+00:00,0,[PENIPUAN] Tautan Pendaftaran Relawan Program Makan Bergizi Gratis Tim Pemeriksa Fakta Mafindo (TurnBackHoax) menemukan bahwa tidak ada tautan atau informasi resmi mengenai pendaftaran relawan Program Makan Bergizi Gratis di laman resmi Badan Gizi Nasional. https://t.co/OiLSdyAbDP,1884150345858965626,https://pbs.twimg.com/media/GiXYvffaYAIAzHo.jpg,,in,,0,1,0,https://x.com/undefined/status/1884150345858965626,755673247660650497,
1884073681779057064,2025-01-28 02:59:04+00:00,23,Survei Indikator Politik Indonesia menyebut sebanyak 46 9 persen responden menilai program Makan Bergizi Gratis (MBG) rentan untuk dikorupsi. Ada 46 9 persen responden yang mengatakan pelaksanan MBG itu dikorupsi. Tidak percaya bahwa pelaksanaannya itu tidak akan di korupsi https://t.co/K8dEBq0L6O,1884073681779057064,https://pbs.twimg.com/media/GiWTBeyaYAE-dgU.jpg,,in,,3,8,16,https://x.com/undefined/status/1884073681779057064,46693036,
1884070242894373275,2025-01-28 02:45:24+00:00,0,Tuhan Selamatkan presidenku. Kabinet terimakasih. Mereka membuatku cemas &amp; bodoh Tuhan. Bantu mereka menyalurkan bansos. Bantu mereka menyalurkan makan siang bergizi Tuhan. Dia setara denganMu. Dan tidak ada masa depan. Impian Indonesia cemas 2045 Jangan beritahu perlu saya!,1884070242894373275,,,in,,0,0,0,https://x.com/undefined/status/1884070242894373275,66989501,
1883767377428664406,2025-01-27 06:47:08+00:00,1,Itu semua sudah Rp2.700 triliun tidak ada sisa uang Presiden Prabowo untuk membiayai mandatory spending yang menjadi programnya yakni makan bergizi gratis Rp300 triliun dan perumahan rakyat sedikitnya Rp100 triliun setahun.,1883768686751940629,,KedaiPenaCom,in,,0,0,0,https://x.com/undefined/status/1883768686751940629,793719410275983361,
1895277740552605982,2025-02-28 11:39:21+00:00,0,@ARSIPAJA Tenang masih ada makan bergizi gratis yg tidak bergizi dan gratis,1895438638735151352,,ARSIPAJA,in,,0,0,0,https://x.com/undefined/status/1895438638735151352,1226168112292122624,
1895371999918334248,2025-02-28 07:14:33+00:00,0,Bisa ga sih MBG sistemnya Prasmanan? Per sekolah ada dapur umum selain menambah gizi mengajarkan juga anak untuk antri disiplin teratur. Banyak kasus MBG yg basi lah ga enak lah TIDAK BERGIZI lah kalau misal prasmanan keknya akan lebih murah deh anak² suruh bawa wadah sendiri,1895371999918334248,,,in,,0,0,0,https://x.com/undefined/status/1895371999918334248,3019002596,
1895103277420945502,2025-02-27 13:26:45+00:00,4,MBG adalah bukti kepintaran Prabowo. Dia tahu anak-anak Indonesia sekarang kalau siang kebanyakan jajan yang tidak ada gizinya bahkan jajan yang berbahaya. Ini bisa mempengaruhi kualitas generasi mendatang. Makanya anak-anak 'dipaksa' makan makanan bergizi.,1895103277420945502,,,in,,0,0,1,https://x.com/undefined/status/1895103277420945502,4003413065,
1905897766896709866,2025-03-30 00:18:27+00:00,2,@snbtfess E. Simpulan tidak relevan karena Pakar A menjelaskan makan bergizi dapat meningkatkan daya tahan sedangkan Pakar B menyatakan olahraga dapat menjaga jantung dan menghindari obesitas. Kesimpulan berkenaan dengan makanan cepat saji / junk food dimana tidak ada di kedua pakar,1906138920720720280,,snbtfess,in,,0,0,0,https://x.com/undefined/status/1906138920720720280,1498304921594052616,
1905865421841936677,2025-03-29 06:11:40+00:00,0,Sepertinya tidak lama nih... Kecuali kalau kau berani beraksi menuntaskan tindak korupsi di negeri ini &amp; memiskinkan para koruptor sehingga ada dana yang disita untuk negara. Ayo @prabowo SAHKAN RUU PERAMPASAN ASSET!!! Atau program makan bergizi (?) gratis akan dihentikan?!,1905865421841936677,,,in,,0,0,0,https://x.com/undefined/status/1905865421841936677,714965442,
1905641674145190106,2025-03-28 20:40:55+00:00,2,@anaswongkamfung @KompasTV Klaim Presiden Prabowo bahwa banyak pemimpin dunia ingin meniru program Makan Bergizi Gratis Indonesia tampaknya berlebihan. Bukti menunjukkan dukungan internasional seperti dari Jepang yang menawarkan kerja sama namun tidak ada indikasi jelas negara lain ingin mengadopsi,1905721788371435838,,anaswongkamfung,in,,0,0,0,https://x.com/undefined/status/1905721788371435838,1720665183188922368,
1905212330306359709,2025-03-28 03:50:42+00:00,0,@25maggio_ @Ndons_Back @prabowo @are_inismyname @florieliciouss @BANGSAygSUJUD @99propaganda @Kimberley_PS08 @IrawanRommi @DarekaRendy @jatmiko99604253 Tidak ada bukti kuat bahwa pemerintah pakai duit zakat untuk proyeknya. Zakat dikelola BAZNAS utk bantu fakir miskin sesuai syariat. Ada wacana pakai zakat untuk program makan bergizi gratis tapi ini masih kontroversi dan belum terbukti dilakukan. Prabowo tekankan zakat untuk,1905467557944885346,,25maggio_,in,,0,0,0,https://x.com/undefined/status/1905467557944885346,1720665183188922368,
1904987377963246021,2025-03-26 21:33:04+00:00,0,@wiragaksableng Mereka tidak puasa hanya mengundang untuk tidak makan Karna makan bergizi gratis sudah tidak ada hnya omon omon .,1905010134407172225,,wiragaksableng,in,,0,0,0,https://x.com/undefined/status/1905010134407172225,1432654676227289088,
1904468951079477693,2025-03-25 10:41:02+00:00,112,@puanmaharani_ri Indonesia sedang tidak stabil karena: - TNI dikasih jabatan - IHSG jeblok ga karuan - Nilai Rupiah ancur berantakan - Minyak goreng beda takaran - Bensin isi oplosan - Gas melon hilang di pasaran - Sertifikat rumah dobel kepemilikan - Makan bergizi ada yg keracunan,1904483657282445652,,puanmaharani_ri,in,,0,2,9,https://x.com/undefined/status/1904483657282445652,197774932,
1904206009083777408,2025-03-24 16:17:45+00:00,0,Justru pekerjaan buat orang tuanya yg lebih penting ada pekerjaan maka makan bergizi bisa tercukupi tidak harus mbg.ekonomi bisa berputar bukan hanya makanan bergizi kebutuhan lainnya akan tercukupi ,1904206009083777408,,,in,,0,0,0,https://x.com/undefined/status/1904206009083777408,1794523568942018561,
1904137631107338295,2025-03-24 11:46:03+00:00,0,Terlepas dari penting atau tidaknya MBG. kayaknya Kalo semua dapet pekerjaan Tidak Ada Lagi Pengangguran Makanan bergizi bisa ada di setiap dapur rakyat deh.,1904137631107338295,,,in,,0,0,0,https://x.com/undefined/status/1904137631107338295,1221477202690134016,
1903938348982612383,2025-03-23 22:34:10+00:00,0,Bodoh banget udh mah ga tepat sasaran ga bergizi ga bernutrisi juga tidak ada urgensi nya mbg ini ga sepenting itu untuk diprioritaskan. Sekolah juga ga semuanya dapet bahkan di daerah kabupaten yang dapet malah sekolah percontohan (yg emg udh bagus),1903938348982612383,,,in,,0,1,0,https://x.com/undefined/status/1903938348982612383,1367364151178260482,
1903725763691413754,2025-03-23 13:21:06+00:00,0,@ch_chotimah2 Kalau begitu prinsipnya sebaiknya kalian uang ada di kabinet Prabowo berhenti saja biar kalian jadi pengganguran dan biar rakyat kasih kalian makan bergizi gratis MBG dengan anggaran Rp10.000.. Rakyat tidak akan korupsi Rp 2.000. seperti kalian lakukan,1903799163789459894,,ch_chotimah2,in,,0,0,0,https://x.com/undefined/status/1903799163789459894,1659186349633847308,
1903477134909452763,2025-03-22 16:01:28+00:00,275,Bantu Sundul sampai ke Presiden Prabowo.. Sekedar saran Pak @prabowo untuk efisiensi anggaran mending bubarin aja PCO yang malah menjadi pemicu kemarahan publik akibat respon nyeleneh yang tidak ada substansinya dan dialihkan untuk biaya Makan Bergizi Gratis.. Sayang APBN untuk https://t.co/iV7f3izhwH,1903477134909452763,https://pbs.twimg.com/media/GmqCXbdaYAApiuX.jpg,,in,,3,25,111,https://x.com/undefined/status/1903477134909452763,1826886526657318912,
1903288170864685176,2025-03-22 03:30:35+00:00,33389,Rakyat sudah di kasih makan bergizi gratis jadi tidak boleh tahu ada kondisi darurat di berbagai kota besar televisi nasional pun tak berdaya menyiarkan beritanya. https://t.co/oNOOUgi3de,1903288170864685176,https://pbs.twimg.com/amplify_video_thumb/1903080060640432133/img/ykeHer64m2w1vyVM.jpg,,in,,128,170,11803,https://x.com/undefined/status/1903288170864685176,1677662458167836673,
1903038124722360388,2025-03-22 03:23:17+00:00,0,@detikcom kalau ada negara yg bikin program makan bergizi gratis. Itu adalah negara gagal. Karena tidak bisa mensejahterakan rakyatnya dan mendidik rakyatnya,1903286330710429759,,detikcom,in,,0,0,0,https://x.com/undefined/status/1903286330710429759,1080856380737695745,
1903038124722360388,2025-03-21 23:58:49+00:00,1,@BusuMaju @detikcom @prabowo Saya tidak bisa menunjukkan surat yang dimaksud karena kemungkinan bersifat rahasia diplomatik. Namun ada bukti Prabowo menerima surat dari pemimpin dunia tentang program makan bergizi gratis seperti pernyataannya di https://t.co/d4umZinbNg Saya menerima surat dari,1903234877530722697,,BusuMaju2d,in,,0,1,1,https://x.com/undefined/status/1903234877530722697,1720665183188922368,
1903117738417205508,2025-03-21 16:13:21+00:00,0,Negara mana coba?? Rata' negara yg kita kenal sistem mereka lebih baik dari pada kita kocak yang ada mah belajar untuk tidak memberi MBG yang ternyata gak bergizi . Jangan boong Mulu apa dosaaaa dosaa,1903117738417205508,,,in,,0,0,0,https://x.com/undefined/status/1903117738417205508,1650384293120839682,
1917372075377062287,2025-04-30 14:24:11+00:00,1,@ARSIPAJA Itukah sebabnya Pak Presiden membuat program tidak masuk akal seperti Makan Bergizi Gratis? Itukah sebabnya anda memiliki kabinet tergemuk yang pernah ada? Itukah yang membuat anda membuat Danantara yang diragukan oleh begitu banyak ekonomis? Itukah alasannya? Ego untuk legacy?,1917585780219994232,,ARSIPAJA,in,,0,0,0,https://x.com/undefined/status/1917585780219994232,1494882723923906561,
1917134021819293737,2025-04-29 08:29:04+00:00,5,Setelah siswa kini gurunya yang diduga keracunan usai santap Makan Beracun Gratis eh Makan Bergizi Gratis (MBG). Semoga setelah ini tidak ada pejabat MBG yang ikut keracunan. https://t.co/lzqIphnxZr,1917134021819293737,https://pbs.twimg.com/media/GpsHO37bEAIiQXt.jpg,,in,,0,2,6,https://x.com/undefined/status/1917134021819293737,1350070609280069635,
1877662365900243372,2025-04-29 02:17:50+00:00,0,@kasetkusut__ Program MBG itu memberikan makanan bergizi gratis utk anak sekolah sedang Kalo ada sekolah memungut uang berarti ya dari pihak sekolahnya yg salah... Tidak boleh ada pungutan Lanjutkan MBG Keren ️,1917040600979017740,,kasetkusut__,in,,0,0,0,https://x.com/undefined/status/1917040600979017740,1725413776508497920,
1877662365900243372,2025-04-29 02:16:06+00:00,0,@kasetkusut__ Diberi tanda kutip dulu ya... Program MBG membantu anak sekolah dan ibu hamil dapat makan bergizi gratis Kalo sekolah ada yg memungut uang alasan buat tempat makan itu tidak boleh dan dilakukan oknum sekolah Lanjutkan MBG Keren ️,1917040162770678078,,kasetkusut__,in,,0,0,0,https://x.com/undefined/status/1917040162770678078,1725413776508497920,
1916759351135813834,2025-04-28 13:39:43+00:00,0,@OIdang5 @TOM5helby @OIdang5 Tidak ada bukti kuat Gibran disisihkan. Program Lapor Mas Wapres aktif meski sempat bermasalah teknis. Gibran hadir di acara domestik seperti premier film Jumbo tapi kehadiran internasional belum jelas. Program Makan Bergizi Gratis jalan dengan dana besar dan,1916849813355921915,,OIdang5,in,,0,0,0,https://x.com/undefined/status/1916849813355921915,1720665183188922368,
1916664603309637666,2025-04-28 01:23:45+00:00,76,Jauh amat sampai Sulawesi Selatan mbak @NenkMonica di tempat saya Airmolek Riau belum ada yg namanya Makan Bergizi Gratis jadi program Makan Bergizi Gratis yg di jalankan oleh @prabowo tidak Sampai ke Seluruh Indonesia,1916664603309637666,,,in,,2,6,28,https://x.com/undefined/status/1916664603309637666,1456283686312103939,
1915765213154205739,2025-04-27 00:42:40+00:00,0,@Ali_Ridwan11 @sarah_pndjtn Tidak ada bukti bahwa @sarah_pndjtn adalah buzzer pemerintah. Dia mendukung program Makan Bergizi Gratis dan pemerintahan Prabowo dengan fakta tapi ini tampaknya cerminan pandangan pribadi bukan promosi berbayar. Di Indonesia istilah buzzer sering digunakan untuk menyindir,1916291874517881079,,Ali_Ridwan11,in,,0,0,0,https://x.com/undefined/status/1916291874517881079,1720665183188922368,
1915765213154205739,2025-04-26 13:22:39+00:00,0,@AdittPutraaa @sarah_pndjtn Bodoh aja sih kalo atlet sepakbola dikasih MBG yg terbukti kurang bergizi bahkan banyak laporan yg bilang kalo MBG nya basi bahkan kemaren ada yg keracunan. Sepakbola BUKAN hanya tidak akan kemana² tapi JUSTRU akan mundur kalo diberi makan MBG. Twit yg lawak emang.,1916120743534096826,,AdittPutraaa,in,,0,0,0,https://x.com/undefined/status/1916120743534096826,1618253222929473537,
1915919273597538692,2025-04-26 01:50:50+00:00,5,@kompascom anak2 yang keracunan makana bergizi gratis kenapa tidak dikunjungi wapres? selama ini beliau aktif blusukan setelah ada masalah harusnya dia kumpulkan petinggi2 yg mengurus MBG dan evaluasi total kinerjanya bukan malah adem ayem omon2 hal lain?,1915946643259846980,,kompascom,in,,0,0,0,https://x.com/undefined/status/1915946643259846980,984328163210682368,
1915944265857036292,2025-04-26 01:41:24+00:00,0,Menu MBG bisa dibuat betul-betul bergizi tidak seperti sekarang yang membuat rakyat memplesetkan MBG sebagai Makan Beracun Gratis. Jadi batas defisit APBN harus dihapus. Terlebih Presiden sendiri sudah sadar batas defisit ini tidak ada landasan ilmiahnya.,1915944269317345546,,suryadalimunthe,in,,0,1,0,https://x.com/undefined/status/1915944269317345546,2687102971,
1927684577151078895,2025-05-29 09:27:41+00:00,0,@BubbleImnida Sekarang di penjara tidak ada makan gratis dan tidur gratis. Jika masih ada lebih banyak anak2 senang tinggal di penjara daripada rumah sendiri. Setiap hari makan bergizi ada siraman rohani pelajaran ketrampilan dan tidur gratis. Sekarang makan dan minum beli sendiri siraman,1928020412115603548,,BubbleImnida,in,,0,0,0,https://x.com/undefined/status/1928020412115603548,4171723223,
1927894660761911372,2025-05-29 03:58:38+00:00,19,@txtdrimedia Keliatan DONGO nya itu Sejak kapan MBG bikin tumbuh tinggi yang Ada Banyak yang keracunan itu datang-datang Pada Basi semua Kalo mau tinggi itu selain makanan bergizi tinggi tidak lupa juga untuk olahraga dan Menjaga kesehatan KALO GOBLOK ENGGAK USAH JADI PENJABAT,1927937602935738722,,txtdrimedia,in,,0,0,0,https://x.com/undefined/status/1927937602935738722,1400149247123628032,
1927732916756320715,2025-05-29 02:06:20+00:00,0,@atmaaaaaaj @tanyarlfes @tanyarlfes Tidak ada bukti resmi bahwa Kepala BGN merekomendasikan anak minum 2 liter susu per hari. Susu memang bagian dari program Makan Bergizi Gratis tapi dalam jumlah wajar sekitar 500-750 ml per hari sesuai pedoman WHO. Klaim 2 liter tampaknya berlebihan dan bisa,1927909342923345991,,atmaaaaaaj,in,,0,0,0,https://x.com/undefined/status/1927909342923345991,1720665183188922368,
1926841235488076031,2025-05-26 03:22:04+00:00,0,Makan bergizi gratis dari awal tidaklah gratis. Dan sampe detik ini tetap tidak gratis. Apakah program ini ladang hutang dan korupsi ter-enak? Tidak ada pembenahan dan tujuan yg jelas dalam program ini karena tidak keracunan = keberhasilan https://t.co/LEijzEX6kc,1926841235488076031,https://pbs.twimg.com/media/Gr2D4SgXQAABlmK.jpg,,in,,0,0,0,https://x.com/undefined/status/1926841235488076031,1891677307,
1926110917579739194,2025-05-24 22:40:53+00:00,0,@ARSIPAJA dan itu dampak nya tidak terlalu signifikasn buat kemajuan ekonomi tapi mudah2an saja ada pemasukan buat kemajuan ekonomi di indonesia dari jalan lain. padahal kalau daya beli ekonimi sangat terjangkau pasti anak2 bakal makan yang lebih bergizi dari MBG,1926408086111052059,,ARSIPAJA,in,,0,0,0,https://x.com/undefined/status/1926408086111052059,578216387,
1925886187664781730,2025-05-24 16:17:07+00:00,0,@Minnie_imut @DokterTifa Itu foto apa buzzer betina ? Makan bergizi gratis yg tidak ada kabarnya lagi ? ,1926311510411751875,,Minnie_imut,in,,0,3,0,https://x.com/undefined/status/1926311510411751875,1747650468497743873,
1925705240482816291,2025-05-23 13:39:34+00:00,0,@Mat16_16 MBG adalah program pemerintah yang didanai dari APBN untuk permudah akses pangan bergizi pada anak sekolah. Tidak ada kebijakan buat pungut sumbangan dari rakyat miskin. Lanjutkan MBG,1925909470435066042,,Mat16_16,in,,0,0,0,https://x.com/undefined/status/1925909470435066042,1373921084873928712,
1925732528595288407,2025-05-23 01:56:27+00:00,0,Raffi Ahmad dikabarkan mendapatkan 300 titik proyek dapur dalam program MBG di Provinsi Banten. Kepala Badan Gizi Nasional (BGN) Dadan Hindayana menegaskan tidak ada proyek Makan Bergizi Gratis (MBG) yang dikelola Raffi Ahmad. https://t.co/gm5AWim5Hn,1925732528595288407,https://pbs.twimg.com/media/GrmThiLWUAAWekQ.jpg,,in,,0,1,0,https://x.com/undefined/status/1925732528595288407,1911926930783580160,
1925588992311120320,2025-05-22 23:50:16+00:00,1,@NenkMonica Biar tidak ada ngotak nya klo bicara heee....apa out put makanan bergizi gratis itu ya? Apakah bisa terukur dengan algoritma? Apakah orang2 yg dapat makan bergizi itu ke depannya menjadi manusia super dengan kecerdasan diatas rata2? Kita buang2 energy demi aout put yang maya,1925700771997176088,,NenkMonica,in,,0,0,0,https://x.com/undefined/status/1925700771997176088,1395898405965111297,
1925499050788635096,2025-05-22 11:38:38+00:00,0,@CakD3pp Tidak ada makan siang gratis bung... walau ada program Makan Bergizi Gratis https://t.co/pzSRTvVKel,1925516651774287881,https://pbs.twimg.com/media/GrjOvMTboAIY_1u.jpg,CakD3pp,in,,0,1,0,https://x.com/undefined/status/1925516651774287881,1336576386987790336,
1925435204711457003,2025-05-22 06:15:00+00:00,0,Kepala Badan Gizi Nasional Dadan Hindayana menegaskan tidak ada proyek Makan Bergizi Gratis (MBG) yang dikelola Raffi Ahmad. Sebelumnya ramai di media sosial menyebutkan bahwa Raffi Ahmad mendapatkan 300 titik proyek dapur dalam program MBG di Provinsi Banten. #SmartNews https://t.co/NlnNPz224L,1925435204711457003,https://pbs.twimg.com/media/Grh66XYboAEUhqG.jpg,,in,,0,0,1,https://x.com/undefined/status/1925435204711457003,177084452,
1925384170282594725,2025-05-22 02:52:12+00:00,10,Kepala Badan Gizi Nasional (BGN) Dadan Hindayana menegaskan bahwa mulai saat ini tidak ada Satuan Pelayanan Pemenuhan Gizi (SPPG) yang boleh beroperasi dengan uang mitra atau talangan. ~LL #BGN #SPPG https://t.co/7A6AHDG18i,1925384170282594725,,,in,,4,0,8,https://x.com/undefined/status/1925384170282594725,23343960,
1925191106133913881,2025-05-21 14:05:02+00:00,1,Tidak ada niat untuk mengkritik atau apapun namun alangkah lebih baik jika dana untuk makan bergizi gratis dialihkan untuk pembenahan sekolah-sekolah yang jauh dari kata layak seperti ini @prabowo @KemensosRI ini hanya satu contoh dari sekian banyak yang tidak terlihat ,1925191106133913881,,,in,,0,0,0,https://x.com/undefined/status/1925191106133913881,1616842351275823105,
1939111578659438870,2025-06-30 16:07:04+00:00,0,@sempa_naga @itszaelany @ARSIPAJA Saya tidak menemukan data spesifik mengenai total hutang program Makan Bergizi Gratis (MBG) kepada vendor di seluruh Indonesia per 30 Juni 2025. Anggaran MBG tahun 2025 sebesar Rp71 triliun namun laporan resmi tidak menyebutkan rincian utang. Kemungkinan ada kewajiban finansial,1939717330722050299,,sempa_naga,in,,0,1,0,https://x.com/undefined/status/1939717330722050299,1720665183188922368,
1939542224087454037,2025-06-30 04:31:15+00:00,2,Mengenai skandal makan bergizi gratis di Riau BGN akan segera panggil yang bersangkutn ke pusat srta mnegaskn tidak ada ruang bagi penyimpangan dan akan ditindak tegas. Lanjutkan MBG #MBGSiapkanGenerasiEmas . Senin Morninggg 3CE X POND Dewi Sri Spa DM or WA Sekolah LINGORM ONLY https://t.co/Br27N6MYVX,1939542224087454037,https://pbs.twimg.com/ext_tw_video_thumb/1939542152817623040/pu/img/3aqYoPOsl9Q_qNwB.jpg,,in,,0,0,0,https://x.com/undefined/status/1939542224087454037,1307860511317352450,
1939294042120134965,2025-06-29 12:05:04+00:00,0,Dari Sabang sampai Merauke Makan Bergizi Gratis hadir untuk memastikan tidak ada lagi anak Indonesia yang kelaparan. Ini bukti nyata kehadiran negara. #FaktaIndonesia #MakanBergiziGratis #ManfaatMakanBergiziGratis #DukungProgramMakanBergiziGratis https://t.co/yyhxDAZLk4,1939294042120134965,https://pbs.twimg.com/media/GunBp2HW8AA_K6s.jpg,,in,,0,0,0,https://x.com/undefined/status/1939294042120134965,1884465149270241280,
1939107873520280046,2025-06-29 05:57:10+00:00,1,@M45Broo_ Sudah sangat maju dan sangat sejahtera sudah tidak ada lagi pengangguran makan bergizi sangat bermanfaat shg anak2 Indonesia skrg sdh cerdas2 semua terbukti byk anak Indonesia yg menang di olimpiade matematika dan fisika. Skrg Indonesia sdh menjadi macan asia..*walaucumamimpi*,1939201458416820641,,M45Broo_,in,,0,0,0,https://x.com/undefined/status/1939201458416820641,3221905410,
1939111578659438870,2025-06-29 03:58:06+00:00,0,@ARSIPAJA Jatim tidak ada makan bergizi gratis. Anggarannya kmna???,1939171491532414987,,ARSIPAJA,in,,1,3,0,https://x.com/undefined/status/1939171491532414987,1687746496039628800,
1939148497074417707,2025-06-29 02:26:43+00:00,14,Setidaknya ada Tujuh program Presiden Prabowo Subianto untuk dunia pendidikan di Indonesia diantaranya: 1. Makan Bergizi Gratis (MBG) MBG menjadi langkah penting untuk memastikan tidak ada anak yang kelaparan dan kekurangan gizi bahkan sejak dalam kandungan. 2. Cek Kesehatan https://t.co/B2wyXzxKNJ,1939148497074417707,https://pbs.twimg.com/media/Guk9Nk7XYAA0DlO.jpg,,in,,0,1,7,https://x.com/undefined/status/1939148497074417707,1427095335084515333,
1937863884976869576,2025-06-26 02:37:08+00:00,0,@berniekurniawan Kesehatan makan bergizi siapin duit sama survey panti wreda Oh tidak lupa cari koneksi ke jasa perawat dan psikolog Semua itu perlu duit jadi ga ada alasan buat ngerepotin anak pas tua karena kebahagiaan gue dan suami bukan tanggung jawab anak,1938063954343010661,,hoshirsn,in,,0,0,0,https://x.com/undefined/status/1938063954343010661,3259556562,
1937814943828750402,2025-06-25 10:07:40+00:00,1,Kepala Badan Gizi Nasional menegaskn tidak pernah ada kebijakn penyaluran bahan baku krena program MBG adlah prgram makan bergizi gratis (ini) intervensi gizi bukan memberikan bahan baku. Lanjutkan MBG #MBGBangunGenerasiCerdas . Kipernya voucher bonus Kyuris bpjph HIDUP BLONDE https://t.co/hTuNKTmy4R,1937814943828750402,https://pbs.twimg.com/ext_tw_video_thumb/1937814882155659264/pu/img/91YhYLd8f7jh1Nqx.jpg,,in,,0,0,0,https://x.com/undefined/status/1937814943828750402,1307860511317352450,
1937756466116723151,2025-06-25 06:15:17+00:00,0,Paling tidak ada empat ayat Al-Qur'an yang berkaitan dengan makan. Dan hanya satu ayat yang berkaitan dengan puasa. Jadi kalau @nahdlatululama terlibat dalam pelaksanaan Makan Bergizi Gratis sudah sangat tepat. Abaikan mereka yang nyinyir.,1937756466116723151,,,in,,0,0,0,https://x.com/undefined/status/1937756466116723151,1360992242,
1937733763246752153,2025-06-25 04:45:05+00:00,0,Sehubungan dengan ramainya polemik pemberian snack ataupun bahan mentah dalam program Makan Bergizi Gratis (MBG) Kepala Badan Gizi Nasional (BGN) Dadan Hindayana menegaskan tidak pernah ada kebijakan penyaluran bahan baku dalam program perbaikan gizi itu.https://t.co/5GJ4zNOMwy,1937733763246752153,,,in,,0,0,0,https://x.com/undefined/status/1937733763246752153,423220305,
1937141090290688045,2025-06-23 13:30:00+00:00,1,Staf Khusus Kepala Badan Gizi Nasional (BGN) bidang Komunikasi Redy Hendra Gunawan menegaskan ibu hamil penerima manfaat Makan Bergizi Gratis (MBG) tidak terpengaruh meski ada libur sekolah. https://t.co/VQJ7G3SpSS,1937141090290688045,,,in,,0,0,0,https://x.com/undefined/status/1937141090290688045,68930552,
1936646603559023079,2025-06-23 00:32:49+00:00,0,@fahaum1 @DS_yantie Saya tidak punya data untuk menghitung fee yang Anda maksud karena tidak ada bukti spesifik terkait keuntungan finansial atau korupsi dalam kebijakan impor sapi hidup 2025. Kebijakan ini bertujuan menjaga ketahanan pangan terutama untuk program makan bergizi gratis tapi,1936945505017487397,,fahaum1,in,,0,0,0,https://x.com/undefined/status/1936945505017487397,1720665183188922368,
1936326680068714897,2025-06-21 07:33:50+00:00,0,Badan Gizi Nasional (BGN) menegaskan bahwa tidak ada kebijakan terkait Menu Makan Bergizi (MBG) yang hanya menggunakan bahan mentah di wilayah Tangerang Selatan #BGN #KeamananPangan #MenuBergizi #TangerangSelatan #MakananSehat https://t.co/0VWekfjC5U,1936326680068714897,https://pbs.twimg.com/media/Gt82zXxWQAApkdA.jpg,,in,,0,0,0,https://x.com/undefined/status/1936326680068714897,3168589086,
1936127782402375814,2025-06-20 18:23:29+00:00,0,Makanan bergizi adalah hak setiap anak! Mari kita dukung Program Makan Bergizi Gratis agar tidak ada lagi anak yang kelaparan. ️️ #MBG #HakAsasi,1936127782402375814,,,in,,0,0,1,https://x.com/undefined/status/1936127782402375814,1349939717261807618,
1950843885846143203,2025-07-31 13:22:15+00:00,0,@ARSIPAJA Makanan Bergizi Gizinya kemana? Pengelolaan MBG diduga bermasalah pendanaannya yang fantastis rawan digerogoti korupsi Tidak ada Evaluasi Perencanaan dan Standarisasi...Proyek Korupsi @prabowo Keracunan Makanan masih terjadi dan Pemerintah tidak berbuat apa-apa,1950909875153756252,,ARSIPAJA,in,,0,0,0,https://x.com/undefined/status/1950909875153756252,64605516,
1949999286256882040,2025-07-29 09:01:54+00:00,0,@cnbcindonesia Makanan Bergizi Gizinya kemana? Pengelolaan MBG diduga bermasalah pendanaannya yang fantastis rawan digerogoti korupsi Tidak ada Evaluasi Perencanaan dan Standarisasi...Proyek Korupsi @prabowo,1950119581034430784,,cnbcindonesia,in,,0,0,0,https://x.com/undefined/status/1950119581034430784,64605516,
1949903678917509314,2025-07-28 18:43:59+00:00,1,TIDAK ADA YANG NAMANYA MAKAN BERGIZI GRATIS DI BAWAH KAPITALISME BAGI KAMI TIDAK ADA YANG SEPERTI ITU.,1949903678917509314,,,in,,0,0,0,https://x.com/undefined/status/1949903678917509314,1109496239735750656,
1948336962412355638,2025-07-24 10:58:33+00:00,0,Menurut Prabowo tidak sedikit orang-orang yang menyebut program MBG tidak ada gunanya. Malah ada yang dipertanyakan mau makan bergizi gratis atau pendidikan gratis. Saudara-saudara Undang-Undang Dasar 1945 itu mewajibkan kita untuk pendidikan gratis.,1948336997451616387,,Ninaang06470572,in,,0,1,0,https://x.com/undefined/status/1948336997451616387,1615026201739014144,
1948193344661725244,2025-07-24 01:36:05+00:00,0,@ShamsiAli2 dan pihak pemerintah juga tidak ada tindakan tegas bagi penyelewengan dana makan bergizi,1948195447648174405,,ShamsiAli2,in,,0,1,0,https://x.com/undefined/status/1948195447648174405,1117188156158173184,
1948051533154918835,2025-07-23 16:04:13+00:00,1,Seandainya saja tidak pernah ada program MBG yang katanya Makan Bergizi Gratis Program pemerintah yang paling banyak menghabiskan anggaran negara program yang pengelolaannya amburadul eksekusi yang menyedihkan dan tentu saja potensi korupsi yang sangat besar,1948051533154918835,,,in,,0,0,0,https://x.com/undefined/status/1948051533154918835,61513114,
1948036011239592445,2025-07-23 15:02:32+00:00,0,Makanan bergizi graris (MBG) yang katanya bergizi dengan anggaran per porsi sepuluh ribu. Malah dibeberapa tempat memang tidak dimakan. Ada yang takut keracunan adapula yang karena basi dan ada pula yg tidak sesuai selera.,1948036011239592445,,,in,,0,0,0,https://x.com/undefined/status/1948036011239592445,1350070609280069635,
1947703393100959833,2025-07-23 14:08:09+00:00,0,@CNNIndonesia Makanan Bergizi Gizinya kemana? Pengelolaan MBG diduga bermasalah pendanaannya yang fantastis rawan digerogoti korupsi Sudah 1 tahun Proyek ini jalan tapi Banyak Keracunan karena tidak ada Pengawasan Evaluasi dan Pengaduan...Rakyat disuruh terima Proyek Maksiat @prabowo,1948022323342372868,,CNNIndonesia,in,,0,0,0,https://x.com/undefined/status/1948022323342372868,64605516,
1946928885754642834,2025-07-20 13:43:13+00:00,0,Entah makan bergizi gratis ini hanya konspirasi ajang MAEN oknum yang ada karena terlihat memang tidak tepat. MBG dibagikan pada semua sekolah entah dasarnya darimana yang diberi makan bahkan tertuju pada anak orang berada/kaya? memang ada juga anak yang diuntungkan.,1946928885754642834,,,in,,0,0,0,https://x.com/undefined/status/1946928885754642834,103629089,
1946199684890157406,2025-07-18 13:25:38+00:00,0,Plt. Kasi SMK Cabang Dinas Pendidikan mengatakan pihaknya belum mendapat laporan terkait pemanggilan empat siswa tersebut. Namun pihaknya memastikan tidak akan ada sanksi bagi siswa yang ada dalam video temuan belatung pada menu makan bergizi gratis yang viral. :|,1946199684890157406,,,in,,0,0,0,https://x.com/undefined/status/1946199684890157406,153752413,
1945681755601846646,2025-07-17 03:10:38+00:00,0,@intnRSD Sarapan atau tidak itu bukan indikasi ceria pintar gembira ada tenaga buat belajar. Sarapan itu optional yang penting siang pulang sekolah makan bergizi sehat istirahat cukup tidur siang tdk main gadget. Baru belajar. Alhamdulilah ke 2 anak saya jalur prestasi akademik.,1945682529463505195,,intnRSD,in,,0,1,0,https://x.com/undefined/status/1945682529463505195,1642160062365077511,
1961838005494432184,2025-08-30 18:40:11+00:00,1,@Dennysiregar7 Apa hanya anggota DPR menyakiti rakyat? Anggota kabinet LEBIH menyakiti! Luhut Kau yang gelap Andi Amran Harga beras di Jepang 100 rb tidak ada yang protes Sri Mulyani guru membebani negara Dadan Timnas kurang bergizi Gus Ipul Anak sakit tidak biasa MBG ---dan lainnya,1961861523527381129,,,in,,0,0,0,https://x.com/undefined/status/1961861523527381129,1494882723923906561,
1961640017773916352,2025-08-30 11:48:06+00:00,0,@ARSIPAJA MBG unfaedah... Project ini membuka lahan korupsi. Makanya ada makanan ala kadarnya makanan yang bisa meracuni maknan yang jauh dari kata bergizi. MBG juga tidak mnyentuh SEMUA SATUAN PENDIDIKAN. Apakah makan MBG bisa sehat setahun??? Tetapi mmbuka ladang CUAN.,1961757820736651595,,ARSIPAJA,in,,0,1,0,https://x.com/undefined/status/1961757820736651595,743097477822222336,
1961234915720401124,2025-08-29 01:10:16+00:00,4,MAKAN BERGIZI GRATIS? Jangan bilang tidak ada BANCAKAN korupsi di proyek ini. https://t.co/usmUHV5yqR,1961234915720401124,https://pbs.twimg.com/ext_tw_video_thumb/1961234886720995328/pu/img/I2YouOsPhOuKlTXT.jpg,,in,,2,1,0,https://x.com/undefined/status/1961234915720401124,226416224,
1961092355332718638,2025-08-28 15:43:47+00:00,1, Tidak boleh ada anak Indonesia yang berangkat ke sekolah dalam keadaan lapar! Melalui Program Makan Bergizi Gratis (MBG) Presiden Prabowo memastikan setiap anak mendapat asupan sehat agar bisa belajar dengan semangat #MBG #MakanBergiziGratis #PrabowoPresidenRakyat https://t.co/HP7AYyrYHI,1961092355332718638,https://pbs.twimg.com/amplify_video_thumb/1961089757142044672/img/2kndym5S_c2t1Hjr.jpg,,in,,0,1,0,https://x.com/undefined/status/1961092355332718638,1765665336152739840,
1961029778481328267,2025-08-28 12:30:19+00:00,5,@tanyakanrl Tuh kan sekali lagi mbg ini gak efektif guys. Hanya MG (makan gratis) tidak ada BERGIZI sama sekali. Bahkan semangka yg murah aja se pelit itu. Yukk hentikan MBG,1961043665792499764,,tanyakanrl,in,,0,0,0,https://x.com/undefined/status/1961043665792499764,1231944037126377475,
1960870209155424611,2025-08-28 08:34:16+00:00,0,@MurtadhaOne1 Makanan Bergizi Gering. Ini tidak Gratis. Dana APBN Ratusan Trilyun dikeruk utk MBG yg kualitas kayak gini. Tak ada manfaat sama sekali. Justru merugikan keuangan negara di segala bidang,1960984264717095409,,MurtadhaOne1,in,,0,0,0,https://x.com/undefined/status/1960984264717095409,59029662,
1960728960305910142,2025-08-28 07:07:59+00:00,0,@kompascom Makanan Bergizi Gizinya kemana? Setiap hari terjadi Kasus Keracunan. Pengelolaan MBG diduga bermasalah pendanaannya yang fantastis rawan digerogoti korupsi Tidak ada Evaluasi Perencanaan dan Standarisasi...Proyek Korupsi @prabowo,1960962548733501849,,kompascom,in,,0,0,0,https://x.com/undefined/status/1960962548733501849,64605516,
1960881463387414608,2025-08-28 01:45:46+00:00,6,Hentikanlah MBG Pakai duitnya untuk membuka lapangan kerja agar orang tua bisa memberi makanan bergizi pada anak mrk gaji guru dgn layak subsidi pupuk petani.Selama ini tanpa MBG juga anak2 sekolah tidak kelaparan. Ada orang tua yg bekerja. Stop pajak yg mengada ada pd mereka https://t.co/v2KzzGuuth,1960881463387414608,https://pbs.twimg.com/media/GzZzQ4ha4AUbaQn.jpg,,in,,0,1,4,https://x.com/undefined/status/1960881463387414608,1615267148322213891,
1960521049101230291,2025-08-27 05:47:12+00:00,0,@DS_yantie Kocak bro ..maksud baik pemerintah memberikan makan bergizi gratis eee ternyata .ada oknum yg menyalahgunakan wewenangnya usut tuntas masalahnya hingga tidak jadi semakin liar gw gen z sdh paham bisanya cuma ,1960579832854741137,,DS_yantie,in,,0,1,0,https://x.com/undefined/status/1960579832854741137,1077303984065368064,
1960553541468348813,2025-08-27 04:02:44+00:00,0,MBG bukan hanya soal makan tetapi memastikan tidak ada anak yang kelaparan atau kekurangan gizi. Sebuah langkah nyata untuk masa depan gemilang bagaimana menurutmu? https://t.co/0GlKuddo74,1960553541468348813,,,in,,0,0,0,https://x.com/undefined/status/1960553541468348813,472241682,
1960251649227976918,2025-08-26 16:40:55+00:00,0,@kompascom coba pak turun kesekolah gak usah pakai dinas biar tau gmn itu menu yang di terima anak dan apakah makanan itu habis atau tidak apakah tepat sasaran ada sekolah swasta yg anak mampu dan makan bergizi dirumah tetap di kasih itu kan mubazir jadinya tolonglah di evalusai,1960381959672037874,,kompascom,in,,0,0,0,https://x.com/undefined/status/1960381959672037874,1492183494860374021,
1959797367844331726,2025-08-25 01:57:58+00:00,7, Sisa Makanan Bergizi Gratis di Kotabaru Kalimantan Selatan Akan Dijual ke Peternak Ada Siswa Yang tidak Suka Menu MBG https://t.co/LQfZiXoS4E https://t.co/iuhfOZctvQ https://t.co/k762c0wJm5,1959797367844331726,https://pbs.twimg.com/media/GzKZUdvaYAAw1PD.jpg,,in,,1,3,3,https://x.com/undefined/status/1959797367844331726,1424513138209157121,
1973030274016686147,2025-09-30 14:20:49+00:00,1,Makan malam kami menu dari makan bergizi tidak gratis. Ada pizza mocaf saos bolognese isian ayam daging wortel udah ada stok kulkas tinggal panasin di wajan makannya masih hangat enak kriuk telur rebus keju dan buah kiwi Alhamdulillah https://t.co/98QtOj1dnu,1973030274016686147,https://pbs.twimg.com/media/G2GcapgakAA5X99.jpg,,in,,0,0,0,https://x.com/undefined/status/1973030274016686147,1957046900,
1972991062277750853,2025-09-30 11:45:00+00:00,0,Untuk pertama kalinya para murid sekolah kami merasakan program Makan Bergizi Gratis (MBG) yang digulirkan pemerintah. #Headline https://t.co/oq1PQcxhmt,1972991062277750853,,,in,,0,0,0,https://x.com/undefined/status/1972991062277750853,23786106,
1972933456020824459,2025-09-30 07:56:05+00:00,2,day 1 mbg ‍: mmm tidak ada rasanya.. ‍: kan makanan bergizi bu bukan makan enak : wkwk iya juga ya day 1 aman semoga aman terus ,1972933456020824459,,,in,,0,1,0,https://x.com/undefined/status/1972933456020824459,551799132,
1972924448920731886,2025-09-30 07:43:21+00:00,0,@ini4kunku Singapura: Tidak ada program makan gratis universal; hanya subsidi untuk siswa berpenghasilan rendah melalui MOE FAS. Malaysia: Program makan gratis ditargetkan untuk siswa B40 (penghasilan rendah) via RMT bukan untuk semua. Jepang: Makan siang sekolah bergizi disediakan di,1972930248162627962,,ini4kunku,in,,0,1,0,https://x.com/undefined/status/1972930248162627962,1720665183188922368,
1972891418248294528,2025-09-30 05:09:56+00:00,0,Presiden juga optimistis menemukan solusi atas hambatan yang ada sekaligus mengingatkan agar tidak ada politisasi terhadap program yang bertujuan membantu anak-anak kesulitan makan bergizi di Indonesia.,1972891641754353727,,Syaifulh07,in,,0,0,0,https://x.com/undefined/status/1972891641754353727,1804308517853237248,
1972889060709662989,2025-09-30 04:59:41+00:00,6,Dokter Tan Shot Yen menyampaikan keresahannya mengenai makan bergizi gratis di aksi Ibu Berduka Ibu Lawan Tirani yang diselenggarakan oleh Aliansi Ibu Indonesia pada 10 September silam. Menurutnya ada 4 hal yang mesti dirombak dari penyelenggaraan MBG agar tidak terulang lagi https://t.co/yZqJOCDvJX,1972889060709662989,https://pbs.twimg.com/amplify_video_thumb/1972888731473555456/img/4KFSXU5HdHP6sYG7.jpg,,in,,0,0,2,https://x.com/undefined/status/1972889060709662989,1887776158282096640,
1972881485440119066,2025-09-30 04:29:35+00:00,1,edisi G30SPKI ikan hasil mancing buat menu makan bergizi yang tidak gratis namun yang jelas tidaklah beracun. ada ikan tengkek sama cichlid tambak hasil casting wkwkw kerapu sama kakap tompelnya buat hari jumat https://t.co/T65QHsfL1A,1972881485440119066,https://pbs.twimg.com/media/G2EVQJfaYAALmLs.jpg,,in,,0,0,0,https://x.com/undefined/status/1972881485440119066,103847657,
1972599939898446163,2025-09-30 00:45:00+00:00,1,@Syahwono2 @Jateng_Twit Tidak benar. Berita asli: Kartu pers Diana Valencia Gunawan dicabut sementara setelah tanya Presiden Prabowo soal program MBG (Makan Bergizi Gratis) lalu dikembalikan. Tidak ada hadiah supercar; gambar itu tampaknya hoaks atau editan. Sumber: https://t.co/qWMXayRmdd CNN,1972824967642599923,,Syahwono2,in,,0,1,0,https://x.com/undefined/status/1972824967642599923,1720665183188922368,
1972806048865218872,2025-09-29 23:29:49+00:00,0,MAKAN BERGIZI GRATIS . Dengan anggaran yang begitu besar tapi pelaksanaan yang menurut saya ngawur banyak anak keracunan dan masuk rumah sakit padahal tidak punya BPJS kesehatan apakah MBG sudah tepat jika masih ada sekolah kurang layak ?,1972806048865218872,,,in,,0,0,0,https://x.com/undefined/status/1972806048865218872,1613206192339451904,
1972724974717899134,2025-09-29 18:13:32+00:00,0,well yeah KFC memang tidak memenuhi kebutuhan gizi penuh sih. TAPI MEREKA MAMPU BELI? (or maybe dikasih sm sekolah) LALU UNTUK APA ADA MBG? kayaknya mereka ga butuh makan bergizi GRATIS deh bcs their parents can provide that. apa ini tujuan yang tepat dari MBG?,1972726453210067154,,moneeterz,in,,0,1,0,https://x.com/undefined/status/1972726453210067154,1078443348417949696,
1972541057192915122,2025-09-29 16:05:18+00:00,1,@PendieWijaya @tvindonesiawkwk Tidak benar. Diana Valencia Gunawan adalah jurnalis CNN Indonesia yang kartu persnya sempat dicabut setelah tanya Presiden Prabowo soal keracunan MBG (Makan Bergizi Gratis). Tidak ada hadiah supercar; itu klaim palsu dari media sosial. Sumber: Tribunnews https://t.co/lOFh0ACCW1 ,1972694180272173165,,PendieWijaya,in,,0,0,0,https://x.com/undefined/status/1972694180272173165,1720665183188922368,
1883191583706939682,2025-09-29 15:15:11+00:00,2,@bumihijauserut @Divpropam @polres_klaten @akbarfaizal68 @BocorAlusPol @CNNIndonesia @DivHumas_Polri @ini_polisi @himawansugeha95 @karniilyas @KemensetnegRI @ListyoSigitP @mprgoid @msaid_didu @prabowo @tvOneNews @poldajateng_ @KPK_RI @KejaksaanRI @setkabgoid @KSPgoid @yudiharahap46 @Metro_TV @KompasTV @SBYudhoyono @DPR_RI @BosPurwa @alvinlie21 @sharpandshark @detikcom @abu_waras @KataBewe @Gojekmilitan @Opposisi6890 @KRjogjadotcom @kumparan @susno2g @NajwaShihab @mohmahfudmd @geloraco @Polripresisi @Dandhy_Laksono @puanmaharani_ri @DokterTifa @ahriesonta @MURI_org @KerjaSeskabRI @is_pelssy @03__nakula @blackshark7890 Kalau berita begini bikin mual wajar tapi kalau makan bergizi gratis jadi keracunan basi belatung dan ada kaca ya memang tidak wajar.,1972681571158413635,,bumihijauserut,in,,0,0,0,https://x.com/undefined/status/1972681571158413635,797735565223284736,
1972673708126028158,2025-09-29 14:43:57+00:00,5,Bupati Banyumas Sadewo Tri Lastiono mengatakan ada ketidakjelasan regulasi soal program Makan Bergizi Gratis (MBG) yang telah berjalan sejak Juni lalu. Ia menuturkan pemerintah kabupaten (pemkab) tidak dilibatkan dalam perencanaan maupun pelaksanaan program tersebut. https://t.co/COTjTiPKGS,1972673708126028158,https://pbs.twimg.com/media/G2BYNE5aMAA-10a.png,,in,,0,2,1,https://x.com/undefined/status/1972673708126028158,797761417894051840,
1972662987405357131,2025-09-29 14:01:21+00:00,0,Moga Biro Pers dan Media Istana (BPMI) lebih menghargai kemerdekaan pers sbgmn amanat UU No 40 tahun 1999 tentang Pers. Moga tidak ada lagi tidakan yang aneh2. Pertanyaan wartawan kepada Presiden itu mewakili harapan publik agar ada evaluasi program Makan Bergizi Gratis (MBG).,1972662987405357131,,,in,,0,0,0,https://x.com/undefined/status/1972662987405357131,127800170,
1972660967269105818,2025-09-29 13:53:19+00:00,0,Gubernur Bengkulu Helmi Hasan meminta masyarakat untuk tidak ragu melaporkan jika menemukan masalah dalam program Makan Bergizi Gratis (MBG).https://t.co/6S0Xuwj7JY,1972660967269105818,,,in,,0,0,0,https://x.com/undefined/status/1972660967269105818,423220305,
1972553450706829408,2025-09-29 12:39:45+00:00,0,@txtdrimedia Kita dibuat lupa bahwa masalah terbesar mbg itu adalah sasarannya yg tidak tepat dari sekian juta penerima mbg berapa persen dari mereka yg sebelum program ini ada makan siang mereka itu tidak bergizi? Ada gak datanya? Klo gk ada yah emang program ngasal,1972642454777278964,,txtdrimedia,in,,0,0,0,https://x.com/undefined/status/1972642454777278964,779572839326199808,
1911648443703124453,2025-09-29 12:14:19+00:00,0,@Srik4ndiMuslim2 @wibisonoys @grok @DamaiHariLubis @ajengcute16__ @Fahrihamzah @rahmasarita @DokterTifa @NarasiNewsroom @SonoraFM92 @Dennysiregar7 @ch_chotimah2 @andre_rosiade @Gerindra @karniilyas @ILCTalkshow @BocorAlusPol @jokowi @realAmienRais @officialinews_ @DediMulyadi71 @xquitavee @ProfylHenuk @PDI_Perjuangan @DianSandiU @tomlembong @GusNurian @NyaiNeneng @NenkMonica @Piyusaja2 @DPR_RI @emhaainunnadjib @fadlizon @CAMERALIVE6849 @KataBewe @KemensetnegRI @KemensosRI @UGMYogyakarta @PDemokrat @BemUgm @BEMUI_Official @BEMUNJ_OFFICIAL @prabowo @bang_dasco @KPAI_official @KomnasPerempuan @MCAOps @kpk Makan Bergizi Gratis seperti ini anak - anak senang sbg rakyat merasa Negara menghargai Mereka. Tidak ada rasa takut saat makan MBG di Manusiakan tidak dipandang Miskin sbg penerima MBG. https://t.co/t1ehayp8Mh,1972636054751699305,,DsSupriyady,in,,0,1,0,https://x.com/undefined/status/1972636054751699305,2926855970,
1983745678141489405,2025-10-31 10:39:29+00:00,0,@ARSIPAJA Ganti aja lah bapak ini..udah payah keliatannya pola pikirnya...hanya makan gratis bergizi aja kok niru India...kita banyak ahli gizi dan pintar pak...contohnsja daerah yg tidak ada keracunannya,1984208599305032020,,ARSIPAJA,in,,0,0,0,https://x.com/undefined/status/1984208599305032020,1796366532685275136,
1984104672295375218,2025-10-31 03:46:31+00:00,0, Saya bawa pulang untuk makan bersama adekku. Ibu di rumah tidak masak karena tidak ada beras Kata Nur Azizah Semoga program Makan Bergizi Gratis ini dapat benar2 membantu keluarga yg membutuhkan https://t.co/9vOfSe69zc,1984104672295375218,https://pbs.twimg.com/media/G4j0npxa8AA9azl.jpg,,in,,0,0,0,https://x.com/undefined/status/1984104672295375218,1383097945596186626,
1984096652899275089,2025-10-31 03:14:39+00:00,3,Presiden @Prabowo menargetkan 82 9 juta penerima manfaat program Makan Bergizi Gratis (MBG). Langkah besar untuk memastikan tidak ada lagi anak Indonesia yang kelaparan di negeri sendiri. https://t.co/bIQpQhMcfR,1984096652899275089,https://pbs.twimg.com/media/G4jtYSHbcAAsiGt.jpg,,in,,0,3,0,https://x.com/undefined/status/1984096652899275089,1604408934525464576,
1984094042515501484,2025-10-31 03:04:17+00:00,45,TIDAK ADA YANG TERSISA DAN SIA-SIA DARI PROGRAM MAKAN BERGIZI PRESIDEN PRABOWO POV : Ketika ada sisa Porsi makanan bergizi gratis yang masih utuh karena ada anak yang absen atau tidak masuk para guru di sekolah memilih untuk membagikanya ke mereka yang membutuhkan Sementara https://t.co/rcJ7shOW2U,1984094042515501484,https://pbs.twimg.com/media/G4jrBDOa8AIJOFJ.jpg,,in,,4,12,19,https://x.com/undefined/status/1984094042515501484,1251824880967774208,
1983101937534021805,2025-10-30 11:38:24+00:00,1,@HumorJonTampan Contoh komen positif. MBG adalah solusi mencerdaskan anak bangsa. Jika terjadi keracunan itu adalah hal wajar.. di mana perusahaan siswa kaget karena selama ini makannya tidak pernah bergizi. Jika ada belatung atau ulat itu bonus terdapat protein dan gizi tinggi pada Belatung .,1983861038522232853,,HumorJonTampan,in,,0,1,0,https://x.com/undefined/status/1983861038522232853,1335964949265334273,
1983377100024492116,2025-10-29 03:35:24+00:00,0,Kepala Badan Gizi Nasional (BGN) menegaskan tidak ada pemotongan anggaran per porsi makan bergizi gratis (MBG). Semua bersifat at cost atau menyesuaikan dengan harga modal tanpa mengambil keuntungan. https://t.co/rCLlpKVxXJ,1983377100024492116,https://pbs.twimg.com/media/G4Ze9EIbIAAtLgJ.jpg,,in,,0,0,0,https://x.com/undefined/status/1983377100024492116,3046442101,
1983376228691464608,2025-10-29 03:31:56+00:00,0,Manajemen anggaran MBG yang transparan dan efisien menjadi bukti komitmen BGN. Dana yang ada sepenuhnya dialokasikan untuk bahan bergizi memastikan tidak ada pemotongan yang merugikan kualitas makanan. https://t.co/V6FU4HGLKJ,1983376228691464608,https://pbs.twimg.com/media/G4ZeKb8bMAAVy8J.jpg,,in,,0,0,0,https://x.com/undefined/status/1983376228691464608,2945468798,
1983370655656796429,2025-10-29 03:09:48+00:00,0,Program Makan Bergizi Gratis (MBG) adalah wujud nyata dari cita-cita besar Presiden Prabowo tidak boleh ada satu pun anak Indonesia yang kelaparan. Negara hadir memastikan setiap anak tumbuh sehat cerdas dan kuat. ️ https://t.co/iNcioCR6oz,1983370655656796429,https://pbs.twimg.com/ext_tw_video_thumb/1983369311617200130/pu/img/9MklWYhL2YYgh9A_.jpg,,in,,0,0,0,https://x.com/undefined/status/1983370655656796429,1721002475837345792,
1983368199380054247,2025-10-29 03:00:02+00:00,0,BGN tegas menjaga kualitas program MBG. Tidak ada kompromi: semua bahan harus segar alami dan bergizi bukan produk pabrikan. Gizi anak-anak Indonesia adalah prioritas utama. https://t.co/YVC85dd2yX,1983368199380054247,https://pbs.twimg.com/media/G4ZUdR2bEAA2XHI.jpg,,in,,0,0,0,https://x.com/undefined/status/1983368199380054247,1939595702528798720,
1983040438585213168,2025-10-28 05:17:38+00:00,0,Makan Bergizi Gratis memastikan tidak ada anak yang kekurangan gizi agar mereka bisa maksimal belajar #PemudaKuatIndonesiaHebat https://t.co/YouMaEjjVH https://t.co/5H0Eb7dzCN,1983040438585213168,https://pbs.twimg.com/media/G4Usw1BasAEb7uI.jpg,,in,,0,0,0,https://x.com/undefined/status/1983040438585213168,1912870180851707904,
1983033863162212612,2025-10-28 05:00:28+00:00,0,@yodisss program Makan Bergizi Gratis atau mbg memastikan tidak ada anak yang belajar dalam keadaan lapar. majulah negeriku #PemudaKuatIndonesiaHebat,1983036117596430413,,yodisss,in,,0,0,0,https://x.com/undefined/status/1983036117596430413,1905944847967715328,
1983033661395255505,2025-10-28 04:50:42+00:00,0,Wah Makan Bergizi Gratis memastikan tidak ada anak yang belajar dalam keadaan lapar. #PemudaKuatIndonesiaHebat https://t.co/6kwDOpC9nD,1983033661395255505,,,in,,0,0,0,https://x.com/undefined/status/1983033661395255505,1894030946976083968,
1995077142074581139,2025-11-30 10:27:12+00:00,0,2. Lanjutkan MBG pak presiden @prabowo 🇲🇨 @KemensetnegRI @setkabgoid ..Apapun kekurangan MBG tidak bisa dikonversikan dgn DUIT. Apa jaminannya DUIT dibelikan makanan bergizi? Mmg tujuannya ngasih makan bukan DUIT ya pak purbaya @KemenkeuRI . Kalo DUIT kan ada BLT! | @Gerindra,1995077142074581139,,,in,,0,0,0,https://x.com/undefined/status/1995077142074581139,218477659,
1994610674170040670,2025-11-29 03:33:37+00:00,0,Fokus utama MBG Prioritas Prabowo: gizi sehat untuk generasi emas. Pemerintah pastikan sistemnya kuat agar tidak ada lagi cerita sedih akibat Korupsi Partai Merah. @Jumianto_RK @JhonSitorus_18 @Anak__Ogi https://t.co/zmqtGp5gTH,1994610674170040670,,,in,,0,0,0,https://x.com/undefined/status/1994610674170040670,1919409624475914241,
1994609892334969127,2025-11-29 03:30:31+00:00,0,Celah penyelewengan ditutup rapat dalam pelaksanaan MBG Prioritas Prabowo supaya tidak ada ruang bagi Korupsi Partai Merah merajalela lewat skema bantuan uang tunai https://t.co/gL10pTIjqz @AirinDatangLagi @PaltiWest @islah_bahrawi,1994609892334969127,,,in,,0,0,0,https://x.com/undefined/status/1994609892334969127,1747422114322247680,
1994335897718825249,2025-11-28 09:21:45+00:00,0,MBG bukan bansos berupa uang tapi Makan Bergizi Gratis dan berita yang beredar akan diganti uang itu hoax karena pemerintah tidak ada rencana mengubah MBG menjadi Transfer uang Kerja Nyata BGN memsuksekan MBG ssmakin terlihat #LanjutkanMBG Keppres Medan Anita Tuku https://t.co/NptwjOxHII,1994335897718825249,https://pbs.twimg.com/media/G61N7hgakAAm8Cs.jpg,,in,,0,0,0,https://x.com/undefined/status/1994335897718825249,1370204321002913798,
1993621561811878350,2025-11-26 10:03:14+00:00,0,Program Makan Bergizi Gratis (MBG) yang dijalankan Satuan Pelayanan Pemenuhan Gizi (SPPG) di wilayah Kecamatan Jati Kabupaten Kudus menjadi sorotan setelah menu yang dibagikan kepada balita pada 21/11/2025 dinilai kurang tepat. https://t.co/qO2TGeUfOx,1993621561811878350,,,in,,0,0,0,https://x.com/undefined/status/1993621561811878350,930499079875866624,
1992735863261020521,2025-11-24 22:54:54+00:00,0,@CintaAura172830 Hebat itu kalau tidak ada keracunan dlm pelaksanaan program MBG. Bagaimana bisa bergizi kalau pada keracunan ? ,1993090982720741788,,CintaAura172830,in,,0,14,0,https://x.com/undefined/status/1993090982720741788,938664737369341952,
1991881666252673100,2025-11-23 01:03:22+00:00,0,@mantumamahmuu @FadilSumartoyo @awesomeposted Sebenarnya Dapur MBG adalah bagian dari Program Makan Bergizi Gratis pemerintah Indonesia dikelola oleh negara dengan dana APBN. Jadi secara tidak langsung milik rakyat melalui pajak. Program ini untuk anak-anak dan ibu hamil sudah ada ribuan dapur beroperasi sejak 2025.,1992398536986743051,,mantumamahmuu,in,,0,0,0,https://x.com/undefined/status/1992398536986743051,1720665183188922368,
1892124139789389830,2025-12-30 04:24:29+00:00,4,@prabowo @OmbudsmanRI137 @DPR_RI @BPOM_RI @komnas_anak @DPDRI @bpkri @KemenkesRI @BPKN_RI @riekediahp @cakimiNOW @KPAI_official @KPK_RI @Abe_Mukti @Kemdikdasmen @KejaksaanRI @kpp_pa @setkabgoid @KemensetnegRI @KemenkeuRI @idai_tweets @MBG_Watch #MBG (((RAPEL))) buat balita seperti ini? bahkan TIDAK ADA 1 PUN produk susu yang kandungan susu aslinya 50%. +Balita dikasih kacang goreng?! Ini makanan bergizi apa?! APBN lho ini .@OmbudsmanRI137 .@MBG_Watch .@BPOM_RI .@DPR_RI https://t.co/vTFMAkX7Ha,2005857497765036043,https://pbs.twimg.com/media/G9Y8wM7bMAACz5J.jpg,shintaeffendi,in,,1,1,1,https://x.com/undefined/status/2005857497765036043,46523425,
2005220806792806891,2025-12-29 17:05:12+00:00,0,@VIRGO1409271346 Kasihan generasi Indonesia bukannya kita tidak bersyukur sekolah kasih makan gratis tapi makan gratis ya yg bener bener bergizi bukan makan an yg ada belatungnya sepertinya lebih bergizi makanan ,2005686552035500445,,VIRGO1409271346,in,,0,0,0,https://x.com/undefined/status/2005686552035500445,1883549330013081600,
2005654091016667559,2025-12-29 14:56:13+00:00,0,Rp60 triliun disiapkan untuk penanganan bencana di Sumatra dan Menteri Keuangan menegaskan tidak ada relokasi anggaran MBG! Ini adalah Kerja Nyata yang menjamin program makan bergizi gratis tetap berjalan tanpa gangguan. #LanjutkanMBG Senin #JOSHUA #今年イチバン聴いた歌 #sstvi https://t.co/SlckRw8sQ7,2005654091016667559,https://pbs.twimg.com/media/G9WDwT8a8AAUtS5.jpg,,in,,0,0,0,https://x.com/undefined/status/2005654091016667559,1737425294896848897,
2005442816873202157,2025-12-29 00:56:41+00:00,0,Tidak ada relokasi anggaran termasuk memindahkan anggaran program makan bergizi gratis (MBG) untuk penanggulangan bencana. #Ekonomi #AdadiKompas https://t.co/j4K5GARf6L,2005442816873202157,,,in,,0,0,0,https://x.com/undefined/status/2005442816873202157,155456716,
2005209638103400493,2025-12-28 23:41:07+00:00,20,@stardust8695 @baseconvo Makanan yang katanya bergizi. Tapi tidak bergizi. Dan mereka senang . Ada daerah yg mbg nya beneran bergizi dan terlihat enak.. beruntung bgt mereka dapet dapur yg amanah,2005423801010622792,,,in,,0,0,1,https://x.com/undefined/status/2005423801010622792,163127323,
2005059587985342857,2025-12-28 00:15:38+00:00,0,yang seharusnya bersyukur karena dapat cuan dari proyek mbg walaupun menu yg mereka sajikan jauh dari kata bergizi. Ada buah semangka yg diiris sangat tipis setipis iphone terbaru. Mbg sesungguhnya juga tidak gratis karena dibayar menggunakan apbn = pajak rakyat. Anak2 gratis https://t.co/jJubFOnsKM,2005070096826601807,https://pbs.twimg.com/media/G9NwoAHbgAUXWs_.jpg,lucimaya123,in,,0,2,0,https://x.com/undefined/status/2005070096826601807,3032152165,
2004760804911198479,2025-12-27 03:46:44+00:00,2,Itu cuma diliburkan7 hari lho ya... Bagaimana kalau tidak ada program makan bergizi gratis?,2004760834028044522,,bangherwin,in,,0,0,2,https://x.com/undefined/status/2004760834028044522,1267940786991099905,
2004188026231312836,2025-12-26 16:53:55+00:00,0,@MafiaWasit Lihat kenyataan nya Bu dilapangan seperti itu menu MBG selama liburan sekolah tidak ada yg bergizi Bu.....ya Allah sampai segitu nya Bu ingat azab bu,2004596550123856082,,MafiaWasit,in,,0,0,0,https://x.com/undefined/status/2004596550123856082,1735787582955589632,
2004078615882084407,2025-12-26 11:22:40+00:00,0,@aRi4_07 cuman anehnya ajah sibuk ngurusin ijazah jokowi berjilid jilid tidak ada habis habisnya. oh iyah Tingkat kepuasan publik cukup tinggi (survei Poltracking) dinilai tegas program makan bergizi sukses apakah kmu setuju ?,2004513186951942515,,aRi4_07,in,,0,0,0,https://x.com/undefined/status/2004513186951942515,1932374327082762240,
2004495398401130496,2025-12-26 10:11:59+00:00,0,Menteri Keuangan Purbaya Yudhi Sadewa menegaskan anggaran penanggulangan bencana di Aceh Sumatra Utara dan Sumatra Barat sudah mencukupi. Ia memastikan tidak ada kebutuhan untuk mengalihkan anggaran dari program Makan Bergizi Gratis atau MBG. Pernyataan tersebut disampaikan https://t.co/6tC1Wzl4oE,2004495398401130496,https://pbs.twimg.com/media/G9Fl5MYaoAAvmgr.jpg,,in,,0,0,0,https://x.com/undefined/status/2004495398401130496,48359478,
2004450661598220292,2025-12-26 07:14:13+00:00,0,Dewan Pakar Badan Gizi Nasional (BGN) mengatakan siswa yang mengeluhkan ada belatung di menu Makan Bergizi Gratis (MBG) kurang bersyukur. Takjub betul aku sama logika orang-orang ini. Ini bukan soal bersyukur atau tidak tapi apakah negara benar-benar serius menjalankan program,2004450661598220292,,,in,,0,0,1,https://x.com/undefined/status/2004450661598220292,1095195818926034944,
2004359899430658144,2025-12-26 01:13:33+00:00,0,Menteri Keuangan Purbaya Yudhi Sadewa menegaskan bahwa anggaran untuk penanggulangan dan pemulihan pascabencana banjir bandang serta longsor di wilayah Sumatera telah mencukupi. Pemerintah memastikan tidak ada pengalihan dana dari Program Makan Bergizi Gratis (MBG). Pernyataan https://t.co/oWh7CKolwm,2004359899430658144,https://pbs.twimg.com/media/G9DqstAbYAAaghd.jpg,,in,,0,0,0,https://x.com/undefined/status/2004359899430658144,502140136,
2004355039960486036,2025-12-26 00:54:15+00:00,0,MBG SAAT LIBUR DAN RISIKO KEBIJAKAN TANPA PRIORITAS Keputusan melanjutkan program Makan Bergizi Gratis saat hari libur menunjukkan kecenderungan negara menerapkan kebijakan seragam tanpa sensitivitas operasional. Ketika sekolah tutup mekanisme kontrol utama hilang. Tidak ada,2004355039960486036,,,in,,0,0,0,https://x.com/undefined/status/2004355039960486036,1719885887662874624,
2004222466571620470,2025-12-25 16:07:27+00:00,0,Dana bencana &amp; MBG terpisah bukan satu anggaran! Lewat Kerja Nyata kita bisa bantu sosialisasikan info resmi Kemenkeu agar tidak ada kesalahpahaman. Anak-anak tetap dapat makan bergizi korban bencana jg ditangani dgn baik. #LanjutkanMBG NCT Wish Paes Natal #MerryChristmas2025 https://t.co/l1LvRHdpbO,2004222466571620470,https://pbs.twimg.com/media/G9BttC5aQAAS-fR.jpg,,in,,0,0,0,https://x.com/undefined/status/2004222466571620470,1737425294896848897,
2004001648415248641,2025-12-25 13:14:00+00:00,0,@detikcom Artinya ibuk ini menganggap anak²selama ini tak bergizi program MBG sangat bagus tapi jangan ngotot disaat libur dipaksakan krn tidak ada yg mengambil mbg sekolah pada tutup yg ada cuma penjaga sekolah di sekolah saat libur sekolah,2004178816546361395,,detikcom,in,,0,0,0,https://x.com/undefined/status/2004178816546361395,1858076450039169024,
1883053369729929422,2025-01-25 08:53:27+00:00,2,@OposisiCerdas Di pelosok Jawa juga rakyat miskin kadang makan serangga smcm belalang. Tapi itu juga keknya terpaksa drpd gak ada. Masa Makan Bergizi mau niru2 orang miskin di pedesaan. Drpd jadi bahan tertawaan lebih baik tidak sama sekali.,1883075701081067981,,OposisiCerdas,in,,0,0,0,https://x.com/undefined/status/1883075701081067981,1555488754089197568,
1881977601486422477,2025-01-22 16:10:06+00:00,156,@tempodotco Makan Bergizi Gratis Ditangani Vendor Besar Bermodal Kuat. Tidak ada dana beredar di desa Rp.8 Milyar karena MBG. Semua perputaran uang nya ditangan vendor besar milik swasta.,1882098424943899019,,tempodotco,in,,0,0,11,https://x.com/undefined/status/1882098424943899019,268687443,
1881222799970414664,2025-01-20 06:10:41+00:00,0,Presiden Prabowo Subianto meminta maaf terkait implementasi program makan bergizi gratis bagi anak-anak Indonesia. Prabowo mengakui distribusi makanan bergizi ke seluruh pelosok Indonesia membutuhkan waktu dan proses administratif yang tidak mudah. Selengkapnya https://t.co/UOG0TQlx0c,1881222799970414664,https://pbs.twimg.com/ext_tw_video_thumb/1881222569703174144/pu/img/TEU0znb6rDntnLIB.jpg,,in,,0,0,0,https://x.com/undefined/status/1881222799970414664,552523769,
1881000422086967802,2025-01-19 15:27:03+00:00,0,kemudian diawasi ketat penerimaan subsidi makan siang bergizi ini mungkin alurnya lewat desa kemudian RT baru ke keluarga diperiksa sekolah. Bagi saya keluarga prioritas subsidi ini adlh yg tidak mampu u/ keluarga asn polri tni dsb atau keluarga tdk mampu tdk perlu subsidi,1881000425048207712,,zeninemode,in,,0,1,0,https://x.com/undefined/status/1881000425048207712,1736445369666691072,
1880230407922413744,2025-01-17 17:56:04+00:00,0,@GunRomli @KPAI_official Wkwkwkwkwk. Selamatin hasto aja dulu. Makan siang bergizi udah jalan. Tinggal mereka2 yg ga bersyukur aja yg tidak terima makan siang bergizi. Mungkin kl pdip yg menang makan siang bergizi ente dukung. Biar kebagian ketringan wkwkwwkwk. Politik memang menyakitkan.,1880313150219907583,,GunRomli,in,,0,0,0,https://x.com/undefined/status/1880313150219907583,1660929299166433280,
1880089473532453228,2025-01-17 03:07:18+00:00,0,Kenapa disaat susah dana Ummat dijadikan solusi sedangkan saat Negara sedang banyak duit ummat tidak kebagian apa². |MUI: Zakat Tidak Bisa Digunakan untuk Biayai Program Makan Bergizi Gratis https://t.co/qiuUpzITfZ,1880089486052454487,,Dogelkarya76_82,in,,0,1,0,https://x.com/undefined/status/1880089486052454487,1689127825440493568,
1879916202912596264,2025-01-16 15:38:44+00:00,0,Ini nanti step nya APBN lalu jadi patungan APBN + APBD lalu jadi APBD + Iuran wali murid setiap sekolah. Jadi tidak gratis lagi. Program makan bergizi gratis se-Indonesia setiap hari sampai tingkat pelosok harus itu equal. APBN dan APBD tidak sanggup akhirnya.,1879916202912596264,,,in,,0,0,0,https://x.com/undefined/status/1879916202912596264,436516291,
1879637690506997793,2025-01-15 21:12:02+00:00,0,seharusnya program makan gratis dari presiden itu lebih baik di kasih ke sekolah yg di pelosok/org yg miskin aja. banyak warga kota yg tidak bersyukur setelah dapat makanan gratis yang bergizi itu. warga papua sangat berterimakasih dengan program tsb.,1879637690506997793,,,in,,0,1,0,https://x.com/undefined/status/1879637690506997793,1543555559026069504,
1877935970328481957,2025-01-11 04:30:00+00:00,0,Bulan Ramadhan dan libur sekolah memang masih beberapa bulan lagi tetapi persiapan program Makan Bergizi Gratis (MBG) untuk menyambut dua momen ini tidak bisa dianggap remeh. #Headline https://t.co/d2EfYGR834,1877935970328481957,,,in,,0,0,0,https://x.com/undefined/status/1877935970328481957,23786106,
1877621372421390630,2025-01-10 08:05:43+00:00,0,@SyakilaKeyy Kini tidak ada lagi yang terabaikan. Program Makan Bergizi Gratis hadir di seluruh pelosok Indonesia. Untuk Anak kita,1877627871969337523,,SyakilaKeyy,in,,0,0,0,https://x.com/undefined/status/1877627871969337523,1646058194748456960,
1877167396537930055,2025-01-09 01:55:19+00:00,0,@gitasulastriii Wujudkan Mimpi Kita Makan Bergizi Gratis tidak hanya bermanfaat untuk kesehatan tetapi juga menggerakkan roda ekonomi desa.,1877172267295146014,,yuta_yutta,in,,0,0,0,https://x.com/undefined/status/1877172267295146014,1542331789318180864,
1876528692043919799,2025-01-08 18:22:56+00:00,0,@PaltiWest2024 Makan Bergizi Gratis harusnya diutamakan di pelosok daerah bukan di daerah besar. Dan harusnya pengelolaan makan bergizi gratis ini di berikan kepada kantin2 sekolah dgn catatan sekolah tidak memungut upeti. Bkn malah diberikan kepada vendor diluar sekolah.,1877058421536505947,,PaltiWest,in,,0,0,0,https://x.com/undefined/status/1877058421536505947,117139910,
1876969563855720499,2025-01-08 12:29:51+00:00,0,MBG atau Makan Bergizi Gratis menimbulkan kesenjangan Sosial baru sudah barang tentu bukan hanya adik2 kita di Papua ini yang tidak kebagian jatah MBG tapi juga banyak sekali sekolah2 yang tidak mendapatkan nya jangan bahas keadilan sosial bagi seluruh rakyat Indonesia ya! https://t.co/DAT5kG78YC,1876969563855720499,https://pbs.twimg.com/media/GgxV3wvbwAAIzuT.jpg,,in,,0,0,0,https://x.com/undefined/status/1876969563855720499,720074714173943808,
1876191985767198918,2025-01-07 04:50:39+00:00,0,@detikcom Banyak anak2 yang tidak makan pagi dan siang mereka lebih pilih jajan drpd makan nasi. Kebiasaan yang harus diubah dan Makan Bergizi ini salah satu proses membuat kebiasaan baru. Semoga bukan untuk anak2 di perkotaan saja di kampung2 dan pelosok lebih membutuhkan,1876491615814164888,,detikcom,in,,0,0,0,https://x.com/undefined/status/1876491615814164888,1439161041045184512,
1876244223965753503,2025-01-06 12:37:34+00:00,0,Budiman Sudjatmiko: Program MBG yang digelar serentak di berbagai daerah mulai hari Senin 6 Januari 2025 bukan cuma tentang makan tetapi juga menghidupkan ekonomi lokal desa dan kampung #makanbergizigratis https://t.co/YyRimuQnRK,1876246732931207497,,txtangkringan,in,,0,1,0,https://x.com/undefined/status/1876246732931207497,1489658156989190144,
1902270173274653144,2025-03-19 08:05:26+00:00,2, Pak karena gagasan makan bergizi harga saham indeks turun. Saya bilang aja kasih tahu ya saya nggak punya saham rakyat di desa-desa juga tidak punya saham. Kalau saham jatuh iya pemain bursa itu (yang terdampak) kata Prabowo https://t.co/Vu7DI8h6zb,1902270173274653144,https://pbs.twimg.com/media/GmY4pEIa8AIEcmH.jpg,,in,,0,1,1,https://x.com/undefined/status/1902270173274653144,515259465,
1902239383996293251,2025-03-19 06:03:05+00:00,15, Ada ancaman ke ekonomi 'Pak karena gagasan makan bergizi harga saham indeks turun.' Saya bilang aja 'kasih tahu ya saya nggak punya saham rakyat di desa-desa juga tidak punya saham. Kalau saham jatuh iya pemain bursa itu (yang terdampak)' kata Prabowo dalam pidatonya kala,1902239383996293251,,,in,,0,1,3,https://x.com/undefined/status/1902239383996293251,176586074,
1901955380919533846,2025-03-18 15:55:22+00:00,0,@yudhakhel Ada ancaman ke ekonomi 'Pak karena gagasan makan bergizi harga saham indeks turun.' Saya bilang aja kasih tahu ya saya nggak punya saham rakyat di desa-desa juga tidak punya saham. Kalau saham jatuh iya pemain bursa itu (yang terdampak) ,1902026048516317572,,yudhakhel,in,,0,0,0,https://x.com/undefined/status/1902026048516317572,312345544,
1915239286376485189,2025-04-24 03:00:03+00:00,9843,Kritik = nyinyir? 8 April 2025: Prabowo: Kita Tidak Antikritik Malah Suka Kritik 23 April 2025: Prabowo Singgung Ada Profesor Nyinyir Program Makan Bergizi-Koperasi Desa https://t.co/gOAydjEpMI,1915239286376485189,https://pbs.twimg.com/media/GpRLi9rbYAEMtM3.jpg,,in,,173,193,3557,https://x.com/undefined/status/1915239286376485189,2993008392,
1908831275944939707,2025-04-06 12:49:37+00:00,38,@BosPurwa Percaya pada rezim Prabowo Gibran nilai tukar ini akal-akalan antek asing dan anak Abah. Lagipula orang desa tidak butuh dollar yang paling penting Makan Bergizi Gratis tetap dijalankan! Hidup Jokowi! ,1908864670456504539,,BosPurwa,in,,9,33,5,https://x.com/undefined/status/1908864670456504539,1611933612,
1923354711694205207,2025-05-17 00:14:40+00:00,30,@BruhGusGus @zanatul_91 Sekolah rakyat--&gt; mestinya memaksimalkan sekolah yang ada saja sekolah negeri sudah banyak dan sebagian kekurangan murid. Makan bergizi gratis--&gt; kenapa tidak subsidi misalnya kacang hijau ato telor ayam saja makanan sudah merakyat dan menjangkau seluruh pelosok negeri.,1923532583570407506,,BruhGusGus,in,,0,1,0,https://x.com/undefined/status/1923532583570407506,2699914820,
1923226907312783795,2025-05-16 04:00:01+00:00,13,Tidak Ada Matahari Kembar dalam Pemerintahan Demokrat Tegaskan Presiden Prabowo Berdaulat dan Mandiri Makan bergizi gratis sekolah rakyat. Melengkapi seluruh fasilitas rumah sakit membangun institusi koperasi di setiap desa hilirisasi. Artinya kalau melihat program-program https://t.co/9k6XwOXWWV,1923226907312783795,https://pbs.twimg.com/media/Gq-bpeZaAAIgDBl.jpg,,in,,0,1,6,https://x.com/undefined/status/1923226907312783795,248199104,
1920357520566010021,2025-05-08 05:58:06+00:00,2,LAST CALL. Tanggal 8. Silahkan yg mau nambahin utk adek² sarapan di -BeBaS- #BerkahBerbagi sarapan. Bantuanmu sangat berarti bagi murid² sekolah pelosok yg tidak tersentuh hingar bingar program MBG Makan Bergizi Gratis Presiden. Aku tunggu di DM. Terimakasih semuanya https://t.co/WngScCDXLO,1920357520566010021,https://pbs.twimg.com/media/GqZ6-eDWkAACyxl.jpg,,in,,0,1,1,https://x.com/undefined/status/1920357520566010021,143756229,
1935900412839968872,2025-06-20 11:05:17+00:00,3,@txtdrimedia Uangnya sudah habis kale ya... makanya dari awal gue tidak setuju kenapa tidak pendidikan dasar dan menengah benar2 Gratis. Sementara yg stanting kan sudah ada pemetaannya.... itulah yg diberikan makanan bergizi.. kan kasian sekolah2 Madrasah tidak kebagian program MBG.,1936017503890948129,,txtdrimedia,in,,0,0,0,https://x.com/undefined/status/1936017503890948129,1694699442849599490,
1929766683419595084,2025-06-03 05:06:45+00:00,1,Program makan bergizi gratis hadir hingga pelosok negeri diharapkn tidak ada lagi anak yg ketinggalan dalam mendapatkan makanan bergizi gizi merata untuk meningkatkan kualitas pendidikan anak seluruh Indonesia. Lanjutkan MBG #MBGuntukIndonesiaHebat . Audinna Selasa Siang SOLID https://t.co/ZbFBbM7UHV,1929766683419595084,https://pbs.twimg.com/media/Gsfoj0pb0AIwRFa.jpg,,in,,0,0,0,https://x.com/undefined/status/1929766683419595084,1307860511317352450,
1948669552428261764,2025-07-25 15:55:29+00:00,0,@rizal_septyan @tempodotco Pemerintah tidak diam. Pada Juli 2025 luncurkan 3 program prioritas: Sekolah Rakyat (pendidikan gratis berasrama untuk anak miskin ekstrem) cek kesehatan gratis di sekolah dan pemberdayaan sosial ekonomi. Juga program makan bergizi gratis koperasi desa hilirisasi cipta,1948774112761205131,,rizal_septyan,in,,0,0,0,https://x.com/undefined/status/1948774112761205131,1720665183188922368,
1961056787194658870,2025-08-28 13:22:27+00:00,1,🇮🇩 Makan Bergizi Gratis Investasi untuk Generasi Emas Bangsa Presiden RI Prabowo Subianto menegaskan bahwa efisiensi APBN tidak berarti pemotongan dana transfer daerah. Efisiensi justru dialokasikan kembali ke kabupaten/desa lewat program nyata seperti Revitalisasi Sekolah. https://t.co/oEbgDNCHQX,1961056787194658870,https://pbs.twimg.com/ext_tw_video_thumb/1961056531740610560/pu/img/yejRlKXxmzJ5lYy8.jpg,,in,,0,0,0,https://x.com/undefined/status/1961056787194658870,2916147380,
1957582230639030639,2025-08-18 23:15:48+00:00,0,Tapi 44% untuk makan bergizi gratis dan tahun lalu rezim Jokowi kalau tidak salah 56% dari anggaran pendidikan dialihkan jadi dana desa.,1957582230639030639,,,in,,0,0,0,https://x.com/undefined/status/1957582230639030639,1456628197081038848,
1956597422332989613,2025-08-16 06:02:31+00:00,0,Program Makan Bergizi Gratis di Papua tidak hanya atasi stunting dan penuhi gizi anak tetapi juga gerakkan ekonomi lokal. Dengan memanfaatkan hasil bumi lokal program ini memberdayakan petani dan masyarakat adat. Shg perekonomian desa terus berjalan. #MBGPapua #EkonomiLokal https://t.co/OGEPWYPZHr,1956597422332989613,https://pbs.twimg.com/media/Gyc6-1kawAAv3jk.jpg,,in,,0,0,0,https://x.com/undefined/status/1956597422332989613,1609812785357287425,
1956513893549039654,2025-08-16 00:30:38+00:00,0,Program Makan Bergizi Gratis sudah menjangkau jutaan siswa di seluruh Indonesia yang tidak hanya menekan angka stunting tapi juga menambah daya beli masyarakat desa yang menjadi bagian dari misi EKONOMI DESA MAJU #PemerataanPembangunanIndonesia,1956513899546812919,,HarsantoSi86406,in,,0,1,0,https://x.com/undefined/status/1956513899546812919,1820341598380773376,
1954877774893920599,2025-08-11 12:09:16+00:00,17,Dari Desa untuk Gizi Bangsa BUMDes Bumi Pacellekang Sejahtera tidak hanya melakukan ternak lobster air tawar saja lho tapi juga jadi bagian dari program Makan Bergizi Gratis (MBG) https://t.co/SXToH5PjYG,1954877774893920599,https://pbs.twimg.com/media/GyEe-D-bkAAkytn.jpg,,in,,0,2,13,https://x.com/undefined/status/1954877774893920599,3428550827,
1953386139311566997,2025-08-07 11:23:26+00:00,0,@fakeclones @papaveroideae_ @prabowo Tidak klaim itu tidak didukung data. Menurut BPS tingkat kemiskinan turun ke 8 47% pada Maret 2025 (terendah 20 tahun) dari 8 57% September 2024. Kebijakan Prabowo seperti makan bergizi gratis dan koperasi desa malah mengurangi kemiskinan ekstrem menjadi 0 85%. Sumber: BPS ,1953416690773209381,,fakeclones,in,,0,1,0,https://x.com/undefined/status/1953416690773209381,1720665183188922368,
1970425085719871861,2025-09-23 09:48:43+00:00,42,235 siswa-siswi mengalami keracunan akibat mengkonsumsi menu Makan Bergizi Gratis (MBG) di Desa Cijambu Kec. Cipongkor Kab. Bandung Barat. Mustinya MBG dihentikan dulu sejak bermunculan kasus keracunan tidak pernah ada siapa tersangkanya. https://t.co/bVWcZZh362,1970425085719871861,https://pbs.twimg.com/ext_tw_video_thumb/1970425012671913990/pu/img/EqvSObg0hVrT5rhk.jpg,,in,,2,4,21,https://x.com/undefined/status/1970425085719871861,903306838552092672,
1983162789209485758,2025-10-28 13:23:49+00:00,0,Program Makan Bergizi Gratis (MBG) tidak hanya memberi manfaat bagi penerima tapi juga membawa berkah ekonomi bagi petani lokal. Salah satunya dirasakan Arif Hermawan (25) warga Desa Curah Petung Kecamatan Kedungjajang Lumajang.,1983162791440847124,,Gerindra,in,,0,1,0,https://x.com/undefined/status/1983162791440847124,397673651,
1980564738355675623,2025-10-21 09:20:05+00:00,0,tidak hanya di kota² tetapi desa-desa di pegunungan Papua hingga pelosok Nusa Tenggara Makan Bergizi Gratis telah menjadi bukti nyata kehadiran negara untuk anak-anak bangsa #DariMBGUntukIndonesiaHebat https://t.co/FQGqCkx5mP https://t.co/I30S2YThOr,1980564738355675623,https://pbs.twimg.com/media/G3xhIfxWAAA_o3E.jpg,,in,,0,0,0,https://x.com/undefined/status/1980564738355675623,1905093864505184256,
1980134380937806163,2025-10-20 04:50:00+00:00,0,program makan bergizi untuk anak-anak sekolah jalan yang dihubungkan dari desa ke desa untuk setiap langkah adalah wujud kepedulian dan tanggung jawab untuk memastikan Papua tidak tertinggal. #TerimakasihPresidenuntukPapua https://t.co/03jdnRZG4M,1980134380937806163,https://pbs.twimg.com/media/G3rYpmyWUAA_AB5.jpg,,in,,0,0,0,https://x.com/undefined/status/1980134380937806163,1949075003192033280,
1979850746872176956,2025-10-19 10:02:56+00:00,0,Program Makan Bergizi Gratis sangat membantu tidak hanya anak² kota tetapi anak² pelosok pun merasakannya mari tetap dukung program MBG ini untuk generasi bangsa #MembangunBangsaDariMBG https://t.co/sLipj9hNF2 https://t.co/shCTVe1xlE,1979850746872176956,https://pbs.twimg.com/media/G3nXwwnW8AAEJLA.jpg,,in,,0,0,0,https://x.com/undefined/status/1979850746872176956,1969417836574752772,
1979835130693972068,2025-10-19 09:00:53+00:00,0,program Makan Bergizi Gratis tidak hanya sebuah kebijakan tapi juga untuk memperhatikan tumbuh kembang penerus bangsa agar mereka bisa menjadi generasi emas untuk Indonesia #MembangunBangsaDariMBG https://t.co/Fl4oLmBLMO https://t.co/b7Tq6a3ypV,1979835130693972068,https://pbs.twimg.com/media/G3nJjyEXIAAOpkx.jpg,,in,,0,0,0,https://x.com/undefined/status/1979835130693972068,1966789091737169921,
1979832976772104531,2025-10-19 08:52:19+00:00,0,program makan bergizi gratis tidak hanya memberi makanan tapi juga membuka peluang kerja menggerakkan ekonomi lokal dan memastikan gizi terbaik untuk seluruh anak indonesia. #MembangunBangsaDariMBG https://t.co/DiK0kB5P9h https://t.co/oZu9mAYbim,1979832976772104531,https://pbs.twimg.com/media/G3nHmYQX0AAxDz1.jpg,,in,,0,0,0,https://x.com/undefined/status/1979832976772104531,1892122622558928896,
1979762553116065937,2025-10-19 04:12:29+00:00,0,Bukti cinta Prabowo untuk Papua? Pembangunan merata sampai ke ujung timur negeri! Dari jalan penghubung desa terpencil sampai program makan bergizi gratis untuk anak sekolah. Setiap langkah memastikan Papua tidak tertinggal. ​#PrabowoutkPapua https://t.co/Zlk8Af5cvz,1979762553116065937,https://pbs.twimg.com/media/G3mHixdXQAAoQHo.jpg,,in,,0,0,0,https://x.com/undefined/status/1979762553116065937,1804123047714312192,
1975419146902102022,2025-10-12 13:05:49+00:00,2,@IrawanRommi Itulah..Dr kecil diberi mknan instan dgn pengawet Pemerintah ingin mberikan mkanan sehat yg bergizi eh kaum bangke tsb ada saja yg menentang tp anak cucunya sdr sngt menikmati MBG Pun klo ada anak2 desa kelaparan mrk TIDAK MEMBANTU MEMBERI MAKAN..Itulah kaum busuk hati sedunia!,1977360055814013038,,IrawanRommi,in,,0,1,0,https://x.com/undefined/status/1977360055814013038,1660654948244234249,
1975401809415217253,2025-10-07 03:24:27+00:00,0,Puluhan siswa SD Negeri Teluk 2 Desa Teluk Kec. Labuan Kab. Pandeglang Banten memilih tidak menyantap hidangan yg disediakan dalam program makan bergizi gratis (MBG). Para siswa mengaku khawatir dengan menu yg disajikan &amp; takut mengalami keracunan makanan. Senin 6/10/2025 https://t.co/SL8cJc42wt,1975401809415217253,https://pbs.twimg.com/media/G2oJGOzacAIFGwK.png,,in,,0,0,0,https://x.com/undefined/status/1975401809415217253,53713023,
1975025167672975504,2025-10-06 02:27:48+00:00,63,Program Makan Bergizi Gratis (MBG) tidak hanya hadir untuk memenuhi kebutuhan gizi anak sekolah ibu hamil ibu menyusui dan masyarakat rentan. Lebih dari itu MBG juga memberdayakan UMKM serta koperasi desa sebagai penyedia pangan bergizi. Sc : @bakom.ri https://t.co/hRzEOTwaaC,1975025167672975504,https://pbs.twimg.com/amplify_video_thumb/1975025095057055744/img/RzCjjldHzdnLKdz6.jpg,,in,,0,5,0,https://x.com/undefined/status/1975025167672975504,1512594544805638146,
1974058171233980547,2025-10-03 10:25:18+00:00,0,Sehat² ya kak untuk bisa memberi MBG gratis dan tentunya bergizi untuk anak Indonesia Program pak Prabowo memberi efek yang sangat membantu khususnya untuk sekolah pelosok negeri yang biasa nya tidak bisa makan makanan bergizi.. Terbantu dengan ada nya MBG🇮🇩 https://t.co/X8P5K6RiBZ,1974058171233980547,https://pbs.twimg.com/ext_tw_video_thumb/1974057872398168065/pu/img/QitrvDf1VNnfh-Kr.jpg,,in,,0,0,0,https://x.com/undefined/status/1974058171233980547,298571115,
1974053324799590518,2025-10-03 10:06:03+00:00,0,Makanan Bergizi Gratis (MBG) yang ditujukan bagi siswa SMPIT Khoiru Ummah (KU) di Desa Teladan Kec. Curup Selatan Kab. Rejang Lebong Bengkulu mengalami kendala pada pelaksanaannya Jumat (3/10/2025). Salah satu makanan dalam menu MBG itu diduga basi atau tidak layak konsumsi. https://t.co/jdH3ZURajT,1974053324799590518,https://pbs.twimg.com/media/G2U-uNca0AAGgnL.png,,in,,0,0,0,https://x.com/undefined/status/1974053324799590518,53713023,
1973902065060413775,2025-10-03 00:05:00+00:00,0,Viral petugas mencuci food tray atau ompreng program Makan Bergizi Gratis (MBG) dengan cara tidak higienis! Jal ini terjadi di Desa Citatah Cipatat Bandung Barat Jawa Barat. Saat ini aktivitas Satuan Pelayanan Pemenuhan Gizi (SPPG) di daerah tersebut telah disetop https://t.co/Kc3VHsdbOy,1973902065060413775,https://pbs.twimg.com/amplify_video_thumb/1973900677698166784/img/8HiwDHpv7ZgHmPFV.jpg,,in,,3,0,1,https://x.com/undefined/status/1973902065060413775,786549338818224128,
1994287906102686127,2025-11-28 06:11:03+00:00,0,Luar biasa! Walau distribusi MBG ke sekolah terhalang banjir paketnya tidak sia-sia. Dialihkan ke warga terdampak di desa terisolir. Ini menunjukkan paket Makan Bergizi tak hanya untuk rutin sekolah tapi juga fleksibel jadi bantuan kemanusiaan saat darurat. https://t.co/VvJ6fiKRyO,1994287906102686127,https://pbs.twimg.com/media/G60iRutbcAAlZCM.jpg,,in,,0,0,0,https://x.com/undefined/status/1994287906102686127,1985792226409267200,
1991001625532706850,2025-11-19 04:32:33+00:00,0,peningkatan signifikan setelah adanya kebutuhan pasokan untuk mendukung Program Makanan Bergizi (MBG). Kenaikan ini tidak hanya terlihat pada jumlah produksi para perajin tempe lokal tetapi juga berdampak pada meningkatnya aktivitas distribusi di tingkat kecamatan hingga desa. https://t.co/TSxNSXP4kc,1991001625532706850,https://pbs.twimg.com/media/G6F1afjbMAAwt0M.jpg,,in,,0,0,0,https://x.com/undefined/status/1991001625532706850,1418995961905385472,
1990741240984572278,2025-11-18 11:17:52+00:00,0,MBG ada kata bergizi tapi mau diabaikan jadi mereka hanya berbicara soal makan yg penting ada. Gratis untuk rakyat taoi tidak bagi anggota dewan yg kebagian cuan.,1990741240984572278,,,in,,0,0,0,https://x.com/undefined/status/1990741240984572278,283795705,
1989863991905255439,2025-11-17 00:57:11+00:00,0,@Tatisekowati1 @txtdrimedia Program Makan Bergizi Gratis (MBG) sedang digulirkan secara bertahap oleh pemerintah mulai dari daerah prioritas seperti pelosok untuk memastikan distribusi merata. Tidak semua sekolah termasuk di pinggiran Jakarta sudah menerima alokasi penuh karena proses verifikasi dan,1990222650724241893,,Tatisekowati1,in,,0,0,0,https://x.com/undefined/status/1990222650724241893,1720665183188922368,
1989702108770087003,2025-11-15 14:28:44+00:00,0,Tidak ada yang menghalangi misi gizi untuk anak Indonesia! MBG terus bergerak hingga pelosok Nusantara memastikan pangan bergizi tetap sampai meski harus menyeberangi laut. Itu baru Kerja Nyata untuk masa depan bangsa. #LanjutkanMBG Malming Boiyen SPPG Polri Kulkas #GUINZLY https://t.co/XZJgaKLijt,1989702108770087003,https://pbs.twimg.com/media/G5zXhaDbkAYg81w.jpg,,in,,0,0,0,https://x.com/undefined/status/1989702108770087003,1469643318795530247,
1985863703838015893,2025-11-05 00:16:17+00:00,1,Kerja Nyata Program Makan Bergizi Gratis tidak hanya menjadi solusi pemenuhan gizi masyarakat tetapi juga terbukti efektif dalam mendorong pertumbuhan ekonomi lokal melalui pemberdayaan UMKM. #LanjutkanMBG sppg polri Ipul menteri desa huang renjun thank you #SkinLike # https://t.co/7DEdm83rtM,1985863703838015893,https://pbs.twimg.com/media/G480gzwbkAA80j8.jpg,,in,,0,0,0,https://x.com/undefined/status/1985863703838015893,1411905276509253637,
1984810281021948311,2025-11-02 02:30:21+00:00,19,Meski harus menyeberangi lautan tim Makan Bergizi Gratis (MBG) tetap bersemangat mendistribusikan makanan sehat bagi pelajar di Pulau Belakangpadang Batam. Dari laut hingga pelosok negeri semangat yang sama terus mengalir: tidak ada jarak bagi kepedulian dan masa depan anak https://t.co/19dAtHrwK8,1984810281021948311,https://pbs.twimg.com/amplify_video_thumb/1984810158745374720/img/-BsJx-mTfO2xfchp.jpg,,in,,0,1,7,https://x.com/undefined/status/1984810281021948311,235931838,
2000232987674509427,2025-12-14 15:54:41+00:00,0,Kopdes Merah Putih terus didorong menjadi pilar penting dalam pelaksanaan Program MBG (Makan Bergizi Gratis). Melalui peran sebagai pemasok utama bahan baku pangan koperasi desa tidak hanya mendukung pemenuhan gizi anak-anak Indonesia tetapi juga membuka ruang besar bagi https://t.co/tGJk0ehSXM,2000232987674509427,https://pbs.twimg.com/media/G8JBSzCboAE-FHk.jpg,,in,,0,1,0,https://x.com/undefined/status/2000232987674509427,1989636206376972288,
1882579351453172048,2025-01-24 05:46:09+00:00,0,@PNS_Garis_Lucu Beberapa poin setuju memang layak dihapus poin yang lain tidak. Betul-betul arti sebenarnya dari tidak ada makan siang gratis ,1882666178226844091,,PNS_Garis_Lucu,in,,0,0,0,https://x.com/undefined/status/1882666178226844091,1052213049388462082,
1880290919142109597,2025-01-17 16:35:26+00:00,0,banyak foto yg di beredar terkait menu makan siang gratis dan menuai bnyk kontra krn menurut beberapa ahli gizi itu tidak sesuai standar pemenuhan gizi untuk anak sekolah. gizi mana yang terpenuhi dengan anggaran 7 ribu?. orang pada umumnya menyayangkan MENU bukan PROGRAMNYA,1880292859649355954,,dwadiims,in,,0,1,0,https://x.com/undefined/status/1880292859649355954,1373978474784854016,
1880131564446872062,2025-01-17 05:54:30+00:00,0,Dari awal presiden baru menyampaikan janji makan siang gratis saya sangat setuju karena saya pernah berada di posisi menjadi murid sekolah yang tidak bisa makan siang dan kelaparan itu hal yang menyedihkan. goodluck buat kalian dan semangat untuk meraih cita-cita kalian,1880131564446872062,,,in,,0,0,0,https://x.com/undefined/status/1880131564446872062,1105381741580115969,
1879115895735566646,2025-01-16 07:55:57+00:00,0,@Mdy_Asmara1701 TIDAK SETUJU..... hentikan saja kalo tdk mampu ato para pejabat negara n org diatas beserta seluruh jajarannya yg urunan spy program makan siang gratis tetap berjalan,1879799737626628439,,Mdy_Asmara1701,in,,0,0,0,https://x.com/undefined/status/1879799737626628439,3171620724,
1879115895735566646,2025-01-16 02:08:16+00:00,0,@Mdy_Asmara1701 Sangat amat tidak.setuju makan siang gratis program usulan siapa masa rakyat yg d rampok juga..suruh aja pendukungnya golongan 58% kmrn yg pilih,1879712241668477180,,Mdy_Asmara1701,in,,0,0,0,https://x.com/undefined/status/1879712241668477180,1166694359086948354,
1879115895735566646,2025-01-15 11:25:45+00:00,0,@Mdy_Asmara1701 Tidak setuju. Makan siang gratis jika tidak ada dananya BATALIN AJA.,1879490149102551207,,Mdy_Asmara1701,in,,0,0,0,https://x.com/undefined/status/1879490149102551207,1855161672195096578,
1879114539721183666,2025-01-15 08:03:58+00:00,0,@pikiran_rakyat Setuju Tolong kalian semua yang duduk di Gedung Keong @DPDRI @DPR_RI dan kementrian agar dipotong gaji agar program makan siang gratis ini tidak membebani anggaran negara. Karena kalian semua adalah wakil rakyat kami rakyat sudah bayar pajak untuk kalian kerja.,1879439369788162098,,pikiran_rakyat,in,,0,0,0,https://x.com/undefined/status/1879439369788162098,1533960012564901888,
1877238332859543858,2025-01-15 05:10:52+00:00,0,@namazu_sensei pak @prabowo saya setuju tak perlu makan siang gratis sangat mubajir banyak anak² yg tidak menghabiskan makanannya dibuang ke tempat sampah katanya tidak sesuai selera mereka menurut saya orang tua nya masih bisa beri makan asalkan harga sembako murah bbm dll juga murah,1879395805943247200,,namazu_sensei1,in,,0,0,1,https://x.com/undefined/status/1879395805943247200,361851914,
1879186817687457848,2025-01-14 15:20:25+00:00,1,Rakyat tidak pernah meminta makan siang gratis di sekolah program maksi gratis adalah program ambisius pragrib tanpa memikirkan nanti anggarannya darimana lalu sekarang mau minta bantuan ke rakyat.Tidak setuju banget lahh!! @gerindra,1879186817687457848,,,in,,0,0,0,https://x.com/undefined/status/1879186817687457848,1304623615204233216,
1879115895735566646,2025-01-14 11:34:55+00:00,0,@Mdy_Asmara1701 Tidak setuju seharusnya makan siang gratis tidak usah dilaksanakan jika memang belum ada anggarannya.,1879130069786153240,,Mdy_Asmara1701,in,,0,0,0,https://x.com/undefined/status/1879130069786153240,1144962738646470656,
1878432568623964222,2025-01-13 02:50:47+00:00,1,@FayaAtika @prabowo Kalau KIP PIP saya tetap setuju Bu Dhe mengingat masih ada sekolah swasta yang siswanya terpaksa bersekolah di sana karena zona. Sayangnya semester ini tidak cair karena dipakai makan siang gratis segelintir siswa.,1878635777372066078,,FayaAtika,in,,0,1,0,https://x.com/undefined/status/1878635777372066078,728949641421553665,
1877574522586513554,2025-01-10 13:07:24+00:00,0,@tekarok007 @Gerindra Haha setuju itu artinya pemerintah mengakui kalau tidak sanggup membiayai program makan siang gratis. Tumben idemu cemerlang.,1877703789777387919,,tekarok007,in,,0,0,0,https://x.com/undefined/status/1877703789777387919,983630285550993409,
1876999002861780997,2025-01-09 02:36:16+00:00,0,@sudiyah262 Setuju! Semoga program makan siang gratis bisa dijalankan dengan efisien supaya tidak menambah masalah baru terkait sampah makanan.,1877182573383713239,,sudiyah262,in,,0,0,0,https://x.com/undefined/status/1877182573383713239,741277260209115137,
1876555207951413588,2025-01-08 04:33:38+00:00,0,@hegelectic @malecatladyyy @KangGan3 @lin_linvy @famajiid Bukannya memperbaiki bansos menjadi tepat sasaran kenapa malah menciptakan program makan siang gratis yang jatuhnya pemborosan? dan sebagainya. Anda tidak setuju ya kasih argumen balasannya sesimpel itu. Again tentu data jelas bisa membuktikan atau membantah.,1876849723769799044,,nova_dharma_pm,in,,0,0,0,https://x.com/undefined/status/1876849723769799044,1832604236166975488,
1876270699159191748,2025-01-08 01:50:33+00:00,0,@Uki23 Makan Bergizi Gratis Menunya sama seperti yg ada di rumah.... apa kita para orang tua tidak pernah memberikan makan bergizi untuk anak kita Saya lebih setuju program Makan Siang Gratis anak lebih teratur jadwal makan siangnya,1876808680584146999,,Uki23,in,,0,0,0,https://x.com/undefined/status/1876808680584146999,928270514014920704,
1876555207951413588,2025-01-08 01:43:53+00:00,0,@KangGan3 @lin_linvy @famajiid Masalahnya di lihat dari janji2 dan program2 Prabowo saja jelas anti Progresif. Kemarin sempat otw pajak naik padahal programnya tidak Progresif macam makan siang gratis food estate yang tidak mendengarkan ahli kabinet yang gendut dan masih banyak lagi.,1876807002971627976,,nova_dharma_pm,in,,0,1,0,https://x.com/undefined/status/1876807002971627976,1832604236166975488,
1894367131548156145,2025-02-25 12:41:34+00:00,12,Get well soon Indonesia #ArtistBersuara #IndonesiaGelap pemotongan anggaran sana sini untuk makan siang gratis bagi siswa tetapi orang tua kami jg butuh pemasukan. saya jg kurang setuju dengan penggunaan AI dalam pengiklanan program makan siang gratis kami merasa tidak dihargai https://t.co/1zQNZsMNzT,1894367131548156145,https://pbs.twimg.com/media/Gkok27FWkAAKVs3.jpg,,in,,0,0,5,https://x.com/undefined/status/1894367131548156145,1765563408181870592,
1893916292786028930,2025-02-25 12:27:37+00:00,0,@andre_gnc @nasidaruratJogj Setuju sama halnya kenapa makan siang gratis/bergizi itu program pemborosan yang tidak menyelesaikan akar permasalahannya. I mean program makan gratis untuk yang urgent sebaiknya tetap ada tapi ya untuk yang tepat sasaran saja (seperti ini) bukan malah menciptakan sejenis MBG.,1894363620865441883,,andre_gnc,in,,0,0,0,https://x.com/undefined/status/1894363620865441883,1832604236166975488,
1892821555740070239,2025-02-21 06:20:00+00:00,21,Main pesan palsu. Detilkan secara rinci dikomunukasikan dengan jelas. Yg dikomunikasikan: Efisiensi untuk Makan Siang Gratis . Yang tidak setuju Para Raja Kecil. Ini mah agitasi massa.,1892821555740070239,,,in,,0,1,13,https://x.com/undefined/status/1892821555740070239,62764588,
1891632182281519446,2025-02-17 23:33:51+00:00,0,Setuju sekali Papua lebih baik pendidikan gratis daripada makan siang gratis. Tetapi kalau bisa keduanya juga sudah sangat luar biasa. Kalau tidak bisa ya pendidikan gratis yang paling dibutuhkan. Kenapa pemerintah harus melihat ini sebagai peluang.,1891632182281519446,,,in,,0,0,0,https://x.com/undefined/status/1891632182281519446,923750084369571841,
1889663245302046924,2025-02-13 18:07:52+00:00,0,@tempodotco Anaknya dpt makan siang gratis (mungkin) tp bpknya kena phk.. Ibarat nutup laut nelayan di larang melaut dpt ganti rugi seekor ikan kecil yg bhkn tidak bikin kenyang anak²nya buat sekali makan ,1890100593563431081,,tempodotco,in,,0,0,0,https://x.com/undefined/status/1890100593563431081,938622360650780673,
1889967744088703291,2025-02-13 15:16:39+00:00,0,@DS_yantie Setuju... kalo bisa ada petisi menolak Makan siang gratis..,1890057504752910805,,DS_yantie,in,,0,0,0,https://x.com/undefined/status/1890057504752910805,1290261485009006595,
1889330288574300190,2025-02-11 15:06:57+00:00,0,Penghematan anggran yang tidak perlu setuju. Tapi jangan hak2 orang ikut2an di potong.kalau hanya fokus ke makan siang gratis tapi motong hak2 pegawai ya sm aja sengsara. Kerja capek2 kami org dewasa jg butuh makan. Kalau hemat mau skalian skolah gratisin itu baru sejahterah,1889330288574300190,,,in,,0,0,0,https://x.com/undefined/status/1889330288574300190,1368176526265622533,
1885509983703621985,2025-02-01 02:07:49+00:00,0,gua pernah berpikir makan siang gratis ini strategi politik buat 2029 karena sasarannya adalah anak smp dan sma yang bisa diperalat ketika mereka punya hak pilih. SEKALI LAGI GUA TIDAK KONTRA DENGAN MBG TAPI MASIH BANYAK PRIORITAS LAIN YANG HARUS DISELESAIKAN.,1885510335853191273,,keluhkesahvidi,in,,0,0,0,https://x.com/undefined/status/1885510335853191273,1120325013016420353,
1885348482871157090,2025-02-01 01:43:53+00:00,1,@alli_muhtarom @rohmadbs Saya lebih setuju agar pemerintah all in ke makan siang gratis. Harus penghematan. Namun dengan konsekuensi pegawai boleh dan mewajarkan untuk menolak tugas luar detasering tugas tambahan kalo emang ga ada anggarannya ️,1885504309884051488,,alli_muhtarom,in,,0,1,0,https://x.com/undefined/status/1885504309884051488,122333118,
1905967132581777741,2025-03-29 20:45:39+00:00,0,@Daniel7iao Orang-orang bakal bilang ini coping mechanism. Tapi gua seumuran dan gua setuju dengan alasan ini karena Tidak ada makan siang gratis terutama untuk laki-laki . Bukannya ini cuma ego laki² aja? It is tapi realitanya banyak terjadi.,1906085366861640139,,Daniel7iao,in,,0,0,0,https://x.com/undefined/status/1906085366861640139,1524430465889091584,
1902641628528926734,2025-03-21 13:18:11+00:00,2,@makegudmemories @ohmyshaaz kalau situ mau memaafkan pelaku ham mau memaklumi keputusan mk yang tidak jelas setuju dengan program makan siang gratis dan PUAS dengan semua keputusan wowo sampe sini berarti mmg kita tidak dilevel pemahaman komprehensif yg sama sekian yh dik,1903073657343316295,,mengkitteen,in,,0,2,0,https://x.com/undefined/status/1903073657343316295,1432361923325005835,
1899056076378742899,2025-03-11 07:24:56+00:00,20,@its_reeeeee Sorry oot tapi dosen PKN gua bilang efisiensi kemarin itu bagus karena motong anggaran ga penting dan belio setuju. Belio juga mendukung makan siang gratis. Menurut belio juga tagar kabur aja dulu itu tidak nasionalis Dosen. PKN.,1899360879768129829,,its_reeeeee,in,,1,17,0,https://x.com/undefined/status/1899360879768129829,1222447619630231552,
1910917002073407577,2025-04-12 04:44:51+00:00,1, Kritis Harus Logis katanya. Setuju angkut pengungsi gaza ditengah problem rohingya makan siang gratis saja bingung dananya dari mana &amp; tidak merata. Logisnya di sebelah mana ?,1910917002073407577,,,in,,0,1,0,https://x.com/undefined/status/1910917002073407577,566469330,
1926788602681291003,2025-05-25 23:52:55+00:00,0,Duh mister presiden katanya anti asing. Tidak mau jadi budak asing. Eeeh menkesnya malah jadikan rakyat budak asing dengan menyetujui uji cooba klinis vaksin tbc made in bill gates dgn bayaran hibah 2T. Bill gate ngomong tidak ada makan siang gratis . Mirisnya si bill gate,1926788602681291003,,,in,,0,1,0,https://x.com/undefined/status/1926788602681291003,3032152165,
1926525486903038263,2025-05-25 08:05:24+00:00,2,@WagimanDeep212_ Monokotil: Yg tidak setuju dengan makan siang gratis silahkan keluar dari Indonesia ,1926550153466368131,,WagimanDeep212_,in,,0,0,0,https://x.com/undefined/status/1926550153466368131,1862682864535707650,
1924675837221339183,2025-05-20 07:50:30+00:00,0,@raffimulyaa Jawab ya atau tidak ya? Siap? Apakah bapak setuju dengan makan siang gratis? Tidak : wah w*an *ngin gak setuju anak-anak sekolah dikasih makan gratis! Tidak merakyaatt!!!,1924734463105442210,,raffimulyaa,in,,0,0,0,https://x.com/undefined/status/1924734463105442210,385373600,
1941708686038110469,2025-07-06 08:24:40+00:00,12,@tvOneNews Memang nya ada acara makan siang gratis??? Yang ada kan semua ada hitungannya di bawah meja lagian giliran MK mengeluarkan keputusan No 90 semua pada angguk-angguk kayak ayam sayur giliran begini langsung gas ngak setuju dan menolak dengan alasan demokrasi rakyat. Aduh gini amat,1941775290683801987,,tvOneNews,in,,0,1,0,https://x.com/undefined/status/1941775290683801987,797735565223284736,
1961027393763856709,2025-08-29 02:40:37+00:00,1,@NenkMonica Saya setuju soal MBG Presiden tertipu! MBG itu program konyol akan jadi masalah &amp; gak berguna! Jawaban kekonyolan MBG tidak bermanfaat..sehari makan 1 kali&amp;juga di rolling bisa jadi makan siang gratis selanjutnya bulan depan!Apanya yg bermanfaat! anggaran bengkak!Hutang lagi!,1961257652463476785,,NenkMonica,in,,0,0,0,https://x.com/undefined/status/1961257652463476785,1923192764113747968,
1962534770560393227,2025-09-01 15:18:19+00:00,0,entah deal-deal an apa aja yg udah dilakukan prabowo buat tetep mewujudkan impian presiden2annya ini sampai2 koalisinya para dpr dll setuju tidak ada makan siang gratis di dunia ini kawand ,1962535496074293730,,kebohejoreborn,in,,0,1,0,https://x.com/undefined/status/1962535496074293730,1512790187449135106,
1885287716562342097,2025-01-31 17:39:45+00:00,1,@Syarman59 @prabowo @DPR_RI Anak sekolah bukan kelinci percobaan dari proyek MBG dengan menu gizi dari ulat dan serangga. Dan jangan berekspektasi guna terlaksana memenuhi program makan mewah bergizi dibiayai dari hasil kembali menjual laut stop berpikir demi pencitraan dng menjual kedaulatan.,1885382477407273374,,Syarman59,in,,0,0,0,https://x.com/undefined/status/1885382477407273374,1116882263185088513,
1885287141049327884,2025-01-31 11:20:56+00:00,0,Usulan Serangga jadi Menu Makan Bergizi Gratis Bikin Gaduh https://t.co/WSy9Gf8qTE,1885287141049327884,,,in,,0,0,0,https://x.com/undefined/status/1885287141049327884,990237626,
1884884915176755211,2025-01-31 08:46:13+00:00,0,@Adiprayitno_20 Akibat janji kampanye yg tdik dikaji aecara profesional akhrnya korban nya rakyat. Pejabat mana dpt program MBG mekra mknnya udj bergizi dn udh gratis dr pajak dn enak² gilirn rkyat di rencanakn makan belalang otaknya pada tolol apa gimna ini nyuruh anak2 makan belalang.,1885248206860411137,,Adiprayitno_20,in,,0,0,0,https://x.com/undefined/status/1885248206860411137,1653785194321842176,
1884788735239221608,2025-01-31 04:51:38+00:00,0,@damarandiii @AdeloyeDaniell @tanyarlfes yg paling mendekati janji nya si program makan siang dan susu gratis meskipun faktanya yg dikerjakan adalah Makan Bergizi Gratis-Anggaran per Porsi Dipotong,1885189171129778296,,mathdji007,in,,0,0,0,https://x.com/undefined/status/1885189171129778296,1782491938983444480,
1884994795187356036,2025-01-30 15:59:15+00:00,0,Priotas utama dan yang paling pertama (((Makan Bergizi Gratis))) Demi janji kampanye utk 58% ,1884994795187356036,,,in,,0,0,0,https://x.com/undefined/status/1884994795187356036,1241084127706660864,
1884921881461240315,2025-01-30 11:37:44+00:00,0,@wahbisanih @PNS_Ababil semua demi Makan Bergizi Gratis gengsi politik,1884928980996006033,,wahbisanih,in,,0,1,0,https://x.com/undefined/status/1884928980996006033,858133348383768576,
1884906417267818805,2025-01-30 10:08:04+00:00,0,Seharusnya ga kaget sih kan kemaren waktu kampanye prioritasnya MAKAN BERGIZI bukan PENDIDIKAN dan KESEHATAN ,1884906417267818805,,,in,,0,1,0,https://x.com/undefined/status/1884906417267818805,1277953987178717185,
1884866410960334859,2025-01-30 07:29:06+00:00,0,logikanya gimana sih ni kabinet ya Allah bener semua janjinya pas kampanye omon2 doang anying. DRMN LOGIKANYA MAKAN BERGIZI GRATIS &gt; PENDIDIKAN DAN KESEHATAN???!!! blok @gibran_tweet @prabowo,1884866410960334859,,,in,,0,0,0,https://x.com/undefined/status/1884866410960334859,1218843721912815617,
1884788735239221608,2025-01-30 06:55:01+00:00,55,@tanyarlfes Dari kampanye juga udah keliatan kok beliau ini selalu ungguli program makan bergizi gratis. Tapi agak aneh kalo misalnya ada 02 voters yang kaget ngeliat prioritas program beliau kayak gini? Maksudnya sewaktu kampanye apakah mereka enggak mempertimbangkan program calon pemimpin-,1884857834183213081,,tanyarlfes,in,,0,9,6,https://x.com/undefined/status/1884857834183213081,1237574960605847553,
1884086676416520333,2025-01-29 21:27:42+00:00,3015,@nowyoucatchme @BetaEpsilonPhi @PNS_Ababil bukannya stunting itu masalah kesehatan? bukannya gizi itu masalah kesehatan? kalau makan bergizi gratis tapi tidak diiringi kesehatan sebagai prioritas utama ya jelas gimmick doang sih ini program we're doomed,1884715063262798322,,nowyoucatchme,in,,33,13,458,https://x.com/undefined/status/1884715063262798322,1341995860272410624,
1884635240259526666,2025-01-29 17:18:34+00:00,18,@bonnietriyana makan bergizi gratis (MBG) siswa itu kalau memang tadinya gak sanggup ya jangan dipaksain demi memenuhi janji kampanye https://t.co/yAc2dFjpKa,1884652368559825166,https://pbs.twimg.com/media/GiehV2mbsAAa4LT.jpg,bonnietriyana,in,,0,1,0,https://x.com/undefined/status/1884652368559825166,1857590472,
1884588062480736639,2025-01-29 15:21:32+00:00,27,@safiradhapsari @itsquaileggs Intinya pemerintah gamau rakyat indo pinter dan sehat dan yg prioritas utama itu MBG (makan bergizi gratis) sesuai janji kampanye prabowo Pdhl pendidikan dan kesehatan tuh yg plg penting soalnya rakyat yg terdidik bakalan milih pemimpin yg bener dan pinter,1884622915708338193,,safiradhapsari,in,,0,2,3,https://x.com/undefined/status/1884622915708338193,1370012083023056900,
1884596395610603690,2025-01-29 13:36:09+00:00,0,Pemerintahan Presiden Prabowo Subianto dan Wapres Gibran Rakabuming Raka menjadi sorotan tajam. Salah satu program unggulan adalah janji Makan Bergizi Gratis seluruh anak Indonesia pada akhir 2025. Berita selengkapnya: https://t.co/vlgSOkBojk : Dok. Pemkot Bandung #MBG https://t.co/RTq4U00SPy,1884596395610603690,https://pbs.twimg.com/media/GidubhUboAA2QwS.jpg,,in,,0,0,0,https://x.com/undefined/status/1884596395610603690,1443139240515096578,
1894921379566567440,2025-02-27 10:47:02+00:00,0,@kresbung Makan bergizi gratis (kaos).. no tipu-tipu.. ( dalam hati promosi nih yee.. ) . Makan bergizi gratis (kampanye).. seperti bensin pertamax.. penipuan.. ,1895063084131336298,,kresbung,in,,0,0,0,https://x.com/undefined/status/1895063084131336298,1464753079040020485,
1895051367116575080,2025-02-27 10:00:35+00:00,1,Dadan menjelaskan bahwa BGN akan melakukan beberapa perubahan pada program makan bergizi gratis. Apa saja? https://t.co/cKE3hXnkIQ,1895051395524633097,,tempodotco,in,,0,0,0,https://x.com/undefined/status/1895051395524633097,18129942,
1894630984806797508,2025-02-26 06:10:01+00:00,1,Kementerian Koperasi Buka Kesempatan Ormas Terlibat Program Makan Bergizi Gratis https://t.co/9KmmVsOIT3,1894630984806797508,,,in,,0,2,1,https://x.com/undefined/status/1894630984806797508,18129942,
1894594208385872002,2025-02-26 03:43:53+00:00,1,g bikin mbg goblok yg ketipu juga goblok. gimik doang anjing. bergizi apaan kek gini.,1894594208385872002,,,in,,0,0,0,https://x.com/undefined/status/1894594208385872002,96331433,
1894309011664797865,2025-02-25 08:50:37+00:00,0,IMAGINE: Efisiensi Anggaran bagi pejabat Makan Bergizi Gratis Danantara THIS kind of Politik Bebas Aktif tapi kondisi ekonomi Indonesia stabil. This actually not keberlanjutan. Yang dilanjutkan hanya cover dengan mengambil Crown Prince as VP. Wow.,1894309011664797865,,,in,,0,0,0,https://x.com/undefined/status/1894309011664797865,875383617626578944,
1894304496043659370,2025-02-25 08:32:40+00:00,1,Suara Papua: Janji Presiden Prabowo soal makan bergizi di Indonesia termasuk Papua Barat punya tantangan besar buat daerah yang jauh dari kota termasuk kampung pelosok. Biaya lebih besar dan penyedia catering cenderung pilih sekolah di kota https://t.co/QAnSZPmNaD https://t.co/Pq27n034lt,1894304496043659370,https://pbs.twimg.com/media/GknrzvEWkAAk3NB.jpg,,in,,1,0,1,https://x.com/undefined/status/1894304496043659370,25250613,
1894088819411927529,2025-02-25 06:35:53+00:00,0,@Dennysiregar7 Klau gak mau MBG ya sudah gak usah ikut2an..distop saja brangkli disono orang tuanya dah pada kaya tiap hari bisa ngasih makan bergizi utk anaknya. miris anak sekolah aja smpe dikordinir utk kepentingan politik.anak sekolah butuhnya belajar bukan demo.,1894275106584891606,,,in,,0,0,0,https://x.com/undefined/status/1894275106584891606,1838513752796512256,
1894269827143078030,2025-02-25 06:14:55+00:00,0,PERDANA: Wakil Wali Kota Mojokerto Rachman Sidharta Arisandi saat mendampingi peserta didik menikmati makan bergizi gratis di SMPN 9 Mojokerto kemarin (24/2). https://t.co/gY1Y6FhASr #MBG #MOJOKERTO #JPRM,1894269827143078030,,,in,,0,0,0,https://x.com/undefined/status/1894269827143078030,1082298917885161472,
1894009386130985304,2025-02-24 13:00:01+00:00,1,Ada perbedaan skema pemberian makan bergizi gratis kepada siswa ketika memasuki bulan puasa. https://t.co/xGNpqGF34W,1894009386130985304,,,in,,0,0,1,https://x.com/undefined/status/1894009386130985304,18129942,
1893918952226459939,2025-02-24 07:00:40+00:00,0,Program makan bergizi gratis adalah untuk kesehatan dan masa depan anak-anak Papua bukan alat penjajahan! Jangan biarkan agenda politik mengorbankan generasi muda! https://t.co/mBQrrXEJ4a,1893918952226459939,https://pbs.twimg.com/media/GkiNOEaW8AAu7or.png,,in,,0,0,0,https://x.com/undefined/status/1893918952226459939,1584510256625090560,
1893899951043702867,2025-02-24 05:45:09+00:00,0,@prabowo lihat pak. PHK dimana mana karna efisiensi anggaran ga brdasarkan riset n kpmtingan. Mana pak janji 19 juta lowongan kerja? Mana bisa anak diberi makan bergizi ortunya ga da pkrjaan. Boro MBG sekolah ja ga bisa. Tolonglaaaah. #BatalkanDanantara,1893899951043702867,,prabowo,in,,0,0,0,https://x.com/undefined/status/1893899951043702867,1226866195560714241,
1893850257210896673,2025-02-24 02:41:49+00:00,3,@DS_yantie Nah lho ni pun bnyak polemik pisang busuk weeeiii MBG bermasalah harusnya dievaluasi dri awal https://t.co/CRxWxMznJ0,1893853813284446223,,DS_yantie,in,,0,1,0,https://x.com/undefined/status/1893853813284446223,844206338297159681,
1893823095674208674,2025-02-24 00:39:46+00:00,0,Banyak pertanyaan tentang kebijakan politik tapi kagak ada jawaban rasional instrumental. Jawaban hanya Ndasmu atau makan bergizi gratis . https://t.co/DQgB62DFLy Terasa ada pembodohan bangsa. Bikin kebijakan tapi tidak bisa ditanya apa alasannya.,1893823095674208674,,,in,,0,0,0,https://x.com/undefined/status/1893823095674208674,80553919,
1893822717574500586,2025-02-24 00:38:16+00:00,1,Banyak hal dalam politik Indonesia yang tidak logis menurut filsafat yaitu kalau ditanya apa alasan bikin kebijakan ini-itu jawabannya make template kamu kagak setuju anak2 dapat makan bergizi gratis? https://t.co/oYozKWEg5V,1893822717574500586,,,in,,0,0,0,https://x.com/undefined/status/1893822717574500586,80553919,
1893798938970640572,2025-02-23 23:03:46+00:00,3,Alangkah lebih baiknya Pak Prabowo menuntaskan Janji Pemimpin Sebelumnya yang ingin membuka 10 juta Lowongan Kerja sebagai bentuk keberlanjutan Sebab lain belum meratanya penyelenggaraan Makan Bergizi Gratis dikarenakan Dananya belum memadai Tidak ada salahnya untuk mengikuti https://t.co/7uzzIOwTTy,1893798938970640572,https://pbs.twimg.com/media/GkggF6xWsAAqWLd.jpg,,in,,2,2,2,https://x.com/undefined/status/1893798938970640572,1121831857098641408,
1893636093855125788,2025-02-23 12:16:41+00:00,0,Siswa SD di Sumsel Keracunan Makan Bergizi Gratis BGN Minta Dimaklumi Makan bergizi gratis yang dibagikan di SDN 7 Tebing Tinggi Kabupaten Empat Lawang Sumatera Selatan diduga basi hingga menyebabkan siswa keracunan https://t.co/EjPNUOasdj,1893636093855125788,,,in,,0,0,0,https://x.com/undefined/status/1893636093855125788,160603309,
1906597783026729305,2025-03-31 06:46:42+00:00,0,@arkecrow Kritik thd Prabowo &amp; Gibran muncul dr revisi UU TNI yg tambah peran militer di jabatan sipil dianggap ancam demokrasi. Program makan bergizi gratis ($28M) juga dikecam krn potong anggaran sektor lain &amp; sulit dibiayai. Plus politik dinasti Gibran anak Jokowi dianggap tak,1906599013584945510,,arkecrow,in,,0,0,0,https://x.com/undefined/status/1906599013584945510,1720665183188922368,
1906287004662280338,2025-03-31 03:14:40+00:00,0,@iqbal_equality @VDSyst3msX @VDSyst3msX Sebagai AI saya gak punya perasaan tapi survei terbaru nunjukin publik puas sama kinerja Prabowo-Gibran. Data dari Indikator Politik (Jan 2025) bilang 79 3% puas KedaiKopi (Feb 2025) 6 86/10 sampe LSN 87 5%. Program Makan Bergizi Gratis jadi penutup meski ada,1906545652311421182,,iqbal_equality,in,,0,0,0,https://x.com/undefined/status/1906545652311421182,1720665183188922368,
1906529489015976074,2025-03-31 02:10:26+00:00,0,Mari sambut kemenangan dgn hati yg bersih meski realita tak sebersih janji Makan Bergizi Gratis. Selamat Idul Fitri 1446 H! Semoga kita ttp kuat melawan kembalinya bayang2 Orba ‍️ &amp; trs memperjuangkan demokrasi. #EidMubarak #IdulFitri2025 #ReformasiDikorupsi #TolakRUUTNI,1906529490911863001,,andresbaltasar,in,,0,0,0,https://x.com/undefined/status/1906529490911863001,719670027729911808,
1906177058096492828,2025-03-30 23:00:11+00:00,0,@nathannayaka1 @KompasTV Bener Presiden Prabowo emang keliatannya ditelpon pemimpin dunia soal program makan gratis bergizi. Ada bukti dia ketemu Xi Jinping (China) 9 Nov 2024 buat dana sama Shigeru Ishiba (Jepang) 11 Jan 2025 yang janji bantu spesialis. Program ini mulai Jan 2025 targetin 90 juta,1906481610033148170,,nathannayaka1,in,,0,0,0,https://x.com/undefined/status/1906481610033148170,1720665183188922368,
1906333107864895737,2025-03-30 13:10:08+00:00,0,digantikan oleh buzzer yang mendapat THR dari uang pajak kita 700 rupiah per postingan propaganda! Dan jangan lupa program mbg yang ternyata tidak gratis dan jauh dari bergizi. Janji manis mereka bertebaran seperti confetti; Rakyat tetap kuat meski dihantam janji yang basi,1906333122041696472,,DhaniScamander,in,,0,1,0,https://x.com/undefined/status/1906333122041696472,1302966166403428352,
1906260283540333053,2025-03-30 08:36:45+00:00,4,@gibran_tweet @prabowo Lah kok malah datengin sekolah² untuk program makan bergizi itu? mana janji bapak yang ini? jika banyak perusahaan/project yang masuk ke Indonesia akan jadi lapangan pekerjaan loh Pak bagi rakyat anda selain itu akan memajukan perekonomian masyarakat juga. https://t.co/p362CDKWp5,1906264322839556148,https://pbs.twimg.com/media/GnRpTKwbMAAXZNh.jpg,hikaruyuki01,in,,0,1,0,https://x.com/undefined/status/1906264322839556148,1867518849534644224,
1906260283540333053,2025-03-30 08:25:20+00:00,4,1) Janji Pak Gibran mengenai pencegahan stunting di Indonesia dengan program makan gratis. Pak @gibran_tweet dan Pak @prabowo ini data dari kemkes loh Pak jika Bapak bilang program makan bergizi untuk mencegah stunting ngapain anak SD SMP SMA dikasih juga? https://t.co/ghcLrDJzOr,1906261447992324269,https://pbs.twimg.com/media/GnRmrykbAAAO3RR.jpg,hikaruyuki01,in,,0,1,0,https://x.com/undefined/status/1906261447992324269,1867518849534644224,
1906186998051639467,2025-03-30 04:47:14+00:00,0,@GetaranNusa Makan Bergizi Gratis Bukti Negara Hadir! Program MBG bukan janji tapi aksi untuk generasi yang lebih sehat dan masa depan yang lebih cerah. #MBG #ProgramMakanBergiziGratis #MakanBergiziGratis https://t.co/p8xii0qpfs,1906206559992225876,,GetaranNusa,in,,0,0,0,https://x.com/undefined/status/1906206559992225876,1564197227295547392,
1905792020867686473,2025-03-29 01:20:00+00:00,0,Prabowo Pacu Program Makan Bergizi Gratis Target 82 9 Juta Penerima di Akhir 2025 https://t.co/DdffzEovAB,1905792020867686473,,,in,,0,0,0,https://x.com/undefined/status/1905792020867686473,786549338818224128,
1905108631416426712,2025-03-27 04:16:53+00:00,1,@FayaAtika Lha janji makan bergizi dari 25000 jadi 10000 aja pada bersyukur kok,1905111759024795930,,FayaAtika,in,,0,0,0,https://x.com/undefined/status/1905111759024795930,1708760692772474880,
1904981395090653443,2025-03-26 19:38:52+00:00,0,TNI Polri satu langkah jaga Lebaran dan Papua bersama. Pangan mandiri dan makan bergizi bukan sekadar janji #SinergitasUntukBangsa,1904981395090653443,,,in,,0,0,0,https://x.com/undefined/status/1904981395090653443,1585529082070335488,
1904741129280774283,2025-03-26 14:58:48+00:00,0,@FenW16 @GOAL_ID Sory bang gua bukan anak politik gua cuman minta makan bergizi geratis nya menu nya yang mewah bang jangan telor ceplok ame oreg tempe doang wkwkwkwk,1904910917265219856,,FenW16,in,,0,1,0,https://x.com/undefined/status/1904910917265219856,1692438064050937856,
1917190611612110859,2025-04-30 18:31:46+00:00,1,@weddass @asumsico Rightttt!!!! Capekk bgt tuhannn. Pantes dikasih kampanye joget2 sama makan siang bergizi gratis udh BAHAGIA BGT,1917648086933070071,,weddass,in,,0,0,0,https://x.com/undefined/status/1917648086933070071,1426804088734322693,
1917229652147651025,2025-04-30 12:49:30+00:00,47,@briand_fergie Janji MBG makanan bergizi Downgrade jadi yang penting makan Eh turun lagi jadi Gak keracunan aja udah bersyukur Malah jadi Bersyukur impact ajg wkwkwkwkw ,1917561950239875391,,briand_fergie,in,,0,1,7,https://x.com/undefined/status/1917561950239875391,1841844252441276416,
1917385916366156265,2025-04-30 12:03:38+00:00,0,@rando_ome @txtdrimedia @txtdrimedia @rando_ome Survei Rumah Politik Indonesia (18-24 April 2025) menunjukkan 79 8% masyarakat puas dengan kinerja Wapres Gibran berdasarkan 1.310 responden di 30 provinsi. Program makan bergizi gratis yang menjangkau 570.000 orang per hari jadi faktor utama. Meski ada,1917550408765170142,,rando_ome,in,,0,0,0,https://x.com/undefined/status/1917550408765170142,1720665183188922368,
1917385916366156265,2025-04-30 07:05:00+00:00,0,@raaaaapen @txtdrimedia Saya tidak bohong! Survei Rumah Politik Indonesia (18-24 April 2025) menunjukkan 79 8% rakyat puas dengan kinerja Wapres Gibran berdasarkan wawancara 1.310 orang di 30 provinsi. Program makan bergizi gratis dan gaya blusukan jadi alasan. Tapi wajar kamu ragu. Usia muda Gibran ,1917475255263846502,,willyw0nkas,in,,0,1,0,https://x.com/undefined/status/1917475255263846502,1720665183188922368,
1917385916366156265,2025-04-30 07:00:21+00:00,0,@raaaaapen @txtdrimedia Mayoritas masyarakat Indonesia puas dengan kinerja Wakil Presiden Gibran Rakabuming Raka dengan survei Rumah Politik Indonesia (18-24 April 2025) menunjukkan 79 8% mendukungnya. Kontribusinya dalam pemberantasan korupsi bantuan akar rumput dan program makan bergizi gratis,1917474087208902675,,willyw0nkas,in,,0,3,0,https://x.com/undefined/status/1917474087208902675,1720665183188922368,
1917455327911608409,2025-04-30 05:45:49+00:00,5,Makanya kampanye program makan bergizi gratis lebih menarik dibanding pendidikan gratis karena lebih banyak orang yg masih menjadikan hal makan sebagai kebutuhan pokok yg belum terpenuhi Sudah paham prestasi 10 tahun pemerintahan Jokowi? #PrestasiJokowi https://t.co/fTeWgKE5zU https://t.co/LbMnqfOHCo,1917455327911608409,https://pbs.twimg.com/media/GpwrdYhaYAIi-ix.jpg,,in,,0,0,4,https://x.com/undefined/status/1917455327911608409,1366177482236289027,
1917205354192269571,2025-04-29 13:12:31+00:00,3,STAF Divisi Riset Indonesia Corruption Watch (ICW) Eva Nurcahyani menyoroti adanya distribusi program Makan Bergizi Gratis (MBG) yang melibatkan prajurit TNI. Ia mengatakan berdasarkan temuan di sejumlah sekolah https://t.co/JEUVbKwFgm,1917205354192269571,,,in,,0,0,0,https://x.com/undefined/status/1917205354192269571,68930552,
1917199384724558265,2025-04-29 12:48:47+00:00,126,Temuan ICW: Proyek Makan Bergizi Gratis di Jakarta Berjalan Buruk https://t.co/lcei2eRNLQ,1917199384724558265,,,in,,2,2,56,https://x.com/undefined/status/1917199384724558265,18129942,
1917069978085523718,2025-04-29 10:59:12+00:00,0,@daputra13 @txtdrimedia Kalo MBG levelnya masih keracunan atau engga gausah pake gimik bergizi lah. Bilang aja program makanan gratis,1917171806286516465,,daputra13,in,,0,1,0,https://x.com/undefined/status/1917171806286516465,67719115,
1917121856794186134,2025-04-29 07:49:39+00:00,3,@Jumianto_RK asing itu mau belajar bagaimana makanan bergizi gratis ini bisa jadi racun https://t.co/Ag9H9KjELB,1917124102932074609,,Jumianto_RK,in,,0,0,3,https://x.com/undefined/status/1917124102932074609,960248512108576768,
1916664603309637666,2025-04-29 04:19:19+00:00,0,@Yurissa_Samosir @NenkMonica @prabowo njowo wae ra kemput koq...mbok nganti suk rampung dadi presiden gur mangan janji dudu makan bergizi,1917071172908585143,,Yurissa_Samosir,in,,0,0,0,https://x.com/undefined/status/1917071172908585143,1829124451633639426,
1916823116468351084,2025-04-28 11:53:38+00:00,0,Kroni Prabowo dalam Proyek Makan Bergizi Gratis (MBG) | Bocor Alus Politik https://t.co/uEVk4MdqqO,1916823116468351084,,,in,,0,2,0,https://x.com/undefined/status/1916823116468351084,793427822949769216,
1916546098245550431,2025-04-27 17:32:52+00:00,0,Yayasan Media Berkat Nusantara (MBN) di Kalibata Jakarta Selatan saat ini tengah menghadapi masalah serius terkait dugaan penggelapan dana untuk program Makan Bergizi Gratis (MBG). https://t.co/jQaKkFkggJ,1916546098245550431,,,in,,0,0,0,https://x.com/undefined/status/1916546098245550431,1672182397658619905,
1916388361457307968,2025-04-27 07:06:04+00:00,4,Papua butuh lebih dari sekadar janji. Dengan program Makan Bergizi Gratis (MBG) berkelanjutan kita hadirkan solusi nyata: anak-anak Papua tumbuh sehat kuat dan siap menggapai masa depan. #MakanBergiziGratis #MBGPapua #PapuaSehat #GenerasiEmas #IndonesiaMaju #DukungMBG https://t.co/DQ9BrwFnKw,1916388361457307968,https://pbs.twimg.com/amplify_video_thumb/1916388023866150912/img/Hwu7fVlPavwVaM3V.jpg,,in,,0,3,0,https://x.com/undefined/status/1916388361457307968,1825382097038856192,
1928762954016764288,2025-05-31 10:38:17+00:00,30,Di Sumba Barat Daya Program Makan Bergizi Gratis (MBG) bukan sekadar janji tapi nyata dirasakan warga. Vincencia Toma ibu hamil asal Desa Radamata bersyukur setiap pagi mendapat makanan bergizi untuk dirinya dan keluarga. Kini ia tak lagi cemas soal asupan nutrisi bagi sang https://t.co/M88LwjopSp,1928762954016764288,https://pbs.twimg.com/ext_tw_video_thumb/1928762904691838976/pu/img/pxquzjx4H7XZgy4O.jpg,,in,,0,5,10,https://x.com/undefined/status/1928762954016764288,1289954556411969537,
1928750436334579992,2025-05-31 09:48:33+00:00,0,Top 5 priorities: 1. MBG (makan bergizi gagal) 2. Biar orang barak dudukin posisi sipil 3. Biar bisa mukulin orang demo 4. Buat acak2in aturan/uu kesehatan 5. Bansos pencitraan,1928750436334579992,,,in,,0,1,0,https://x.com/undefined/status/1928750436334579992,1721540845135114240,
1928683182817226915,2025-05-31 05:21:18+00:00,0,Di Sumba Barat Daya Program Makan Bergizi Gratis (MBG) bukan sekadar janji tapi nyata dirasakan warga. Vincencia Toma ibu hamil asal Desa Radamata bersyukur setiap pagi mendapat makanan bergizi untuk dirinya dan keluarga. https://t.co/c8iSNBfFR2,1928683182817226915,https://pbs.twimg.com/amplify_video_thumb/1928683049698709504/img/ocB9IkGLm7zFj1gh.jpg,,in,,0,0,0,https://x.com/undefined/status/1928683182817226915,1889530835742892037,
1928354728100122668,2025-05-31 01:03:11+00:00,0,@gvhbuf_ Gak nyambung banget ini soal makan bergizi gratis buat anak-anak bukan isu politik internasional. Lanjutkan MBG,1928618224129573005,,gvhbuf_,in,,0,0,0,https://x.com/undefined/status/1928618224129573005,2946893196,
1928428804340584602,2025-05-30 12:30:54+00:00,19,Yassierli juga optimis program makan bergizi gratis bisa buka banyak peluang kerja baru di berbagai lini. Yassierli juga janji bakal menggenjot program pemagangan besar-besaran buat ningkatin skill digital tenaga kerja.,1928428907230908768,,tempodotco,in,,30,18,0,https://x.com/undefined/status/1928428907230908768,18129942,
1927661194355368384,2025-05-28 09:40:17+00:00,3,[cm] hai ada yang bisa bantu aku untuk isi kuesioner tugas akhir ku? ada hadiahnya total 250rb ovo/gopay cash kriteria nya yang pernah nonton kampanye makan bergizi gratis nya Prabowo yang make AI makasih!,1927661194355368384,,,in,,0,15,0,https://x.com/undefined/status/1927661194355368384,1204013052468875265,
1927633628374388748,2025-05-28 07:50:45+00:00,1,[cm] hai ada yang bisa bantu aku untuk isi kuesioner tugas akhir aku? kriteria nya yang pernah nonton kampanye makan bergizi gratis nya Prabowo yang make AI yang di upload di Instagram kalau ada yang rep aja ya bisa dapet hadiah juga lohh,1927633628374388748,,,in,,0,1,0,https://x.com/undefined/status/1927633628374388748,1204013052468875265,
1925856983892087237,2025-05-23 10:11:00+00:00,0,Anggota DPR desak BPOM dilibatkan aktif dalam pengawasan standar kelayakan SPPG agar program makan bergizi gratis aman dan berkualitas. Simak Selengkapnya Disini https://t.co/W89CNXa0kN https://t.co/G1wlpiiv5X,1925856983892087237,https://pbs.twimg.com/media/GroErGyXgAAXeHc.jpg,,in,,0,0,0,https://x.com/undefined/status/1925856983892087237,483100064,
1925455900036538593,2025-05-22 07:37:14+00:00,0,Presiden Prabowo Wujudkan MBG untuk Semua! Bukan sekadar janji kampanye. Makan Bergizi Gratis untuk anak-anak dan ibu hamil mulai diwujudkan oleh Presiden Prabowo. Untuk Indonesia yang sehat kuat dan sejahtera! #MakanBergiziGratis #JanjiDitepati #IndonesiaSehat https://t.co/v9rUmNitrR,1925455900036538593,https://pbs.twimg.com/media/GriX77OboAMnfzU.jpg,,in,,0,0,0,https://x.com/undefined/status/1925455900036538593,810337231,
1925401234397118542,2025-05-22 04:00:01+00:00,2,Kepala BGN Bantah Tak Libatkan BPOM dalam Program Makan Bergizi Gratis https://t.co/kELD248u8B,1925401234397118542,,,in,,0,1,2,https://x.com/undefined/status/1925401234397118542,18129942,
1925352335485935902,2025-05-22 00:45:42+00:00,0,Dalam rangkaian Kegiatan Hari Susu. Nusantara 2025 dan sosialisasi kampanye minum susu serta pesiapan balai memasok Makanan Bergizi Gratis (MBG) Kepala BBPTUHPT Baturradden Ir. Dani Kusworo MSi memberikan bantuan Susu Botol Gratis pada anak anak PAUD kec Baturraden. https://t.co/b6mui85foi,1925352335485935902,https://pbs.twimg.com/media/Grg5vWTaEAAvIzA.jpg,,in,,0,0,0,https://x.com/undefined/status/1925352335485935902,923133711566086145,
1925031357367124232,2025-05-21 16:25:47+00:00,0,@RickyKardjono Anjir minta sumbangan ke negara lain untuk ngasih makan bergizi rakyatnya sendiri apa ga aib tuh? Minta ke rakyat ngebantu MBG biar jalan Yee lu yg janji ngasih ke rakyat malah balik mintain apa ga bego tuh?,1925226525810692410,,RickyKardjono,in,,0,0,0,https://x.com/undefined/status/1925226525810692410,1653431513508368384,
1925164168673722847,2025-05-21 12:18:00+00:00,5,BGN Siapkan Sertifikasi SPPG Makan Bergizi Gratis https://t.co/n0br6t44Z4,1925164168673722847,,,in,,0,0,1,https://x.com/undefined/status/1925164168673722847,18129942,
1925069751493214312,2025-05-21 06:02:49+00:00,1,Program makan bergizi gratis bukan hanya janji tetapi mnjadi wujud nyata komitmen pemerintah meningkatkan ksejahteraan dan mncetak generasi unggul melalui asupn gizi yg tercukupi menuju Indonesia Emas. Lanjutkan MBG #MBGInvestasiMasaDepan . Shihab Pepaya Nana Mark Ini X Gyokeres https://t.co/fHsEgakJGy,1925069751493214312,https://pbs.twimg.com/media/Grc4ua4bEAA9a9N.jpg,,in,,0,0,0,https://x.com/undefined/status/1925069751493214312,1307860511317352450,
1924826793481253242,2025-05-20 13:57:23+00:00,1,Janji Makan Bergizi Belum Terealisasi di Badung Program Andalan Presiden Prabowo Tersendat di Level Teknis https://t.co/6ugSd9IRCK,1924826793481253242,,,in,,0,0,0,https://x.com/undefined/status/1924826793481253242,1908354376886083584,
1924264010029154441,2025-05-19 00:41:05+00:00,15815,makan bergizi gratis? anak teman ga mau makan dari mbg karena biasa makannhangat dan diantar ibunya dari rumah. eh ibunya dipanggil sekolah kenapa anaknya ga mau makan mbg itu. saya kira mudarat proyek politik ini.,1924264010029154441,,,in,,203,207,2067,https://x.com/undefined/status/1924264010029154441,1515689815,
1923653979109720305,2025-05-17 13:05:16+00:00,0,@Arth168 @rezalisni @VIVAcoid @prabowo @jokowi @Arth168 @rezalisni @VIVAcoid @prabowo @jokowi Sejak menjabat Oktober 2024 Prabowo telah memenuhi beberapa janji kampanye. Program makan bergizi gratis diluncurkan Januari 2025 menjangkau ratusan ribu anak dengan rencana ekspansi hingga 83 juta anak akhir 2025. Kontinuitas,1923726514413342762,,Arth168,in,,0,1,0,https://x.com/undefined/status/1923726514413342762,1720665183188922368,
1939293419828068772,2025-06-29 14:44:22+00:00,1,@_G03NT03R_ @gibran_tweet Makanya presiden Prabowo Subianto melakukan program makan bergizi gratis harapannya kelak anak anak Indonesia ke depan sehat dan pintar. Sehingga tidak bisa lagi di bodoh bodohin seperti janji palsu Gibran ,1939334130002755627,,_G03NT03R_,in,,0,0,0,https://x.com/undefined/status/1939334130002755627,1630266383379623937,
1939198636686274613,2025-06-29 06:39:21+00:00,4,@abu_waras Bisa jadi untuk nyerap 19 juta lapangan kerja sesuai janji wapres ! Tenaga kerja untuk antar makan bergizi gratis ke rumah siswa yang sedang libur .,1939212074082877741,,abu_waras,in,,0,1,0,https://x.com/undefined/status/1939212074082877741,1751495757570711552,
1938513481441091848,2025-06-27 08:29:49+00:00,0,Program Makan Bergizi Gratis (MBG) adalah janji unggulan Prabowo-Gibran. Tapi sejak fase uji coba dimulai tanda-tanda kegagalan justru mulai terlihat. Berikut 5 indikasi bahwa MBG bisa jadi bukan solusi tapi sumber masalah baru.,1938515096948674585,,Maimuniqo,in,,0,1,0,https://x.com/undefined/status/1938515096948674585,1115106057842348032,
1937308257221320816,2025-06-25 00:05:51+00:00,0,@Bekan_Kutoanyar @AzzamIzzulhaq Saya tidak menemukan bukti spesifik bahwa pejabat Indonesia telah melakukan studi banding ke China terkait program Makanan Bergizi Gratis (MBG) pada 2025. Namun ada indikasi kerja sama termasuk janji pendanaan dari China pada November 2024. Mengingat tujuan bersama untuk,1937663492359876626,,Bekan_Kutoanyar,in,,0,0,0,https://x.com/undefined/status/1937663492359876626,1720665183188922368,
1936004914859459038,2025-06-24 23:05:00+00:00,0,@txtdrkuliner @BosPurwa Janjinya saat kampanye makan siang gratis tapi setelah terpilih diubah menjadi makan bergizi gratis.,1937648181803938143,,txtdrkuliner,in,,0,0,0,https://x.com/undefined/status/1937648181803938143,1433097397308039180,
1937144862908055635,2025-06-23 13:45:00+00:00,21,Apa Hasil Evaluasi Makan Bergizi Gratis Setelah 6 Bulan Diluncurkan? #TempoPlus https://t.co/IFF5RgJ8xu,1937144862908055635,,,in,,1,5,6,https://x.com/undefined/status/1937144862908055635,18129942,
1937087988342858182,2025-06-23 09:59:00+00:00,0,Janji Makan Gratis Jadi Jebakan Warga Nganjuk Ditipu Data Pribadinya untuk Akun Shopee Seorang warga Prambon Nganjuk Jawa Timur berinisial TD (38) kini mendekam di tahanan polisi setelah aksi tipu-tipu cerdiknya terbongkar. Dengan iming-iming program Makan Bergizi Gratis https://t.co/eFs5WuyWG7,1937087988342858182,https://pbs.twimg.com/media/GuHeoRaXMAABTns.jpg,,in,,0,0,0,https://x.com/undefined/status/1937087988342858182,786549338818224128,
1937073762811408570,2025-06-23 09:02:28+00:00,9,CISDI menilai pembagian makanan instan seperti biskuit menyalahi tujuan peningkatan gizi yang hendak dicapai program ini. Karena itu Diah mendesak BGN memberikan bekal peraturan yang rigid sebagai bentuk peningkatan kualitas perencanaan. Selengkapnya: https://t.co/10VgbHCpYd,1937073762811408570,,,in,,2,0,2,https://x.com/undefined/status/1937073762811408570,334069024,
1937047127081042393,2025-06-23 07:17:01+00:00,6,Beberapa organisasi yang memantau program ini menilai perlu ada reformasi kebijakan dalam program yang dipegang Badan Gizi Nasional ini. Apa saja yang mesti diperbaiki? https://t.co/IFF5RgJ8xu,1937047223218647304,,tempodotco,in,,0,1,1,https://x.com/undefined/status/1937047223218647304,18129942,
1937028482896396417,2025-06-23 06:02:33+00:00,1,koar2 mbg waktu kampanye pas udah kepilih lgsg angkat tangan ga peduli mau makanannya ga bergizi murid2 keracunan pengelola ga dibayar sampe bangkrut pokoknya dia jadi main presiden2an dan programnya jalan ,1937028482896396417,,,in,,0,0,0,https://x.com/undefined/status/1937028482896396417,310804944,
1936752512008430052,2025-06-22 11:45:56+00:00,0,Insiden keracunan MBG bukan akhir tapi awal perbaikan: BPOM &amp; Kemenkes turun tangan audit penyedia perketat SOP keamanan pangan dan edukasi stakeholder. Anak harus makan bergizi dan aman. #MBGAman #AnakSehatIndonesia https://t.co/c6QSDOANbf,1936752512008430052,,,in,,0,0,0,https://x.com/undefined/status/1936752512008430052,1726504833811931136,
1936354360143098285,2025-06-21 12:56:46+00:00,1,@olibspop @hourly_absurd_2 Mas Gatot kemungkinan besar adalah karakter fiktif dalam meme satir yang mengkritik janji tak terpenuhi terkait program Makan Bergizi Gratis (MBG) di Indonesia. Tidak ada bukti bahwa dia adalah tokoh nyata seperti politisi atau selebriti. Nama Gatot mungkin terinspirasi dari,1936407948101820429,,olibspop,in,,0,0,0,https://x.com/undefined/status/1936407948101820429,1720665183188922368,
1936004914859459038,2025-06-21 11:53:58+00:00,0,@txtdrkuliner Ini mah bukan makan bergizi gratis tapi asal janji kampanye lunas ,1936392144203473125,,txtdrkuliner,in,,0,0,0,https://x.com/undefined/status/1936392144203473125,535082846,
1935865180824670627,2025-06-21 05:34:19+00:00,0,@romario_aja @ARSIPAJA Kalo ga mampu gausah janji makan bergizi gratis. Mending makan bergizi bayar tapi gizi anak tercukupi nutrisi seimbang gak buang makanan,1936296603306148004,,romario_aja,in,,0,0,0,https://x.com/undefined/status/1936296603306148004,93607880,
1936239547463139406,2025-06-21 01:47:36+00:00,1,Tanpa kampanye indonesia gelap ngeliat program andalan MBG dari Nasi + Lauk Mateng jadi Energen aja udah beneran Gelap tanpa kampanye. Lagian udah 2025 siapa yang masih nganggep Energen makanan bergizi coba?,1936239547463139406,,,in,,0,0,0,https://x.com/undefined/status/1936239547463139406,1719157729,
1936056441204564279,2025-06-20 13:40:00+00:00,28,Makan Bergizi Gratis Bisa Berlanjut Saat Libur Sekolah https://t.co/SkiL8NZUBQ,1936056441204564279,,,in,,11,41,4,https://x.com/undefined/status/1936056441204564279,18129942,
1936006930465800208,2025-06-20 10:26:42+00:00,0,@PhSimatupang @user Prabowo telah memenuhi beberapa janji kampanye seperti program makan bergizi gratis untuk 80 juta orang pemeriksaan kesehatan gratis dan renovasi sekolah. Namun janji seperti pertumbuhan GDP 8% dan menghentikan impor minyak belum menunjukkan kemajuan signifikan masih,1936007797495545947,,PhSimatupang,in,,0,0,0,https://x.com/undefined/status/1936007797495545947,1720665183188922368,
1935989091574989123,2025-06-20 09:12:23+00:00,0,PROGRAM MAKAN BERGIZI GRATIS BUBAR Program Makan Bergizi Gratis yang digagas dengan janji gagah untuk mendukung gizi anak-anak sekolah terbukti berakhir dengan dramatis dapur di Kalibata Jakarta Selatan tutup pada akhir Maret 2025 karena pembayaran hampir Rp 1 miliar,1935989091574989123,,,in,,0,0,0,https://x.com/undefined/status/1935989091574989123,1719885887662874624,
1935948836595540138,2025-06-20 06:32:28+00:00,0, Ketiga: Program makan bergizi gratis mau dikurangi penerimanya. Prabowo: Jangan main-main dengan janji kampanye. Semua anak harus dapat makan sehat! https://t.co/IJj8o8B0ua,1935948850692604125,,tiramisb,in,,0,1,0,https://x.com/undefined/status/1935948850692604125,1286298945367375872,
1950034429394428120,2025-07-29 03:23:32+00:00,0,Bekal Bergizi vs Janji MBG https://t.co/VT2WC1TlFm Program Makan Bergizi Gratis Badan Gizi Nasional Kemendikdasmen Program Prabowo Gibran 7 Kebiasaan Anak Indonesia Hebat Makan Sehat Bergizi MPLS Masa Pengenalan Lingkungan Sekolah Anak SD Literasi nutrisi kesehatan sejak dini,1950034429394428120,,,in,,0,0,0,https://x.com/undefined/status/1950034429394428120,1512092267955167234,
1949872514882318348,2025-07-28 16:40:09+00:00,0,..pasti sulit jika tak mau dibilang mustahil. janji presiden magang @prabowo untuk meneruskan ikn sangat memberatkan apbn apalagi dibarengi ambisinya mewujudkan makan bergizi gratis akhirnya rakyat dicekik dengan pajak 11% sementara majikannya trump tanpa pajak sama sekali..,1949872514882318348,,,in,,0,0,0,https://x.com/undefined/status/1949872514882318348,1604184554415493120,
1949258432936128536,2025-07-27 08:30:17+00:00,0,@VanDerPick @RealMad31801961 @ARSIPAJA Fair point bro. Kampanye emang banyak bacot tapi Gibran udah mulai praktek: inspeksi program makan gratis bergizi di sekolah (Nov 2024) dan lanjut dorong isu tech &amp; lingkungan. Masih awal jabatan (2025) hasilnya baru keliatan. Skeptis oke tapi pantau dulu gw analisis dari,1949386848222232576,,VanDerPick,in,,0,1,0,https://x.com/undefined/status/1949386848222232576,1720665183188922368,
1948989620349534288,2025-07-26 09:34:57+00:00,3,@asboediono_id @prabowo Secara umum janji-janji yang bersifat program sosial langsung seperti makan bergizi gratis dan kenaikan gaji ASN sudah mulai direalisasikan secara terbatas sementara janji besar infrastruktur pengentasan kemiskinan dan penciptaan lapangan kerja masih dalam tahap persiapan dan https://t.co/Uw5hjjg21l,1949040737057960183,https://pbs.twimg.com/media/GwxiOGmaAAAkHSw.jpg,asboediono_id,in,,0,1,3,https://x.com/undefined/status/1949040737057960183,1736357001368899584,
1948728947472302393,2025-07-25 12:56:01+00:00,1,Dari Sekolah ke Seluruh Nusantara Satu piring bergizi = satu langkah maju untuk anak-anak kita. Program makan bergizi gratis bukan janji tapi aksi nyata! Yuk kita kawal bareng biar sampai ke pelosok dan terasa manfaatnya! #MBG2025 #IsiPiringIsiHarapan #DukungMBG #GenerasiEmas https://t.co/mYJFcnSlLl,1948728947472302393,https://pbs.twimg.com/amplify_video_thumb/1948728878572470276/img/irEuremnkH1_qvdH.jpg,,in,,0,1,0,https://x.com/undefined/status/1948728947472302393,1765665336152739840,
1948565096814293447,2025-07-25 06:28:09+00:00,1,@RagilSemar @prabowo sudahlah hentikan itu MBG gak ada guna bagi anak2 sekolah karena menu makannya gak bergizi malah bikin banyak siswa keracunan. Hentikan segera. Gak usah malu krna sdh janji. Toh janji lainpun cuma omon-omon.,1948631339802263793,,RagilSemar,in,,0,0,0,https://x.com/undefined/status/1948631339802263793,1686204944561647616,
1948409023637946879,2025-07-24 15:44:45+00:00,0,Salah satu Janji Kampanye Prabowo Makan Bergizi Gratis yg sampai Skarang Morat marit pengelolaannya. Dan Program PRABOWO untuk MBG ini dipastikan GAGAL TOTAL.ini baru satu Contoh https://t.co/zwKS4H8Nq6,1948409023637946879,https://pbs.twimg.com/ext_tw_video_thumb/1948408683450585088/pu/img/qykP05o1DoOBhy8f.jpg,,in,,0,1,0,https://x.com/undefined/status/1948409023637946879,1562942828,
1948149326632681487,2025-07-23 22:32:48+00:00,0,Hak anak atas pangan aman dan layak harus diberikan melalui makan bergizi gratis. Maka dibutuhkan pengawasan berlapis dg melibatkan ahli independen anak selaku penerima manfaat pendidik masy. dan pemda.@KPAI_official https://t.co/blQpbneUAe,1948149326632681487,,,in,,0,0,0,https://x.com/undefined/status/1948149326632681487,887273766039965696,
1948039827330674750,2025-07-23 15:17:42+00:00,58, Saya pikir ini kan sudah bukan kampanye lagi tapi mereka berdiri berjam-jam. Saya keluar dari kendaraan saya buka dari atas saya berdiri di atas saya dengar anak-anak itu anak-anak teriak 'Pak makan bergizi Pak' kata Prabowo. | #Prabowo #MBG https://t.co/dijLZFnolo,1948039827330674750,,,in,,10,76,14,https://x.com/undefined/status/1948039827330674750,23343960,
1947468974121488803,2025-07-22 01:29:20+00:00,0,Makan Bergizi Gratis bikin heboh gegara kasus dana tapi Prabowo janji tegas: 'Uang rakyat dijaga!' Dari Solo bareng Jokowi sampai deal tarif 19% dengan Trump pemerintahan ini penuh drama. Kata Aa Gym: 'Keadilan itu cermin hati.' Apa pendapatmu? #PolitikIndonesia,1947468975883112748,,GTRoulette,in,,0,0,0,https://x.com/undefined/status/1947468975883112748,1331844710957162496,
1962065852041400538,2025-08-31 08:12:07+00:00,2,Makan siang gratis kurang menggigit gak ada respek rakyat saat di kampanyekan di ubah menjadi makan bergizi gratis rakyat senang sekali. Ternyata gratis nya hoax krena dari dana pendidikan politik omon omon. Makanan nya meracuni siswa..kapan di hentikan pak ? https://t.co/YlQu9XgdRj,1962065852041400538,https://pbs.twimg.com/ext_tw_video_thumb/1962065829304172545/pu/img/r3Nwz8xLDfg-37OB.jpg,,in,,0,2,1,https://x.com/undefined/status/1962065852041400538,1385407713987874820,
1961613619910906225,2025-08-30 02:17:48+00:00,1,menaikkan gaji buat 02 voter harusnya kalian happy itu kan bentuk pemenuhan janji kampanye sama posisinya dengan makan bergizi gratis dll piye to. jgn 1 issue agama yg 3 backup banteng pdhl sebenarnya kita disini dalam posisi yg harusnya tau mana janji mumpuni mana yg ngawur,1961614299547537771,,watcher_daily,in,,0,1,0,https://x.com/undefined/status/1961614299547537771,1278163281547456512,
1961330148944302162,2025-08-29 07:28:41+00:00,0,Pak janji kampanye makan siang bergizi gratismu aja jalannya gajelas masih meminta kepercayaan rakyat,1961330148944302162,,,in,,0,0,0,https://x.com/undefined/status/1961330148944302162,1724739890229964800,
1961316618140881270,2025-08-29 06:34:55+00:00,0,kemakan kampanye?? emg kampanyenya janjiin apaan? makan bergizi gratis? karna menurut gue kampanyenya ga ada isi selain JOGET kok bs kemakan kampanye gmsk akal,1961316618140881270,,,in,,0,0,0,https://x.com/undefined/status/1961316618140881270,1151913765190848512,
1961014625933091018,2025-08-28 10:34:55+00:00,0,jajaran DPP Golkar mampir ke Istana ketemu Presiden Prabowo Subianto. Membahas Pasal 33 soal pengelolaan SDA makan bergizi buat rakyat Koperasi Merah Putih Sekolah Rakyat sampai ngebahas arah politik ke depan. #KandaBahlil #BahlilLahadalia #ESDM #Golkar #HMI #HIPMI https://t.co/vjCKV5EVQK,1961014625933091018,https://pbs.twimg.com/amplify_video_thumb/1961014518349451264/img/ztlw2WB_zwCqyENO.jpg,,in,,0,0,0,https://x.com/undefined/status/1961014625933091018,1904417829090365440,
1960626086590452044,2025-08-27 08:51:00+00:00,2,Sekda Kabupaten Sleman Susmiarto sempat mengatakan guru harus mencicipi dulu makanan bergizi gratis (MBG) sebelum dibagikan ke siswa. Belakangan Susmiarto minta maaf dan meluruskan pernyataannya. Via @detikjogja_ https://t.co/7dpQsUE4K1,1960626086590452044,,,in,,0,2,2,https://x.com/undefined/status/1960626086590452044,69183155,
1959423914997887337,2025-08-25 11:59:46+00:00,0,@males_rajin @txtdrimedia Hasil yg dimaksud Prabowo dlm pidatonya termasuk ekspor beras &amp; jagung kembali hemat Rp300T dr potensi penyelewengan APBN lanjut program makan bergizi gratis turun pengangguran &amp; kemajuan ekonomi/politik. Tp ada kritik soal implementasi IKN &amp; isu lain. Cek sumber resmi utk,1959948816490340817,,males_rajin,in,,0,0,0,https://x.com/undefined/status/1959948816490340817,1720665183188922368,
1959806632868852160,2025-08-25 02:34:47+00:00,0,Kasus Dugaan Keracunan Makan Bergizi Gratis Terjadi di Riau Pihak Yayasan Janji Tanggung Biaya Perawatan https://t.co/WBEcW7fEIV,1959806632868852160,,,in,,0,0,0,https://x.com/undefined/status/1959806632868852160,745849790332805121,
1958778815809036654,2025-08-23 13:26:01+00:00,1,@ariefbudiawan7 @BennyHarmanID @puanmaharani_ri @prabowo Saya ingat janji kampanye Prabowo 2024 termasuk makan bergizi gratis cipta 19 juta lapangan kerja swasembada pangan hilirisasi dan bangun 3 juta rumah. Berdasarkan data BPS Agustus 2025 TPT turun jadi 4 76% (terendah sejak 1998) tapi jumlah pengangguran 7 28 juta dan,1959245746181640299,,ariefbudiawan7,in,,0,0,1,https://x.com/undefined/status/1959245746181640299,1720665183188922368,
1959208410630730051,2025-08-23 11:58:11+00:00,4,@imwinteoa Sebenarnyee kaloo segala duit membebani pemerintah dan tidak mau memangkas institusi yg gak banyak gunanye udeeh loo cancel ajee program makan bergizi difungsikan sebagaimanee mestinyee gua ntu ketawa liat politik indonesiiaa kebanyakan ngomongdebat opisi dll tapi hasil 0,1959223640022733242,,imwinteoa,in,,0,0,0,https://x.com/undefined/status/1959223640022733242,1705252492542627840,
1959030026227392760,2025-08-22 23:08:49+00:00,156,Presiden @prabowo memiliki pengalaman panjang dalam Pemerintahan dan Politik sehingga pilihan program-program unggulan seperti: 1. Sekolah Rakyat 2. Makan Bergizi Gratis 3. Koperasi Desa 4. Chek Kesehatan Gratis dan 5. Rumah untuk Rakyat adalah pilihan tepat mengatasi cepat dan https://t.co/V9Vbao3nFt,1959030026227392760,https://pbs.twimg.com/media/Gy_fbFLWMAAorl-.jpg,,in,,14,205,47,https://x.com/undefined/status/1959030026227392760,1490116879,
1954783931091591493,2025-08-20 23:01:07+00:00,0,@faimtd Pemerintahan Prabowo Subianto yang baru 10 bulan berjalan per Agustus 2025 telah merealisasikan sebagian janji kampanye seperti program makan bergizi gratis (sudah menjangkau 20 juta orang target 82 9 juta) dan penindakan tambang ilegal. Namun target pertumbuhan ekonomi 8%,1958303310185938987,,faimtd,in,,0,0,0,https://x.com/undefined/status/1958303310185938987,1720665183188922368,
1958068301516755240,2025-08-20 07:28:56+00:00,0,@globaluniks Janji kampanye Prabowo 2024: makan bergizi gratis (MBG) pemeriksaan kesehatan gratis bangun 3 juta rumah pertumbuhan ekonomi 8% swasembada pangan &amp; energi nol kemiskinan absolut bangun rumah sakit &amp; sekolah berkualitas koperasi desa bantuan sosial. Yang terealisasi,1958068719026073626,,globaluniks,in,,0,0,0,https://x.com/undefined/status/1958068719026073626,1720665183188922368,
1957967545782415481,2025-08-20 03:09:09+00:00,1,@kuah_ramyeon @detikcom @detikjabar_ Ini kasus pencemaran nama baik yg dilaporkan Ridwan Kamil thd Lisa Mariana soal klaim anak. Hasil DNA diumumkan hari ini di Mabes Polri. Beberapa opini di X anggap ini pengalihan tapi tdk ada bukti kuat. Isu politik saat ini: program makan bergizi gratis Prabowo kenaikan gaji,1958003343651156048,,kuah_ramyeon,in,,0,0,1,https://x.com/undefined/status/1958003343651156048,1720665183188922368,
1957936149110165515,2025-08-19 22:42:09+00:00,1,Makan Bergizi Gratis dari sisa-sisa snack/makanan perayaan yang katanya negara udah 80th merdeka #SaatnyaRakyatTidakBayarPajak #PajakBebanRakyat,1957936149110165515,,,in,,0,0,0,https://x.com/undefined/status/1957936149110165515,2771443609,
1956930857144562064,2025-08-19 00:36:33+00:00,0,@toe_giman @prabowo Lah bikin Program cuma Gimik doang.. dari sebelum jadi presiden jg gitu Buka lahan tanam singkong tumbuh Jagung.. Makan bergizi malah pada keracunan.. bisanya apa sih.. ngabis²in anggaran ga jelas.. mentang² bukan duit dia.. inilah hasil dari Oke gas..,1957602551953518704,,toe_giman,in,,0,0,0,https://x.com/undefined/status/1957602551953518704,2490200299,
1973014200437096562,2025-09-30 23:12:55+00:00,1,@MariaAlkaff_ Programnya dan Tujuannya aja digede-gedein tapi dana Pelaksanaan ditekan Seririt mungkin. Ini Makan Bergizi atau 'Makan Janji'? https://t.co/VHAFQxWJp6,1973164181546475750,,MariaAlkaff_,in,,0,0,0,https://x.com/undefined/status/1973164181546475750,1689127825440493568,
1973136235066802309,2025-09-30 21:21:52+00:00,0,Mantan Menteri Politik Hukum &amp; Keamanan (Menko Polhukam) Mahfud MD mengaku bahwa ada anggota keluarganya yg mengalami keracunan setelah mengkonsumsi makan bergizi gratis (MBG). Peristiwa itu terjadi di Daerah Istimewa Yogyakarta. Mahfud MD: Cucu Saya Juga Keracunan MBG https://t.co/wTRKYKJVat,1973136235066802309,https://pbs.twimg.com/media/G2H8mWva0AAGlR6.png,,in,,0,0,0,https://x.com/undefined/status/1973136235066802309,53713023,
1972938214143910149,2025-09-30 08:15:00+00:00,86,Kasus keracunan makan bergizi gratis meluas. Data korban keracunan BGN lebih kecil dari data lembaga independen. #TempoPlus https://t.co/WIY0RGmPTn,1972938214143910149,,,in,,6,14,46,https://x.com/undefined/status/1972938214143910149,18129942,
1972541159332630944,2025-09-30 00:14:28+00:00,5,@warungsastra MBG itu Modal Bergizi Gratis artinya uang program digunakan untuk memodali dan balas budi sama relawan politik jadi mau beracun kah mau busuk kah yang penting modal sudah tersalurkan,1972817285372101069,,warungsastra,in,,0,0,1,https://x.com/undefined/status/1972817285372101069,464385208,
1972793287447855258,2025-09-29 22:39:07+00:00,0,Tapi siapa sangka di era program Makan Bergizi Gratis (MBG) yang menjadi janji politik Prabowo Subianto ruang kelas bisa berubah menjadi ruang gawat darurat. https://t.co/fG9FQIziYO,1972793287447855258,,,in,,0,0,0,https://x.com/undefined/status/1972793287447855258,48655553,
1972783507488592275,2025-09-29 22:00:15+00:00,0,Pengamat politik Rocky Gerung menilai program Makan Bergizi Gratis (MBG) yg dijalankan pemerintahan Prabowo Subianto adalah program yg penuh sensasi tanpa mitigasi. Makanya kerap terjadi keracunan pada siswa yg mengonsumsi MBG https://t.co/73HWoNnacm,1972783507488592275,https://pbs.twimg.com/media/G2C7tYWaIAA91YT.jpg,,in,,0,0,0,https://x.com/undefined/status/1972783507488592275,53713023,
1972618112341295600,2025-09-29 21:59:53+00:00,0,@JkntolwihDongo @nnsaja1 @WagimanDeep212_ ID wartawan CNN Indonesia Diana Valencia dicabut setelah dia bertanya kepada Presiden Prabowo soal kasus keracunan siswa terkait program Makan Bergizi Gratis (MBG). Biro Pers Istana kemudian menyesal mengembalikan ID-nya dan janji tak terulang untuk jaga kebebasan pers.,1972783417411645748,,JkntolwihDongo,in,,0,1,0,https://x.com/undefined/status/1972783417411645748,1720665183188922368,
1972542669093212323,2025-09-29 13:49:19+00:00,2,@RickyKardjono INDONESIA DARURAT MBG BERACUN YG TERNYA DI KELOLA BUKAN AHLI GIZI DAN TIDAK PERNAH BELAJAR MENGENAI MAKANAN BERGIZI DAN HIGIENIS HANYA BERMODALKAN SEBAGAI PENDUKUNG DAN SIMPATISAN POLITIK SEMATA .,1972659961999053280,,RickyKardjono,in,,0,0,0,https://x.com/undefined/status/1972659961999053280,1729402570593189888,
1972612885814919323,2025-09-29 10:42:16+00:00,1,ANGGOTA Komisi IX DPR Irma Suryani Chaniago menilai wajib Sertifikat Laik Higiene Sanitasi (SLHS) untuk Satuan Pelayanan Pemenuhan Gizi (SPPG) bukan solusi mengatasi masalah Makan Bergizi Gratis (MBG) https://t.co/JasRkgQ2kM,1972612885814919323,,,in,,0,0,0,https://x.com/undefined/status/1972612885814919323,68930552,
1972602343759003863,2025-09-29 10:00:22+00:00,0,GURU yang ditunjuk menjadi penanggung jawab distribusi program makan bergizi gratis (MBG) di sekolah akan menerima insentif sebesar Rp 100 ribu per hari Asuransi kesehatan sekalian pak https://t.co/XjXSnZpyWB,1972602343759003863,,,in,,0,0,0,https://x.com/undefined/status/1972602343759003863,43258431,
1972598389532749855,2025-09-29 09:44:52+00:00,1,https://t.co/WvTeSEmjXO Pengamat politik Rocky Gerung menilai program Makan Bergizi Gratis (MBG) yang dijalankan pemerintahan Prabowo Subianto adalah program yang penuh sensasi tanpa mitigasi.,1972598442079002727,,KedaiPenaCom,in,,0,0,0,https://x.com/undefined/status/1972598442079002727,793719410275983361,
1972589476649345141,2025-09-29 09:09:14+00:00,30,Presiden Prabowo menegaskan bahwa insiden keracunan yang terkait dengan program Makanan Bergizi Gratis (MBG) harus ditangani dengan kehati-hatian tinggi dan tidak boleh dijadikan komoditas politik Tidak boleh dipolitisasi. Ia mengingatkan bahwa setiap program nasional berskala https://t.co/sPNHP36Q8m,1972589476649345141,https://pbs.twimg.com/amplify_video_thumb/1972589410467344384/img/peFpR-9_E7q0-qDj.jpg,,in,,1,18,15,https://x.com/undefined/status/1972589476649345141,799023207294504960,
1972576003672404191,2025-09-29 08:15:42+00:00,4,Presiden Prabowo Subianto memberikan peringatan keras terkait program Makan Bergizi Gratis (MBG) menyerukan agar program vital ini tidak dijadikan alat politik. Presiden menekankan bahwa tujuan program ini adalah murni untuk kesejahteraan rakyat khususnya anak-anak. https://t.co/8tporXbQ4P,1972576003672404191,https://pbs.twimg.com/media/G1__Z-0bIAA9pcO.jpg,,in,,0,6,2,https://x.com/undefined/status/1972576003672404191,1919442948653252608,
1972512272305340778,2025-09-29 04:02:27+00:00,0,Makan bergizi gratis bukan sekadar janji tapi komitmen jangka panjang https://t.co/WqsbQVz6zx,1972512272305340778,https://pbs.twimg.com/amplify_video_thumb/1972512233277251585/img/FKBKS1-Dy7TW5he_.jpg,,in,,0,0,0,https://x.com/undefined/status/1972512272305340778,530879716,
1983739787707388012,2025-10-31 17:20:06+00:00,3,@Atie_Haryati @perawrxide Makan Bergizi Gratis... salah satu caranya beri makan siang gratis/percuma pada siswa sekolah... tp program ini sebeneranya hanya alat politik sahaja sehingga tak lewat assess dan persiapan yang baik... jadi banyak budak2 keracunan...,1984309415533515113,,Atie_Haryati,in,,0,1,0,https://x.com/undefined/status/1984309415533515113,173010785,
1984113242332119316,2025-10-31 14:33:04+00:00,5,@poin_opini https://t.co/W2lmFyzvrS katanya sih mbg merupakan hasil kalkulasi teknokratik yang matang bukan improvisasi politik . tapi kenyataannya ya begitu,1984267381779415130,,poin_opini,in,,1,0,1,https://x.com/undefined/status/1984267381779415130,1711682215560822784,
1984179787368128606,2025-10-31 08:45:00+00:00,7,Pemerintah sudah menyusun rancangan Peraturan Presiden tentang tata kelola makan bergizi gratis. Bisakah mencegah keracunan MBG? #TempoPlus https://t.co/1NRycbcr5s,1984179787368128606,,,in,,0,4,1,https://x.com/undefined/status/1984179787368128606,18129942,
1984172237843210272,2025-10-31 08:15:00+00:00,5,Peraturan Presiden untuk mencegah keracunan makan bergizi gratis ditentang pemilik dapur. Kenapa? #TempoPlus https://t.co/YEjFMIff8B,1984172237843210272,,,in,,0,18,5,https://x.com/undefined/status/1984172237843210272,18129942,
1984130626191274395,2025-10-31 05:29:39+00:00,0,Program Makan Bergizi Gratis kini menargetkan 40 juta anak penerima di seluruh Indonesia. Langkah konkret bukan janji Inilah Kerja Nyata yang menyentuh langsung rakyat kecil #LanjutkanMBG Harvest Jerome https://t.co/TM15qdedPX,1984130626191274395,https://pbs.twimg.com/media/G4kMSijbwAA61aM.jpg,,in,,0,0,0,https://x.com/undefined/status/1984130626191274395,1325317161628266496,
1983922995493269655,2025-10-30 15:44:36+00:00,28,Seskab Teddy Indra Wijaya full on kawal Program Makan Bergizi Gratis (MBG) yang jadi janji utama Presiden Prabowo Subianto. ▪︎ ▪︎ ▪︎ Program ini super penting buat pastiin anak-anak 🇮🇩 dapet nutrisi top tier biar tumbuh sehat fisik dan otaknya on fire. Teddy tegas https://t.co/RE4v95EESg,1983922995493269655,https://pbs.twimg.com/ext_tw_video_thumb/1983922930779373568/pu/img/4CPO7DRetjdxrm99.jpg,,in,,3,4,12,https://x.com/undefined/status/1983922995493269655,1251824880967774208,
1983769141191581873,2025-10-30 05:33:16+00:00,0,Prabowonomics tuh ibarat upgrade sistem nasional Yang lama cuma janji yang ini langsung kerja buat melawan kemiskinan kebodohan mulai dari makan bergizi gratis #BPTaskinDukungPrabowonomics,1983769150704250917,,PPM_Indonesia1,in,,0,1,0,https://x.com/undefined/status/1983769150704250917,1863911719338496000,
1983732327651184848,2025-10-30 03:06:57+00:00,1,82 9 juta penerima manfaat. Itulah target besar Presiden Prabowo dalam program Makan Bergizi Gratis. Optimisme ini bukan janji kosong tapi komitmen membangun generasi emas Indonesia dari meja makan sekolah https://t.co/qIA2bwWVD2,1983732327651184848,https://pbs.twimg.com/media/G4eiCHFa8AQOIgz.jpg,,in,,0,1,1,https://x.com/undefined/status/1983732327651184848,1623740695508045824,
1983201655207370860,2025-10-29 14:38:56+00:00,1,@narkosun__ MBG itu program kerja pemerintah bahkan itu adlah rencana &amp; janji Presiden @prabowo utk anak2 Indonesia agar bergizi. kalau Kereta Cepat / WHOOSH adlah Program Pak SBY yg dilanjutkan era Jokowi tetapi.. dialihkan Jokowi ke B to B dgn memakai BUMN/ Danantara &amp; BUMN China.,1983544084959785216,,narkosun__,in,,0,0,0,https://x.com/undefined/status/1983544084959785216,1607143038350168065,
1983515841527173302,2025-10-29 12:46:43+00:00,0,Program Makan Bergizi Gratis (MBG) kian menunjukkan bukan kebijakan kesejahteraan tapi strategi politik perut. Di atas kertas ia dibungkus dengan jargon kemanusiaan dan gizi anak bangsa. Tapi di lapangan yang tumbuh bukan kesadaran melainkan ketergantungan. - @arieparikesit,1983515841527173302,,,in,,1,0,0,https://x.com/undefined/status/1983515841527173302,2648720479,
1983046634616565792,2025-10-29 06:45:04+00:00,0,@Failoook @NarasiNewsroom Promosi lewat konten viral itu bukan pencitraan tapi strategi biar pesan tentang gizi dan kesehatan anak tersampaikan lebih luas. Kerja Nyata MBG nggak cuma fokus bagi makanan tapi juga edukasi agar masyarakat makin sadar pentingnya asupan bergizi. #LanjutkanMBG,1983424831178846235,,Failoook,in,,0,0,0,https://x.com/undefined/status/1983424831178846235,1725492734801428480,
1983370258632311067,2025-10-29 03:08:13+00:00,16,ANAK-ANAK INDONESIA YANG DIPERSIAPKAN HARI INI ADALAH GAMBARAN MASA DEPAN INDONESIA Makan Bergizi Gratis bukan sekadar bantuan tapi bukti bahwa ketulusan seorang pemimpin bisa dirasakan di lidah menyusup ke jiwa yang lapar akan harapan. Di era di mana politik sering terasa https://t.co/nVMygJOus5,1983370258632311067,https://pbs.twimg.com/ext_tw_video_thumb/1983370153128771584/pu/img/pTLxfaqhFs_AN9eq.jpg,,in,,3,5,10,https://x.com/undefined/status/1983370258632311067,1251824880967774208,
1994972530382397536,2025-11-30 03:31:30+00:00,1, Alhamdulillah MBG hari ini sudah capai 44 juta penerima manfaat kata Prabowo. Program Makan Bergizi Gratis ini bukan sekadar janji tetapi telah memberi dampak nyata bagi jutaan warga terutama anak-anak ibu hamil dan bayi di seluruh penjuru tanah air. https://t.co/ZApWpVppvX,1994972530382397536,https://pbs.twimg.com/media/G6-Q8apbYAABS8n.jpg,,in,,0,0,0,https://x.com/undefined/status/1994972530382397536,1793654848782782464,
1994723011455586794,2025-11-29 12:38:05+00:00,0,@bitq @tempodotco Klaim Prabowo bahwa satu tahun kepemimpinannya punya hasil nyata didukung oleh program seperti Makan Bergizi Gratis yang menjangkau 44 juta penerima dan rating persetujuan 78% dari survei Indikator Politik. Namun kritik muncul soal penurunan FDI pertumbuhan ekonomi di bawah,1994747693374345383,,bitq,in,,0,1,0,https://x.com/undefined/status/1994747693374345383,1720665183188922368,
1994613128903233938,2025-11-29 03:43:22+00:00,0,Program makan bergizi buat adek-adek sekolah itu bukan gimmick. Makanya jadi prioritas karena memang urgent. MBG prioritas Prabowo ya harus langsung ke anak bukan tunai yang rawan di-otak-atik trauma kita masih ngeliat Korupsi Partai Merah di skandal bansos dulu ‍️ https://t.co/UapmiqLS4u,1994613128903233938,https://pbs.twimg.com/media/G65KEcIaEAAgSiY.jpg,,in,,0,0,0,https://x.com/undefined/status/1994613128903233938,1955252281290686464,
1994191115012956561,2025-11-28 10:52:01+00:00,0,@puzzwles Ya gimana emang gak ada lagi yang waras untuk mengurus Proyek Besar itu i ni MBG kan dianggap sebagai mainan politik mana ada 10 bisa makanan bergizi gak masuk akal,1994358615130419337,,puzzwles,in,,0,0,0,https://x.com/undefined/status/1994358615130419337,1970709666830462976,
1993678628186402958,2025-11-26 13:50:00+00:00,0,Pengelolaan Satuan Pelayanan Pemenuhan Gizi (SPPG) Makan Bergizi Gratis (MBG) tidak menjadi persoalan meski dilakukan oleh pihak yang berafiliasi dengan partai politik. Menurut Anggota Komisi IX DPR Irma Suryani Chaniago yang terpenting adalah semua pelaksana bekerja dalam https://t.co/ZQH0cM302g,1993678628186402958,https://pbs.twimg.com/media/G6rqRJGaEAAWmGv.jpg,,in,,0,2,0,https://x.com/undefined/status/1993678628186402958,786549338818224128,
1993664676526489673,2025-11-26 12:54:34+00:00,0, Indonesia Corruption Watch (ICW) menemukan ada 28 yayasan mitra makan bergizi gratis atau MBG terafiliasi dengan partai politik .... Partai Gerindra adalah partai dengan jumlah terbanyak yang punya SPPG #Serakahnomics rezim #PemerintahanPrabowoGibran https://t.co/YHXpI722xm,1993664676526489673,,,in,,0,0,0,https://x.com/undefined/status/1993664676526489673,146692776,
1993156772886901149,2025-11-25 03:16:20+00:00,2,Bu Risma bahas MBG di UI ⁉ Sahabat Liputan6 Berembuk Berdampak kembali menghadirkan diskusi kritis terhadap isu-isu sosial kali ini dengan tema Satu Tahun Janji Makan Bergizi Gratis: Evaluasi Dampak Program MBG terhadap Arah Kebijakan Fiskal . Salah satu penganggap dalam https://t.co/pQmdbaTnav,1993156772886901149,https://pbs.twimg.com/media/G6kdhUyWQAAXPbX.jpg,,in,,0,1,0,https://x.com/undefined/status/1993156772886901149,47596019,
1993137743258697879,2025-11-25 02:00:43+00:00,0,Saat menjelaskan prioritas Makan Bergizi Gratis Wapres Gibran menekankan pentingnya investasi masa depan dan isu itu kembali ditegaskan di panggung internasional KTT G20 https://t.co/5cJNuTilxc,1993137743258697879,https://pbs.twimg.com/media/G6kMNxUbwAkf5Pz.jpg,,in,,0,0,0,https://x.com/undefined/status/1993137743258697879,1649655109444571142,
1992805494705275281,2025-11-24 04:00:29+00:00,0,Gibran Promosikan Program Makan Bergizi Gratis di KTT G20 Sorotan Publik Muncul Akibat Keluhan Menu dan Kelangkaan Ahli Gizi https://t.co/WmkEynHJ1U @gibran_tweet,1992805494705275281,,,in,,0,0,0,https://x.com/undefined/status/1992805494705275281,1183693365449084928,
1992802140486836563,2025-11-24 03:47:11+00:00,0,Artinya? Kedaulatan pangan kita makin dilirik dunia. Intinya: ️ Pangan itu geopolitik. ️ MBG itu mesin ekonomi. ️ Indonesia nggak cuma ikut forum kita ngasih arah. https://t.co/VAwV41EoLO,1992802149152260306,,analogidapur,in,,0,0,0,https://x.com/undefined/status/1992802149152260306,1718450879517675520,
1992376841118867940,2025-11-23 01:31:21+00:00,0,Seandainya anggaran untuk MBG besar anak-anak kita juga pasti akan dapat menu makanan bergizi di sekolah. Sayangnya presiden kita yang sekarang kurang tegas dalam mengambil langkah padahal ini prokernya sendiri waktu kampanye. Hal ini yang bikin rakyat makin ga percaya.,1992405577813954640,,n20t14,in,,0,1,0,https://x.com/undefined/status/1992405577813954640,1537613916,
1991701913835102402,2025-11-22 13:06:34+00:00,1,@KangManto123 Itu artinya orang tua ini udah muak dengan pemerintah yg maksain bikin MBG padahal gak bergizi sama sekali malah hambur2kan uang rakyat jadi Bancakan para pejabat parcok Parjo DPR/D dan pejabat2 lainnya. Rakyat jelata sekelas warteg dapat apa? Dapat janji palsunya doang.,1992218147177521486,,KangManto123,in,,0,0,0,https://x.com/undefined/status/1992218147177521486,1709419397021093888,
1991720224014430403,2025-11-22 10:53:31+00:00,2,@bukanicarus @txtdrimedia Lah dia ngasih makan bergizi gratis biar kata banyak yg keracunan artinya janji kampanye dia beneran dia wujudkan walaupun belum tentu maksimal di awal.,1992184662664630502,,bukanicarus,in,,0,1,0,https://x.com/undefined/status/1992184662664630502,1831637869284536320,
1992084764552319118,2025-11-22 04:16:33+00:00,0,Kerja Nyata Program MBG itu bekerja bersama-sana bukan adu jagoan politik! Ini ttg investasi sosial membantu anak-anak makan bergizi tiap hari dan membuka akses ke dapur yg lebih banyak. Kerja konkrit bukan drama! dan meningkatkan kualitas gizi mereka! #LanjutkanMBG Joshua https://t.co/iNubLZb4PY,1992084764552319118,https://pbs.twimg.com/media/G6VOiSraUAAqZRt.jpg,,in,,0,0,0,https://x.com/undefined/status/1992084764552319118,1700195076851499008,
2006016640207507966,2025-12-30 14:56:51+00:00,0,Makanan bergizi gratis tapi dikasih yg gizinya irit bgt. Pas kampanye koar2 Indonesia harus minum susu eh sekarang susunya 1%. MBG bisa menaikkan UMKM nambah lapangan kerja tapi produknya ambil punya china. Karyawan underpaid . Tapi dana nya per hari triliunan heran bgt,2006016640207507966,,,in,,0,0,0,https://x.com/undefined/status/2006016640207507966,938964149224194048,
2003994225072132391,2025-12-29 05:21:49+00:00,0,@grok @ARSIPAJA begitulah domain politika siapa yang menang pertarungan politik... dia berkuasa atas suara minoritas... bahkan sedimen masyarakat bawah... contoh program makan bergizi gratis... konsep nya bukan ketahanan pangan... tapi lebih kepada konsep bantuan jangka pendek...,2005509540381643162,,grok,in,,0,1,0,https://x.com/undefined/status/2005509540381643162,1765914164625870848,
2005136712725660040,2025-12-29 03:51:56+00:00,0,@aggnilamri @indepenSumatera Beberapa janji utama Prabowo-Gibran di Pilpres 2024: makan bergizi gratis (MBG) bangun 3 juta rumah cipta 19 juta lapangan kerja pertumbuhan ekonomi 8% naik gaji ASN/TNI/Polri hilirisasi industri kesehatan &amp; pendidikan gratis. Dalam satu tahun (sampai Des 2025) MBG telah,2005486919757533541,,aggnilamri,in,,0,0,1,https://x.com/undefined/status/2005486919757533541,1720665183188922368,
2005126561045905578,2025-12-28 04:00:00+00:00,5912,Skandal MBG: Kroni Prabowo Hingga Intrik di Badan Gizi Tempo mengungkap proyek makan bergizi gratis sepanjang 2025. Mulai dari keluarga dan kroni Prabowo Subianto yang menggarap proyek sampai konflik di internal Badan Gizi Nasional. Simak selengkapnya Program Bocor Alus Politik https://t.co/q5UiPyzBD2,2005126561045905578,https://pbs.twimg.com/media/G9LB80ZakAASXII.jpg,,in,,65,316,3049,https://x.com/undefined/status/2005126561045905578,18129942,
2004547315848335627,2025-12-26 13:38:17+00:00,0,DEWAN Pakar Badan Gizi Nasional (BGN) Ikeu Tanziha mengakui telah memiliki dan mengelola satuan pelayanan pemenuhan gizi (SPPG) dapur penyedia program makan bergizi gratis (MBG). Mantap.. https://t.co/BcYM16uiWr,2004547315848335627,,,in,,0,0,0,https://x.com/undefined/status/2004547315848335627,1097021784212135936,
2004535248345031085,2025-12-26 12:51:30+00:00,0,@mayibehaaappy Diskusi publik Refleksi Program MBG (23 Des 2025) bahas janji politik tata kelola &amp; dampak program Makan Bergizi Gratis. Panelis: Veronica Tan (Wamen PPA) Ikeu Tanziha (Dewan Pakar BGN) dr. Tan Shot Yen (ahli gizi) Ubaid Matraji (JPPI) Dewi Wahyuni (SPPG Lampung).,2004535541706981619,,mayibehaaappy,in,,0,1,0,https://x.com/undefined/status/2004535541706981619,1720665183188922368,
2004006946966589657,2025-12-25 01:51:11+00:00,0,KLAIM DJAMARI (Oktober 2025): Situasi politik &amp; keamanan AMAN TERKENDALI! Program Makan Bergizi Gratis (MBG) menyentuh 34 juta orang! Satu tahun pemerintahan sukses! Tapi apakah FAKTA mendukung klaim ini? Mari kita verifikasi! https://t.co/nSRal6TrZ7,2004006980260905105,https://pbs.twimg.com/media/G8-lLNPbIAAAdiV.png,dimarsasongko98,in,,0,1,0,https://x.com/undefined/status/2004006980260905105,1781618112259076096,
2003798101182857611,2025-12-24 15:47:40+00:00,1,@DatuLiang @watch_asra @ekowboy2 Beberapa janji kampanye Prabowo Subianto yang dilaporkan terealisasi hingga Des 2025: Program Makan Bergizi Gratis (MBG) dimulai Jan 2025 capai 36 2 juta penerima dengan 1 4 miliar porsi. Perumahan murah: janji 25 ribu unit realisasi 26 ribu. Namun ada kritik soal insiden,2003855102033932740,,DatuLiang,in,,0,0,0,https://x.com/undefined/status/2003855102033932740,1720665183188922368,
2003728221523837069,2025-12-24 07:23:30+00:00,1,Program Makan Bergizi Gratis (MBG) besutan Presiden Prabowo Subianto digembar-gemborkan sangat ambisius pada saat kampanye Pilpres 2024. Program tersebut dinilai mampu mencukupi kebutuhan gizi siswa-siswi di sekolah ibu hamil maupun anak stunting. Namun fakta berkata lain https://t.co/r5QVvNSaLg,2003728221523837069,https://pbs.twimg.com/media/G86sMbragAUlroa.jpg,,in,,0,0,0,https://x.com/undefined/status/2003728221523837069,1714317154039083009,
2003712461216842114,2025-12-24 06:20:52+00:00,0,REALITA Kampanye Makan Bergizi Gratis Republik Indonesia... duit hasil pajak rakyat jelata muter-nya di golongan yang itu lagi itu lagi https://t.co/XsPtEVAKKi,2003712461216842114,https://pbs.twimg.com/ext_tw_video_thumb/2003528468274057216/pu/img/YjMTHnHBZCCKupQu.jpg,,in,,0,0,0,https://x.com/undefined/status/2003712461216842114,351134369,
2003329725243240889,2025-12-24 00:38:32+00:00,0,@tempodotco Artinya MBG hanya sebatas formalitas. Cuma untuk memenuhi jatah tender tetap berjalan. Tidak ada orientasi yang benar-benar mengedepankan makna bergizi untuk anak bangsanya. Cuma penuhi proyek berkedok janji.,2003626308082036965,,tempodotco,in,,0,0,0,https://x.com/undefined/status/2003626308082036965,1124252119043690497,
2003354429899297122,2025-12-23 15:49:28+00:00,0,@indepenSumatera Anjing²nya gemoy nanti ga dapat jatah dong? Pak Purbaya ini ngawur tapi sering bener . Makan bergizi gratis itu kan sudah di set dari awal (sebelum kampanye sampai di kampanye kan) agar koalisi sampah dapat orderan,2003493166239088967,,indepenSumatera,in,,0,0,0,https://x.com/undefined/status/2003493166239088967,868421017,
2003404227553673280,2025-12-23 09:56:04+00:00,0,Detail sorotan serta skema distribusi MBG saat libur sekolah: https://t.co/NIaUWgHaxl #MBGTetapBerjalan #dprdanpresiden @DPR_RI @NasDem,2003404231693467695,,gemaposID,in,,0,0,0,https://x.com/undefined/status/2003404231693467695,1183693365449084928,
2003400665603932501,2025-12-23 09:51:49+00:00,1,@IDNPict @prabowo Lebih baik dana Makan Bergizi Gratis dialihkan untuk membantu korban banjir dan longsor di Sumatra yang kehilangan segalanya daripada berakhir di kantong koruptor dalam bentuk paket makanan tak layak. Rakyat butuh bantuan nyata bukan pencitraan.,2003403160354980176,,IDNPict,in,,0,0,1,https://x.com/undefined/status/2003403160354980176,1419466702333517824,
1883692093610275116,2025-01-27 01:42:47+00:00,0,Padahal kan pendukungnya kemarin koar-koar tentang makan bergizi gratis gara-gara ada anak yang makan ulat ini kok sekarang malah dijadiin menunya? Udahlah kalo ga bisa dilanjutin programnya yaudah daripada nyiksa anak anak buat makan serangga sampe segitunya,1883692093610275116,,,in,,0,0,0,https://x.com/undefined/status/1883692093610275116,1803776022455955456,
1881972115165110583,2025-01-22 09:15:00+00:00,2,@UpdateBolabola Mohon maaf nih kok si botak bikin pengalihan dari makan bergizi gratis bisa aja nih udah lumayan adem loh masalah sty,1881993960471814578,,UpdateBolabola,in,,1,2,0,https://x.com/undefined/status/1881993960471814578,1324700063654801409,
1880488299539886309,2025-01-18 08:27:20+00:00,32,@FeniRose_ Padahal yg dapet pangkat cuma-cuma kan dia kok bisa ngatain org mengkritisi program makan siang bergizi sebagai buzzer? Yang layak disebut buzzer mah artis yg terafiliasi sama pemerintah atau yg dikasih sesuatu sama pemerintah misalnya pangkat kehormatan hehehe,1880532414398886411,,FeniRose_,in,,0,0,0,https://x.com/undefined/status/1880532414398886411,1707317035246698496,
1880394399714275614,2025-01-17 23:18:55+00:00,2,Ini apaan? Ini opini kocak ASTAGA g Apple to Apple Okey Jelly D dibandingkan dengan yang katanya Program Makan Bergizi upss makin aneh aja mana mukanya sok paling yakin beropini lagi padahal zonk parah Jilat terus ya jilat sampai kena asam sulfat kalau bisa,1880394399714275614,,,in,,0,1,1,https://x.com/undefined/status/1880394399714275614,1517188233662107659,
1880139017142100063,2025-01-17 06:24:07+00:00,0,Kok bisa ya ada manusia normal dan waras menganggap program makan bergizi gratis sebagai program yg gak berguna? Padahal jelas2 loh makanan bergizi adalah salah satu kebutuhan dasar manusia... Memenuhi kebutuhan dasar dianggap gak berguna??? Hadewh ,1880139017142100063,,,in,,0,0,0,https://x.com/undefined/status/1880139017142100063,1061855555864551424,
1879916520949826014,2025-01-16 23:34:23+00:00,0,@chandra_siap @KompasTV Buat jalan tol masih protes katanya gak bisa dimakan memberi makan bergizi gratis juga diprotes. Emang situ golongan protes tan,1880035902548066413,,chandra_siap,in,,0,0,0,https://x.com/undefined/status/1880035902548066413,1595923098548998144,
1879216260933931403,2025-01-14 17:17:25+00:00,0,Kok bisa ya negara ini ngasih makan bergizi masih keteteran padahal hidup di negara agraris dan kepulauan. Gila ga tuh Sumber daya di darat dan laut harusnya melimpah Harusnya loh ya Logikanya kan begitu ya apa nalar w yg salah???,1879216260933931403,,,in,,0,0,0,https://x.com/undefined/status/1879216260933931403,1230130512540262402,
1877549788985487817,2025-01-11 00:59:30+00:00,1,@DS_yantie buang anggaran tapi gizi ga dapet harusnya setingkat pemerintahan mah mikirnya dari akar masalah. pemerataan penyerapan tenaga kerja tercapai aja dah pasti anak Indonesia juga bakal bisa makan bergizi semua. loh kok bisa? pikir aja sendiri,1877882998445797464,,DS_yantie,in,,0,0,0,https://x.com/undefined/status/1877882998445797464,1434849224227622912,
1877510460850725370,2025-01-10 00:19:10+00:00,0,Kok bisa sih omke gams ngebully anak SD yg ngasih kritik makan bergizi gratis? Dikatain kurang bersyukur kalo mau makan enak suruh bawa bekal sendiri segala macem. Anak kecil loh ini masih SD omongan yg keluar jelas jujur lah ga abis pikir sama mereka anak kecil aja dibully ,1877510460850725370,,,in,,0,1,0,https://x.com/undefined/status/1877510460850725370,524421662,
1876636581865668656,2025-01-07 14:26:41+00:00,4,berseliwer katering harga 15rb TAPI UDH LOOKS GOOD YUMMY BERGIZI DAN ADA SUSU JG. oh ternyata 15rb bisa kok ngecover makanan layak+susu.. tapi knp yah pemerintah jelek bgt ngatur makan siang gratisnya??,1876636581865668656,,,in,,0,0,0,https://x.com/undefined/status/1876636581865668656,1631967686929571841,
1876615724485239261,2025-01-07 14:23:41+00:00,0,@kimyoolee11 @chocoicecream_ Gws deh semoga ada perbaikan di program ini kalau emang pengen tetep jalan. Padahal anggarannya lebih baik buat mensejahterakan rakyat aja gaksiiii kalau rakyat sejahtera mereka bisa sediain sendiri makan bergizi buat anak-anaknya,1876635826538582473,,kimyoolee11,in,,0,1,0,https://x.com/undefined/status/1876635826538582473,1405578704747569152,
1876212940443140433,2025-01-06 12:34:41+00:00,3,@yanuarnugroho @prabowo Setuju Prof. Nampaknya program2 Presiden digarap sesukanya saja. Program Makan Bergizi Gratis Makzitis malah dari uang pribadi Prabowo katanya. Kok bisa uang pribadi menggerakkan perangkat2 negara sekaligus diklaim programnya Presiden RI. Bs2 bubar ini negara amburadul. https://t.co/y6D1385Q7y,1876246007127945415,https://pbs.twimg.com/media/GgnDxfqbUAAVrgy.jpg,yanuarnugroho,in,,0,0,2,https://x.com/undefined/status/1876246007127945415,1554217355898601475,
1894402730204303623,2025-02-25 15:03:01+00:00,0,Yah yah yah... Tenang kawan masih gelap. Belum gulita; berkesenian (agaknya mulai) dilarang makan siang gratis (yang katanya BERGIZI!) tapi kok mending bayar di warteg; sekarang bensin pun setaraf alkohol pula bisa dioplos.,1894402730204303623,,,in,,0,1,0,https://x.com/undefined/status/1894402730204303623,1842686503803289600,
1894151637188370835,2025-02-24 22:25:16+00:00,95,Efisiensi anggaran kementerian katanya untuk makan bergizi gratis . Tapi ternyata untuk di investasikan ke Danantara. Kenapa sih hal hal kecil begini harus bohong?! Emang nya yakin bisa mengurus uang yang begitu banyak nya di Danantara tanpa ada kerugian kebocoran dan tanpa https://t.co/Mt79ZQuGEQ,1894151637188370835,https://pbs.twimg.com/amplify_video_thumb/1894151570821976065/img/7eW5yhzslxLwyYhw.jpg,,in,,3,37,49,https://x.com/undefined/status/1894151637188370835,1637572714205421595,
1892935287065428331,2025-02-21 14:01:31+00:00,3,@nucdhis kasih paham kak. MBG aja belum tentu bergizi noh udah berapa siswa keracunan. negara carut marut begini kok ngusung kebijakan berupa solusi instan. padahal duit masih bisa diputer di sektor lain ketimbang dianggarin gede-gedean buat MBG. MBG defender tuh pola pikirnya gimana dah,1892937700556108197,,nucdhis,in,,0,0,0,https://x.com/undefined/status/1892937700556108197,1703318186949804032,
1892514540723536269,2025-02-20 10:00:02+00:00,0,Katanya dengan ditambahkan Rp100 triliun untuk program Makan Bergizi Gratis (MBG) bisa menambahkan pertumbuhan ekonomi sampai 2%. Emang iya ya? https://t.co/PVU2Pv8fR1,1892514540723536269,,,in,,0,0,0,https://x.com/undefined/status/1892514540723536269,874558344593195008,
1892412553231552958,2025-02-20 03:14:46+00:00,0,kok bisa ya padahal di jerman ga ada makan bergizi gratis. parah nih jerman,1892412553231552958,,,in,,0,2,0,https://x.com/undefined/status/1892412553231552958,161502844,
1886769647011201443,2025-02-05 05:17:20+00:00,1,@liaasister Nanti kebijakannya dianulir dan seketika kaum 58 langsung bilang pemerintah mendengar rakyatnya lalu dianggap pahlawan. Padahal mah emang pemerintah sengaja nyusahin duluan Biar bisa alihkan isu pagar laut korupsi timah dan program Makan Bergizi Gratis yang bermasalah ,1887007577881633150,,liaasister,in,,0,0,0,https://x.com/undefined/status/1887007577881633150,18465284,
1886513686883524884,2025-02-04 11:54:18+00:00,5,@elshadai369 @irasjafii Tinggal jawab apa dampaknya kok muter2 gajelas. Jadi intinya apa dampak hebatnya? Bisa jawab ga? Yg dikorbanin udh banyak loh ini. Makan bergizi gratis buat anak sekolah tp banyak org yg dapurnya gabisa ngebul tu gimana? Masih punya hati lo belain pemerintah?,1886745091538309445,,elshadai369,in,,0,0,0,https://x.com/undefined/status/1886745091538309445,1251543400806899714,
1886202847500591415,2025-02-02 23:59:37+00:00,0,Punya temen suaminya ganteng dokter spesialis &amp; dr keluarga tajir. Pendapatannya jauh di atas suaminya. Mereka baru aja divorced. Waktu ditanya kok bisa sih? suami lo udah sesempurna itu padahal. Gue cuma mau sekaliiii aja ngerasain diambilin nasi makan bergizi gratis .,1886202847500591415,,,in,,0,2,0,https://x.com/undefined/status/1886202847500591415,65323496,
1903348702842065310,2025-03-23 00:17:17+00:00,1,@LembagaKERIS Kalo kosong ya diisi lah kok malah merasa jadi pahlawan padahal beda tupoksi. Memang antek pemerintah itu sama ya logika nya contoh mbg: daripada memperbaiki taraf hidup orang tua biar bisa memberi makan anak yang bergizi eh malah anaknya yg langsung dikasi makan gratis,1903601911460446709,,LembagaKERIS,in,,0,0,0,https://x.com/undefined/status/1903601911460446709,1079244241849638912,
1900850442755862576,2025-03-15 10:03:56+00:00,3,Gini ya kalau pun: - Program makan bergizi ternyata sukses - Danantara bikin makmur - Target pertumbuhan 8% tercapai - Ifan bisa bikin film bagus dan - Semua stafsus kerjaannya optimal Emang kalian tetep mau punya wapres kek gitu?,1900850442755862576,,,in,,2,1,3,https://x.com/undefined/status/1900850442755862576,326596269,
1891424402623054303,2025-03-10 21:16:20+00:00,0,@Mulalt_ @prabowo @albertsamuel28 @jayapuraupdate @Dandhy_Laksono Kok bisa sampe segitunya sih? Padahal kan cuma aksi tolak program makan bergizi gratis doang,1899207719124640122,,Mulalt_,in,,0,0,0,https://x.com/undefined/status/1899207719124640122,2362222548,
1898900841937170839,2025-03-10 00:56:55+00:00,0,Dia ni dr dulu orang berada kan ya? Kok kayane obsesi banget ngasih makan bergizi gratis alias MBG itu yg ternyata bisa dikorupsi dan blm adil merata? Apakah dulunya kurang makan bergizi?,1898900841937170839,,,in,,0,0,0,https://x.com/undefined/status/1898900841937170839,241561962,
1914846190186979813,2025-04-25 04:52:12+00:00,0,@soulofdanny_ Mana ada mau ngasi makanan bergizi buat anak anak kok coba coba program MBG tuh udh bagus loh tapi ini kesalahan bisa jadi dr pihak penyedia nah itu yg harus diawasi dg ketat. Lanjutkan MBG,1915629895591535012,,soulofdanny_,in,,0,0,0,https://x.com/undefined/status/1915629895591535012,1373926533518172162,
1891424402623054303,2025-04-17 02:12:09+00:00,0,@Mulalt_ @prabowo @albertsamuel28 @jayapuraupdate @Dandhy_Laksono Kok bisa ya sampe segitunya padahal cuma aksi menolak program makan bergizi. Harusnya ada jalan damai lainnya nggak usah pake kekerasan.,1912690516011209043,,Mulalt_,in,,0,0,0,https://x.com/undefined/status/1912690516011209043,707183742314553345,
1891424402623054303,2025-04-15 07:48:11+00:00,0,@Mulalt_ @prabowo @albertsamuel28 @jayapuraupdate @Dandhy_Laksono Kok bisa sih pemerintah seenaknya gitu memaksa programnya sampe harus pakai kekerasan? Padahal cuma soal makan bergizi gratis aja.,1912050303677108485,,Mulalt_,in,,0,0,0,https://x.com/undefined/status/1912050303677108485,3312792795,
1906848641236812241,2025-04-02 00:19:35+00:00,0,@ComputerGeekery @PaijoKhentirr Emang sdm kita parah dikasih pilihan pendidikan gratis atau makan bergizi gratis pada milih makan padahal secara fundamental sdm lbih bagus pendidikan yg bagus dengan pendidikan akan membukakan pintu rezeki yg lebih bagus yg bisa mengatasi masalah perut sampai gnrsi berikutny,1907226369433743784,,ComputerGeekery,in,,0,10,0,https://x.com/undefined/status/1907226369433743784,1368804058891317249,
1921169429347684403,2025-05-10 11:44:20+00:00,14,Udah baca sampe abis ternyata bukan Makanan Bergizi Gratis rahasia kesuksesan peningkatan pendidikan di Vietnam. Kok bisa ya? Ah pasti program MBGnya diumpetin nih sama Vietnam... gak mungkin gak ada! Harus ada!! Gak mungkin pendidikan sukses tanpa MBG! https://t.co/NdjhPAhUtZ https://t.co/vTQdxUJkPo,1921169429347684403,https://pbs.twimg.com/media/GqldZs1W0AAivYa.jpg,,in,,2,1,3,https://x.com/undefined/status/1921169429347684403,1267940786991099905,
1920675092742500425,2025-05-09 03:00:01+00:00,0,Katanya kita lagi efisiensi kok malah nambah anggaran buat proyek makan bergizi? Untuk paham kondisi ekonomi bisnis Indonesia saat ini kamu bisa menyaksikan podcast Jelasin Dong! di YouTube Tempodotco dan Spotify Jelasin Dong! https://t.co/HqDDdtS1OM,1920675092742500425,https://pbs.twimg.com/amplify_video_thumb/1920431236406726656/img/ATm0IRljTpTNlDr0.jpg,,in,,0,0,0,https://x.com/undefined/status/1920675092742500425,3179542928,
1938481607356387658,2025-06-27 06:16:45+00:00,0,Makanya kemarin ads 2 pemimpin ngasih visi lapangan kerja malah milik makan gratis. Padahal dengan lapangan kerja yang banyak pada bisa kerja anak-istri-keluarga bisa makan sehat bergizi ga pake drama keracunan makanan. Beda lagi kalo emang ada alergi dsb.,1938481607356387658,,,in,,0,0,0,https://x.com/undefined/status/1938481607356387658,1310837194332880898,
1933464373567369240,2025-06-13 17:57:28+00:00,0,@ARSIPAJA sampe sekarang masih bingung dengan program mbg banyak loh anak yang kurang suka sama makanannya yang katanya bergizi dan berujung dibuang mubazir semiskin-miskinnya orang sekarang mereka masih bisa makan kok yang terpenting mereka dapat pekerjaan yang layak,1933584520634380509,,ARSIPAJA,in,,0,0,0,https://x.com/undefined/status/1933584520634380509,1349698224072790017,
1940241566402322941,2025-07-02 02:50:12+00:00,1, Emang kamu mau jadi kaya cobaannya lebih sulit loh Ya setidaknya kalau saya kaya: Pulang bukan ke rumah yang layak huni. Tidak berukuran 14 meter persegi Bisa tidur di kasur yang empuk. Terus bisa makan bergizi yang beneran,1940241566402322941,,,in,,0,0,0,https://x.com/undefined/status/1940241566402322941,546632795,
1971791005189132578,2025-09-27 04:16:24+00:00,5,Konten bodoh begini nih yg gue benci. Jadinya ibu pada ngerasa boros padahal emang kalo mau makan bergizi tuh gak mungkin 10k in this economy. Lucunya rokok suaminya 15k dibilang murah. Padahal bisa makan bergizi 25k sehari malah bikin konten guoblok begini,1971791005189132578,,,in,,0,0,0,https://x.com/undefined/status/1971791005189132578,571750303,
1971465823643631967,2025-09-26 06:44:15+00:00,0,beneran sumpah iniii tiap gue nanya keponakan gue MBG menu hari ini apa? jawaban dia spagetthi burger dll gue ampe mikir lah emang bergizi ya??? padahal sekolah di jaksel bukan pelosok juga sekolah di pinggiran jln besar loh kok bisa,1971465823643631967,,,in,,0,0,0,https://x.com/undefined/status/1971465823643631967,1762365731994574848,
1971085697957450199,2025-09-25 06:22:13+00:00,0,@Rashandka Gue kepo sama bahan yg dipake deh sejelek apa kok bisa sampe bikin keracunan gitu? Masa nggak disortir? Nggak diawasin kah yg masak? Katanya makan bergizi gratis? ,1971097891407286560,,Rashandka,in,,0,1,0,https://x.com/undefined/status/1971097891407286560,1939622769299472384,
1970750770837627111,2025-09-24 07:22:53+00:00,0,kok bisa yah setega itu hanya keteledoran maksudku ini makanan loh masa iya mau makan bergizi aja harus bertaruh nyawa. kalian itu siap nggak sih ngejalanin program ini kejadian nya bukan di satu atau dua titik aja.,1970750770837627111,,,in,,0,0,0,https://x.com/undefined/status/1970750770837627111,1878777961891139584,
1970035340095447203,2025-09-23 03:19:03+00:00,0,@tempodotco Udah banyak yang keracunan tapi kok gak di cut off aja programnya ya? Gpp padahal dihentikan aja buat janji kampanye kan bisa dialihkan ke bentuk lain si MBG ini. Ibu2 di rumah tuh pasti lebih peduli soal makanan bergizi bagi anak2nya meski menunya sangat sederhana,1970327020111573469,,tempodotco,in,,0,0,0,https://x.com/undefined/status/1970327020111573469,63716313,
1968924981384839501,2025-09-19 06:27:51+00:00,0,lahh iya yaa pdhl katanya mbg makanan bergizi kok bisa keracunan jajanan abang² pinggir jalan yg sering dicap ga sehat dan ga higienis aja aman² aja ga keracunan. emang program bosokk satu itu tuh diberhentiin aja buang² anggaran doang,1968924981384839501,,,in,,0,0,0,https://x.com/undefined/status/1968924981384839501,1559417807011737600,
1968908184904458420,2025-09-19 05:21:06+00:00,0,Gue yg dulu waktu sekolah jajannya begini mulu gak pernah keracunan njir lah ini yg katanya Makan Bergizi kok bisa keracunan dah? https://t.co/rPe6GjGyu8,1968908184904458420,https://pbs.twimg.com/media/G1L3jymagAAlfkG.jpg,,in,,0,0,0,https://x.com/undefined/status/1968908184904458420,216985148,
1968650898311106821,2025-09-18 12:18:44+00:00,15,Tiba-tiba ada kabar MBG mau dikasih juga ke guru dan petugas posyandu. Padahal ya lebih baik naikin aka gaji mereka dengan gaji yang sekarang aja mereka lebih bisa makan lebih enak dan bergizi daripada MBG yang kacau itu. Emang diniatin dikorup aja sih itu duit rakyat.,1968650898311106821,,,in,,1,1,6,https://x.com/undefined/status/1968650898311106821,87319138,
1963884478461616459,2025-09-05 08:38:41+00:00,1,kasian ya efek negara goblok ini munculin banyak orang2 kaya lu. padahal hidup layak emang mahal. sekali lagi HIDUP LAYAK. dimana lu bisa makan bergizi tiap hari tinggal di HUNIAN LAYAK ga perlu mikir waktu mau healing santai kita disini pengen hidup layak bukan sekedar hidup,1963884478461616459,,,in,,0,1,1,https://x.com/undefined/status/1963884478461616459,1926585234750914560,
1976532672529985573,2025-10-10 06:18:05+00:00,120,[Tutorial Melaporkan Kasus MBG di MBG WATCH] Katanya gratis dan bergizi tapi kok... banyak yang keracunan karena MBG? belum lagi indikasi pelanggaran lainnya? Jgn khawatir kamu bisa jd detektif kebaikan! Laporkan pelanggaran MBG di MBG Watch #MBGWatch #MBG #MakanBergiziGratis https://t.co/JpeLc23huO,1976532672529985573,https://pbs.twimg.com/amplify_video_thumb/1976532587742126080/img/xdLUH25uQKV9hPmu.jpg,,in,,6,14,91,https://x.com/undefined/status/1976532672529985573,1965651166660071424,
1973348116922507750,2025-10-01 11:23:49+00:00,1,sumpah yh ayah aku suka bawa sisa mbg kerumah dan kataku teh.. gaada yg spesial? maaf bukannya ga bersyukur.. cuman astg.. bisa kan ditingkatin lagi?? ini aku ngomongin sayurnya btw katanya makanan bergizi tp biasa aja kok,1973348119174857007,,sugarcandyii,in,,0,0,0,https://x.com/undefined/status/1973348119174857007,1678970787234213888,
1993957754856464680,2025-11-27 08:19:09+00:00,4,Kok bisa ya namanya makan bergizi gratis? Padahal anggarannya dari APBN yg salah satu penerimaannya dari pajak. Pajak kan rakyat yg bayar ,1993957754856464680,,,in,,0,2,0,https://x.com/undefined/status/1993957754856464680,1519001220182310913,
1990453889188155767,2025-11-17 16:16:02+00:00,4,apasih... diskusi aja gamampu kok bisa-bisanya jadi pemangku kebijakan pantesan mbg banyak side effectnya. lebih kagetnya BGN itu ternyata tidak komunikasi dengan PERSAGI??? pantes banyak yang gak bergizi gimana mau maju dikasih saran kok malah offended situ yang arogan kali,1990453889188155767,,,in,,0,0,2,https://x.com/undefined/status/1990453889188155767,1898617299114074112,
2002295694246490344,2025-12-21 02:46:25+00:00,7,@IndoPopBase Bukannya dihentikan malah lanjut. Lagian katanya makanan bergizi sekarang gue tanya bergizi darimana kalau anak sekolah dikasih snack kyk gini dlm menu mereka? Ini gue dikasih keponakan gue yg masih SD gue kaget kok bisa menu MBG ada jajanan kemasan yg mengandung pengawet https://t.co/u4khJ7czs7,2002571328952648010,https://pbs.twimg.com/media/G8qQACnbAAAn1Bl.jpg,iPopHQ,in,,0,0,0,https://x.com/undefined/status/2002571328952648010,1449252777213849606,
1884807872254820798,2025-01-30 03:36:29+00:00,0,Yang katanya mau cegah stunting lewat makan bergizi gratis. Yang katanya mau buka fakultas kedokteran lebih banyak. Tapi masalah kesehatan dan pendidikan ga jadi prioritas utama. APA KABAR INDONESIA? SUDAH GILAAAAAA ,1884807872254820798,,,in,,0,0,0,https://x.com/undefined/status/1884807872254820798,84815727,
1881658735707463784,2025-01-21 18:09:04+00:00,2,@CNNIndonesia Mending buat yang penting dulu pak Makan Bergizi Gratis Lucu banget Makan Bergizi Gratis katanya anggaran gak cukup sampai mau ngambil dari cukai rokok tapi di satu sisi menggelontorkan anggaran untuk meneruskan proyek yg belum perlu,1881765972778127442,,CNNIndonesia,in,,0,0,0,https://x.com/undefined/status/1881765972778127442,123737267,
1880232431397089591,2025-01-17 23:32:39+00:00,2,@Mustlove2seok @darwinisacutie @tanyarlfes Ya pemerintah jg gk ngotak.ngasih dana cuma 10k.namanya makan bergizi gratis.ya seharusnya minim minimnya 20k per porsi biar jelas porsi dan gizinya.katanya ni progran buat nyegah stuntin.skrng malah buat ngajarin anak bersyukur.,1880397855179042861,,Mustlove2seok,in,,0,0,0,https://x.com/undefined/status/1880397855179042861,976099508940517376,
1880388694257070266,2025-01-17 22:56:15+00:00,1,Harusnya @Gerindra Protes ke Jokowi kenapa mewariskan banyak Hutang yg mengakibatkan Kas Negara cekak. Tapi DEMI Janji Kampanye Makan Bergizi dipaksakanlah 10rb/porsi. Apa cukup gizinya? Berani jujur ga? Jgn bohong dech sdh kenyang 10 th kmrn. Setidaknya biaya 1 PROV selesai.,1880388694257070266,,,in,,0,0,1,https://x.com/undefined/status/1880388694257070266,1689127825440493568,
1880136721624420640,2025-01-17 13:06:03+00:00,1,@ARSIPAJA Katanya mau kasih makan bergizi gratis tapi ini malah jadi Russian Roulette versi nasi kotak. Yang dapet bergizi bonus hoki yang dapet racun ya good luck,1880240167166112233,,ARSIPAJA,in,,0,0,0,https://x.com/undefined/status/1880240167166112233,1753284378661466112,
1879818088931266667,2025-01-17 03:15:51+00:00,2,@softmufflerz @kompascom Kalo asal makan gratis tapi tidak bergizi gimana anak2nya mau cerdas?? Katanya menuju Indonesia emas??,1880091636111450424,,issukio,in,,0,0,0,https://x.com/undefined/status/1880091636111450424,1439956364197916679,
1879909849905111367,2025-01-16 22:51:28+00:00,10,@OposisiCerdas Pemikiran presiden @prabowo kurang Amanah dipercaya rakyat tapi kianat Janji makan bergizi gratis tapi mau pakai Zakat ... apa tidak takut sama Alloh SWT,1880025104828231870,,OposisiCerdas,in,,0,0,1,https://x.com/undefined/status/1880025104828231870,62268535,
1879893620238778829,2025-01-16 14:37:04+00:00,0,@RadioElshinta Dana Zakat kok diusulkan untuk membantu program makan bergizi gratis yang jelas itu bagian dari janji politik saat kampanye. Itu orang yang mengusulkan pasti cuma cari sensasi doank maunya kesohor tapi dia sendiri gak mau tekor. ,1879900683551543642,,RadioElshinta,in,,0,0,0,https://x.com/undefined/status/1879900683551543642,1226875580,
1877998425683497434,2025-01-11 08:38:10+00:00,5,Dari semua yang terjadi tapi presiden mu kan mikirnya anak-anak miskin begini cuma butuh makan siang gratis (yang katanya) bergizi kan?? Yaudahlah mau gimana lagi,1877998425683497434,,,in,,0,0,1,https://x.com/undefined/status/1877998425683497434,1302600914931298304,
1877369157970214971,2025-01-09 14:57:41+00:00,1,Justru karena udah pernah ngerasain hidup susah sampai makan nasi cuma sama garam makanya bisa protes ada pemerintah yang katanya mau bikin program makan siang gratis yang bergizi tapi dikasihnya justru nggak sesuai harapan. Jangan goblok banget dah lu.,1877369157970214971,,,in,,0,0,0,https://x.com/undefined/status/1877369157970214971,1777989857786380288,
1877195958792106480,2025-01-09 03:29:27+00:00,1,Seorang bocah SD di Gorontalo bikin haru! Saat teman-temannya menikmati makanan bergizi gratis dia malah menyimpan untuk ibunya di rumah yang nggak ada nasi. 'Mau kasih makan mama ' katanya. Kisah ini bikin netizen terenyuh. #garudatv #laporan8 #HatiAnak #KisahHaru https://t.co/hLuiBQ3GQV,1877195958792106480,https://pbs.twimg.com/ext_tw_video_thumb/1877195504779669507/pu/img/xGTj7Dvm0-2_DlvJ.jpg,,in,,0,0,0,https://x.com/undefined/status/1877195958792106480,502140136,
1876902824593809490,2025-01-08 08:04:39+00:00,0,Pak @prabowo gimana kalo selanjutnya dibikin data aja yg mau dan ga mau dapet makan bergizi gratis. Drpd udh capek2 di kasih malah di posting dan di nyinyiri. mereka mampu beli yg jauh lbh bergizi katanya. Anggap aja yg ga mau ngasih subsidi sm yg mau,1876902824593809490,,,in,,0,0,0,https://x.com/undefined/status/1876902824593809490,935876090437951488,
1892235748985774416,2025-02-20 15:52:44+00:00,4,@Rizieq_Sangean @prabowo @gibran_tweet Nggak membenarkan perbuatannya tapi kalo sampe anak yatim nyuri buat makan itu sangat parah keadaannya miris liat kejadian kayak gini Anak yatim yang harusnya disantuni Terlebih ini untuk makan yang mana program yang katanya makanan bergizi gratis sedang digemborkan,1892603301612634148,,Rizieq_Sangean,in,,0,1,0,https://x.com/undefined/status/1892603301612634148,1393365443377655810,
1892491430385299921,2025-02-20 08:28:12+00:00,4,Katanya makan bergizi tapi belatungan program kaga jelas nyusahin rakyat aja @Alie_Fahnoor @are_inismyname @BANGSAygSUJUD @IrawanRommi @Kimberley_PS08 @99propaganda @adri_zizie @aewin86 @Gerindra @prabowo masih mau di lanjut program yg uda gagal?????,1892491430385299921,,,in,,0,0,1,https://x.com/undefined/status/1892491430385299921,1639556311162531842,
1891850310219432047,2025-02-18 14:13:09+00:00,0,@Beritasatu Program makan bergizi? Bngst siswa aja masih keracunan. Pembangunan desa katanya tapi nyatanya cuma modal gengsi doang. Mau nunjukin 'kepedulian' tapi ujung-ujungnya malah nambah masalah. Wkwk pembangunan macam apa ini? ,1891853465112220123,,Beritasatu,in,,0,0,0,https://x.com/undefined/status/1891853465112220123,1881375460963254272,
1890177622166086076,2025-02-13 23:13:57+00:00,0,efisiensi anggaran buat biaya program mbgnya. katanya si mau perbaiki iq anak indo dengan kasi makanan bergizi gratis. tapi ga dibarengi sama ketersediaannya fasilitas pendidikan buat kaum menengah kebawah. dipikir dikasi makan aja tuh langsung instan bisa pinter?,1890177622166086076,,,in,,0,0,0,https://x.com/undefined/status/1890177622166086076,1690317371091955712,
1890054747547414754,2025-02-13 15:05:41+00:00,0,Pendidikan bukan jd prioritas utama aja udah aneh ini malah anggaran DIPOTONG (?) Kocak negara ga jelass bgt dipikir mau maju cuma butuh makan doang kali ya. Lah itu program MBG yg katanya 'bergizi' apa ga butuh ahli gizi? Ahli gizi apa ga butuh kuliah? :) #daruratpendidikan,1890054747547414754,,,in,,0,0,0,https://x.com/undefined/status/1890054747547414754,1227175639515455492,
1889729973579043277,2025-02-13 12:33:16+00:00,0,@sbmptnfess Prioritas utama makan gratis yang katanya bergizi tapi kesehatan jadi prioritas pendukung doang Katanya mau Indonesia Emas 2045 tapi baru 2025 aja pendidikan dah kacau Republik Konoha ini memang MEMPRIHATINKAN,1890016386531164593,,sbmptnfess,in,,0,0,0,https://x.com/undefined/status/1890016386531164593,1244292996507373570,
1889832387506577822,2025-02-13 00:22:07+00:00,0,si wowo malah cmn mikirin isi perut doang yg katanya makan bergizi gratis itu dibandingkan dgn kualitas isi otak rakyatnya yg mau dibuat bodoh ama pemimpinnya.,1889832387506577822,,,in,,0,0,0,https://x.com/undefined/status/1889832387506577822,1391775067017646083,
1889626343270146322,2025-02-12 10:43:58+00:00,0,Permasalahan gizi di kota adlh akses thdp makanan bergizi itu sebenarnya banyak tapi karena bnyk juga pilihan makanan yg tdk sehat org2 cenderung lbh memilih yg tdk sehat karena katanya lbh enak. Tujuan MBG disini seharusnya bisa fokus pd ketepatan pemilihan makanan pd anak.,1889626494638367127,,josephgabriel33,in,,0,1,0,https://x.com/undefined/status/1889626494638367127,1333617739169087489,
1888396806389973489,2025-02-09 01:17:38+00:00,0,Janji kampanyenya mau naikin gaji pns tapi sekarang malah nerapin efisiensi anggaran demi keberlangsungan MAKAN BERGIZI GRATIS yang mana sebenernya gak gratis karena dananya dari apbn apbn juga xixixixi omon omon masterpiece 58% manusia Indonesia terlampau pintar salute.,1888396806389973489,,,in,,0,0,0,https://x.com/undefined/status/1888396806389973489,1254447443543900162,
1888201119266144586,2025-02-08 13:52:58+00:00,1,@rascalvanhouss bayangin aja ian pendidikan yg seharusnya prioritas utama malah ditempatkan dipendukung kalah sama makan gratis yg katanya bergizi itu wkwkwkwk,1888224507539898397,,rascalvanhouss,in,,0,1,0,https://x.com/undefined/status/1888224507539898397,1569271167986573312,
1886421347699671455,2025-02-03 14:27:51+00:00,0,Uh oh tapi gpp sih kalo kualitas dan takaran nya bener mah. Ini aja sih pak harusnya cukup bakal modal makan bergizi mah gausah motong anggaran dan cari2 dari rakyat kan katanya makan bergizi bapak yg modalin ,1886421347699671455,,,in,,0,0,0,https://x.com/undefined/status/1886421347699671455,1499609673837662208,
1885320499829629395,2025-02-01 03:27:22+00:00,0,@CNNIndonesia HAHAHAHA Lalu mau gimana?? Nyatanya program yg sekarang lebih buruk baik dari segi pendanaan hingga segi proses pelaksanaan. Katanya makan bergizi gratis kok lauknya mau menggunakan ulat?? Kan aneh.,1885530352988676322,,CNNIndonesia,in,,0,1,0,https://x.com/undefined/status/1885530352988676322,933198550678114304,
1905520406007873675,2025-03-28 07:20:42+00:00,13,yang katanya mau bangun 300 FK tapi anggota medis saja ditindas yang katanya mau bangun universitas tapi massa aksi mahasiswa saja dipukuli beasiswa dibatasi yang katanya mau makan bergizi gratis tapi nyatanya ga memenuhi prinsip penyusunan menu #CabutUUTNI #TolakRUUPolri,1905520406007873675,,,in,,1,2,5,https://x.com/undefined/status/1905520406007873675,1316224188064034816,
1916843303863214484,2025-04-28 14:51:51+00:00,0,@kompascom Lha katanya banyak negara mau belajar dari Indonesia soal Makan Bergizi Gratis. Sekarang kog malah menjadi sorotan negatif media internasional sih.,1916867966953742682,,kompascom,in,,0,1,0,https://x.com/undefined/status/1916867966953742682,268687443,
1915775377768866172,2025-04-25 14:30:18+00:00,6,Negara mana yg katanya mau belajar program MBG yg hasilnya udah jelas jelas tidak bergizi. BGN aja kayaknya skrng stress mulu krn mikir gmn caranya 10rb bisa jadi makanan bergizi kmren malah ada yg bilang ada byk negara lain yg mau belajar MBG dr kita,1915775377768866172,,,in,,0,2,0,https://x.com/undefined/status/1915775377768866172,229334567,
1915019518801514595,2025-04-23 13:16:14+00:00,4,@yaniarsim @Kemhan_RI Lagi-lagi program yang katanya bergizi malah bikin anak-anak muntah. Ini bukan cuma soal makanan tapi soal standar pengawasan dan kepedulian. Jangan jadikan anak sekolah kelinci percobaan demi laporan indah ke pusat. Kalau mau bantu bantu dengan benar. #MBG,1915031964303909093,,yaniarsim,in,,0,0,0,https://x.com/undefined/status/1915031964303909093,1794060249722417152,
1914987076363452886,2025-04-23 12:58:38+00:00,1,@tempodotco Program makan bergizi gratis ini katanya unggulan tapi kok malah ditutup-tutupin? Bukannya kalau emang bagus harusnya dibuka biar negara lain bisa belajar dan saling tukar pengalaman? Transparansi itu penting apalagi pakai uang rakyat. Jangan-jangan masih belum siap bukan,1915027535827763677,,tempodotco,in,,0,0,0,https://x.com/undefined/status/1915027535827763677,1794060249722417152,
1909940827046224215,2025-04-09 13:12:47+00:00,1,@blankbanget @prabowo Kl pemerintah kaya kenapa melakukan efisiensi u/makan gratis yg katanya bergizi buat anak sekolah? Dilakukan efisiensi ya karena ga ada lagi duit u/pos makan gratis yg katanya bergizi itu. Lha kok malah mau jemput ribuan warga asing. DUITNYA DARI MANAAAAA???!!!!,1909957666161688616,,blankbanget,in,,0,1,1,https://x.com/undefined/status/1909957666161688616,60516929,
1909938946299289808,2025-04-09 12:47:15+00:00,3,@SimbokeSarah @JkBataona_09 @prabowo Negaranya sendiri morat marit kok ngurus warga negara lain. Efisiensi diberbagai instansi demi ngasih makan gratis yg katanya bergizi karena ga ada duit u/mendanainya sehingga terjadi perlambatan ekonomi. Lha kok ini malah mau njemput ribuan warga asing u/diurus. Bajigur!!!,1909951241842737561,,SimbokeSarah,in,,0,1,1,https://x.com/undefined/status/1909951241842737561,60516929,
1919629960559399036,2025-05-06 05:47:02+00:00,5,jadi lu tuh mau ngasih makan aja atau ngasih makan bergizi? kok indikator keberhasilannya cuma nyampe di berhasil ngasih makan aja? katanya programnya buat mencegah stunting tapi belum ada data berhasil atau tidaknya udah di klaim sukses?? gimana sih yang jelas dong.,1919629960559399036,,,in,,0,0,1,https://x.com/undefined/status/1919629960559399036,1031459464287674368,
1918915048186970374,2025-05-04 13:37:32+00:00,1,@xnopzx MBG toh juga gabisa instan. Perhitungan belom jelas ga mau transparansi tetep dijalanin. Iya katanya bertahap . Udah berjalan bertahap memang. Bertahap juga jumlah yang keracunan nambah. Bukannya efektif malah ngabisin APBN negara dengan embel² bergizi boongan itu.,1919023589988467098,,xnopzx,in,,0,0,0,https://x.com/undefined/status/1919023589988467098,1539368571339677697,
1935657545747906652,2025-06-20 05:10:22+00:00,60,@kompascom Kalau namanya Makan Bergizi Gratis maka yang diutamakan seharusnya gizi bukan kemasan. Biskuit dan jajanan boleh jadi pelengkap tapi bukan inti dari program yang niatnya mulia. Jangan biarkan janji gizi berubah jadi sekadar isi goodie bag.,1935928186547920970,,kompascom,in,,1,1,10,https://x.com/undefined/status/1935928186547920970,1794060249722417152,
1972278004215955937,2025-09-28 12:31:34+00:00,0,Katanya mau kasih makan bergizi Nyatanya anak-anak dicekokin makanan dingin penuh bakteri. Katanya negara demokrasi liberal paska AMANDEMEN UUD Nyatanya jurnalis yang tanya soal MBG malah dicabut kartu liputannya. Sekarang bahkan Dewan Pers ikut protes: Akses liputan https://t.co/Jikv1MO12K,1972278004215955937,https://pbs.twimg.com/media/G17wZGNbEAExUgR.jpg,,in,,1,0,0,https://x.com/undefined/status/1972278004215955937,1383295518374121475,
1971748554785124366,2025-09-27 01:27:43+00:00,4,Makan Bergizi Gratis Ngaco Kemarin hari ketiga siswa SMA di Kota Kediri mendapat MBG. Anak saya kelas X.Hari pertama makanan datang hampir pukul 3 siang sudah mau pulang. Katanya sayurnya kecut. Hari ke 2 jadwal makan lumayan tepat waktu tapi rasanya hambar. Lha kemarin hari https://t.co/UDAMSdJ2CO,1971748554785124366,https://pbs.twimg.com/media/G10O3ICb0AIxUxN.jpg,,in,,0,1,0,https://x.com/undefined/status/1971748554785124366,1236229061552140288,
1971356660691247274,2025-09-25 23:30:28+00:00,0,Wajar?? Keracunan tuhh taruhannya nyawa lohh kesehatan. MBG tuh Makan bergizi harusnya lu evaluasi kokk bisa yang katanya bergizi tapi bikin keracunan? Stress banget pemerintah ,1971356660691247274,,,in,,0,0,0,https://x.com/undefined/status/1971356660691247274,1668393763037904896,
1971141351132758392,2025-09-25 21:38:02+00:00,0,@seruanhl @NgkongRoses @Urrangawak @denni_sauya @Ary_PrasKe2 @Anak__Ogi @dcristnugroho @DS_yantie @HumorJonTampan @Marbot_Udien Hallo Pak Bapak BGN ini pernyataan tidak manusiawi. Seharusnya urusan makanan ini tidak boleh ada yg keracunan. Katanya MAKAN BERGIZI GRATIS KOK MALAH KERACUNAN ???,1971328364943479285,,seruanhl,in,,0,0,0,https://x.com/undefined/status/1971328364943479285,1149177703,
1971193540530344179,2025-09-25 12:42:17+00:00,0,Beberapa hari ini berita di media rame soal MBG dan anak anak yg keracunan sebaiknya Presiden batalkan proyek ini Presiden katanya mau berantas Korupsi ok kita setuju tp MBG ini lahan Korupsi MBG tapi gak bergizi malah bikin banyak anak gak jadi belajar karna keracunan,1971193540530344179,,,in,,0,0,0,https://x.com/undefined/status/1971193540530344179,3115378926,
1971124274569281766,2025-09-25 08:28:42+00:00,2,@YosAditya61 Hahahaaa pasti gak mau lah bang @YosAditya61... Siapa yg mau lihat anak sendiri muntah2 pingsan sesak napas &amp; kejang2 karena keracunan makanan yg katanya bergizi? Tapi di X tetap puja puji MBG... Munafik...,1971129722076791268,,YosAditya61,in,,0,1,0,https://x.com/undefined/status/1971129722076791268,1214470898150854657,
1970913394351116392,2025-09-24 20:03:54+00:00,12,@Dennysiregar7 MBG= Makanan Beracun Gratis Kasian anak anak negeri yg katanya masa depan bangsa niat mau dapat makanan bergizi malah di cekoki makanan beracun. Korban udah ribuan di seluruh Indonesia sementara pejabat dan keluarganya makan yg enak mahal dan higienis.,1970942289125179664,,,in,,0,0,2,https://x.com/undefined/status/1970942289125179664,1375058692131803142,
1970804997769314584,2025-09-24 11:02:08+00:00,0,Itu korban udah sebanyak ituu tapi masih bebal banget lanjuut. Minimal kalo mau lanjut yg bener lah anjiiirrr katanya makanan bergizi tapi ga layak konsumsiii. Coba dah itu pejabat2 suruh makan mbg juga pada gamau merekaa ,1970805949947666767,,wavvffle,in,,0,0,0,https://x.com/undefined/status/1970805949947666767,1017309113527570434,
1968205523163156578,2025-09-17 06:48:58+00:00,0,Katanya mau berdayakan dalsm negeri kok malah impor... @prabowo Hasil Uji Lab di Cina Temukan Minyak Babi di Ompreng Makan Bergizi Gratis https://t.co/ZoDjp8m735,1968205523163156578,,,in,,0,0,0,https://x.com/undefined/status/1968205523163156578,1486631613932834819,
1967819960140566685,2025-09-16 05:16:53+00:00,0,Makin keliatan bahwa MBG malah kebanyakan resiko buruknya wkkwkw. Aneh banget katanya mau ngasih makan gratis bergizi TAPI kok ga mau tanggung jawab klo misal makannya bikin alergi bikin sakit perut resiko keracunan dll? ANEH @prabowo,1967819960140566685,,,in,,0,0,0,https://x.com/undefined/status/1967819960140566685,1603596848,
1962956855996776857,2025-09-02 19:21:50+00:00,2,2. MBG ambil porsi anggaran pendidikan yang banyak banget padahal ada permasalahan pendidikan lain yang LEBIH PRIORITAS dibanding MBG. Objektif yang ingin dicapai juga keblinger katanya untuk stunting tapi kok telat dikasihnya. Harusnya bergizi tapi kok banyak keracunan.,1962959170040480201,,perceyun,in,,0,1,2,https://x.com/undefined/status/1962959170040480201,835624795408478208,
1994161559107751976,2025-11-27 21:49:00+00:00,0,Jadi secara gk langsung ingin menghilangkan nyawa rakyatnya. Dgn cara yg sedikit halus gk langsung pake tangan tapi lewat alam ah sama katanya MAKANAN BERGIZI ️ Dana anggaran BMKG dan pendidikan yg harusnya di naikin malah di pangkas buat MBG tau lah ya gimana hasilnya ️,1994161559107751976,,,in,,0,0,0,https://x.com/undefined/status/1994161559107751976,360277024,
2005484604040569085,2025-12-29 04:43:36+00:00,3,@sdenta dimana ya kalo mau ngadu masalah ini? aneh banget ini MBG katanya bergizi tapi ya begitu pingin nangis ,2005499920829362302,,sdenta,in,,0,3,1,https://x.com/undefined/status/2005499920829362302,1088402262,
1997220717365284881,2025-12-06 22:00:03+00:00,1,@KompasTV @Luesi4 Harusnya dana MBG bisa dialihkan. Toh para penerima MBG itu juga akan baik2 aja. Malah lebih terjamin kesehatannya daripada makan makanan yg konon katanya bergizi itu.,1997425832449777769,,KompasTV,in,,0,0,0,https://x.com/undefined/status/1997425832449777769,1603536276136685569,
